original_smiles,intervened_smiles,intervention_strategy,original_molecule_idx,original_prediction,intervened_prediction,prediction_difference,abs_prediction_difference,original_probability,intervened_probability,probability_difference,original_logp,intervened_logp,logp_difference
C(C1(C(NC(=O)NC1=O)=O)C(C)C)C=C,[H]C(CC=C)(C(=O)NC=O)C(C)C,amide,993,0.8810766935348511,0.8806713819503784,-0.00040531158447265625,0.00040531158447265625,0.8810766935348511,0.8806713819503784,-0.00040531158447265625,0.5708999999999995,1.1073,0.5364000000000004
c1ccc2Oc3c(cc(cc3)Cl)[C@@H]3[C@@H](c2c1)C[N@](CC3)C,CN1CC[C@@H]2c3ccccc3Oc3ccccc3[C@H]2C1,aromatic_chloro,615,0.8754554390907288,0.8791608214378357,0.0037053823471069336,0.0037053823471069336,0.8754554390907288,0.8791608214378357,0.0037053823471069336,4.648600000000004,3.995200000000003,-0.6534000000000004
CCC1(C)CC(=O)NC1=O,[H]CC(C)(C=O)CC,amide,628,0.22153174877166748,0.8767639994621277,0.6552322506904602,0.6552322506904602,0.22153174877166748,0.8767639994621277,0.6552322506904602,0.4491999999999999,1.6215,1.1723000000000001
C[C@H]1CN(C[C@@H](C)N1)c2c(F)c(N)c3C(=O)C(=CN(C4CC4)c3c2F)C(O)=O,[H]c1cn(C2CC2)c2c(F)c(N3C[C@@H](C)N[C@@H](C)C3)c(F)c(N)c2c1=O,carboxylic_acid,627,0.2238190621137619,0.2213142365217209,-0.0025048255920410156,0.0025048255920410156,0.2238190621137619,0.2213142365217209,-0.0025048255920410156,2.0816,2.383400000000001,0.30180000000000096
C[C@H]1CN(C[C@@H](C)N1)c2c(F)c(N)c3C(=O)C(=CN(C4CC4)c3c2F)C(O)=O,C[C@@H]1CN(c2cc(N)c3c(=O)c(C(=O)O)cn(C4CC4)c3c2F)C[C@H](C)N1,fluoro_aromatic,627,0.22318708896636963,0.22288063168525696,-0.0003064572811126709,0.0003064572811126709,0.22318708896636963,0.22288063168525696,-0.0003064572811126709,2.0816,1.9425000000000001,-0.13909999999999978
CN1C(=O)c2c(cccc2Cl)n2cnc(c2C1)c1noc(n1)C(C)C,CC(C)c1nc(-c2ncn3c2CN(C)C(=O)c2ccccc2-3)no1,aromatic_chloro,93,0.21959960460662842,0.23066943883895874,0.011069834232330322,0.011069834232330322,0.21959960460662842,0.23066943883895874,0.011069834232330322,3.2847000000000017,2.6313000000000013,-0.6534000000000004
NC1=NC(=O)c2ncn(COC(CO)CO)c2N1,[H]C(CO)OCn1cnc2c(=O)nc(N)[nH]c21,hydroxyl,237,0.22185708582401276,0.2656523287296295,0.04379524290561676,0.04379524290561676,0.22185708582401276,0.2656523287296295,0.04379524290561676,-1.970899999999999,-1.3318000000000003,0.6390999999999987
C1=C(Cl)C=CC3=C1N(C2=C(C=CC=C2)S3)CCCN4CCN(CCOC(C)=O)CC4,CC(=O)OCCN1CCN(CCCN2c3ccccc3Sc3ccccc32)CC1,aromatic_chloro,1589,0.8817063570022583,0.8755971789360046,-0.006109178066253662,0.006109178066253662,0.8817063570022583,0.8755971789360046,-0.006109178066253662,4.513500000000004,3.8601000000000028,-0.6534000000000013
CCOC(=O)[C@H](CCc1ccccc1)N[C@@H](C)C(=O)N2CCC[C@H]2C(O)=O,[H]C1CCCN1C(=O)[C@H](C)N[C@@H](CCc1ccccc1)C(=O)OCC,carboxylic_acid,714,0.2197776734828949,0.7904684543609619,0.570690780878067,0.570690780878067,0.2197776734828949,0.7904684543609619,0.570690780878067,1.6046,2.1513999999999998,0.5467999999999997
CC(C(C(OC(N)=O)C)C)OC(N)=O,[H]OC(C)C(C)C(C)OC(N)=O,amide,1441,0.8802306056022644,0.8684202432632446,-0.011810362339019775,0.011810362339019775,0.8802306056022644,0.8684202432632446,-0.011810362339019775,0.5901,0.4871000000000002,-0.10299999999999976
C(NC(C(C)(C)C)=O)CCC(O)=O,[H]CCCNC(=O)C(C)(C)C,carboxylic_acid,1472,0.8800650835037231,0.2786790728569031,-0.6013860106468201,0.6013860106468201,0.8800650835037231,0.2786790728569031,-0.6013860106468201,1.0134999999999998,1.5587,0.5452000000000001
Cc1ccnc2N(C3CC3)c4ncccc4C(=O)Nc12,[H]c1cccnc1N(c1cc(C)ccn1)C1CC1,amide,332,0.8804685473442078,0.8794845342636108,-0.0009840130805969238,0.0009840130805969238,0.8804685473442078,0.8794845342636108,-0.0009840130805969238,2.6512200000000004,3.0855200000000016,0.43430000000000124
Cc1nnc2CN=C(c3ccccc3)c4cc(Cl)ccc4n12,Cc1nnc2n1-c1ccccc1C(c1ccccc1)=NC2,aromatic_chloro,268,0.8791750073432922,0.8802072405815125,0.0010322332382202148,0.0010322332382202148,0.8791750073432922,0.8802072405815125,0.0010322332382202148,3.5801200000000026,2.9267200000000013,-0.6534000000000013
C1=CC=CC=C1C2C(NC(=O)CO2)C,[H]COC(CC)c1ccccc1,amide,1217,0.8817055225372314,0.8793026804924011,-0.0024028420448303223,0.0024028420448303223,0.8817055225372314,0.8793026804924011,-0.0024028420448303223,1.2626,2.7841000000000014,1.5215000000000014
C1=CC(=CC2=C1N(C(CN=C2C3=CC=CC=C3)=O)C[P](C)(C)=O)Cl,CP(C)(=O)CN1C(=O)CN=C(c2ccccc2)c2ccccc21,aromatic_chloro,1257,0.8816308975219727,0.8750840425491333,-0.0065468549728393555,0.0065468549728393555,0.8816308975219727,0.8750840425491333,-0.0065468549728393555,4.104200000000003,3.450800000000002,-0.6534000000000013
CCCN(CCc1c2c(c(cc1)O)NC(=O)C2)CCC,[H]Cc1cc(O)ccc1CCN(CCC)CCC,amide,71,0.22379417717456818,0.8736000061035156,0.6498058289289474,0.6498058289289474,0.22379417717456818,0.8736000061035156,0.6498058289289474,2.5513000000000003,3.365120000000002,0.8138200000000015
CO/N=C(C(=O)N[C@H]1[C@H]2SCC(=C(N2C1=O)C(O)=O)COC(N)=O)/c3occc3,[H]C1=C(COC(N)=O)CS[C@@H]2[C@H](NC(=O)/C(=N\OC)c3ccco3)C(=O)N12,carboxylic_acid,74,0.2194575071334839,0.21946962177753448,1.2114644050598145e-05,1.2114644050598145e-05,0.2194575071334839,0.21946962177753448,1.2114644050598145e-05,-0.5359999999999983,0.00919999999999993,0.5451999999999981
C1=CC(=CC=C1C(C2=NCCN2)(C3=NC=CC=C3)O)Cl,OC(C1=NCCN1)(c1ccccc1)c1ccccn1,aromatic_chloro,1130,0.8817309141159058,0.8806771039962769,-0.0010538101196289062,0.0010538101196289062,0.8817309141159058,0.8806771039962769,-0.0010538101196289062,1.9725999999999995,1.3191999999999997,-0.6533999999999998
CN1C(=O)CN=C(c2ccccc2)c3cc(Cl)ccc13,CN1C(=O)CN=C(c2ccccc2)c2ccccc21,aromatic_chloro,576,0.8808838129043579,0.879530668258667,-0.001353144645690918,0.001353144645690918,0.8808838129043579,0.879530668258667,-0.001353144645690918,3.153800000000002,2.500400000000001,-0.6534000000000013
CCN1C=C(C(O)=O)C(=O)c2cc(F)c(N3CCNC(C)C3)c(F)c12,[H]c1cn(CC)c2c(F)c(N3CCNC(C)C3)c(F)cc2c1=O,carboxylic_acid,546,0.22092637419700623,0.8712388277053833,0.6503124535083771,0.6503124535083771,0.22092637419700623,0.8712388277053833,0.6503124535083771,1.7959,2.0976999999999997,0.3017999999999996
CCN1C=C(C(O)=O)C(=O)c2cc(F)c(N3CCNC(C)C3)c(F)c12,CCn1cc(C(=O)O)c(=O)c2ccc(N3CCNC(C)C3)c(F)c21,fluoro_aromatic,546,0.2211306244134903,0.22614704072475433,0.005016416311264038,0.005016416311264038,0.2211306244134903,0.22614704072475433,0.005016416311264038,1.7959,1.6568,-0.1391
CCN1C=C(C(O)=O)C(=O)c2cc(F)c(nc12)N3CCNCC3,[H]c1cn(CC)c2nc(N3CCNCC3)c(F)cc2c1=O,carboxylic_acid,487,0.22022292017936707,0.8707829117774963,0.6505599915981293,0.6505599915981293,0.22022292017936707,0.8707829117774963,0.6505599915981293,0.6633000000000002,0.9650999999999998,0.3017999999999996
CCN1C=C(C(O)=O)C(=O)c2cc(F)c(nc12)N3CCNCC3,CCn1cc(C(=O)O)c(=O)c2ccc(N3CCNCC3)nc21,fluoro_aromatic,487,0.22013026475906372,0.22995862364768982,0.009828358888626099,0.009828358888626099,0.22013026475906372,0.22995862364768982,0.009828358888626099,0.6633000000000002,0.5242,-0.13910000000000022
C2=C(C(C1=CC=CC=C1)(OCCN(C)C)C)C=CC(=C2)Cl,CN(C)CCOC(C)(c1ccccc1)c1ccccc1,aromatic_chloro,1729,0.8817190527915955,0.8804631233215332,-0.0012559294700622559,0.0012559294700622559,0.8817190527915955,0.8804631233215332,-0.0012559294700622559,4.181700000000004,3.5283000000000024,-0.6534000000000013
C1=NC2=C([N]1CCC(CO)CO)NC(=NC2=O)N,[H]C(CO)CCn1cnc2c(=O)nc(N)[nH]c21,hydroxyl,1937,0.8802098035812378,0.23623374104499817,-0.6439760625362396,0.6439760625362396,0.8802098035812378,0.23623374104499817,-0.6439760625362396,-1.307299999999999,-0.5257000000000003,0.7815999999999987
c1(ccc(c(c1)Cl)Cl)CC(N1[C@H](C[N@@]2C[C@@H](CC2)O)c2c(CC1)[nH]cn2)=O,O=C(Cc1cccc(Cl)c1)N1CCc2[nH]cnc2[C@H]1CN1CC[C@@H](O)C1,aromatic_chloro,618,0.22141554951667786,0.22206202149391174,0.0006464719772338867,0.0006464719772338867,0.22141554951667786,0.22206202149391174,0.0006464719772338867,2.4516,1.7981999999999998,-0.6534000000000002
c1ccc2Oc3c(cc(cc3)Cl)[C@@H]3[C@@H](c2c1)CNCC3,c1ccc2c(c1)Oc1ccccc1[C@H]1CNCC[C@H]21,aromatic_chloro,617,0.8729371428489685,0.8791577219963074,0.006220579147338867,0.006220579147338867,0.8729371428489685,0.8791577219963074,0.006220579147338867,4.306400000000003,3.6530000000000022,-0.6534000000000004
C1=CC=C(Cl)C3=C1\C(C2=CC=CC=C2C=C3)=C/CC[N+]([O-])(C)C,C[N+](C)([O-])CCC=C1c2ccccc2C=Cc2ccccc21,aromatic_chloro,1021,0.8816192746162415,0.8806165456771851,-0.0010027289390563965,0.0010027289390563965,0.8816192746162415,0.8806165456771851,-0.0010027289390563965,5.2198000000000055,4.566400000000005,-0.6534000000000004
C1=C(C(=C(C=C1)Cl)NC2=NCCO2)Cl,Clc1ccccc1NC1=NCCO1,aromatic_chloro,1087,0.8816408514976501,0.8804971575737,-0.0011436939239501953,0.0011436939239501953,0.8816408514976501,0.8804971575737,-0.0011436939239501953,2.7915,2.1380999999999997,-0.6534000000000004
Clc1cc2c(Oc3ccccc3C3CN(CC32)C)cc1,CN1CC2c3ccccc3Oc3ccccc3C2C1,aromatic_chloro,72,0.879736602306366,0.8797054290771484,-3.11732292175293e-05,3.11732292175293e-05,0.879736602306366,0.8797054290771484,-3.11732292175293e-05,4.258500000000004,3.605100000000002,-0.6534000000000022
C1=CC(=CC=C1CC(OC(C(C)N)=O)(C)C)Cl,CC(N)C(=O)OC(C)(C)Cc1ccccc1,aromatic_chloro,956,0.8815065026283264,0.8708410263061523,-0.010665476322174072,0.010665476322174072,0.8815065026283264,0.8708410263061523,-0.010665476322174072,2.5515000000000008,1.8981,-0.6534000000000009
C1=C(Cl)C=CC2=C1C(=NCC(N2CC(CO)O)=O)C3=CC=CC=C3F,O=C1CN=C(c2ccccc2F)c2ccccc2N1CC(O)CO,aromatic_chloro,1486,0.8815264105796814,0.5969791412353516,-0.28454726934432983,0.28454726934432983,0.8815264105796814,0.5969791412353516,-0.28454726934432983,2.0162999999999998,1.3629000000000002,-0.6533999999999995
C1=C(Cl)C=CC2=C1C(=NCC(N2CC(CO)O)=O)C3=CC=CC=C3F,O=C1CN=C(c2ccccc2)c2cc(Cl)ccc2N1CC(O)CO,fluoro_aromatic,1486,0.8816569447517395,0.22592227160930634,-0.6557346731424332,0.6557346731424332,0.8816569447517395,0.22592227160930634,-0.6557346731424332,2.0162999999999998,1.8771999999999998,-0.1391
[C@@H]3(C1=CC=C(Cl)C=C1)[C@H]2CC[C@@H](C2)C34CCC(=N4)N5CCOCC5,c1ccc([C@@H]2[C@H]3CC[C@@H](C3)C23CCC(N2CCOCC2)=N3)cc1,aromatic_chloro,1987,0.8817192316055298,0.8588162660598755,-0.022902965545654297,0.022902965545654297,0.8817192316055298,0.8588162660598755,-0.022902965545654297,4.116800000000003,3.463400000000002,-0.6534000000000013
CCC1(CC)C(=O)NCC(C)C1=O,[H]C(CC)(CC)C(=O)C(C)C,amide,690,0.2223624587059021,0.8805081248283386,0.6581456661224365,0.6581456661224365,0.2223624587059021,0.8805081248283386,0.6581456661224365,1.1278,2.6477000000000013,1.5199000000000014
CCC1(C(=O)NC(=O)NC1=O)c2ccccc2,[H]C(CC)(C(=O)NC=O)c1ccccc1,amide,139,0.2901557385921478,0.8804184198379517,0.5902626812458038,0.5902626812458038,0.2901557385921478,0.8804184198379517,0.5902626812458038,0.7003999999999997,1.4528000000000003,0.7524000000000006
C1=CC(=CC=C1CNC(C(C)C)CCCCCC(O)=O)F,[H]CCCCCC(NCc1ccc(F)cc1)C(C)C,carboxylic_acid,1653,0.8814945220947266,0.8606929779052734,-0.020801544189453125,0.020801544189453125,0.8814945220947266,0.8606929779052734,-0.020801544189453125,3.9750000000000023,4.5202000000000035,0.5452000000000012
C1=CC(=CC=C1CNC(C(C)C)CCCCCC(O)=O)F,CC(C)C(CCCCCC(=O)O)NCc1ccccc1,fluoro_aromatic,1653,0.881584882736206,0.8744292855262756,-0.00715559720993042,0.00715559720993042,0.881584882736206,0.8744292855262756,-0.00715559720993042,3.9750000000000023,3.8359000000000023,-0.1391
C1=C(Cl)C=CC(=C1N2CCN(CCCNC(C)=O)CC2)Cl,CC(=O)NCCCN1CCN(c2ccccc2Cl)CC1,aromatic_chloro,939,0.881679117679596,0.8789640665054321,-0.0027150511741638184,0.0027150511741638184,0.881679117679596,0.8789640665054321,-0.0027150511741638184,2.6416000000000004,1.9882,-0.6534000000000004
[C@@H]3(N(C1CCC1)C2CCC2)CC4=C(OC3)C(=CC=C4C(=O)N)F,NC(=O)c1cccc2c1C[C@@H](N(C1CCC1)C1CCC1)CO2,fluoro_aromatic,1518,0.8816918134689331,0.8804829120635986,-0.0012089014053344727,0.0012089014053344727,0.8816918134689331,0.8804829120635986,-0.0012089014053344727,2.6351000000000004,2.496,-0.13910000000000045
[C@@H]3(N(C1CCC1)C2CCC2)CC4=C(OC3)C(=CC=C4C(=O)N)F,[H]c1ccc(F)c2c1C[C@@H](N(C1CCC1)C1CCC1)CO2,amide,1518,0.8816988468170166,0.8812853693962097,-0.00041347742080688477,0.00041347742080688477,0.8816988468170166,0.8812853693962097,-0.00041347742080688477,2.6351000000000004,3.5362000000000027,0.9011000000000022
CCC(C)C1(CC)C(=O)NC(=O)NC1=O,[H]C(CC)(C(=O)NC=O)C(C)CC,amide,497,0.22048570215702057,0.880174994468689,0.6596892923116684,0.6596892923116684,0.22048570215702057,0.880174994468689,0.6596892923116684,0.7948999999999999,1.3313,0.5364
C1=CC=CC3=C1C(C2=C(C=CC=C2)C=C3)C(N)=O,[H]C1c2ccccc2C=Cc2ccccc21,amide,1743,0.8817299604415894,0.880837082862854,-0.0008928775787353516,0.0008928775787353516,0.8817299604415894,0.880837082862854,-0.0008928775787353516,2.7876000000000003,3.7612000000000023,0.973600000000002
[C@@H]12C4([C@@H](CCC1[C@H]3C(CC2=O)(C(CC3)C(=O)CO)C)C[C@H](O)CC4)C,[H]C(=O)C1CC[C@H]2C3CC[C@H]4C[C@H](O)CCC4(C)[C@H]3C(=O)CC12C,hydroxyl,959,0.8800936341285706,0.21979978680610657,-0.660293847322464,0.660293847322464,0.8800936341285706,0.21979978680610657,-0.660293847322464,2.746600000000001,3.384100000000002,0.6375000000000011
C1=C(C=CC3=C1N(CCCN2CCN(CC2)CCO)C4=C(S3)C=CC=C4)C(CC)=O,[H]CN1CCN(CCCN2c3ccccc3Sc3ccc(C(=O)CC)cc32)CC1,hydroxyl,1060,0.8815016746520996,0.8795106410980225,-0.0019910335540771484,0.0019910335540771484,0.8815016746520996,0.8795106410980225,-0.0019910335540771484,3.8820000000000032,4.519500000000004,0.6375000000000011
CC(=O)Oc1ccccc1C(O)=O,[H]c1ccccc1OC(C)=O,carboxylic_acid,98,0.297803670167923,0.8806267380714417,0.5828230679035187,0.5828230679035187,0.297803670167923,0.8806267380714417,0.5828230679035187,1.3101,1.6118999999999999,0.30179999999999985
C1=CC(=CC=C1N2[S](CCCC2)(=O)=O)[S](N)(=O)=O,[H]c1ccc(N2CCCCS2(=O)=O)cc1,sulfonamide,1555,0.881591796875,0.8290945887565613,-0.05249720811843872,0.05249720811843872,0.881591796875,0.8290945887565613,-0.05249720811843872,0.26400000000000035,1.6166,1.3525999999999998
c1(ccc(c(c1)Cl)Cl)CC(N1[C@H](C[C@]2(CC1)NC(NC2=O)=O)CN1CCCC1)=O,O=C1NC(=O)[C@@]2(CCN(C(=O)Cc3cccc(Cl)c3)[C@@H](CN3CCCC3)C2)N1,aromatic_chloro,597,0.3969433605670929,0.21974241733551025,-0.17720094323158264,0.17720094323158264,0.3969433605670929,0.21974241733551025,-0.17720094323158264,2.2009,1.5474999999999999,-0.6534
c1(ccc(c(c1)Cl)Cl)CC(N1[C@H](C[C@]2(CC1)NC(NC2=O)=O)CN1CCCC1)=O,[H]NC(=O)[C]1CCN(C(=O)Cc2ccc(Cl)c(Cl)c2)[C@@H](CN2CCCC2)C1,amide,597,0.39698195457458496,0.21986159682273865,-0.1771203577518463,0.1771203577518463,0.39698195457458496,0.21986159682273865,-0.1771203577518463,2.2009,2.6824900000000005,0.48159000000000063
C1=C(F)C=CC2=C1C3=C([NH]2)CCN(C3)CCCC4=CN=CC=C4,c1cncc(CCCN2CCc3[nH]c4ccccc4c3C2)c1,fluoro_aromatic,1270,0.8815747499465942,0.566203773021698,-0.31537097692489624,0.31537097692489624,0.8815747499465942,0.566203773021698,-0.31537097692489624,3.6929000000000025,3.5538000000000025,-0.1391
C1=CC=CC=C1C(C(OC2CC3[N+](C(C2)CC3)(C)[O-])=O)CO,[H]C(C(=O)OC1CC2CCC(C1)[N+]2(C)[O-])c1ccccc1,hydroxyl,999,0.8813864588737488,0.8472157120704651,-0.03417074680328369,0.03417074680328369,0.8813864588737488,0.8472157120704651,-0.03417074680328369,1.9434999999999998,2.410100000000001,0.466600000000001
Nc1nc(Cl)nc2n(cnc12)[C@H]3C[C@H](O)[C@@H](CO)O3,Nc1ncnc2c1ncn2[C@H]1C[C@H](O)[C@@H](CO)O1,aromatic_chloro,227,0.2203231155872345,0.21970874071121216,-0.0006143748760223389,0.0006143748760223389,0.2203231155872345,0.21970874071121216,-0.0006143748760223389,-0.29740000000000044,-0.9508000000000003,-0.6533999999999999
CN=C1CN(O)C(=C2C=C(Cl)C=CC2=N1)c3ccccc3,CN=C1CN(O)C(c2ccccc2)=c2ccccc2=N1,aromatic_chloro,522,0.8804411292076111,0.8721283078193665,-0.008312821388244629,0.008312821388244629,0.8804411292076111,0.8721283078193665,-0.008312821388244629,1.8492,1.1957999999999993,-0.6534000000000006
c1(ccc(c(c1)Cl)Cl)CC(N1[C@@H](c2c(CC1)occ2)C[N@@]1C[C@@H](CC1)O)=O,O=C(Cc1cccc(Cl)c1)N1CCc2occc2[C@H]1CN1CC[C@@H](O)C1,aromatic_chloro,510,0.8512277603149414,0.22128891944885254,-0.6299388408660889,0.6299388408660889,0.8512277603149414,0.22128891944885254,-0.6299388408660889,3.3215000000000026,2.6681000000000012,-0.6534000000000013
[C@H]12C([C@@](O)(CC1)C#C)(CC[C@H]3C2CCC4=CC5=C(CC34C)C=N[N]5C6=CC=C(F)C=C6)C,C#C[C@]1(O)CC[C@H]2C3CCC4=Cc5c(cnn5-c5ccccc5)CC4(C)[C@H]3CCC21C,fluoro_aromatic,1407,0.8811519742012024,0.219765767455101,-0.6613862067461014,0.6613862067461014,0.8811519742012024,0.219765767455101,-0.6613862067461014,5.557800000000006,5.418700000000005,-0.1391000000000009
COc1ccc(CCN2CCC(CC2)Nc3nc4ccccc4n3Cc5ccc(F)cc5)cc1,COc1ccc(CCN2CCC(Nc3nc4ccccc4n3Cc3ccccc3)CC2)cc1,fluoro_aromatic,123,0.22833159565925598,0.22346116602420807,-0.004870429635047913,0.004870429635047913,0.22833159565925598,0.22346116602420807,-0.004870429635047913,5.351300000000005,5.212200000000005,-0.1391
CN1CCN(CCCN2c3ccccc3Sc4ccc(Cl)cc24)CC1,CN1CCN(CCCN2c3ccccc3Sc3ccccc32)CC1,aromatic_chloro,37,0.8808859586715698,0.8807092905044556,-0.0001766681671142578,0.0001766681671142578,0.8808859586715698,0.8807092905044556,-0.0001766681671142578,4.580200000000004,3.9268000000000027,-0.6534000000000013
C1=CC=CC=C1C3(C(N(C(C2=CC=CC=C2)=O)C(=O)NC3=O)=O)CC,[H]N(C(=O)c1ccccc1)C(=O)C(C=O)(CC)c1ccccc1,amide,1692,0.8804033994674683,0.22208136320114136,-0.6583220362663269,0.6583220362663269,0.8804033994674683,0.22208136320114136,-0.6583220362663269,2.2532000000000005,2.4899000000000004,0.2366999999999999
OC(=O)C1=CN(C2CC2)c3cc(N4CCNCC4)c(F)cc3C1=O,[H]c1cn(C2CC2)c2cc(N3CCNCC3)c(F)cc2c1=O,carboxylic_acid,438,0.8460389971733093,0.8736868500709534,0.027647852897644043,0.027647852897644043,0.8460389971733093,0.8736868500709534,0.027647852897644043,1.5833,1.8851,0.30180000000000007
OC(=O)C1=CN(C2CC2)c3cc(N4CCNCC4)c(F)cc3C1=O,O=C(O)c1cn(C2CC2)c2cc(N3CCNCC3)ccc2c1=O,fluoro_aromatic,438,0.8451869487762451,0.25242480635643005,-0.5927621424198151,0.5927621424198151,0.8451869487762451,0.25242480635643005,-0.5927621424198151,1.5833,1.4442,-0.1391
C1=CC=CC(=C1N3CCN(CCCC(C2=CC=C(F)C=C2)=O)CC3)OC,COc1ccccc1N1CCN(CCCC(=O)c2ccccc2)CC1,fluoro_aromatic,1818,0.8817331194877625,0.8753881454467773,-0.006344974040985107,0.006344974040985107,0.8817331194877625,0.8753881454467773,-0.006344974040985107,3.6194000000000024,3.4803000000000024,-0.1391
CC1(C)S[C@@H]2[C@H](NC(=O)[C@H](NC(=O)N3CCN(C3=O)[S](C)(=O)=O)c4ccccc4)C(=O)N2[C@H]1C(O)=O,[H]C1N2C(=O)[C@@H](NC(=O)[C@H](NC(=O)N3CCN(S(C)(=O)=O)C3=O)c3ccccc3)[C@H]2SC1(C)C,carboxylic_acid,860,0.2195565104484558,0.21944908797740936,-0.00010742247104644775,0.00010742247104644775,0.2195565104484558,0.21944908797740936,-0.00010742247104644775,-0.23379999999999784,0.3130000000000015,0.5467999999999993
C1=CC=CC2=C1N(C(=O)N2)CCCN4CCC(C(C3=CC=C(F)C=C3)=O)CC4,O=C(c1ccccc1)C1CCN(CCCn2c(=O)[nH]c3ccccc32)CC1,fluoro_aromatic,1769,0.881629228591919,0.4514671266078949,-0.43016210198402405,0.43016210198402405,0.881629228591919,0.4514671266078949,-0.43016210198402405,3.453700000000002,3.314600000000002,-0.1391
CC(C)CO,[H]C(C)C,hydroxyl,385,0.8797429203987122,0.8809899091720581,0.0012469887733459473,0.0012469887733459473,0.8797429203987122,0.8809899091720581,0.0012469887733459473,0.6347,1.4163,0.7815999999999999
C(C(COC(N)=O)(C(CC)C)C)OC(NC(C)C)=O,[H]OCC(C)(COC(=O)NC(C)C)C(C)CC,amide,1404,0.8809495568275452,0.878035306930542,-0.002914249897003174,0.002914249897003174,0.8809495568275452,0.878035306930542,-0.002914249897003174,2.2687,2.1657,-0.10299999999999976
[C@H](CCCNC(C)=O)(C(O)=O)NC(C)=O,[H]C(CCCNC(C)=O)NC(C)=O,carboxylic_acid,1033,0.8755565285682678,0.8799958825111389,0.004439353942871094,0.004439353942871094,0.8755565285682678,0.8799958825111389,0.004439353942871094,-0.5079999999999989,0.03879999999999978,0.5467999999999986
C1=CC=CC(=C1C2=NCC(N(C3=C2C(=N[N]3C)C)C)=O)F,Cc1nn(C)c2c1C(c1ccccc1)=NCC(=O)N2C,fluoro_aromatic,1657,0.8817737102508545,0.8203083872795105,-0.061465322971343994,0.061465322971343994,0.8817737102508545,0.8203083872795105,-0.061465322971343994,1.68142,1.54232,-0.1391
c1cc2c(C(N[C@@H](CC)c3ccccc3)=O)c(c(c3ccccc3)nc2cc1)OCCCC(O)=O,[H]CCCOc1c(-c2ccccc2)nc2ccccc2c1C(=O)N[C@@H](CC)c1ccccc1,carboxylic_acid,622,0.2196284830570221,0.22032620012760162,0.0006977170705795288,0.0006977170705795288,0.2196284830570221,0.22032620012760162,0.0006977170705795288,6.026500000000007,6.571700000000007,0.5452000000000004
C1=CC=CC=C1C(C(OC2CC3N(C)C(C2)CC3)=O)CO,[H]C(C(=O)OC1CC2CCC(C1)N2C)c1ccccc1,hydroxyl,1686,0.8814474940299988,0.8656359314918518,-0.015811562538146973,0.015811562538146973,0.8814474940299988,0.8656359314918518,-0.015811562538146973,1.9308999999999998,2.397500000000001,0.466600000000001
c1c2c(cc(c1)Cl)[C@@H]1[C@H](c3ccccc3O2)CNC1,c1ccc2c(c1)Oc1ccccc1[C@@H]1CNC[C@H]21,aromatic_chloro,334,0.8798707127571106,0.8787150979042053,-0.0011556148529052734,0.0011556148529052734,0.8798707127571106,0.8787150979042053,-0.0011556148529052734,3.9163000000000032,3.262900000000001,-0.6534000000000022
C1=CC(=CC=C1N3CCN(CCC(NC(C2=CC=CN=C2)=O)C)CC3)F,CC(CCN1CCN(c2ccccc2)CC1)NC(=O)c1cccnc1,fluoro_aromatic,1397,0.8816724419593811,0.846743643283844,-0.03492879867553711,0.03492879867553711,0.8816724419593811,0.846743643283844,-0.03492879867553711,2.5513000000000003,2.4122000000000003,-0.1391
C1=CC=CC=C1C3(CCN(CCCC(C2=CC=C(F)C=C2)=O)CC3)CNC(C)=O,CC(=O)NCC1(c2ccccc2)CCN(CCCC(=O)c2ccccc2)CC1,fluoro_aromatic,944,0.8816149830818176,0.8303572535514832,-0.05125772953033447,0.05125772953033447,0.8816149830818176,0.8303572535514832,-0.05125772953033447,3.9585000000000026,3.8194000000000026,-0.1391
C1=CC=CC(=C1OC(C2=C(C=CC=C2)O)=O)C(O)=O,[H]c1ccccc1OC(=O)c1ccccc1O,carboxylic_acid,1531,0.8811503648757935,0.8795671463012695,-0.0015832185745239258,0.0015832185745239258,0.8811503648757935,0.8795671463012695,-0.0015832185745239258,2.3096,2.611400000000001,0.30180000000000096
Fc1ccc(cc1)C(CCCN2CCC(CC2)N3C(=O)Nc4cc(Cl)ccc34)c5ccc(F)cc5,O=c1[nH]c2ccccc2n1C1CCN(CCCC(c2ccc(F)cc2)c2ccc(F)cc2)CC1,aromatic_chloro,551,0.6481847167015076,0.7737265825271606,0.12554186582565308,0.12554186582565308,0.6481847167015076,0.7737265825271606,0.12554186582565308,6.510400000000006,5.8570000000000055,-0.6534000000000004
Fc1ccc(cc1)C(CCCN2CCC(CC2)N3C(=O)Nc4cc(Cl)ccc34)c5ccc(F)cc5,O=c1[nH]c2cc(Cl)ccc2n1C1CCN(CCCC(c2ccccc2)c2ccc(F)cc2)CC1,fluoro_aromatic,551,0.6417521238327026,0.48412978649139404,-0.1576223373413086,0.1576223373413086,0.6417521238327026,0.48412978649139404,-0.1576223373413086,6.510400000000006,6.371300000000006,-0.1391
C1=CC(=CC=C1C(CCCN2CC3N(CC2)CCC3)=O)F,O=C(CCCN1CCN2CCCC2C1)c1ccccc1,fluoro_aromatic,1003,0.8818042278289795,0.875052809715271,-0.006751418113708496,0.006751418113708496,0.8818042278289795,0.875052809715271,-0.006751418113708496,2.568600000000001,2.429500000000001,-0.1391
C1=NC2=C([N]1COCCO)NC(=NC2=O)N,[H]COCn1cnc2c(=O)nc(N)[nH]c21,hydroxyl,953,0.8814224004745483,0.30504176020622253,-0.5763806402683258,0.5763806402683258,0.8814224004745483,0.30504176020622253,-0.5763806402683258,-1.3317999999999997,-0.6943000000000001,0.6374999999999995
[C@@H](O)(/C=C/C1=C(C2=C([N]1C(C)C)C=CC=C2)C3=CC=C(F)C=C3)C[C@H](O)CC(=O)O,[H]C[C@@H](O)C[C@H](O)/C=C/c1c(-c2ccc(F)cc2)c2ccccc2n1C(C)C,carboxylic_acid,1252,0.8810160756111145,0.22126701474189758,-0.6597490608692169,0.6597490608692169,0.8810160756111145,0.22126701474189758,-0.6597490608692169,4.628100000000004,5.173300000000005,0.5452000000000004
[C@@H](O)(/C=C/C1=C(C2=C([N]1C(C)C)C=CC=C2)C3=CC=C(F)C=C3)C[C@H](O)CC(=O)O,CC(C)n1c(/C=C/[C@@H](O)C[C@H](O)CC(=O)O)c(-c2ccccc2)c2ccccc21,fluoro_aromatic,1252,0.8809273838996887,0.21955503523349762,-0.6613723486661911,0.6613723486661911,0.8809273838996887,0.21955503523349762,-0.6613723486661911,4.628100000000004,4.489000000000004,-0.1391
C3=C(C1=C([N]2C(=N1)C=CC(=C2)Cl)CC(N(CCC)CCC)=O)C=CC(=C3)Cl,CCCN(CCC)C(=O)Cc1c(-c2ccc(Cl)cc2)nc2ccccn12,aromatic_chloro,1672,0.8816964626312256,0.23454491794109344,-0.6471515446901321,0.6471515446901321,0.8816964626312256,0.23454491794109344,-0.6471515446901321,5.499200000000004,4.845800000000005,-0.6533999999999986
C1=C(Cl)C=CC5=C1N(CCCN4CCC3(N2C(CCCC2)NC3=O)CC4)C6=C(CC5)C=CC=C6,O=C1NC2CCCCN2C12CCN(CCCN1c3ccccc3CCc3ccccc31)CC2,aromatic_chloro,1378,0.8815345764160156,0.8791986703872681,-0.0023359060287475586,0.0023359060287475586,0.8815345764160156,0.8791986703872681,-0.0023359060287475586,4.743200000000004,4.089800000000003,-0.6534000000000013
C1=C(Cl)C=CC5=C1N(CCCN4CCC3(N2C(CCCC2)NC3=O)CC4)C6=C(CC5)C=CC=C6,[H]C1(N2CCCCC2)CCN(CCCN2c3ccccc3CCc3ccc(Cl)cc32)CC1,amide,1378,0.881492018699646,0.8810855746269226,-0.00040644407272338867,0.00040644407272338867,0.881492018699646,0.8810855746269226,-0.00040644407272338867,4.743200000000004,5.917100000000007,1.1739000000000024
N[S](=O)(=O)Cc1noc2ccccc12,[H]Cc1noc2ccccc12,sulfonamide,345,0.8544749021530151,0.880265474319458,0.02579057216644287,0.02579057216644287,0.8544749021530151,0.880265474319458,0.02579057216644287,0.6163,2.13622,1.51992
C(C1OC(C(C)C)(C(C)C)OC1)O,[H]C1COC(C(C)C)(C(C)C)O1,hydroxyl,1489,0.8814660310745239,0.8813295960426331,-0.00013643503189086914,0.00013643503189086914,0.8814660310745239,0.8813295960426331,-0.00013643503189086914,1.4023999999999999,2.0415,0.6391000000000002
C2=C(C(C1=CC=CC=C1)[S](CC(N)=O)=O)C=CC=C2,[H]CS(=O)C(c1ccccc1)c1ccccc1,amide,1374,0.8816503882408142,0.8798447847366333,-0.0018056035041809082,0.0018056035041809082,0.8816503882408142,0.8798447847366333,-0.0018056035041809082,2.01,3.1545000000000014,1.1445000000000016
C1=CC(=CC2=C1NC(=O)OC2(C)C)Br,[H]OC(C)(C)c1cccc(Br)c1,amide,1036,0.8816525936126709,0.874850869178772,-0.006801724433898926,0.006801724433898926,0.8816525936126709,0.874850869178772,-0.006801724433898926,3.2463000000000015,2.6765000000000008,-0.5698000000000008
Clc1cccc(c1)N2CCN(CCCN3N=C4C=CC=CN4C3=O)CC2,O=c1n(CCCN2CCN(c3ccccc3)CC2)nc2ccccn12,aromatic_chloro,222,0.8745402097702026,0.8787808418273926,0.004240632057189941,0.004240632057189941,0.8745402097702026,0.8787808418273926,0.004240632057189941,2.3617,1.7083,-0.6534
NC(=O)OCCCc1ccccc1,[H]OCCCc1ccccc1,amide,140,0.8780402541160583,0.8798264265060425,0.0017861723899841309,0.0017861723899841309,0.8780402541160583,0.8798264265060425,0.0017861723899841309,1.7145000000000001,1.6115,-0.1030000000000002
N1(c2c(Sc3c1cccc3)ccc(c2)Cl)CCCN,NCCCN1c2ccccc2Sc2ccccc21,aromatic_chloro,484,0.8804582357406616,0.8800987005233765,-0.00035953521728515625,0.00035953521728515625,0.8804582357406616,0.8800987005233765,-0.00035953521728515625,4.291500000000003,3.6381000000000014,-0.6534000000000013
CN1C(=O)C(O)N=C(c2ccccc2)c3cc(Cl)ccc13,CN1C(=O)C(O)N=C(c2ccccc2)c2ccccc21,aromatic_chloro,214,0.8779494166374207,0.7827311754226685,-0.0952182412147522,0.0952182412147522,0.8779494166374207,0.7827311754226685,-0.0952182412147522,2.4722,1.8187999999999995,-0.6534000000000004
C2=C(C1(C(N(C(NC1=O)=O)C)=O)CC)C=CC=C2,[H]N(C)C(=O)C(C=O)(CC)c1ccccc1,amide,1882,0.8816847801208496,0.8577479124069214,-0.023936867713928223,0.023936867713928223,0.8816847801208496,0.8577479124069214,-0.023936867713928223,1.0425999999999997,1.2792999999999997,0.2366999999999999
C3=C2N(C1=CC=CC=C1C=CC2=CC=C3)CCCN4C=CN(CC=C4)CCO,[H]CN1C=CN(CCCN2c3ccccc3C=Cc3ccccc32)C=CC1,hydroxyl,1279,0.8817555904388428,0.8809927701950073,-0.0007628202438354492,0.0007628202438354492,0.8817555904388428,0.8809927701950073,-0.0007628202438354492,4.2934000000000045,4.930900000000005,0.6375000000000002
C(C1(C(CCC)CC)C(NC(=O)NC1=O)=O)C,[H]C(CC)(C(=O)NC=O)C(CC)CCC,amide,1581,0.881397008895874,0.8805469274520874,-0.0008500814437866211,0.0008500814437866211,0.881397008895874,0.8805469274520874,-0.0008500814437866211,1.5751,2.1114999999999995,0.5363999999999995
C[C@](N)(Cc1ccc(O)c(O)c1)C(O)=O,[H][C@@](C)(N)Cc1ccc(O)c(O)c1,carboxylic_acid,306,0.2196420133113861,0.22010646760463715,0.0004644542932510376,0.0004644542932510376,0.2196420133113861,0.22010646760463715,0.0004644542932510376,0.4423000000000001,0.9874999999999998,0.5451999999999997
C3=C(C1=C([N]2C(=N1)C=CC=C2)CN(C(CCC)=O)C)C=CC(=C3)Cl,CCCC(=O)N(C)Cc1c(-c2ccccc2)nc2ccccn12,aromatic_chloro,1533,0.8817225694656372,0.8490137457847595,-0.032708823680877686,0.032708823680877686,0.8817225694656372,0.8490137457847595,-0.032708823680877686,4.413200000000004,3.759800000000003,-0.6534000000000013
CNCC[C@@H](O)[C@@H]1C[C@@H](CN1)SC2=C(N3[C@H]([C@H]2C)[C@@H]([C@@H](C)O)C3=O)C(O)=O,[H]C1=C(S[C@@H]2CN[C@H]([C@H](O)CCNC)C2)[C@H](C)[C@@H]2[C@@H]([C@@H](C)O)C(=O)N12,carboxylic_acid,845,0.21960368752479553,0.2193686068058014,-0.00023508071899414062,0.00023508071899414062,0.21960368752479553,0.2193686068058014,-0.00023508071899414062,-0.42579999999999735,0.11940000000000156,0.5451999999999989
C1=C(C=CC=C1NC(NC2=NC(=O)CN2C)=O)Cl,CN1CC(=O)N=C1NC(=O)Nc1ccccc1,aromatic_chloro,1218,0.8816117644309998,0.8764732480049133,-0.005138516426086426,0.005138516426086426,0.8816117644309998,0.8764732480049133,-0.005138516426086426,1.2895000000000003,0.6361,-0.6534000000000003
C1=C(Cl)C=CC2=C1C(=NCC(=N2)NOCC=C)C3=CC=CC=C3Cl,C=CCONC1=Nc2ccccc2C(c2ccccc2Cl)=NC1,aromatic_chloro,1634,0.8816709518432617,0.878222644329071,-0.003448307514190674,0.003448307514190674,0.8816709518432617,0.878222644329071,-0.003448307514190674,4.581600000000003,3.928200000000003,-0.6533999999999995
CC1(C)SC2C(NC(=O)C(N=C)c3ccccc3)C(=O)N2C1C(O)=O,[H]C1N2C(=O)C(NC(=O)C(N=C)c3ccccc3)C2SC1(C)C,carboxylic_acid,856,0.21946601569652557,0.22018352150917053,0.0007175058126449585,0.0007175058126449585,0.21946601569652557,0.22018352150917053,0.0007175058126449585,1.0599999999999998,1.6067999999999998,0.5468
C1=CC(=CC=C1C2[S](CCC(N2C)=O)(=O)=O)Cl,CN1C(=O)CCS(=O)(=O)C1c1ccccc1,aromatic_chloro,1071,0.8817395567893982,0.23221702873706818,-0.64952252805233,0.64952252805233,0.8817395567893982,0.23221702873706818,-0.64952252805233,1.6155,0.9621000000000002,-0.6533999999999998
C(C1(C(NC(=O)NC1=O)=O)CC=C)C(=C)Br,[H]C(CC=C)(CC(=C)Br)C(=O)NC=O,amide,1703,0.8811095356941223,0.8804147839546204,-0.0006947517395019531,0.0006947517395019531,0.8811095356941223,0.8804147839546204,-0.0006947517395019531,1.2135999999999998,1.7500000000000002,0.5364000000000004
C1=C(C(=CC=C1C#N)OC)C(NCCN3CCC(C(C2=CC=C(F)C=C2)=O)CC3)=O,COc1ccc(C#N)cc1C(=O)NCCN1CCC(C(=O)c2ccccc2)CC1,fluoro_aromatic,1961,0.8814527988433838,0.22334524989128113,-0.6581075489521027,0.6581075489521027,0.8814527988433838,0.22334524989128113,-0.6581075489521027,3.030680000000001,2.891580000000001,-0.1391
CN1C(CSCC(F)(F)F)Nc2cc(Cl)c(cc2[S]1(=O)=O)[S](N)(=O)=O,CN1C(CSCC(F)(F)F)Nc2ccc(S(N)(=O)=O)cc2S1(=O)=O,aromatic_chloro,371,0.22001267969608307,0.22014343738555908,0.00013075768947601318,0.00013075768947601318,0.22001267969608307,0.22014343738555908,0.00013075768947601318,1.655,1.0016000000000003,-0.6533999999999998
CN1C(CSCC(F)(F)F)Nc2cc(Cl)c(cc2[S]1(=O)=O)[S](N)(=O)=O,[H]c1cc2c(cc1Cl)NC(CSCC(F)(F)F)N(C)S2(=O)=O,sulfonamide,371,0.21992135047912598,0.2314978986978531,0.011576548218727112,0.011576548218727112,0.21992135047912598,0.2314978986978531,0.011576548218727112,1.655,3.007600000000001,1.352600000000001
C1=C(Cl)C=CC2=C1C(=NC(OC(N(C)C)=O)C(N2C)=O)C3=CC=CC=C3,CN(C)C(=O)OC1N=C(c2ccccc2)c2ccccc2N(C)C1=O,aromatic_chloro,1050,0.8813062906265259,0.2752155661582947,-0.6060907244682312,0.6060907244682312,0.8813062906265259,0.2752155661582947,-0.6060907244682312,3.1781000000000015,2.524700000000001,-0.6534000000000004
C4=C3C(N(C1=CC=C2C(=N1)N=C(Cl)C=C2)C(=O)C3=CC=C4)CC(CCC(C)C)=O,CC(C)CCC(=O)CC1c2ccccc2C(=O)N1c1ccc2cccnc2n1,aromatic_chloro,1430,0.8815915584564209,0.2205558717250824,-0.6610356867313385,0.6610356867313385,0.8815915584564209,0.2205558717250824,-0.6610356867313385,5.380100000000004,4.726700000000005,-0.6533999999999995
OC1C(N2CCC1)=NC(C)=C(CCN3CCC(CC3)c4c5ccc(F)cc5on4)C2=O,Cc1nc2n(c(=O)c1CCN1CCC(c3noc4ccccc34)CC1)CCCC2O,fluoro_aromatic,96,0.22490713000297546,0.22195126116275787,-0.0029558688402175903,0.0029558688402175903,0.22490713000297546,0.22195126116275787,-0.0029558688402175903,3.0813200000000016,2.9422200000000016,-0.1391
C3=C(N2CCN(CCCC(C1=CC=C(F)C=C1)=O)CC2)N=CC4=CC=CC=C34,O=C(CCCN1CCN(c2cc3ccccc3cn2)CC1)c1ccccc1,fluoro_aromatic,1741,0.881753146648407,0.646182119846344,-0.235571026802063,0.235571026802063,0.881753146648407,0.646182119846344,-0.235571026802063,4.159000000000004,4.019900000000003,-0.1391000000000009
C1NCCN(C1)c1ccc(c(n1)Cl)C(F)(F)F,FC(F)(F)c1ccc(N2CCNCC2)nc1,aromatic_chloro,333,0.8778111338615417,0.8802935481071472,0.0024824142456054688,0.0024824142456054688,0.8778111338615417,0.8802935481071472,0.0024824142456054688,2.1634,1.5099999999999998,-0.6534000000000004
Cc1onc(c2ccccc2)c1C(=O)N[C@H]3[C@H]4SC(C)(C)[C@@H](N4C3=O)C(O)=O,[H]C1N2C(=O)[C@@H](NC(=O)c3c(-c4ccccc4)noc3C)[C@H]2SC1(C)C,carboxylic_acid,144,0.21939106285572052,0.21965645253658295,0.00026538968086242676,0.00026538968086242676,0.21939106285572052,0.21965645253658295,0.00026538968086242676,1.8953199999999997,2.44212,0.5468000000000004
C1=C(Cl)C=CC2=C1C(N(CC(=O)N2C)C(N)=O)C3=CC=CC=C3,CN1C(=O)CN(C(N)=O)C(c2ccccc2)c2ccccc21,aromatic_chloro,1055,0.8817003965377808,0.7800602912902832,-0.10164010524749756,0.10164010524749756,0.8817003965377808,0.7800602912902832,-0.10164010524749756,2.786500000000001,2.1331000000000007,-0.6534000000000004
C1=C(Cl)C=CC2=C1C(N(CC(=O)N2C)C(N)=O)C3=CC=CC=C3,[H]N1CC(=O)N(C)c2ccc(Cl)cc2C1c1ccccc1,amide,1055,0.8816171884536743,0.8783046007156372,-0.0033125877380371094,0.0033125877380371094,0.8816171884536743,0.8783046007156372,-0.0033125877380371094,2.786500000000001,2.995400000000002,0.20890000000000075
CO[C@]1(NC(=O)C(C(O)=O)c2cscc2)[C@H]3SC(C)(C)[C@@H](N3C1=O)C(O)=O,[H]C(C(=O)N[C@]1(OC)C(=O)N2[C@@H](C(=O)O)C(C)(C)S[C@@H]21)c1ccsc1,carboxylic_acid,922,0.2194851189851761,0.21943122148513794,-5.389750003814697e-05,5.389750003814697e-05,0.2194851189851761,0.21943122148513794,-5.389750003814697e-05,0.5221000000000005,0.8963999999999999,0.3742999999999994
CCCCC[C@H](O)/C=C/[C@H]1[C@H](O)CC(=O)[C@@H]1CCCCCCC(O)=O,[H]CCCCCC[C@H]1C(=O)C[C@@H](O)[C@@H]1/C=C/[C@@H](O)CCCCC,carboxylic_acid,100,0.21970334649085999,0.21964582800865173,-5.751848220825195e-05,5.751848220825195e-05,0.21970334649085999,0.21964582800865173,-5.751848220825195e-05,3.475100000000002,4.020300000000003,0.5452000000000012
NC(=O)N1c2ccccc2C3OC3c4ccccc14,[H]N1c2ccccc2C2OC2c2ccccc21,amide,586,0.8806788921356201,0.8809979557991028,0.000319063663482666,0.000319063663482666,0.8806788921356201,0.8809979557991028,0.000319063663482666,3.0294000000000016,3.5562000000000014,0.5267999999999997
C1=CC=CC2=C1C4=C([NH]2)CN3CCN(CC3C4)CCCC(C5=CC=C(C=C5)F)=O,O=C(CCCN1CCN2Cc3[nH]c4ccccc4c3CC2C1)c1ccccc1,fluoro_aromatic,1031,0.8813421726226807,0.27483096718788147,-0.6065112054347992,0.6065112054347992,0.8813421726226807,0.27483096718788147,-0.6065112054347992,4.012400000000003,3.873300000000003,-0.1391
C1=CC=CC=C1N2C4(C(NC2)=O)CCN(CC\C=C(C3=CC=C(F)C=C3)\C)CC4,C/C(=C/CCN1CCC2(CC1)C(=O)NCN2c1ccccc1)c1ccccc1,fluoro_aromatic,1547,0.8816589713096619,0.22744040191173553,-0.6542185693979263,0.6542185693979263,0.8816589713096619,0.22744040191173553,-0.6542185693979263,4.047600000000004,3.9085000000000027,-0.1391000000000009
C1=CC=CC=C1N2C4(C(NC2)=O)CCN(CC\C=C(C3=CC=C(F)C=C3)\C)CC4,[H]C1(N(C)c2ccccc2)CCN(CC/C=C(/C)c2ccc(F)cc2)CC1,amide,1547,0.8816316723823547,0.8809853792190552,-0.0006462931632995605,0.0006462931632995605,0.8816316723823547,0.8809853792190552,-0.0006462931632995605,4.047600000000004,5.219900000000005,1.1723000000000017
C1=CC(=CC3=C1\C(C2=CC=CC=C2N3)=C/CN(CC)CC)Cl,CCN(CC)CC=C1c2ccccc2Nc2ccccc21,aromatic_chloro,1174,0.8816953897476196,0.8807176351547241,-0.0009777545928955078,0.0009777545928955078,0.8816953897476196,0.8807176351547241,-0.0009777545928955078,5.170500000000004,4.517100000000004,-0.6534000000000004
COc1ccc2n(c(C)c(CC(O)=O)c2c1)C(=O)c3ccc(Cl)cc3,COc1ccc2c(c1)c(CC(=O)O)c(C)n2C(=O)c1ccccc1,aromatic_chloro,263,0.22023847699165344,0.22205054759979248,0.001812070608139038,0.001812070608139038,0.22023847699165344,0.22205054759979248,0.001812070608139038,3.9273200000000026,3.2739200000000013,-0.6534000000000013
COc1ccc2n(c(C)c(CC(O)=O)c2c1)C(=O)c3ccc(Cl)cc3,[H]Cc1c(C)n(C(=O)c2ccc(Cl)cc2)c2ccc(OC)cc12,carboxylic_acid,263,0.22017908096313477,0.8688834309577942,0.6487043499946594,0.6487043499946594,0.22017908096313477,0.8688834309577942,0.6487043499946594,3.9273200000000026,4.608640000000004,0.6813200000000013
C1=CC=CC=C1/C=C/C2C(NC(O2)(C)C)=O,[H]C(/C=C/c1ccccc1)OC(C)C,amide,1892,0.8816699981689453,0.8800097703933716,-0.0016602277755737305,0.0016602277755737305,0.8816699981689453,0.8800097703933716,-0.0016602277755737305,1.9509,3.1248000000000022,1.1739000000000022
C1=CC(=CC3=C1C(C2=CC(=C(Cl)C=C2)Cl)CN(C)C3)OC,COc1ccc2c(c1)CN(C)CC2c1ccc(Cl)cc1,aromatic_chloro,1787,0.881733775138855,0.47696512937545776,-0.4047686457633972,0.4047686457633972,0.881733775138855,0.47696512937545776,-0.4047686457633972,4.579300000000004,3.925900000000004,-0.6534000000000004
OC[C@H]1O[C@H](C[C@@H]1O)n2cnc3[C@H](O)CN=CNc23,[H]C1O[C@@H](n2cnc3c2NC=NC[C@H]3O)C[C@@H]1O,hydroxyl,145,0.8795644044876099,0.8734260201454163,-0.0061383843421936035,0.0061383843421936035,0.8795644044876099,0.8734260201454163,-0.0061383843421936035,-0.9890000000000005,-0.34990000000000004,0.6391000000000004
C1=CC(=CC4=C1N(C3CCN(CCNC(C2=CC=C(F)C=C2)=O)CC3)C(N4)=O)Cl,O=C(NCCN1CCC(n2c(=O)[nH]c3ccccc32)CC1)c1ccc(F)cc1,aromatic_chloro,1274,0.8815518617630005,0.22757911682128906,-0.6539727449417114,0.6539727449417114,0.8815518617630005,0.22757911682128906,-0.6539727449417114,3.189000000000001,2.5355999999999996,-0.6534000000000013
C1=CC(=CC4=C1N(C3CCN(CCNC(C2=CC=C(F)C=C2)=O)CC3)C(N4)=O)Cl,O=C(NCCN1CCC(n2c(=O)[nH]c3cc(Cl)ccc32)CC1)c1ccccc1,fluoro_aromatic,1274,0.8815463185310364,0.23114480078220367,-0.6504015177488327,0.6504015177488327,0.8815463185310364,0.23114480078220367,-0.6504015177488327,3.189000000000001,3.049900000000001,-0.1391
CSC1=C(N=C(N=C1N2CCN(C)CC2)NC(C)C)Cl,CSc1cnc(NC(C)C)nc1N1CCN(C)CC1,aromatic_chloro,1302,0.2243546098470688,0.8237017393112183,0.5993471294641495,0.5993471294641495,0.2243546098470688,0.8237017393112183,0.5993471294641495,2.4240000000000004,1.7705999999999995,-0.6534000000000009
C1C(Nc2c1c(ccc2)CCN(CCC)CCC)=O,[H]Cc1ccccc1CCN(CCC)CCC,amide,529,0.8812857270240784,0.8807637691497803,-0.0005219578742980957,0.0005219578742980957,0.8812857270240784,0.8807637691497803,-0.0005219578742980957,2.8457000000000017,3.659520000000003,0.8138200000000015
C1=CC(=CC=C1N2C4(C(NC2)=O)CCN(CCCC(C3=CC=C(F)C=C3)=O)CC4)F,O=C(CCCN1CCC2(CC1)C(=O)NCN2c1ccccc1)c1ccc(F)cc1,fluoro_aromatic,1838,0.8815302848815918,0.4151565432548523,-0.4663737416267395,0.4663737416267395,0.8815302848815918,0.4151565432548523,-0.4663737416267395,3.356200000000002,3.217100000000001,-0.1391000000000009
C1=CC(=CC=C1N2C4(C(NC2)=O)CCN(CCCC(C3=CC=C(F)C=C3)=O)CC4)F,[H]C1(N(C)c2ccc(F)cc2)CCN(CCCC(=O)c2ccc(F)cc2)CC1,amide,1838,0.8816612958908081,0.8803013563156128,-0.0013599395751953125,0.0013599395751953125,0.8816612958908081,0.8803013563156128,-0.0013599395751953125,3.356200000000002,4.528500000000005,1.1723000000000026
C(C1(C(NC(=O)NC1=O)=O)C(=C/CC)/C)C,[H]C(CC)(C(=O)NC=O)/C(C)=C/CC,amide,2025,0.8807502388954163,0.8800640106201172,-0.0006862282752990723,0.0006862282752990723,0.8807502388954163,0.8800640106201172,-0.0006862282752990723,1.1050999999999993,1.6415,0.5364000000000007
C1=C4C(=C2C(=C1F)SC=C2C)C3=C(CCN(C3)CC)[NH]4,CCN1CCc2[nH]c3ccc4scc(C)c4c3c2C1,fluoro_aromatic,2002,0.881607174873352,0.5735009908676147,-0.3081061840057373,0.3081061840057373,0.881607174873352,0.5735009908676147,-0.3081061840057373,4.208120000000003,4.069020000000004,-0.1390999999999991
CN(C)CCCN1c2ccccc2Sc3ccc(Cl)cc13,CN(C)CCCN1c2ccccc2Sc2ccccc21,aromatic_chloro,523,0.8808522820472717,0.8808635473251343,1.1265277862548828e-05,1.1265277862548828e-05,0.8808522820472717,0.8808635473251343,1.1265277862548828e-05,4.894400000000004,4.241000000000003,-0.6534000000000004
CC(C)(Oc1ccc(Cl)cc1)C(O)=O,CC(C)(Oc1ccccc1)C(=O)O,aromatic_chloro,153,0.38168689608573914,0.8791062831878662,0.4974193871021271,0.4974193871021271,0.38168689608573914,0.8791062831878662,0.4974193871021271,2.582,1.9286,-0.6533999999999998
CC(C)(Oc1ccc(Cl)cc1)C(O)=O,[H]C(C)(C)Oc1ccc(Cl)cc1,carboxylic_acid,153,0.38210201263427734,0.8790453672409058,0.4969433546066284,0.4969433546066284,0.38210201263427734,0.8790453672409058,0.4969433546066284,2.582,3.127200000000002,0.5452000000000021
C1=C(C(F)(F)F)C=CC3=C1C(C2=C(C=C(F)C=C2)S3)CCCN4CCN(CCO)CC4,OCCN1CCN(CCCC2c3ccccc3Sc3ccc(C(F)(F)F)cc32)CC1,fluoro_aromatic,1577,0.881571888923645,0.8751577734947205,-0.0064141154289245605,0.0064141154289245605,0.881571888923645,0.8751577734947205,-0.0064141154289245605,4.831100000000006,4.692000000000006,-0.1391
C1=C(C(F)(F)F)C=CC3=C1C(C2=C(C=C(F)C=C2)S3)CCCN4CCN(CCO)CC4,[H]CN1CCN(CCCC2c3ccc(F)cc3Sc3ccc(C(F)(F)F)cc32)CC1,hydroxyl,1577,0.8815721869468689,0.8782519102096558,-0.0033202767372131348,0.0033202767372131348,0.8815721869468689,0.8782519102096558,-0.0033202767372131348,4.831100000000006,5.468600000000006,0.6374999999999993
C1=C(Cl)C=CC4=C1N(CCCN3CCC(N2CCCCC2)(CC3)C(N)=O)C5=C(CC4)C=CC=C5,NC(=O)C1(N2CCCCC2)CCN(CCCN2c3ccccc3CCc3ccccc32)CC1,aromatic_chloro,1090,0.8817272186279297,0.8641474843025208,-0.017579734325408936,0.017579734325408936,0.8817272186279297,0.8641474843025208,-0.017579734325408936,4.772600000000004,4.119200000000002,-0.6534000000000022
C1=C(Cl)C=CC4=C1N(CCCN3CCC(N2CCCCC2)(CC3)C(N)=O)C5=C(CC4)C=CC=C5,[H]C1(N2CCCCC2)CCN(CCCN2c3ccccc3CCc3ccc(Cl)cc32)CC1,amide,1090,0.8816477656364441,0.8809220194816589,-0.0007257461547851562,0.0007257461547851562,0.8816477656364441,0.8809220194816589,-0.0007257461547851562,4.772600000000004,5.917100000000007,1.1445000000000025
C(C(C1(CCC2C4C(C(CC12C)O)(F)C3(C=CC(C=C3CC4)=O)C)O)=O)O,[H]C(=O)C1(O)CCC2C3CCC4=CC(=O)C=CC4(C)C3(F)C(O)CC21C,hydroxyl,1305,0.8782398700714111,0.21963435411453247,-0.6586055159568787,0.6586055159568787,0.8782398700714111,0.21963435411453247,-0.6586055159568787,1.6496999999999993,2.287200000000001,0.6375000000000015
Nc1nnc(c(N)n1)c2cccc(Cl)c2Cl,Nc1nnc(-c2ccccc2Cl)c(N)n1,aromatic_chloro,19,0.22600418329238892,0.2203149050474167,-0.005689278244972229,0.005689278244972229,0.22600418329238892,0.2203149050474167,-0.005689278244972229,2.0097999999999994,1.3563999999999998,-0.6533999999999995
OC(Cn1cncn1)(Cn2cncn2)c3ccc(F)cc3F,OC(Cn1cncn1)(Cn1cncn1)c1ccccc1F,fluoro_aromatic,117,0.43187451362609863,0.31684064865112305,-0.11503386497497559,0.11503386497497559,0.43187451362609863,0.31684064865112305,-0.11503386497497559,0.7357999999999993,0.5966999999999991,-0.13910000000000022
CC1=C(N2[C@H](SC1)[C@H](NC(=O)[C@H](N)c3ccc(O)c(Cl)c3)C2=O)C(O)=O,CC1=C(C(=O)O)N2C(=O)[C@@H](NC(=O)[C@H](N)c3ccc(O)cc3)[C@H]2SC1,aromatic_chloro,757,0.2197359949350357,0.2194209098815918,-0.0003150850534439087,0.0003150850534439087,0.2197359949350357,0.2194209098815918,-0.0003150850534439087,0.8038999999999996,0.15049999999999925,-0.6534000000000004
CC1=C(N2[C@H](SC1)[C@H](NC(=O)[C@H](N)c3ccc(O)c(Cl)c3)C2=O)C(O)=O,[H]C1=C(C)CS[C@@H]2[C@H](NC(=O)[C@H](N)c3ccc(O)c(Cl)c3)C(=O)N12,carboxylic_acid,757,0.21961095929145813,0.21941062808036804,-0.0002003312110900879,0.0002003312110900879,0.21961095929145813,0.21941062808036804,-0.0002003312110900879,0.8038999999999996,1.3490999999999993,0.5451999999999997
CCC#CC(C)C1(CC=C)C(=O)NC(=O)N(C)C1=O,[H]C(CC=C)(C(=O)N(C)C=O)C(C)C#CCC,amide,480,0.22433219850063324,0.8804872632026672,0.656155064702034,0.656155064702034,0.22433219850063324,0.8804872632026672,0.656155064702034,1.3066,1.843,0.5364
C3=C(C(NC1C2CCN(C1)CC2)=O)C(=CC(=C3Cl)N)OCC4CC4,Nc1ccc(C(=O)NC2CN3CCC2CC3)c(OCC2CC2)c1,aromatic_chloro,1433,0.8810296058654785,0.24004805088043213,-0.6409815549850464,0.6409815549850464,0.8810296058654785,0.24004805088043213,-0.6409815549850464,2.535,1.8815999999999993,-0.6534000000000009
OC1(CCN(CCCC(=O)c2ccc(F)cc2)CC1)c3ccc(Br)cc3,O=C(CCCN1CCC(O)(c2ccc(Br)cc2)CC1)c1ccccc1,fluoro_aromatic,408,0.8779485821723938,0.22519366443157196,-0.6527549177408218,0.6527549177408218,0.8779485821723938,0.22519366443157196,-0.6527549177408218,4.534700000000004,4.3956000000000035,-0.1391000000000009
C2=C(C1(OCCN(CC)CC)CCCCC1)C=CC(=C2)Cl,CCN(CC)CCOC1(c2ccccc2)CCCCC1,aromatic_chloro,1095,0.8817364573478699,0.8807474970817566,-0.0009889602661132812,0.0009889602661132812,0.8817364573478699,0.8807474970817566,-0.0009889602661132812,4.8578000000000054,4.204400000000003,-0.6534000000000022
C1=CC=CC(=C1N3CCN(CCC2=C[N](C)N=C2)CC3)Cl,Cn1cc(CCN2CCN(c3ccccc3)CC2)cn1,aromatic_chloro,1804,0.8815648555755615,0.862502932548523,-0.019061923027038574,0.019061923027038574,0.8815648555755615,0.862502932548523,-0.019061923027038574,2.4382,1.7847999999999997,-0.6534000000000004
C(C1(C(C(=CNC1=O)C)=O)CC)C,[H]C(CC)(CC)C(=O)C(=C)C,amide,1194,0.8814353346824646,0.880982518196106,-0.0004528164863586426,0.0004528164863586426,0.8814353346824646,0.880982518196106,-0.0004528164863586426,1.3955,2.567800000000001,1.172300000000001
C(C1(CC(NC(C1)=O)=O)C)C,[H]CC(C)(CC)CC=O,amide,1016,0.8813813924789429,0.8801757097244263,-0.0012056827545166016,0.0012056827545166016,0.8813813924789429,0.8801757097244263,-0.0012056827545166016,0.8392999999999999,2.0116,1.1723000000000001
C(C1(C(NC(=O)NC1=O)=O)CCCC)COC(N)=O,[H]C(CCCC)(CCOC(N)=O)C(=O)NC=O,amide,1054,0.8803516030311584,0.8786128759384155,-0.00173872709274292,0.00173872709274292,0.8803516030311584,0.8786128759384155,-0.00173872709274292,0.014399999999999635,0.5508000000000003,0.5364000000000007
C2=C(C1(C(N(CC(COCCCC)OC(N)=O)C(=O)NC1=O)=O)CC)C=CC=C2,[H]OC(COCCCC)CN1C(=O)NC(=O)C(CC)(c2ccccc2)C1=O,amide,1207,0.8803799748420715,0.21951615810394287,-0.6608638167381287,0.6608638167381287,0.8803799748420715,0.21951615810394287,-0.6608638167381287,1.6934000000000005,1.5903999999999994,-0.10300000000000109
C(C1(C(NC(=S)NC1=O)=O)C(CCC)C)CSC,[H]C(CCSC)(C(=O)NC=S)C(C)CCC,amide,1352,0.8803245425224304,0.8799350261688232,-0.00038951635360717773,0.00038951635360717773,0.8803245425224304,0.8799350261688232,-0.00038951635360717773,1.6929999999999996,2.8653000000000013,1.1723000000000017
C1=C(Br)C=CC3=C1C2(N(CCO2)CC(=O)N3)C4=C(C=CC=C4)F,O=C1CN2CCOC2(c2ccccc2)c2cc(Br)ccc2N1,fluoro_aromatic,1277,0.881662905216217,0.8757007718086243,-0.0059621334075927734,0.0059621334075927734,0.881662905216217,0.8757007718086243,-0.0059621334075927734,3.0736000000000008,2.9345000000000008,-0.1391
C1=C(Br)C=CC3=C1C2(N(CCO2)CC(=O)N3)C4=C(C=CC=C4)F,[H]CN1CCOC1(c1cccc(Br)c1)c1ccccc1F,amide,1277,0.8817197680473328,0.8785738945007324,-0.003145873546600342,0.003145873546600342,0.8817197680473328,0.8785738945007324,-0.003145873546600342,3.0736000000000008,3.7513000000000023,0.6777000000000015
C3=C(N(C2CCN(CCC1=CC=CC=C1)CC2)C(COC)=O)C(=CC=C3)F,COCC(=O)N(c1ccccc1)C1CCN(CCc2ccccc2)CC1,fluoro_aromatic,1922,0.8817228674888611,0.8752776980400085,-0.006445169448852539,0.006445169448852539,0.8817228674888611,0.8752776980400085,-0.006445169448852539,3.5122000000000027,3.3731000000000027,-0.1391
C3=C(N2CCN(CCCC(C1=CC=C(F)C=C1)O)CC2)C(=CC=C3)OC,COc1ccccc1N1CCN(CCCC(O)c2ccccc2)CC1,fluoro_aromatic,1681,0.8815692067146301,0.8235167264938354,-0.05805248022079468,0.05805248022079468,0.8815692067146301,0.8235167264938354,-0.05805248022079468,3.470100000000002,3.331000000000002,-0.1391
[C@@H](/C=C/C1=C(N=C(C(=C1C2=CC=C(C=C2)F)COC)C(C)C)C(C)C)(C[C@H](CC(O)=O)O)O,[H]C[C@H](O)C[C@H](O)/C=C/c1c(C(C)C)nc(C(C)C)c(COC)c1-c1ccc(F)cc1,carboxylic_acid,1065,0.8802399039268494,0.22077886760234833,-0.659461036324501,0.659461036324501,0.8802399039268494,0.22077886760234833,-0.659461036324501,4.880700000000005,5.425900000000007,0.5452000000000012
[C@@H](/C=C/C1=C(N=C(C(=C1C2=CC=C(C=C2)F)COC)C(C)C)C(C)C)(C[C@H](CC(O)=O)O)O,COCc1c(C(C)C)nc(C(C)C)c(/C=C/[C@@H](O)C[C@@H](O)CC(=O)O)c1-c1ccccc1,fluoro_aromatic,1065,0.8803574442863464,0.21978060901165009,-0.6605768352746964,0.6605768352746964,0.8803574442863464,0.21978060901165009,-0.6605768352746964,4.880700000000005,4.741600000000005,-0.1391
C1=C(Cl)C=CC3=C1C(C2=C(C=CC=C2)N3)CCCN(C)C,CN(C)CCCC1c2ccccc2Nc2ccccc21,aromatic_chloro,1750,0.8817374110221863,0.8807248473167419,-0.001012563705444336,0.001012563705444336,0.8817374110221863,0.8807248473167419,-0.001012563705444336,4.870700000000005,4.217300000000003,-0.6534000000000013
NC(=O)OC1(CCCCC1)C#C,[H]OC1(C#C)CCCCC1,amide,610,0.8812875747680664,0.881335437297821,4.786252975463867e-05,4.786252975463867e-05,0.8812875747680664,0.881335437297821,4.786252975463867e-05,1.4178,1.3148,-0.10299999999999998
C1=C(C2=C(C=C1)C=CO2)N5CCN(CC3=CC=C([NH]3)C4=CC=C(C=C4)F)CC5,c1ccc(-c2ccc(CN3CCN(c4cccc5ccoc45)CC3)[nH]2)cc1,fluoro_aromatic,1176,0.8816592693328857,0.23596800863742828,-0.6456912606954575,0.6456912606954575,0.8816592693328857,0.23596800863742828,-0.6456912606954575,4.889200000000003,4.750100000000003,-0.1391
C1=C(Cl)C=CC3=C1N(C2=C(C=CC=C2)S3)CCCN4CCN(CCO)CC4,OCCN1CCN(CCCN2c3ccccc3Sc3ccccc32)CC1,aromatic_chloro,1447,0.8816334009170532,0.8789966702461243,-0.002636730670928955,0.002636730670928955,0.8816334009170532,0.8789966702461243,-0.002636730670928955,3.942700000000003,3.2893000000000017,-0.6534000000000013
C1=C(Cl)C=CC3=C1N(C2=C(C=CC=C2)S3)CCCN4CCN(CCO)CC4,[H]CN1CCN(CCCN2c3ccccc3Sc3ccc(Cl)cc32)CC1,hydroxyl,1447,0.8816878199577332,0.8799370527267456,-0.0017507672309875488,0.0017507672309875488,0.8816878199577332,0.8799370527267456,-0.0017507672309875488,3.942700000000003,4.580200000000004,0.6375000000000011
C2=C(\C(NCCCC(=O)N)=C/1C=C(F)C=CC1=O)C=CC(=C2)Cl,NC(=O)CCCN/C(=C1\C=C(F)C=CC1=O)c1ccccc1,aromatic_chloro,1487,0.9312513470649719,0.9270536303520203,-0.00419771671295166,0.00419771671295166,0.9312513470649719,0.9270536303520203,-0.00419771671295166,2.898500000000001,2.2451,-0.6534000000000013
C2=C(\C(NCCCC(=O)N)=C/1C=C(F)C=CC1=O)C=CC(=C2)Cl,[H]CCCN/C(=C1\C=C(F)C=CC1=O)c1ccc(Cl)cc1,amide,1487,0.9313799142837524,0.9289532899856567,-0.002426624298095703,0.002426624298095703,0.9313799142837524,0.9289532899856567,-0.002426624298095703,2.898500000000001,4.043000000000003,1.1445000000000016
C1=CC(=CC=C1C(CCCN3CCC2(C(N(C)C(C2)=O)=O)CC3)=O)F,CN1C(=O)CC2(CCN(CCCC(=O)c3ccccc3)CC2)C1=O,fluoro_aromatic,1527,0.9314054250717163,0.22065849602222443,-0.7107469290494919,0.7107469290494919,0.9314054250717163,0.22065849602222443,-0.7107469290494919,2.2595,2.1204,-0.1391
CNC(=O)C[C@@H](N)C(=O)N[C@@H](C(=O)N[C@H]1[C@H]2SC(C)(C)[C@@H](N2C1=O)C(O)=O)c3ccc(O)cc3,[H]C1N2C(=O)[C@@H](NC(=O)[C@H](NC(=O)[C@H](N)CC(=O)NC)c3ccc(O)cc3)[C@H]2SC1(C)C,carboxylic_acid,729,0.20058941841125488,0.2011837214231491,0.0005943030118942261,0.0005943030118942261,0.20058941841125488,0.2011837214231491,0.0005943030118942261,-1.3553999999999948,-0.8085999999999971,0.5467999999999977
[C@@H]2(OC1=C(C=CC=C1)CO)O[C@@H]([C@@H](O)[C@@H]([C@H]2O)O)CO,[H]c1ccccc1O[C@@H]1O[C@H](CO)[C@@H](O)[C@H](O)[C@H]1O,hydroxyl,1529,0.9283546805381775,0.20115087926387787,-0.7272038012742996,0.7272038012742996,0.9283546805381775,0.20115087926387787,-0.7272038012742996,-1.6424,-1.1347000000000005,0.5076999999999996
CC(=O)N1CCN(CC1)c2ccc(OC[C@H]3CO[C@@](Cn4ccnc4)(O3)c5ccc(Cl)cc5Cl)cc2,CC(=O)N1CCN(c2ccc(OC[C@H]3CO[C@](Cn4ccnc4)(c4ccccc4Cl)O3)cc2)CC1,aromatic_chloro,278,0.20234747231006622,0.2074679136276245,0.005120441317558289,0.005120441317558289,0.20234747231006622,0.2074679136276245,0.005120441317558289,4.2058000000000035,3.5524000000000022,-0.6534000000000013
C2=C(\C(NCCCC)=C\1C=C(Cl)C=CC1=O)C(=CC=C2)Cl,CCCCN/C(=C1/C=C(Cl)C=CC1=O)c1ccccc1,aromatic_chloro,1213,0.9311994910240173,0.9293467402458191,-0.0018527507781982422,0.0018527507781982422,0.9311994910240173,0.9293467402458191,-0.0018527507781982422,4.702400000000003,4.049000000000003,-0.6533999999999995
[C@@H]12C4([C@@H](CCC1[C@H]3C(CC2=O)(C(CC3)C(=O)CO)C)C[C@H](O)CC4)C,[H]C(=O)C1CC[C@H]2C3CC[C@H]4C[C@H](O)CCC4(C)[C@H]3C(=O)CC12C,hydroxyl,959,0.9304341077804565,0.20075742900371552,-0.729676678776741,0.729676678776741,0.9304341077804565,0.20075742900371552,-0.729676678776741,2.746600000000001,3.384100000000002,0.6375000000000011
c1(ccc(c(c1)Cl)Cl)CC(N1[C@H](CN2CCCC2)c2n(CC1)ccn2)=O,O=C(Cc1cccc(Cl)c1)N1CCn2ccnc2[C@H]1CN1CCCC1,aromatic_chloro,596,0.5363050103187561,0.493181049823761,-0.04312396049499512,0.04312396049499512,0.5363050103187561,0.493181049823761,-0.04312396049499512,3.4117000000000015,2.758300000000001,-0.6534000000000004
Cc1ccc(cc1)C2(O)CCN(CCCC(=O)c3ccc(F)cc3)CC2,Cc1ccc(C2(O)CCN(CCCC(=O)c3ccccc3)CC2)cc1,fluoro_aromatic,701,0.28316619992256165,0.22554858028888702,-0.05761761963367462,0.05761761963367462,0.28316619992256165,0.22554858028888702,-0.05761761963367462,4.080620000000003,3.9415200000000032,-0.1391
C1=CC(=CC=C1C23C(C(=O)NC2=O)C3)Cl,O=C1NC(=O)C2(c3ccccc3)CC12,aromatic_chloro,1128,0.9313974380493164,0.9227578639984131,-0.00863957405090332,0.00863957405090332,0.9313974380493164,0.9227578639984131,-0.00863957405090332,1.2540999999999998,0.6007,-0.6533999999999998
C1=CC(=CC=C1C23C(C(=O)NC2=O)C3)Cl,[H]C1CC1(C=O)c1ccc(Cl)cc1,amide,1128,0.9314010739326477,0.9231974482536316,-0.008203625679016113,0.008203625679016113,0.9314010739326477,0.9231974482536316,-0.008203625679016113,1.2540999999999998,2.570500000000001,1.3164000000000011
[C@H]2(N=C(C1=C(C=CC(=C1)[N+](=O)[O-])NC2=O)C3=CC=CC=C3Cl)C,C[C@@H]1N=C(c2ccccc2)c2cc([N+](=O)[O-])ccc2NC1=O,aromatic_chloro,1336,0.931249737739563,0.23918761312961578,-0.6920621246099472,0.6920621246099472,0.931249737739563,0.23918761312961578,-0.6920621246099472,3.4262000000000015,2.772800000000001,-0.6534000000000004
[C@H]2(N=C(C1=C(C=CC(=C1)[N+](=O)[O-])NC2=O)C3=CC=CC=C3Cl)C,[H]C(C)N=C(c1cccc([N+](=O)[O-])c1)c1ccccc1Cl,amide,1336,0.9312412142753601,0.9278457760810852,-0.0033954381942749023,0.0033954381942749023,0.9312412142753601,0.9278457760810852,-0.0033954381942749023,3.4262000000000015,4.105500000000003,0.6793000000000013
C1=CC=CC2=C1CC3(CC2)NC(=O)NC3=O,[H]NC(=O)C1CCc2ccccc2C1,amide,1583,0.9313735961914062,0.6830883622169495,-0.2482852339744568,0.2482852339744568,0.9313735961914062,0.6830883622169495,-0.2482852339744568,0.7534999999999998,1.2768,0.5233000000000001
CCN1C=C(C(O)=O)C(=O)c2cc(F)c(N3CCNC(C)C3)c(F)c12,[H]c1cn(CC)c2c(F)c(N3CCNC(C)C3)c(F)cc2c1=O,carboxylic_acid,546,0.20385074615478516,0.9224079847335815,0.7185572385787964,0.7185572385787964,0.20385074615478516,0.9224079847335815,0.7185572385787964,1.7959,2.0976999999999997,0.3017999999999996
CCN1C=C(C(O)=O)C(=O)c2cc(F)c(N3CCNC(C)C3)c(F)c12,CCn1cc(C(=O)O)c(=O)c2ccc(N3CCNC(C)C3)c(F)c21,fluoro_aromatic,546,0.20387935638427734,0.21346424520015717,0.009584888815879822,0.009584888815879822,0.20387935638427734,0.21346424520015717,0.009584888815879822,1.7959,1.6568,-0.1391
c1(ccccc1)[C@H](CN1CCCC1)N(C(=O)Cc1ccc(c(c1)Cl)Cl)C,CN(C(=O)Cc1cccc(Cl)c1)[C@@H](CN1CCCC1)c1ccccc1,aromatic_chloro,543,0.9283905029296875,0.9224053621292114,-0.005985140800476074,0.005985140800476074,0.9283905029296875,0.9224053621292114,-0.005985140800476074,4.831400000000006,4.1780000000000035,-0.6534000000000022
C1=CC(=CC3=C1[N]2C(=CN=C2C)CN=C3C4=CC=CC=C4F)Cl,Cc1ncc2n1-c1ccccc1C(c1ccccc1F)=NC2,aromatic_chloro,1901,0.9311196804046631,0.9310405254364014,-7.915496826171875e-05,7.915496826171875e-05,0.9311196804046631,0.9310405254364014,-7.915496826171875e-05,4.324220000000002,3.6708200000000026,-0.6533999999999995
C1=CC(=CC3=C1[N]2C(=CN=C2C)CN=C3C4=CC=CC=C4F)Cl,Cc1ncc2n1-c1ccc(Cl)cc1C(c1ccccc1)=NC2,fluoro_aromatic,1901,0.9312844276428223,0.929926335811615,-0.0013580918312072754,0.0013580918312072754,0.9312844276428223,0.929926335811615,-0.0013580918312072754,4.324220000000002,4.185120000000002,-0.1391
c1(ccc(c(c1)Cl)Cl)CC(N1[C@H](CN(CC1)C(=O)OC)CN1CCCC1)=O,COC(=O)N1CCN(C(=O)Cc2cccc(Cl)c2)[C@@H](CN2CCCC2)C1,aromatic_chloro,491,0.9196718335151672,0.23425208032131195,-0.6854197531938553,0.6854197531938553,0.9196718335151672,0.23425208032131195,-0.6854197531938553,2.9109000000000016,2.2575000000000003,-0.6534000000000013
CCOC(=O)[C@H](CCc1ccccc1)N[C@@H](C)C(=O)N2CCC[C@H]2C(O)=O,[H]C1CCCN1C(=O)[C@H](C)N[C@@H](CCc1ccccc1)C(=O)OCC,carboxylic_acid,714,0.20349296927452087,0.9247598052024841,0.7212668359279633,0.7212668359279633,0.20349296927452087,0.9247598052024841,0.7212668359279633,1.6046,2.1513999999999998,0.5467999999999997
Fc1ccc(cc1)C(=O)CCCN2CCC(CC2)N3C(=O)Nc4ccccc34,O=C(CCCN1CCC(n2c(=O)[nH]c3ccccc32)CC1)c1ccccc1,fluoro_aromatic,472,0.9299097657203674,0.4592404365539551,-0.47066932916641235,0.47066932916641235,0.9299097657203674,0.4592404365539551,-0.47066932916641235,3.7687000000000017,3.6296000000000017,-0.1391
[C@@]123OC4=C(C(C1CN(CC2)C)CC(=O)N3)C=C(Cl)C=C4,CN1CC[C@]23NC(=O)CC(c4ccccc4O2)C3C1,aromatic_chloro,1326,0.9312485456466675,0.9306672215461731,-0.0005813241004943848,0.0005813241004943848,0.9312485456466675,0.9306672215461731,-0.0005813241004943848,1.9838999999999998,1.3304999999999998,-0.6534
[C@@]123OC4=C(C(C1CN(CC2)C)CC(=O)N3)C=C(Cl)C=C4,[H]CC1c2cc(Cl)ccc2O[C]2CCN(C)CC21,amide,1326,0.9313220977783203,0.9302183985710144,-0.0011036992073059082,0.0011036992073059082,0.9313220977783203,0.9302183985710144,-0.0011036992073059082,1.9838999999999998,3.3195900000000016,1.3356900000000018
CC1COc2c(N3CCN(C)CC3)c(F)cc4C(=O)C(=CN1c24)C(O)=O,[H]c1cn2c3c(c(N4CCN(C)CC4)c(F)cc3c1=O)OCC2C,carboxylic_acid,410,0.38311445713043213,0.911847710609436,0.5287332534790039,0.5287332534790039,0.38311445713043213,0.911847710609436,0.5287332534790039,1.544,1.8458,0.30180000000000007
CC1COc2c(N3CCN(C)CC3)c(F)cc4C(=O)C(=CN1c24)C(O)=O,CC1COc2c(N3CCN(C)CC3)ccc3c(=O)c(C(=O)O)cn1c23,fluoro_aromatic,410,0.38742920756340027,0.9267755746841431,0.5393463671207428,0.5393463671207428,0.38742920756340027,0.9267755746841431,0.5393463671207428,1.544,1.4049000000000003,-0.13909999999999978
C2=C(C1C(NCCN1)=O)SC=C2,[H]C(NCC)c1cccs1,amide,1578,0.9312469363212585,0.9310336709022522,-0.00021326541900634766,0.00021326541900634766,0.9312469363212585,0.9310336709022522,-0.00021326541900634766,0.5085999999999997,1.8576,1.3490000000000002
[C@@H]36C2=C(C1=CC(=CC=C1[NH]2)Cl)CCN3C[C@H]5C[C@@H](OC(C4=CC(=C(C(=C4)OC)OC)OC)=O)[C@@H]([C@H]([C@H]5C6)C(OC)=O)OC,COC(=O)[C@H]1[C@H]2C[C@@H]3c4[nH]c5ccccc5c4CCN3C[C@H]2C[C@@H](OC(=O)c2cc(OC)c(OC)c(OC)c2)[C@@H]1OC,aromatic_chloro,1727,0.9313477277755737,0.20071099698543549,-0.7306367307901382,0.7306367307901382,0.9313477277755737,0.20071099698543549,-0.7306367307901382,4.815900000000004,4.162500000000003,-0.6534000000000004
C1=C(CC)SC2=C1C(=NCC(N2C)=O)C3=CC=CC=C3Cl,CCc1cc2c(s1)N(C)C(=O)CN=C2c1ccccc1,aromatic_chloro,1104,0.9314060211181641,0.9285985231399536,-0.0028074979782104492,0.0028074979782104492,0.9314060211181641,0.9285985231399536,-0.0028074979782104492,3.777700000000003,3.1243000000000016,-0.6534000000000013
c1cc2c(C(N[C@@H](CC)c3ccccc3)=O)c(c(c3ccccc3)nc2cc1)OCCCC(O)=O,[H]CCCOc1c(-c2ccccc2)nc2ccccc2c1C(=O)N[C@@H](CC)c1ccccc1,carboxylic_acid,622,0.2043059915304184,0.23444156348705292,0.03013557195663452,0.03013557195663452,0.2043059915304184,0.23444156348705292,0.03013557195663452,6.026500000000007,6.571700000000007,0.5452000000000004
CN1C(=O)CN=C(c2ccccc2)c3cc(Cl)ccc13,CN1C(=O)CN=C(c2ccccc2)c2ccccc21,aromatic_chloro,576,0.9305853247642517,0.9293752312660217,-0.0012100934982299805,0.0012100934982299805,0.9305853247642517,0.9293752312660217,-0.0012100934982299805,3.153800000000002,2.500400000000001,-0.6534000000000013
NC1=NC(=O)c2ncn(COC(CO)CO)c2N1,[H]C(CO)OCn1cnc2c(=O)nc(N)[nH]c21,hydroxyl,237,0.21717673540115356,0.21399156749248505,-0.003185167908668518,0.003185167908668518,0.21717673540115356,0.21399156749248505,-0.003185167908668518,-1.970899999999999,-1.3318000000000003,0.6390999999999987
C1=CC(=NN=C1C2=C(Cl)C=CC=C2)N3CCC(O)CC3,OC1CCN(c2ccc(-c3ccccc3)nn2)CC1,aromatic_chloro,1872,0.9313592314720154,0.8751844763755798,-0.05617475509643555,0.05617475509643555,0.9313592314720154,0.8751844763755798,-0.05617475509643555,2.7581000000000007,2.1047,-0.6534000000000009
C1=C(Cl)C=CC2=C1C(=NCC(N2CC3CC3)=O)C4=CC=CC=C4F,O=C1CN=C(c2ccccc2F)c2ccccc2N1CC1CC1,aromatic_chloro,1839,0.9313061833381653,0.9307584762573242,-0.0005477070808410645,0.0005477070808410645,0.9313061833381653,0.9307584762573242,-0.0005477070808410645,4.073100000000003,3.4197000000000024,-0.6534000000000004
C1=C(Cl)C=CC2=C1C(=NCC(N2CC3CC3)=O)C4=CC=CC=C4F,O=C1CN=C(c2ccccc2)c2cc(Cl)ccc2N1CC1CC1,fluoro_aromatic,1839,0.931377112865448,0.9269970655441284,-0.00438004732131958,0.00438004732131958,0.931377112865448,0.9269970655441284,-0.00438004732131958,4.073100000000003,3.934000000000003,-0.1391
Nc1ncnc2n(cnc12)C3OC(CO)C(O)C3O,[H]C1OC(n2cnc3c(N)ncnc32)C(O)C1O,hydroxyl,387,0.20283330976963043,0.20219619572162628,-0.0006371140480041504,0.0006371140480041504,0.20283330976963043,0.20219619572162628,-0.0006371140480041504,-1.9799999999999998,-1.3409000000000002,0.6390999999999996
CC(NC1=NN=C(S1)[S](N)(=O)=O)=O,[H]c1nnc(NC(C)=O)s1,sulfonamide,946,0.9297876954078674,0.9299411773681641,0.00015348196029663086,0.00015348196029663086,0.9297876954078674,0.9299411773681641,0.00015348196029663086,-0.8561000000000003,0.49649999999999983,1.3526000000000002
OCCOC(=O)NCc1ccccc1,[H]COC(=O)NCc1ccccc1,hydroxyl,496,0.9166823625564575,0.926027774810791,0.009345412254333496,0.009345412254333496,0.9166823625564575,0.926027774810791,0.009345412254333496,0.9050999999999996,1.5426,0.6375000000000004
NC(=O)N1c2ccccc2C=Cc3ccccc13,[H]N1c2ccccc2C=Cc2ccccc21,amide,501,0.9297551512718201,0.9306206703186035,0.0008655190467834473,0.0008655190467834473,0.9297551512718201,0.9306206703186035,0.0008655190467834473,3.3872000000000018,3.9140000000000015,0.5267999999999997
C1=CC(=CC(=C1OC)OC)CCN2CCN(CC2)C3=CC(=CC=C3)Cl,COc1ccc(CCN2CCN(c3ccccc3)CC2)cc1OC,aromatic_chloro,1879,0.9313627481460571,0.6067603826522827,-0.3246023654937744,0.3246023654937744,0.9313627481460571,0.6067603826522827,-0.3246023654937744,3.7219000000000024,3.068500000000001,-0.6534000000000013
C1=CC(=CC=C1N3CCN(CC(O)COC2(CCCCC2)C#C)CC3)F,C#CC1(OCC(O)CN2CCN(c3ccccc3)CC2)CCCCC1,fluoro_aromatic,1820,0.9312934279441833,0.8389240503311157,-0.09236937761306763,0.09236937761306763,0.9312934279441833,0.8389240503311157,-0.09236937761306763,2.6613000000000007,2.5222000000000007,-0.1391
C1=C(C=CC(=C1Cl)COC(C[N]2C=NC=C2)C3=C(C=C(C=C3)Cl)Cl)Cl,Clc1ccc(C(Cn2ccnc2)OCc2ccccc2Cl)c(Cl)c1,aromatic_chloro,1366,0.9312838315963745,0.21138127148151398,-0.7199025601148605,0.7199025601148605,0.9312838315963745,0.21138127148151398,-0.7199025601148605,6.454800000000002,5.801400000000003,-0.6533999999999995
CO/N=C(C(=O)N[C@H]1[C@H]2SCC=C(N2C1=O)C(O)=O)/c3csc(N)n3,[H]C1=CCS[C@@H]2[C@H](NC(=O)/C(=N\OC)c3csc(N)n3)C(=O)N12,carboxylic_acid,783,0.20074591040611267,0.20486703515052795,0.004121124744415283,0.004121124744415283,0.20074591040611267,0.20486703515052795,0.004121124744415283,-0.5557999999999992,-0.010600000000000054,0.5451999999999991
C1=C(OC)C(=CC2=C1C(=NN=C(C2)C)C3=CC=CC(=C3)Cl)OC,COc1cc2c(cc1OC)C(c1ccccc1)=NN=C(C)C2,aromatic_chloro,1271,0.9313867092132568,0.4707780182361603,-0.46060869097709656,0.46060869097709656,0.9313867092132568,0.4707780182361603,-0.46060869097709656,4.126600000000003,3.473200000000002,-0.6534000000000013
C1=CC(=CC2=C1C(=NO2)C5CCN(CCC3=C(N=C4N(C3=O)C=CC=C4C)C)CC5)F,Cc1nc2c(C)cccn2c(=O)c1CCN1CCC(c2noc3ccccc23)CC1,fluoro_aromatic,1418,0.9311844706535339,0.22297510504722595,-0.708209365606308,0.708209365606308,0.9311844706535339,0.22297510504722595,-0.708209365606308,4.013740000000003,3.874640000000003,-0.1391
C1=CC=CC3=C1N(C2=C(C=CC=C2)CC3=O)C(N)=O,[H]N1c2ccccc2CC(=O)c2ccccc21,amide,1424,0.9313533306121826,0.9298306107521057,-0.0015227198600769043,0.0015227198600769043,0.9313533306121826,0.9298306107521057,-0.0015227198600769043,2.6422,3.1690000000000014,0.5268000000000015
C1=CC=CC=C1C3(C2=CC=CC=C2)NC(=O)NC3=O,[H]NC(=O)C(c1ccccc1)c1ccccc1,amide,1456,0.9312853813171387,0.9256666898727417,-0.005618691444396973,0.005618691444396973,0.9312853813171387,0.9256666898727417,-0.005618691444396973,1.7695999999999994,2.3037999999999994,0.5342
ClC1=CC=C(C2=C1)SC3=C(N2CCCNC)C=CC=C3,CNCCCN1c2ccccc2Sc2ccccc21,aromatic_chloro,45,0.9312705993652344,0.929979145526886,-0.0012914538383483887,0.0012914538383483887,0.9312705993652344,0.929979145526886,-0.0012914538383483887,4.552200000000003,3.8988000000000023,-0.6534000000000004
OCCOCCN1CCN(CC1)C(c2ccccc2)c3ccc(Cl)cc3,OCCOCCN1CCN(C(c2ccccc2)c2ccccc2)CC1,aromatic_chloro,651,0.8840242028236389,0.9215673208236694,0.03754311800003052,0.03754311800003052,0.8840242028236389,0.9215673208236694,0.03754311800003052,3.055900000000001,2.4025000000000007,-0.6534000000000004
OCCOCCN1CCN(CC1)C(c2ccccc2)c3ccc(Cl)cc3,[H]COCCN1CCN(C(c2ccccc2)c2ccc(Cl)cc2)CC1,hydroxyl,651,0.8834434151649475,0.9195193648338318,0.03607594966888428,0.03607594966888428,0.8834434151649475,0.9195193648338318,0.03607594966888428,3.055900000000001,3.693400000000003,0.637500000000002
CC1(C(NC(O1)=O)=O)C,[H]C(C)(C)OC=O,amide,1154,0.9313341975212097,0.9308699369430542,-0.0004642605781555176,0.0004642605781555176,0.9313341975212097,0.9308699369430542,-0.0004642605781555176,0.03140000000000004,0.5678,0.5364
C1=C(C(=C(C(=N1)C)O)CO)CSSCC2=CN=C(C(=C2CO)O)C,[H]c1c(CSSCc2cnc(C)c(O)c2CO)cnc(C)c1O,hydroxyl,1501,0.9311131834983826,0.20257724821567535,-0.7285359352827072,0.7285359352827072,0.9311131834983826,0.20257724821567535,-0.7285359352827072,2.5708400000000013,3.078540000000003,0.5077000000000016
C1=CC(=CC3=C1C(C2=CC=C(F)C=C2)(OC3)CCCN(C)C)C#N,CN(C)CCCC1(c2ccccc2)OCc2cc(C#N)ccc21,fluoro_aromatic,1742,0.9310267567634583,0.2738474905490875,-0.6571792662143707,0.6571792662143707,0.9310267567634583,0.2738474905490875,-0.6571792662143707,3.8129800000000023,3.6738800000000023,-0.1391
C1=CC(=CC=C1N2C4(C(NC2)=O)CCN(CCCC(C3=CC=C(F)C=C3)=O)CC4)F,O=C(CCCN1CCC2(CC1)C(=O)NCN2c1ccccc1)c1ccc(F)cc1,fluoro_aromatic,1838,0.9314129948616028,0.5021423101425171,-0.4292706847190857,0.4292706847190857,0.9314129948616028,0.5021423101425171,-0.4292706847190857,3.356200000000002,3.217100000000001,-0.1391000000000009
C1=CC(=CC=C1N2C4(C(NC2)=O)CCN(CCCC(C3=CC=C(F)C=C3)=O)CC4)F,[H]C1(N(C)c2ccc(F)cc2)CCN(CCCC(=O)c2ccc(F)cc2)CC1,amide,1838,0.9313927292823792,0.92857825756073,-0.00281447172164917,0.00281447172164917,0.9313927292823792,0.92857825756073,-0.00281447172164917,3.356200000000002,4.528500000000005,1.1723000000000026
Clc1ccc2n3cnnc3CN=C(c4ccccc4)c2c1,c1ccc(C2=NCc3nncn3-c3ccccc32)cc1,aromatic_chloro,606,0.9307966232299805,0.914513885974884,-0.016282737255096436,0.016282737255096436,0.9307966232299805,0.914513885974884,-0.016282737255096436,3.271700000000001,2.6183000000000005,-0.6534000000000004
C1=C(CC\C(CN)=C/F)C=CC(=C1)F,NC/C(=C/F)CCc1ccccc1,fluoro_aromatic,1908,0.9313914775848389,0.7312653660774231,-0.20012611150741577,0.20012611150741577,0.9313914775848389,0.7312653660774231,-0.20012611150741577,2.570400000000001,2.4313000000000002,-0.1391000000000009
C[N+](C)(C)CCO,[H]C[N+](C)(C)C,hydroxyl,526,0.9307271242141724,0.9311343431472778,0.00040721893310546875,0.00040721893310546875,0.9307271242141724,0.9311343431472778,0.00040721893310546875,-0.3150999999999999,0.3224,0.6375
C1=CC=CC4=C1N(C3CCN(CCCC(C2=CC=C(F)C=C2)=O)CC3)C(N4)=S,O=C(CCCN1CCC(n2c(=S)[nH]c3ccccc32)CC1)c1ccccc1,fluoro_aromatic,1598,0.9314079880714417,0.3221336901187897,-0.609274297952652,0.609274297952652,0.9314079880714417,0.3221336901187897,-0.609274297952652,5.137990000000005,4.998890000000004,-0.1391000000000009
Cc1onc(c1C(=O)N[C@H]2[C@H]3SC(C)(C)[C@@H](N3C2=O)C(O)=O)c4c(F)cccc4Cl,Cc1onc(-c2ccccc2F)c1C(=O)N[C@@H]1C(=O)N2[C@@H]1SC(C)(C)[C@@H]2C(=O)O,aromatic_chloro,234,0.20128397643566132,0.2043961137533188,0.0031121373176574707,0.0031121373176574707,0.20128397643566132,0.2043961137533188,0.0031121373176574707,2.6878200000000003,2.03442,-0.6534000000000004
Cc1onc(c1C(=O)N[C@H]2[C@H]3SC(C)(C)[C@@H](N3C2=O)C(O)=O)c4c(F)cccc4Cl,[H]C1N2C(=O)[C@@H](NC(=O)c3c(-c4c(F)cccc4Cl)noc3C)[C@H]2SC1(C)C,carboxylic_acid,234,0.20104755461215973,0.2324986308813095,0.03145107626914978,0.03145107626914978,0.20104755461215973,0.2324986308813095,0.03145107626914978,2.6878200000000003,3.2346200000000014,0.5468000000000011
Cc1onc(c1C(=O)N[C@H]2[C@H]3SC(C)(C)[C@@H](N3C2=O)C(O)=O)c4c(F)cccc4Cl,Cc1onc(-c2ccccc2Cl)c1C(=O)N[C@@H]1C(=O)N2[C@@H]1SC(C)(C)[C@@H]2C(=O)O,fluoro_aromatic,234,0.20132111012935638,0.20335964858531952,0.0020385384559631348,0.0020385384559631348,0.20132111012935638,0.20335964858531952,0.0020385384559631348,2.6878200000000003,2.5487200000000003,-0.1391
C(C1(C(NC(=O)NC1=O)=O)CC=C)C(C)(C)C,[H]C(CC=C)(CC(C)(C)C)C(=O)NC=O,amide,1913,0.9311538934707642,0.9311209917068481,-3.2901763916015625e-05,3.2901763916015625e-05,0.9311538934707642,0.9311209917068481,-3.2901763916015625e-05,1.3510999999999993,1.8875000000000002,0.5364000000000009
Fc1ccccc1C2=NCC(=S)N(CC(F)(F)F)c3ccc(Cl)cc23,Fc1ccccc1C1=NCC(=S)N(CC(F)(F)F)c2ccccc21,aromatic_chloro,190,0.925458550453186,0.9149912595748901,-0.010467290878295898,0.010467290878295898,0.925458550453186,0.9149912595748901,-0.010467290878295898,5.026200000000003,4.372800000000003,-0.6533999999999995
Fc1ccccc1C2=NCC(=S)N(CC(F)(F)F)c3ccc(Cl)cc23,FC(F)(F)CN1C(=S)CN=C(c2ccccc2)c2cc(Cl)ccc21,fluoro_aromatic,190,0.9252402186393738,0.45877403020858765,-0.46646618843078613,0.46646618843078613,0.9252402186393738,0.45877403020858765,-0.46646618843078613,5.026200000000003,4.887100000000003,-0.1391
C1=C(Cl)C=CC2=C1C(=NCC(=O)N2C)C3=CC=CC=C3F,CN1C(=O)CN=C(c2ccccc2F)c2ccccc21,aromatic_chloro,1821,0.9313280582427979,0.9302127361297607,-0.0011153221130371094,0.0011153221130371094,0.9313280582427979,0.9302127361297607,-0.0011153221130371094,3.2929000000000013,2.639500000000001,-0.6534000000000004
C1=C(Cl)C=CC2=C1C(=NCC(=O)N2C)C3=CC=CC=C3F,CN1C(=O)CN=C(c2ccccc2)c2cc(Cl)ccc21,fluoro_aromatic,1821,0.9313613772392273,0.9280904531478882,-0.0032709240913391113,0.0032709240913391113,0.9313613772392273,0.9280904531478882,-0.0032709240913391113,3.2929000000000013,3.1538000000000013,-0.1391
CNCC[C@@H](O)[C@@H]1C[C@@H](CN1)SC2=C(N3[C@H]([C@H]2C)[C@@H]([C@@H](C)O)C3=O)C(O)=O,[H]C1=C(S[C@@H]2CN[C@H]([C@H](O)CCNC)C2)[C@H](C)[C@@H]2[C@@H]([C@@H](C)O)C(=O)N12,carboxylic_acid,845,0.2006262242794037,0.2024429589509964,0.0018167346715927124,0.0018167346715927124,0.2006262242794037,0.2024429589509964,0.0018167346715927124,-0.42579999999999735,0.11940000000000156,0.5451999999999989
C1=CC=CC(=C1N3CCN(CCC2=C[N](C)N=C2)CC3)Cl,Cn1cc(CCN2CCN(c3ccccc3)CC2)cn1,aromatic_chloro,1804,0.9313839077949524,0.9293202757835388,-0.0020636320114135742,0.0020636320114135742,0.9313839077949524,0.9293202757835388,-0.0020636320114135742,2.4382,1.7847999999999997,-0.6534000000000004
C(C(C=C)N)CC(O)=O,[H]CCC(N)C=C,carboxylic_acid,1645,0.9310466051101685,0.9312068223953247,0.00016021728515625,0.00016021728515625,0.9310466051101685,0.9312068223953247,0.00016021728515625,0.3645000000000001,0.9097000000000001,0.5451999999999999
[C@]23([C@H]([C@H]1[C@]([C@](C(CO)=O)(C)[C@@H](C1)C)(C)C[C@@H]2O)CCC4=CC(=O)C=C[C@]34C)F,[H]C(=O)[C@@]1(C)[C@H](C)C[C@H]2[C@@H]3CCC4=CC(=O)C=C[C@]4(C)[C@@]3(F)[C@@H](O)C[C@@]21C,hydroxyl,1794,0.9312793612480164,0.2006637156009674,-0.730615645647049,0.730615645647049,0.9312793612480164,0.2006637156009674,-0.730615645647049,3.1709000000000023,3.8084000000000033,0.6375000000000011
OCCN1CCN(CC\C=C/2c3ccccc3Sc4ccc(cc24)C(F)(F)F)CC1,[H]CN1CCN(CC/C=C2/c3ccccc3Sc3ccc(C(F)(F)F)cc32)CC1,hydroxyl,630,0.9307795763015747,0.9305093884468079,-0.0002701878547668457,0.0002701878547668457,0.9307795763015747,0.9305093884468079,-0.0002701878547668457,4.601700000000005,5.239200000000005,0.6375000000000002
CC1=CN([C@H]2C[C@H](N=[N+]=[N-])[C@@H](CO)O2)C(=O)NC1=O,[H]C1O[C@@H](n2cc(C)c(=O)[nH]c2=O)C[C@@H]1N=[N+]=[N-],hydroxyl,442,0.20564648509025574,0.2314108908176422,0.025764405727386475,0.025764405727386475,0.20564648509025574,0.2314108908176422,0.025764405727386475,-0.19628000000000012,0.44282000000000005,0.6391000000000002
C1=C(C=CC=C1C2=NN(C)C(N2C)=S)F,Cn1nc(-c2ccccc2)n(C)c1=S,fluoro_aromatic,1561,0.9312549829483032,0.8103009462356567,-0.12095403671264648,0.12095403671264648,0.9312549829483032,0.8103009462356567,-0.12095403671264648,2.2941899999999995,2.1550899999999995,-0.1391
COC1=C(N3C(SC1)C(NC(=O)C(N)C2C=CCC=C2)C3=O)C(O)=O,[H]C1=C(OC)CSC2C(NC(=O)C(N)C3C=CCC=C3)C(=O)N12,carboxylic_acid,775,0.2012193202972412,0.9231098890304565,0.7218905687332153,0.7218905687332153,0.2012193202972412,0.9231098890304565,0.7218905687332153,-0.2114999999999992,0.3336999999999999,0.545199999999999
CCOC(=O)C(C)(C)Oc1ccc(Cl)cc1,CCOC(=O)C(C)(C)Oc1ccccc1,aromatic_chloro,152,0.8213615417480469,0.9129340648651123,0.09157252311706543,0.09157252311706543,0.8213615417480469,0.9129340648651123,0.09157252311706543,3.060500000000001,2.4071000000000007,-0.6534000000000004
C1=C(C(=CC=C1[S](N)(=O)=O)OC)C(NCC3N(CC2=CC=C(F)C=C2)CCC3)=O,[H]c1ccc(OC)c(C(=O)NCC2CCCN2Cc2ccc(F)cc2)c1,sulfonamide,1228,0.9311614036560059,0.32096707820892334,-0.6101943254470825,0.6101943254470825,0.9311614036560059,0.32096707820892334,-0.6101943254470825,1.8760999999999997,3.2287000000000017,1.352600000000002
C1=C(C(=CC=C1[S](N)(=O)=O)OC)C(NCC3N(CC2=CC=C(F)C=C2)CCC3)=O,COc1ccc(S(N)(=O)=O)cc1C(=O)NCC1CCCN1Cc1ccccc1,fluoro_aromatic,1228,0.9314405918121338,0.23163838684558868,-0.6998022049665451,0.6998022049665451,0.9314405918121338,0.23163838684558868,-0.6998022049665451,1.8760999999999997,1.7369999999999999,-0.13909999999999978
OC1=C(C2CCC(CC2)c3ccc(Cl)cc3)C(=O)C(=O)c4ccccc14,O=C1C(=O)c2ccccc2C(O)=C1C1CCC(c2ccccc2)CC1,aromatic_chloro,195,0.21587753295898438,0.20457692444324493,-0.011300608515739441,0.011300608515739441,0.21587753295898438,0.20457692444324493,-0.011300608515739441,5.348500000000005,4.695100000000004,-0.6534000000000013
C1=C2C(=CC=C1)C(C=C(O2)C(O)=O)=O,[H]c1cc(=O)c2ccccc2o1,carboxylic_acid,1073,0.931358814239502,0.7958511710166931,-0.13550764322280884,0.13550764322280884,0.931358814239502,0.7958511710166931,-0.13550764322280884,1.4911999999999999,1.793,0.30180000000000007
Clc1ccc2NC(=O)CN=C(c3ccccc3)c2c1,O=C1CN=C(c2ccccc2)c2ccccc2N1,aromatic_chloro,707,0.9309096336364746,0.9304143190383911,-0.0004953145980834961,0.0004953145980834961,0.9309096336364746,0.9304143190383911,-0.0004953145980834961,3.129500000000001,2.4761000000000006,-0.6534000000000004
Clc1ccc2NC(=O)CN=C(c3ccccc3)c2c1,[H]CN=C(c1ccccc1)c1cccc(Cl)c1,amide,707,0.9312558174133301,0.9303710460662842,-0.0008847713470458984,0.0008847713470458984,0.9312558174133301,0.9303710460662842,-0.0008847713470458984,3.129500000000001,3.8072000000000026,0.6777000000000015
C3=C(C(NC1C2CCN(C1)CC2)=O)C(=CC(=C3Cl)N)OCC4CC4,Nc1ccc(C(=O)NC2CN3CCC2CC3)c(OCC2CC2)c1,aromatic_chloro,1433,0.9313281774520874,0.50389564037323,-0.4274325370788574,0.4274325370788574,0.9313281774520874,0.50389564037323,-0.4274325370788574,2.535,1.8815999999999993,-0.6534000000000009
C1=C(Cl)C=CC2=C1C(=NCC(=O)N2)C3=CCCCC3,O=C1CN=C(C2=CCCCC2)c2ccccc2N1,aromatic_chloro,1414,0.9310581684112549,0.9305733442306519,-0.00048482418060302734,0.00048482418060302734,0.9310581684112549,0.9305733442306519,-0.00048482418060302734,3.5816000000000017,2.9282000000000012,-0.6534000000000004
C1=C(Cl)C=CC2=C1C(=NCC(=O)N2)C3=CCCCC3,[H]CN=C(C1=CCCCC1)c1cccc(Cl)c1,amide,1414,0.9310865998268127,0.9310445189476013,-4.208087921142578e-05,4.208087921142578e-05,0.9310865998268127,0.9310445189476013,-4.208087921142578e-05,3.5816000000000017,4.259300000000002,0.6777000000000006
C1=CC=CC=C1N2C5(C(NC2)=O)CCN(CC4OC3=C(C=CC=C3)OC4)CC5,[H]C1(N(C)c2ccccc2)CCN(CC2COc3ccccc3O2)CC1,amide,1988,0.9312834143638611,0.9302330613136292,-0.0010503530502319336,0.0010503530502319336,0.9312834143638611,0.9302330613136292,-0.0010503530502319336,2.2549,3.427200000000002,1.1723000000000017
C1=C(C(C(C)(C)O)(C)O)C=CC=C1Cl,CC(C)(O)C(C)(O)c1ccccc1,aromatic_chloro,1349,0.9311256408691406,0.2288862019777298,-0.7022394388914108,0.7022394388914108,0.9311256408691406,0.2288862019777298,-0.7022394388914108,2.3184000000000005,1.6649999999999998,-0.6534000000000006
OC(=O)CCCCCCCC(O)=O,[H]CCCCCCCC(=O)O,carboxylic_acid,196,0.2785629332065582,0.9206365346908569,0.6420736014842987,0.6420736014842987,0.2785629332065582,0.9206365346908569,0.6420736014842987,1.8863,2.4315000000000007,0.5452000000000006
NC(=O)c1ncn(n1)[C@@H]2O[C@H](CO)[C@@H](O)[C@H]2O,[H]C1O[C@@H](n2cnc(C(N)=O)n2)[C@H](O)[C@@H]1O,hydroxyl,379,0.20115578174591064,0.2011166512966156,-3.9130449295043945e-05,3.9130449295043945e-05,0.20115578174591064,0.2011166512966156,-3.9130449295043945e-05,-3.0114999999999994,-2.3723999999999994,0.6391
NC(=O)c1ncn(n1)[C@@H]2O[C@H](CO)[C@@H](O)[C@H]2O,[H]c1ncn([C@@H]2O[C@H](CO)[C@@H](O)[C@H]2O)n1,amide,379,0.20108993351459503,0.20183759927749634,0.0007476657629013062,0.0007476657629013062,0.20108993351459503,0.20183759927749634,0.0007476657629013062,-3.0114999999999994,-2.1104000000000003,0.9010999999999991
[C@@]23(Cl)C1(C(=CC(=O)C=C1)[C@@H](F)CC2C5C(CC3Cl)([C@]4(C(=O)CO)OC(O[C@@H]4C5)(C)C)C)C,[H]C(=O)[C@@]12OC(C)(C)O[C@@H]1CC1C3C[C@H](F)C4=CC(=O)C=CC4(C)[C@@]3(Cl)C(Cl)CC12C,hydroxyl,1229,0.9311068654060364,0.2026636004447937,-0.7284432649612427,0.7284432649612427,0.9311068654060364,0.2026636004447937,-0.7284432649612427,3.8826000000000027,4.520100000000004,0.6375000000000011
C1=C(F)C=CC2=C1N4C(CN=C2C3=CC=CS3)CN(C)CC4,CN1CCN2c3ccccc3C(c3cccs3)=NCC2C1,fluoro_aromatic,1597,0.9313955307006836,0.9312902092933655,-0.00010532140731811523,0.00010532140731811523,0.9313955307006836,0.9312902092933655,-0.00010532140731811523,2.858600000000001,2.719500000000001,-0.1391
Nc1nc(NC2CC2)c3ncn([C@@H]4C[C@H](CO)C=C4)c3n1,[H]C1C=C[C@H](n2cnc3c(NC4CC4)nc(N)nc32)C1,hydroxyl,676,0.7186903357505798,0.3557541072368622,-0.36293622851371765,0.36293622851371765,0.7186903357505798,0.3557541072368622,-0.36293622851371765,1.0922999999999998,1.8739000000000001,0.7816000000000003
c1c2c(cc(c1)Cl)[C@@H]1[C@H](c3ccccc3O2)CNC1,c1ccc2c(c1)Oc1ccccc1[C@@H]1CNC[C@H]21,aromatic_chloro,334,0.9312337040901184,0.9239211082458496,-0.007312595844268799,0.007312595844268799,0.9312337040901184,0.9239211082458496,-0.007312595844268799,3.9163000000000032,3.262900000000001,-0.6534000000000022
C(C1(C(C(=CNC1=O)C)=O)CC)C,[H]C(CC)(CC)C(=O)C(=C)C,amide,1194,0.9313233494758606,0.931094229221344,-0.00022912025451660156,0.00022912025451660156,0.9313233494758606,0.931094229221344,-0.00022912025451660156,1.3955,2.567800000000001,1.172300000000001
C1=CC=CC=C1N2C4(C(NC2)=O)CCN(CC\C=C(C3=CC=C(F)C=C3)\C)CC4,C/C(=C/CCN1CCC2(CC1)C(=O)NCN2c1ccccc1)c1ccccc1,fluoro_aromatic,1547,0.9314183592796326,0.48196303844451904,-0.4494553208351135,0.4494553208351135,0.9314183592796326,0.48196303844451904,-0.4494553208351135,4.047600000000004,3.9085000000000027,-0.1391000000000009
C1=CC=CC=C1N2C4(C(NC2)=O)CCN(CC\C=C(C3=CC=C(F)C=C3)\C)CC4,[H]C1(N(C)c2ccccc2)CCN(CC/C=C(/C)c2ccc(F)cc2)CC1,amide,1547,0.9312298893928528,0.9307011961936951,-0.0005286931991577148,0.0005286931991577148,0.9312298893928528,0.9307011961936951,-0.0005286931991577148,4.047600000000004,5.219900000000005,1.1723000000000017
C1=CC=CC=C1CC2=NC3=C([N]2CCN(CCO)CC)C(N(C)C(N3C)=O)=O,[H]CN(CC)CCn1c(Cc2ccccc2)nc2c1c(=O)n(C)c(=O)n2C,hydroxyl,1010,0.9312167167663574,0.42402589321136475,-0.5071908235549927,0.5071908235549927,0.9312167167663574,0.42402589321136475,-0.5071908235549927,0.3387000000000002,0.9761999999999993,0.6374999999999991
C1=C(F)C=CC3=C1C=C(SCCNC)C2=CC=CC=C2O3,CNCCSC1=Cc2ccccc2Oc2ccccc21,fluoro_aromatic,1836,0.9313022494316101,0.7950260639190674,-0.13627618551254272,0.13627618551254272,0.9313022494316101,0.7950260639190674,-0.13627618551254272,4.382100000000004,4.243000000000003,-0.1391000000000009
CN1C(=O)CC(=O)N(c2ccccc2)c3cc(Cl)ccc13,CN1C(=O)CC(=O)N(c2ccccc2)c2ccccc21,aromatic_chloro,527,0.9265741109848022,0.9228195548057556,-0.003754556179046631,0.003754556179046631,0.9265741109848022,0.9228195548057556,-0.003754556179046631,3.3712000000000018,2.7178000000000004,-0.6534000000000013
c1(CC(N2[C@H](CN(CC2)C(=O)C)C[N@]2CC[C@H](C2)O)=O)cc(cc(c1)F)F,CC(=O)N1CCN(C(=O)Cc2cccc(F)c2)[C@@H](CN2CC[C@@H](O)C2)C1,fluoro_aromatic,514,0.20351409912109375,0.20897838473320007,0.005464285612106323,0.005464285612106323,0.20351409912109375,0.20897838473320007,0.005464285612106323,0.6332000000000004,0.49410000000000115,-0.13909999999999928
OC1(CCN(CCCC(=O)c2ccc(F)cc2)CC1)c3ccc(Br)cc3,O=C(CCCN1CCC(O)(c2ccc(Br)cc2)CC1)c1ccccc1,fluoro_aromatic,408,0.9275411367416382,0.24705854058265686,-0.6804825961589813,0.6804825961589813,0.9275411367416382,0.24705854058265686,-0.6804825961589813,4.534700000000004,4.3956000000000035,-0.1391000000000009
N[S](=O)(=O)c1cc2c(NCN[S]2(=O)=O)cc1C(F)(F)F,[H]c1cc2c(cc1C(F)(F)F)NCNS2(=O)=O,sulfonamide,261,0.2126307338476181,0.91886305809021,0.7062323242425919,0.7062323242425919,0.2126307338476181,0.91886305809021,0.7062323242425919,0.014100000000000501,1.3667,1.3525999999999996
C(C(C1(CCC2C4C(C(CC12C)O)(F)C3(C=CC(C=C3CC4)=O)C)O)=O)O,[H]C(=O)C1(O)CCC2C3CCC4=CC(=O)C=CC4(C)C3(F)C(O)CC21C,hydroxyl,1305,0.9308516383171082,0.20071670413017273,-0.7301349341869354,0.7301349341869354,0.9308516383171082,0.20071670413017273,-0.7301349341869354,1.6496999999999993,2.287200000000001,0.6375000000000015
NC(=O)OC1(CCCCC1)CC#C,[H]OC1(CC#C)CCCCC1,amide,647,0.9308197498321533,0.9311975240707397,0.0003777742385864258,0.0003777742385864258,0.9308197498321533,0.9311975240707397,0.0003777742385864258,1.8079,1.7049,-0.10299999999999998
OCC(NC(=O)C(Cl)Cl)C(O)c1ccc(cc1)[N+]([O-])=O,[H]C(NC(=O)C(Cl)Cl)C(O)c1ccc([N+](=O)[O-])cc1,hydroxyl,147,0.20247669517993927,0.20843765139579773,0.0059609562158584595,0.0059609562158584595,0.20247669517993927,0.20843765139579773,0.0059609562158584595,0.909,1.5480999999999998,0.6390999999999998
CC1(C)S[C@@H]2[C@H](NC(=O)[C@H](N)C3=CCC=CC3)C(=O)N2[C@H]1C(O)=O,[H]C1N2C(=O)[C@@H](NC(=O)[C@H](N)C3=CCC=CC3)[C@H]2SC1(C)C,carboxylic_acid,814,0.20057718455791473,0.9308093190193176,0.7302321344614029,0.7302321344614029,0.20057718455791473,0.9308093190193176,0.7302321344614029,0.22180000000000105,0.7685999999999998,0.5467999999999988
CC(=O)OCC1=C(N2[C@H](SC1)[C@H](NC(=O)Cc3sccc3)C2=O)C(O)=O,[H]C1=C(COC(C)=O)CS[C@@H]2[C@H](NC(=O)Cc3cccs3)C(=O)N12,carboxylic_acid,791,0.20083807408809662,0.2062447965145111,0.00540672242641449,0.00540672242641449,0.20083807408809662,0.2062447965145111,0.00540672242641449,0.5922999999999998,1.1375,0.5452000000000001
CC1(C)S[C@@H]2C(NC(=O)[C@H](NC(=O)C3=CNc4cccnc4C3=O)c5ccccc5)C(=O)N2[C@H]1C(O)=O,[H]C1N2C(=O)C(NC(=O)[C@H](NC(=O)c3c[nH]c4cccnc4c3=O)c3ccccc3)[C@H]2SC1(C)C,carboxylic_acid,725,0.2005024403333664,0.20162399113178253,0.0011215507984161377,0.0011215507984161377,0.2005024403333664,0.20162399113178253,0.0011215507984161377,1.025899999999999,1.5726999999999993,0.5468000000000004
CC(C)N=C1C=C2N(c3ccc(Cl)cc3)c4ccccc4N=C2C=C1Nc5ccc(Cl)cc5,CC(C)N=c1cc2n(-c3ccccc3)c3ccccc3nc-2cc1Nc1ccc(Cl)cc1,aromatic_chloro,249,0.9297035336494446,0.8068878054618835,-0.12281572818756104,0.12281572818756104,0.9297035336494446,0.8068878054618835,-0.12281572818756104,7.489800000000005,6.836400000000005,-0.6534000000000004
Nc1scc(n1)\C(=N\OCC(O)=O)C(=O)N[C@H]2[C@H]3SCC(=C(N3C2=O)C(O)=O)C=C,[H]CO/N=C(\C(=O)N[C@@H]1C(=O)N2C(C(=O)O)=C(C=C)CS[C@H]12)c1csc(N)n1,carboxylic_acid,761,0.2008717805147171,0.20130415260791779,0.0004323720932006836,0.0004323720932006836,0.2008717805147171,0.20130415260791779,0.0004323720932006836,-0.5447999999999993,0.00039999999999945635,0.5451999999999988
C1=C(Br)C=CC3=C1C2(N(CCO2)CC(=O)N3)C4=C(C=CC=C4)F,O=C1CN2CCOC2(c2ccccc2)c2cc(Br)ccc2N1,fluoro_aromatic,1277,0.9311520457267761,0.9215304851531982,-0.00962156057357788,0.00962156057357788,0.9311520457267761,0.9215304851531982,-0.00962156057357788,3.0736000000000008,2.9345000000000008,-0.1391
C1=C(Br)C=CC3=C1C2(N(CCO2)CC(=O)N3)C4=C(C=CC=C4)F,[H]CN1CCOC1(c1cccc(Br)c1)c1ccccc1F,amide,1277,0.9313239455223083,0.9304346442222595,-0.0008893013000488281,0.0008893013000488281,0.9313239455223083,0.9304346442222595,-0.0008893013000488281,3.0736000000000008,3.7513000000000023,0.6777000000000015
C1=C(Cl)C=CC3=C1N(C2=C(C=CC=C2)S3)CCCN5CCN(CCN4C(N(C)CC4)=O)CC5,CN1CCN(CCN2CCN(CCCN3c4ccccc4Sc4ccccc43)CC2)C1=O,aromatic_chloro,1294,0.9313892722129822,0.9164766669273376,-0.014912605285644531,0.014912605285644531,0.9313892722129822,0.9164766669273376,-0.014912605285644531,4.317800000000004,3.6644000000000023,-0.6534000000000013
CC(C)(C)NCC(O)COc1cccc2NC(=O)CCc12,[H]CCc1ccccc1OCC(O)CNC(C)(C)C,amide,129,0.8946135640144348,0.8236093521118164,-0.07100421190261841,0.07100421190261841,0.8946135640144348,0.8236093521118164,-0.07100421190261841,1.6990999999999998,2.3768000000000002,0.6777000000000004
[C@@]24(F)C1(C(=CC(=O)C=C1)[C@@H](F)CC2C3C(C([C@@H](C3)C)C(=O)CO)(CC4O)C)C,[H]C(=O)C1[C@H](C)CC2C3C[C@H](F)C4=CC(=O)C=CC4(C)[C@@]3(F)C(O)CC21C,hydroxyl,1151,0.9309964776039124,0.20068052411079407,-0.7303159534931183,0.7303159534931183,0.9309964776039124,0.20068052411079407,-0.7303159534931183,2.7288000000000014,3.3663000000000025,0.6375000000000011
C1=CC(=CN=C1N2C(C3=C(C2=O)N=CC=N3)OC(N4CCN(C)CC4)=O)Cl,CN1CCN(C(=O)OC2c3nccnc3C(=O)N2c2ccccn2)CC1,aromatic_chloro,1660,0.9314259886741638,0.24139700829982758,-0.6900289803743362,0.6900289803743362,0.9314259886741638,0.24139700829982758,-0.6900289803743362,1.5679999999999998,0.9146000000000001,-0.6533999999999998
OC(Cn1cncn1)(Cn2cncn2)c3ccc(F)cc3F,OC(Cn1cncn1)(Cn1cncn1)c1ccccc1F,fluoro_aromatic,117,0.3816637098789215,0.3505823016166687,-0.031081408262252808,0.031081408262252808,0.3816637098789215,0.3505823016166687,-0.031081408262252808,0.7357999999999993,0.5966999999999991,-0.13910000000000022
C1=CC(=CC3=C1\C(C2=CC=CC=C2N3)=C/CN(CC)CC)Cl,CCN(CC)CC=C1c2ccccc2Nc2ccccc21,aromatic_chloro,1174,0.9313315153121948,0.9300597906112671,-0.0012717247009277344,0.0012717247009277344,0.9313315153121948,0.9300597906112671,-0.0012717247009277344,5.170500000000004,4.517100000000004,-0.6534000000000004
CC1(C)S[C@@H]2[C@H](NC(=O)C(Oc3ccccc3)c4ccccc4)C(=O)N2[C@H]1C(O)=O,[H]C1N2C(=O)[C@@H](NC(=O)C(Oc3ccccc3)c3ccccc3)[C@H]2SC1(C)C,carboxylic_acid,820,0.2008376121520996,0.22225025296211243,0.021412640810012817,0.021412640810012817,0.2008376121520996,0.22225025296211243,0.021412640810012817,2.4383999999999997,2.9852000000000016,0.546800000000002
C3=C(C1=CCN(CCC)CC1)C2=CC(=CC=C2[NH]3)Cl,CCCN1CC=C(c2c[nH]c3ccccc23)CC1,aromatic_chloro,1579,0.9313622117042542,0.9304817914962769,-0.0008804202079772949,0.0008804202079772949,0.9313622117042542,0.9304817914962769,-0.0008804202079772949,4.320400000000003,3.6670000000000025,-0.6534000000000004
C1=C(Cl)C=CC3=C1N(C2=C(C=CC=C2)S3)CCCN4CCN(CCO)CC4,OCCN1CCN(CCCN2c3ccccc3Sc3ccccc32)CC1,aromatic_chloro,1447,0.9313187599182129,0.9300675988197327,-0.0012511610984802246,0.0012511610984802246,0.9313187599182129,0.9300675988197327,-0.0012511610984802246,3.942700000000003,3.2893000000000017,-0.6534000000000013
C1=C(Cl)C=CC3=C1N(C2=C(C=CC=C2)S3)CCCN4CCN(CCO)CC4,[H]CN1CCN(CCCN2c3ccccc3Sc3ccc(Cl)cc32)CC1,hydroxyl,1447,0.9313817620277405,0.9308772683143616,-0.0005044937133789062,0.0005044937133789062,0.9313817620277405,0.9308772683143616,-0.0005044937133789062,3.942700000000003,4.580200000000004,0.6375000000000011
CC(C)(C(O)=O)c1ccc(cc1)C(=O)CCCN2CCC(CC2)OC(c3ccccc3)c4ccccc4,[H]C(C)(C)c1ccc(C(=O)CCCN2CCC(OC(c3ccccc3)c3ccccc3)CC2)cc1,carboxylic_acid,436,0.20510774850845337,0.3510511815547943,0.14594343304634094,0.14594343304634094,0.20510774850845337,0.3510511815547943,0.14594343304634094,6.282300000000006,7.043500000000008,0.7612000000000014
CO/N=C(C(=O)N[C@H]1[C@H]2SCC(=C(N2C1=O)C(O)=O)C)/c3csc(N)n3,[H]C1=C(C)CS[C@@H]2[C@H](NC(=O)/C(=N\OC)c3csc(N)n3)C(=O)N12,carboxylic_acid,758,0.200709268450737,0.20163342356681824,0.0009241551160812378,0.0009241551160812378,0.200709268450737,0.20163342356681824,0.0009241551160812378,-0.16569999999999918,0.37949999999999984,0.545199999999999
C1=C(C(=CC=C1[S](N)(=O)=O)OC)C(NCC2N(CCC2)C)=O,[H]c1ccc(OC)c(C(=O)NCC2CCCN2C)c1,sulfonamide,1554,0.9313271641731262,0.9042224287986755,-0.027104735374450684,0.027104735374450684,0.9313271641731262,0.9042224287986755,-0.027104735374450684,0.16660000000000008,1.5191999999999999,1.3525999999999998
Cc1onc(c2ccccc2Cl)c1C(=O)N[C@H]3[C@H]4SC(C)(C)[C@@H](N4C3=O)C(O)=O,Cc1onc(-c2ccccc2)c1C(=O)N[C@@H]1C(=O)N2[C@@H]1SC(C)(C)[C@@H]2C(=O)O,aromatic_chloro,4,0.20163317024707794,0.20401522517204285,0.002382054924964905,0.002382054924964905,0.20163317024707794,0.20401522517204285,0.002382054924964905,2.5487200000000003,1.8953199999999997,-0.6534000000000006
Cc1onc(c2ccccc2Cl)c1C(=O)N[C@H]3[C@H]4SC(C)(C)[C@@H](N4C3=O)C(O)=O,[H]C1N2C(=O)[C@@H](NC(=O)c3c(-c4ccccc4Cl)noc3C)[C@H]2SC1(C)C,carboxylic_acid,4,0.20141911506652832,0.23323914408683777,0.03182002902030945,0.03182002902030945,0.20141911506652832,0.23323914408683777,0.03182002902030945,2.5487200000000003,3.0955200000000014,0.5468000000000011
C(C(C(N)=O)(CC)CC)C=C,[H]C(CC)(CC)CC=C,amide,2021,0.9313524961471558,0.9312114715576172,-0.00014102458953857422,0.00014102458953857422,0.9313524961471558,0.9312114715576172,-0.00014102458953857422,1.8541999999999996,2.9987000000000013,1.1445000000000016
C(C1=CN=CC=C1)(=O)N,[H]c1cccnc1,amide,1401,0.9311182498931885,0.929576575756073,-0.0015416741371154785,0.0015416741371154785,0.9311182498931885,0.929576575756073,-0.0015416741371154785,0.1805,1.0816,0.9010999999999999
c12c(c(ccc1)Cl)C(N(Cc1n2cnc1c1nc(on1)[C@](CO)(C)O)C)=O,CN1Cc2c(-c3noc([C@](C)(O)CO)n3)ncn2-c2ccccc2C1=O,aromatic_chloro,264,0.22037704288959503,0.2065637856721878,-0.013813257217407227,0.013813257217407227,0.22037704288959503,0.2065637856721878,-0.013813257217407227,1.3610999999999998,0.7077,-0.6533999999999998
C(C1(C(NC(=S)NC1=O)=O)C(CCC)C)C=C,[H]C(CC=C)(C(=O)NC=S)C(C)CCC,amide,1587,0.9312888979911804,0.931161105632782,-0.0001277923583984375,0.0001277923583984375,0.9312888979911804,0.931161105632782,-0.0001277923583984375,1.5159999999999996,2.688300000000001,1.1723000000000012
COC(C(=O)N[C@H]1[C@H]2SC(C)(C)[C@@H](N2C1=O)C(O)=O)c3ccc(Cl)c(Cl)c3,COC(C(=O)N[C@@H]1C(=O)N2[C@@H]1SC(C)(C)[C@@H]2C(=O)O)c1cccc(Cl)c1,aromatic_chloro,796,0.20064686238765717,0.20203636586666107,0.0013895034790039062,0.0013895034790039062,0.20064686238765717,0.20203636586666107,0.0013895034790039062,2.3126000000000007,1.6592000000000007,-0.6534
COC(C(=O)N[C@H]1[C@H]2SC(C)(C)[C@@H](N2C1=O)C(O)=O)c3ccc(Cl)c(Cl)c3,[H]C1N2C(=O)[C@@H](NC(=O)C(OC)c3ccc(Cl)c(Cl)c3)[C@H]2SC1(C)C,carboxylic_acid,796,0.2007310539484024,0.20839884877204895,0.007667794823646545,0.007667794823646545,0.2007310539484024,0.20839884877204895,0.007667794823646545,2.3126000000000007,2.859400000000001,0.5468000000000002
C(C(C(CC)C)C(N)=O)C,[H]C(CC)C(C)CC,amide,2022,0.9312793612480164,0.9312316179275513,-4.774332046508789e-05,4.774332046508789e-05,0.9312793612480164,0.9312316179275513,-4.774332046508789e-05,1.544,2.832600000000001,1.288600000000001
C1=C(C2=C(C(=C1)OC)CCCC2N(C)C)Cl,COc1cccc2c1CCCC2N(C)C,aromatic_chloro,1320,0.9313957095146179,0.9267450571060181,-0.0046506524085998535,0.0046506524085998535,0.9313957095146179,0.9267450571060181,-0.0046506524085998535,3.287600000000002,2.6342000000000008,-0.6534000000000013
NCC1(CCCCC1)CC(O)=O,[H]CC1(CN)CCCCC1,carboxylic_acid,119,0.9284573197364807,0.930519163608551,0.0020618438720703125,0.0020618438720703125,0.9284573197364807,0.930519163608551,0.0020618438720703125,1.3703,1.9155000000000002,0.5452000000000001
c1(ccc(c(c1)Cl)Cl)CC(N1[C@@H](CN2CCCC2)CC(CC1)(C)C)=O,CC1(C)CCN(C(=O)Cc2cccc(Cl)c2)[C@@H](CN2CCCC2)C1,aromatic_chloro,435,0.9297788739204407,0.4918465316295624,-0.4379323422908783,0.4379323422908783,0.9297788739204407,0.4918465316295624,-0.4379323422908783,4.648900000000004,3.9955000000000034,-0.6534000000000004
C2=C(C1(C(C(=O)NC1=O)CC)C)C=CC=C2,[H]C(CC)C(C)(C=O)c1ccccc1,amide,1215,0.9314004778862,0.9266553521156311,-0.004745125770568848,0.004745125770568848,0.9314004778862,0.9266553521156311,-0.004745125770568848,1.6268999999999998,2.9433000000000016,1.3164000000000018
CCCC(C)C1(CC=C)C(=O)NC(=O)NC1=O,[H]C(CC=C)(C(=O)NC=O)C(C)CCC,amide,193,0.9306055903434753,0.9311093688011169,0.0005037784576416016,0.0005037784576416016,0.9306055903434753,0.9311093688011169,0.0005037784576416016,1.3510999999999997,1.8874999999999997,0.5364
CO\N=C(C(=O)NC1[C@H]2SCC(=C(N2C1=O)C(O)=O)\C=C/c3scnc3C)\c4csc(N)n4,[H]C1=C(/C=C\c2scnc2C)CS[C@@H]2C(NC(=O)/C(=N\OC)c3csc(N)n3)C(=O)N12,carboxylic_acid,756,0.20070287585258484,0.20284880697727203,0.002145931124687195,0.002145931124687195,0.20070287585258484,0.20284880697727203,0.002145931124687195,1.2927199999999996,1.83792,0.5452000000000004
c1(cc(c(cc1)Cl)Cl)CC(N1[C@@H](CN2CCCC2)CN(CC1)C(=O)C)=O,CC(=O)N1CCN(C(=O)Cc2ccc(Cl)cc2)[C@@H](CN2CCCC2)C1,aromatic_chloro,489,0.6192428469657898,0.2333575189113617,-0.3858853280544281,0.3858853280544281,0.6192428469657898,0.2333575189113617,-0.3858853280544281,2.6910000000000007,2.0376,-0.6534000000000009
N[S](=O)(=O)c1cc(ccc1Cl)C2(O)NC(=O)c3ccccc23,NS(=O)(=O)c1cccc(C2(O)NC(=O)c3ccccc32)c1,aromatic_chloro,151,0.20629121363162994,0.2070128470659256,0.0007216334342956543,0.0007216334342956543,0.20629121363162994,0.2070128470659256,0.0007216334342956543,0.9242000000000007,0.27080000000000004,-0.6534000000000006
N[S](=O)(=O)c1cc(ccc1Cl)C2(O)NC(=O)c3ccccc23,[H]c1cc(C2(O)NC(=O)c3ccccc32)ccc1Cl,sulfonamide,151,0.20649482309818268,0.5946875810623169,0.3881927579641342,0.3881927579641342,0.20649482309818268,0.5946875810623169,0.3881927579641342,0.9242000000000007,2.2767999999999997,1.352599999999999
N[S](=O)(=O)c1cc(ccc1Cl)C2(O)NC(=O)c3ccccc23,[H]c1ccccc1C(O)c1ccc(Cl)c(S(N)(=O)=O)c1,amide,151,0.20690487325191498,0.2104388177394867,0.0035339444875717163,0.0035339444875717163,0.20690487325191498,0.2104388177394867,0.0035339444875717163,0.9242000000000007,2.0691000000000006,1.1448999999999998
COc1ccc2n(c(C)c(CC(O)=O)c2c1)C(=O)c3ccc(Cl)cc3,COc1ccc2c(c1)c(CC(=O)O)c(C)n2C(=O)c1ccccc1,aromatic_chloro,263,0.20903804898262024,0.2332991361618042,0.02426108717918396,0.02426108717918396,0.20903804898262024,0.2332991361618042,0.02426108717918396,3.9273200000000026,3.2739200000000013,-0.6534000000000013
COc1ccc2n(c(C)c(CC(O)=O)c2c1)C(=O)c3ccc(Cl)cc3,[H]Cc1c(C)n(C(=O)c2ccc(Cl)cc2)c2ccc(OC)cc12,carboxylic_acid,263,0.20825184881687164,0.32112917304039,0.11287732422351837,0.11287732422351837,0.20825184881687164,0.32112917304039,0.11287732422351837,3.9273200000000026,4.608640000000004,0.6813200000000013
C4=C(C(CCCN1CCC(CC1)(C2=CC=C(C(=C2)C(F)(F)F)Cl)O)C3=CC=C(C=C3)F)C=CC(=C4)F,OC1(c2cccc(C(F)(F)F)c2)CCN(CCCC(c2ccc(F)cc2)c2ccc(F)cc2)CC1,aromatic_chloro,1440,0.9314317107200623,0.7200250029563904,-0.21140670776367188,0.21140670776367188,0.9314317107200623,0.7200250029563904,-0.21140670776367188,7.532700000000007,6.879300000000007,-0.6534000000000004
C4=C(C(CCCN1CCC(CC1)(C2=CC=C(C(=C2)C(F)(F)F)Cl)O)C3=CC=C(C=C3)F)C=CC(=C4)F,OC1(c2ccc(Cl)c(C(F)(F)F)c2)CCN(CCCC(c2ccccc2)c2ccc(F)cc2)CC1,fluoro_aromatic,1440,0.9312555193901062,0.7352573871612549,-0.19599813222885132,0.19599813222885132,0.9312555193901062,0.7352573871612549,-0.19599813222885132,7.532700000000007,7.393600000000008,-0.1390999999999991
C1=CC(=CC=C1CNC(C(C)C)CCCCCC(O)=O)F,[H]CCCCCC(NCc1ccc(F)cc1)C(C)C,carboxylic_acid,1653,0.9313457608222961,0.9239643812179565,-0.0073813796043396,0.0073813796043396,0.9313457608222961,0.9239643812179565,-0.0073813796043396,3.9750000000000023,4.5202000000000035,0.5452000000000012
C1=CC(=CC=C1CNC(C(C)C)CCCCCC(O)=O)F,CC(C)C(CCCCCC(=O)O)NCc1ccccc1,fluoro_aromatic,1653,0.931418776512146,0.8629258275032043,-0.06849294900894165,0.06849294900894165,0.931418776512146,0.8629258275032043,-0.06849294900894165,3.9750000000000023,3.8359000000000023,-0.1391
CCCN(CCC)[S](=O)(=O)c1ccc(cc1)C(O)=O,[H]c1ccc(S(=O)(=O)N(CCC)CCC)cc1,carboxylic_acid,374,0.2077731490135193,0.9293031692504883,0.721530020236969,0.721530020236969,0.2077731490135193,0.9293031692504883,0.721530020236969,2.1955,2.497300000000001,0.30180000000000096
CCc1nc(N)nc(N)c1c2ccc(Cl)cc2,CCc1nc(N)nc(N)c1-c1ccccc1,aromatic_chloro,296,0.28661543130874634,0.4502185881137848,0.16360315680503845,0.16360315680503845,0.28661543130874634,0.4502185881137848,0.16360315680503845,2.5238000000000005,1.8704,-0.6534000000000004
Cn1nnnc1SCC2=C(N3[C@H](SC2)[C@H](NC(=O)[C@H](O)c4ccccc4)C3=O)C(O)=O,[H]C1=C(CSc2nnnn2C)CS[C@@H]2[C@H](NC(=O)[C@H](O)c3ccccc3)C(=O)N12,carboxylic_acid,47,0.20080192387104034,0.2011963129043579,0.0003943890333175659,0.0003943890333175659,0.20080192387104034,0.2011963129043579,0.0003943890333175659,-0.22560000000000074,0.31959999999999955,0.5452000000000004
C1=CC=CC3=C1C(N(C2C(NC(=O)CC2)=O)C3=O)=O,[H]C(CCC=O)N1C(=O)c2ccccc2C1=O,amide,1584,0.9314308762550354,0.7785632610321045,-0.1528676152229309,0.1528676152229309,0.9314308762550354,0.7785632610321045,-0.1528676152229309,0.08779999999999971,1.2617,1.1739000000000004
C4=C3C(N(C1=CC=C2C(=N1)N=C(Cl)C=C2)C(=O)C3=CC=C4)CC(CCC(C)C)=O,CC(C)CCC(=O)CC1c2ccccc2C(=O)N1c1ccc2cccnc2n1,aromatic_chloro,1430,0.9314301609992981,0.21335412561893463,-0.7180760353803635,0.7180760353803635,0.9314301609992981,0.21335412561893463,-0.7180760353803635,5.380100000000004,4.726700000000005,-0.6533999999999995
C[C@H]1CN(C[C@@H](C)N1)c2c(F)c(N)c3C(=O)C(=CN(C4CC4)c3c2F)C(O)=O,[H]c1cn(C2CC2)c2c(F)c(N3C[C@@H](C)N[C@@H](C)C3)c(F)c(N)c2c1=O,carboxylic_acid,627,0.20325013995170593,0.21738605201244354,0.01413591206073761,0.01413591206073761,0.20325013995170593,0.21738605201244354,0.01413591206073761,2.0816,2.383400000000001,0.30180000000000096
C[C@H]1CN(C[C@@H](C)N1)c2c(F)c(N)c3C(=O)C(=CN(C4CC4)c3c2F)C(O)=O,C[C@@H]1CN(c2cc(N)c3c(=O)c(C(=O)O)cn(C4CC4)c3c2F)C[C@H](C)N1,fluoro_aromatic,627,0.20368795096874237,0.20584946870803833,0.0021615177392959595,0.0021615177392959595,0.20368795096874237,0.20584946870803833,0.0021615177392959595,2.0816,1.9425000000000001,-0.13909999999999978
C(N1C(CCC1)=O)C(N)=O,[H]CN1CCCC1=O,amide,1467,0.9313037991523743,0.9310922026634216,-0.00021159648895263672,0.00021159648895263672,0.9313037991523743,0.9310922026634216,-0.00021159648895263672,-0.9059000000000004,0.23859999999999992,1.1445000000000003
CC1(C)SC2C(N([C@H](C(=O)NC(=O)CN)c3ccccc3)C(=N)c4ccncc4)C(=O)N2C1C(O)=O,[H]C1N2C(=O)C(N(C(=N)c3ccncc3)[C@H](C(=O)NC(=O)CN)c3ccccc3)C2SC1(C)C,carboxylic_acid,885,0.20045658946037292,0.20533634722232819,0.004879757761955261,0.004879757761955261,0.20045658946037292,0.20533634722232819,0.004879757761955261,0.5672700000000015,1.1140700000000003,0.5467999999999988
[C@H]1(NC(=O)CC1)C(=O)N2CCCCC2,[H]CC[CH]C(=O)N1CCCCC1,amide,1206,0.9313913583755493,0.9307824373245239,-0.0006089210510253906,0.0006089210510253906,0.9313913583755493,0.9307824373245239,-0.0006089210510253906,0.2774999999999992,1.61319,1.3356900000000007
CCN(CC)CCCC(C)Nc1ccnc2cc(Cl)ccc12,CCN(CC)CCCC(C)Nc1ccnc2ccccc12,aromatic_chloro,225,0.9552215933799744,0.9585193991661072,0.0032978057861328125,0.0032978057861328125,0.9552215933799744,0.9585193991661072,0.0032978057861328125,4.810600000000004,4.157200000000003,-0.6534000000000013
C(C(C(C)C)(C(N)=O)Br)C,[H]C(Br)(CC)C(C)C,amide,1289,0.958615243434906,0.9586119651794434,-3.2782554626464844e-06,3.2782554626464844e-06,0.958615243434906,0.9586119651794434,-3.2782554626464844e-06,1.6714,2.815900000000001,1.144500000000001
Cc1cccc(Nc2ccccc2C(O)=O)c1C,[H]c1ccccc1Nc1cccc(C)c1C,carboxylic_acid,284,0.11987832933664322,0.956462562084198,0.8365842327475548,0.8365842327475548,0.11987832933664322,0.956462562084198,0.8365842327475548,3.7452400000000017,4.047040000000002,0.30180000000000007
C4=C(N1C3(C(NC1)=O)CCN(CCCOC2=CC=C(C=C2)F)CC3)C=CC=C4,O=C1NCN(c2ccccc2)C12CCN(CCCOc1ccccc1)CC2,fluoro_aromatic,1546,0.9587239027023315,0.9579564332962036,-0.0007674694061279297,0.0007674694061279297,0.9587239027023315,0.9579564332962036,-0.0007674694061279297,3.023100000000002,2.8840000000000012,-0.1391000000000009
C4=C(N1C3(C(NC1)=O)CCN(CCCOC2=CC=C(C=C2)F)CC3)C=CC=C4,[H]C1(N(C)c2ccccc2)CCN(CCCOc2ccc(F)cc2)CC1,amide,1546,0.9586988091468811,0.9586871266365051,-1.1682510375976562e-05,1.1682510375976562e-05,0.9586988091468811,0.9586871266365051,-1.1682510375976562e-05,3.023100000000002,4.195400000000004,1.1723000000000017
OC1N=C(c2ccccc2Cl)c3cc(Cl)ccc3NC1=O,O=C1Nc2ccc(Cl)cc2C(c2ccccc2)=NC1O,aromatic_chloro,668,0.21116922795772552,0.6321436166763306,0.42097438871860504,0.42097438871860504,0.21116922795772552,0.6321436166763306,0.42097438871860504,3.101300000000001,2.4478999999999997,-0.6534000000000013
OC1N=C(c2ccccc2Cl)c3cc(Cl)ccc3NC1=O,[H]C(O)N=C(c1cccc(Cl)c1)c1ccccc1Cl,amide,668,0.2074665129184723,0.4946056604385376,0.2871391475200653,0.2871391475200653,0.2074665129184723,0.4946056604385376,0.2871391475200653,3.101300000000001,3.7806000000000015,0.6793000000000005
CCCCc1nc(Cl)c(CO)n1Cc2ccc(cc2)c3ccccc3c4n[nH]nn4,CCCCc1ncc(CO)n1Cc1ccc(-c2ccccc2-c2nn[nH]n2)cc1,aromatic_chloro,850,0.12123160064220428,0.11127118021249771,-0.009960420429706573,0.009960420429706573,0.12123160064220428,0.11127118021249771,-0.009960420429706573,4.2668000000000035,3.613400000000002,-0.6534000000000013
CCCCc1nc(Cl)c(CO)n1Cc2ccc(cc2)c3ccccc3c4n[nH]nn4,[H]c1c(Cl)nc(CCCC)n1Cc1ccc(-c2ccccc2-c2nn[nH]n2)cc1,hydroxyl,850,0.12158616632223129,0.8507749438285828,0.7291887775063515,0.7291887775063515,0.12158616632223129,0.8507749438285828,0.7291887775063515,4.2668000000000035,4.774500000000004,0.5077000000000007
C1=CC(=CC=C1OCC(COC(N)=O)O)Cl,NC(=O)OCC(O)COc1ccccc1,aromatic_chloro,1728,0.9586751461029053,0.8865614533424377,-0.07211369276046753,0.07211369276046753,0.9586751461029053,0.8865614533424377,-0.07211369276046753,1.1749999999999998,0.5216000000000001,-0.6533999999999998
C1=CC(=CC=C1OCC(COC(N)=O)O)Cl,[H]OCC(O)COc1ccc(Cl)cc1,amide,1728,0.9586930274963379,0.10743354260921478,-0.8512594848871231,0.8512594848871231,0.9586930274963379,0.10743354260921478,-0.8512594848871231,1.1749999999999998,1.0719999999999998,-0.10299999999999998
CC1=C(N2[C@H](SC1)[C@H](NC(=O)[C@H](N)C3=CCC=CC3)C2=O)C(O)=O,[H]C1=C(C)CS[C@@H]2[C@H](NC(=O)[C@H](N)C3=CCC=CC3)C(=O)N12,carboxylic_acid,224,0.10688416659832001,0.13547474145889282,0.028590574860572815,0.028590574860572815,0.10688416659832001,0.13547474145889282,0.028590574860572815,0.3486000000000002,0.8937999999999996,0.5451999999999995
C1=C(C(=CC=C1C#N)OC)C(NCCN3CCC(C(C2=CC=C(F)C=C2)=O)CC3)=O,COc1ccc(C#N)cc1C(=O)NCCN1CCC(C(=O)c2ccccc2)CC1,fluoro_aromatic,1961,0.9587106704711914,0.10812311619520187,-0.8505875542759895,0.8505875542759895,0.9587106704711914,0.10812311619520187,-0.8505875542759895,3.030680000000001,2.891580000000001,-0.1391
C1=C(Br)C=CC3=C1C2(N(CCO2)CC(=O)N3)C4=C(C=CC=C4)F,O=C1CN2CCOC2(c2ccccc2)c2cc(Br)ccc2N1,fluoro_aromatic,1277,0.9587112069129944,0.3399848937988281,-0.6187263131141663,0.6187263131141663,0.9587112069129944,0.3399848937988281,-0.6187263131141663,3.0736000000000008,2.9345000000000008,-0.1391
C1=C(Br)C=CC3=C1C2(N(CCO2)CC(=O)N3)C4=C(C=CC=C4)F,[H]CN1CCOC1(c1cccc(Br)c1)c1ccccc1F,amide,1277,0.9587093591690063,0.9527462720870972,-0.00596308708190918,0.00596308708190918,0.9587093591690063,0.9527462720870972,-0.00596308708190918,3.0736000000000008,3.7513000000000023,0.6777000000000015
COC1=C(N3C(SC1)C(NC(=O)C(N)C2C=CCC=C2)C3=O)C(O)=O,[H]C1=C(OC)CSC2C(NC(=O)C(N)C3C=CCC=C3)C(=O)N12,carboxylic_acid,775,0.10690442472696304,0.1351286768913269,0.02822425216436386,0.02822425216436386,0.10690442472696304,0.1351286768913269,0.02822425216436386,-0.2114999999999992,0.3336999999999999,0.545199999999999
CC1(C)S[C@@H]2[C@H](NC(=O)[C@H](NC(=O)C(C)(C)Oc3ccc(Cl)cc3)c4ccccc4)C(=O)N2[C@H]1C(O)=O,CC(C)(Oc1ccccc1)C(=O)N[C@@H](C(=O)N[C@@H]1C(=O)N2[C@@H]1SC(C)(C)[C@@H]2C(=O)O)c1ccccc1,aromatic_chloro,823,0.10705102235078812,0.10686377435922623,-0.00018724799156188965,0.00018724799156188965,0.10705102235078812,0.10686377435922623,-0.00018724799156188965,2.9866,2.333199999999999,-0.6534000000000013
CC1(C)S[C@@H]2[C@H](NC(=O)[C@H](NC(=O)C(C)(C)Oc3ccc(Cl)cc3)c4ccccc4)C(=O)N2[C@H]1C(O)=O,[H]C1N2C(=O)[C@@H](NC(=O)[C@H](NC(=O)C(C)(C)Oc3ccc(Cl)cc3)c3ccccc3)[C@H]2SC1(C)C,carboxylic_acid,823,0.10702096670866013,0.10692799091339111,-9.297579526901245e-05,9.297579526901245e-05,0.10702096670866013,0.10692799091339111,-9.297579526901245e-05,2.9866,3.533400000000002,0.546800000000002
C1=C(C(OCC)=O)[N](C=N1)C(C)C2=CC=C(C=C2)F,CCOC(=O)c1cncn1C(C)c1ccccc1,fluoro_aromatic,1250,0.9584032893180847,0.9534162282943726,-0.004987061023712158,0.004987061023712158,0.9584032893180847,0.9534162282943726,-0.004987061023712158,2.808200000000001,2.669100000000001,-0.1391
OC(=O)CNC(=O)c1ccccc1O,[H]CNC(=O)c1ccccc1O,carboxylic_acid,531,0.11690626293420792,0.11603356897830963,-0.0008726939558982849,0.0008726939558982849,0.11690626293420792,0.11603356897830963,-0.0008726939558982849,0.2065999999999995,0.7518,0.5452000000000006
C(C1=CC=CC=C1O)(=O)N,[H]c1ccccc1O,amide,1530,0.9546748995780945,0.9348434209823608,-0.019831478595733643,0.019831478595733643,0.9546748995780945,0.9348434209823608,-0.019831478595733643,0.4910999999999999,1.3922,0.9011000000000002
NC(=O)N1c2ccccc2C=Cc3ccccc13,[H]N1c2ccccc2C=Cc2ccccc21,amide,501,0.9493931531906128,0.9567951560020447,0.007402002811431885,0.007402002811431885,0.9493931531906128,0.9567951560020447,0.007402002811431885,3.3872000000000018,3.9140000000000015,0.5267999999999997
[C@@]24(F)C1(C(=CC(=O)C=C1)[C@@H](F)CC2C3C(C([C@@H](C3)C)C(=O)CO)(CC4O)C)C,[H]C(=O)C1[C@H](C)CC2C3C[C@H](F)C4=CC(=O)C=CC4(C)[C@@]3(F)C(O)CC21C,hydroxyl,1151,0.9587273001670837,0.10815082490444183,-0.8505764752626419,0.8505764752626419,0.9587273001670837,0.10815082490444183,-0.8505764752626419,2.7288000000000014,3.3663000000000025,0.6375000000000011
C1=CC=CC3=C1C(=NC2=CC=CC=C2S3)N4CCN(CCOCCO)CC4,[H]COCCN1CCN(C2=Nc3ccccc3Sc3ccccc32)CC1,hydroxyl,1502,0.9585590362548828,0.9575579762458801,-0.0010010600090026855,0.0010010600090026855,0.9585590362548828,0.9575579762458801,-0.0010010600090026855,2.8560000000000008,3.493500000000002,0.6375000000000011
c1(ccc(c(c1)Cl)Cl)CC(N1[C@H](C[C@]2(CC1)NC(NC2=O)=O)CN1CCCC1)=O,O=C1NC(=O)[C@@]2(CCN(C(=O)Cc3cccc(Cl)c3)[C@@H](CN3CCCC3)C2)N1,aromatic_chloro,597,0.13713599741458893,0.10894159227609634,-0.028194405138492584,0.028194405138492584,0.13713599741458893,0.10894159227609634,-0.028194405138492584,2.2009,1.5474999999999999,-0.6534
c1(ccc(c(c1)Cl)Cl)CC(N1[C@H](C[C@]2(CC1)NC(NC2=O)=O)CN1CCCC1)=O,[H]NC(=O)[C]1CCN(C(=O)Cc2ccc(Cl)c(Cl)c2)[C@@H](CN2CCCC2)C1,amide,597,0.13565678894519806,0.10788348317146301,-0.027773305773735046,0.027773305773735046,0.13565678894519806,0.10788348317146301,-0.027773305773735046,2.2009,2.6824900000000005,0.48159000000000063
C2=C(\C(NCCCC)=C\1C=C(Cl)C=CC1=O)C(=CC=C2)Cl,CCCCN/C(=C1/C=C(Cl)C=CC1=O)c1ccccc1,aromatic_chloro,1213,0.9586308002471924,0.884367048740387,-0.07426375150680542,0.07426375150680542,0.9586308002471924,0.884367048740387,-0.07426375150680542,4.702400000000003,4.049000000000003,-0.6533999999999995
C(C(C1CCCCC1)OC(N)=O)C,[H]OC(CC)C1CCCCC1,amide,1485,0.9587059617042542,0.10767686367034912,-0.851029098033905,0.851029098033905,0.9587059617042542,0.10767686367034912,-0.851029098033905,2.4406000000000008,2.3376,-0.10300000000000065
CO[C@@]12[C@H](COC(N)=O)C3=C(N1C[C@@H]4N[C@H]24)C(=O)C(=C(N)C3=O)C,[H]OC[C@@H]1C2=C(C(=O)C(C)=C(N)C2=O)N2C[C@@H]3N[C@@H]3[C@]12OC,amide,865,0.1077074334025383,0.10697583109140396,-0.0007316023111343384,0.0007316023111343384,0.1077074334025383,0.10697583109140396,-0.0007316023111343384,-1.6511999999999964,-1.7541999999999969,-0.10300000000000042
C1=C(Cl)C=CC4=C1N(CCCN3CCC(N2CCCCC2)(CC3)C(N)=O)C5=C(CC4)C=CC=C5,NC(=O)C1(N2CCCCC2)CCN(CCCN2c3ccccc3CCc3ccccc32)CC1,aromatic_chloro,1090,0.9586924910545349,0.9580246806144714,-0.0006678104400634766,0.0006678104400634766,0.9586924910545349,0.9580246806144714,-0.0006678104400634766,4.772600000000004,4.119200000000002,-0.6534000000000022
C1=C(Cl)C=CC4=C1N(CCCN3CCC(N2CCCCC2)(CC3)C(N)=O)C5=C(CC4)C=CC=C5,[H]C1(N2CCCCC2)CCN(CCCN2c3ccccc3CCc3ccc(Cl)cc32)CC1,amide,1090,0.9587354063987732,0.9586907029151917,-4.470348358154297e-05,4.470348358154297e-05,0.9587354063987732,0.9586907029151917,-4.470348358154297e-05,4.772600000000004,5.917100000000007,1.1445000000000025
CC(C)(C)c1ccc(CN2CCN(CC2)C(c3ccccc3)c4ccc(Cl)cc4)cc1,CC(C)(C)c1ccc(CN2CCN(C(c3ccccc3)c3ccccc3)CC2)cc1,aromatic_chloro,493,0.11591395735740662,0.17623980343341827,0.06032584607601166,0.06032584607601166,0.11591395735740662,0.17623980343341827,0.06032584607601166,6.544700000000008,5.891300000000006,-0.6534000000000013
Clc1ccc2n3cnnc3CN=C(c4ccccc4)c2c1,c1ccc(C2=NCc3nncn3-c3ccccc32)cc1,aromatic_chloro,606,0.9543286561965942,0.9489955306053162,-0.005333125591278076,0.005333125591278076,0.9543286561965942,0.9489955306053162,-0.005333125591278076,3.271700000000001,2.6183000000000005,-0.6534000000000004
[O-][N+](=O)c1ccc2NC(=O)CN=C(c3ccccc3)c2c1,[H]CN=C(c1ccccc1)c1cccc([N+](=O)[O-])c1,amide,706,0.13181240856647491,0.48724451661109924,0.35543210804462433,0.35543210804462433,0.13181240856647491,0.48724451661109924,0.35543210804462433,2.3843000000000005,3.062000000000001,0.6777000000000006
C(N1CC(O)CC1=O)C(N)=O,[H]CN1CC(O)CC1=O,amide,1426,0.958661675453186,0.9466961026191711,-0.011965572834014893,0.011965572834014893,0.958661675453186,0.9466961026191711,-0.011965572834014893,-1.9350999999999994,-0.7906000000000002,1.1444999999999992
OC(=O)CCCc1ccc(cc1)N(CCCl)CCCl,[H]CCCc1ccc(N(CCCl)CCCl)cc1,carboxylic_acid,132,0.13880421221256256,0.9586752653121948,0.8198710530996323,0.8198710530996323,0.13880421221256256,0.9586752653121948,0.8198710530996323,3.377900000000002,3.9231000000000034,0.5452000000000012
Fc1ccc(cc1)C(=O)CCCN2CCC(CC2)N3C(=O)Nc4ccccc34,O=C(CCCN1CCC(n2c(=O)[nH]c3ccccc32)CC1)c1ccccc1,fluoro_aromatic,472,0.9577950835227966,0.4985189437866211,-0.45927613973617554,0.45927613973617554,0.9577950835227966,0.4985189437866211,-0.45927613973617554,3.7687000000000017,3.6296000000000017,-0.1391
C1=C(C=CC=C1OC2CN(C(N)=O)C2)C(F)(F)F,[H]N1CC(Oc2cccc(C(F)(F)F)c2)C1,amide,1781,0.9587216973304749,0.9586541056632996,-6.759166717529297e-05,6.759166717529297e-05,0.9587216973304749,0.9586541056632996,-6.759166717529297e-05,1.8471,2.056,0.20890000000000009
C1=C(Cl)C=CC2=C1C(=NCC(N2CCOCC3CC3)=O)C4=CC=CC=C4,O=C1CN=C(c2ccccc2)c2ccccc2N1CCOCC1CC1,aromatic_chloro,1290,0.9587399959564209,0.934300422668457,-0.024439573287963867,0.024439573287963867,0.9587399959564209,0.934300422668457,-0.024439573287963867,3.950600000000003,3.297200000000002,-0.6534000000000013
C(O)C(=O)C4(O)C3(C(C2C(C1(C(=CC(=O)CC1)CC2)C)CC3)CC4)C,[H]C(=O)C1(O)CCC2C3CCC4=CC(=O)CCC4(C)C3CCC21C,hydroxyl,1110,0.9586825966835022,0.10843920707702637,-0.8502433896064758,0.8502433896064758,0.9586825966835022,0.10843920707702637,-0.8502433896064758,2.8108000000000013,3.4483000000000024,0.6375000000000011
C(C(C)C1(CC=C)C(=O)NC(NC1=O)=O)C,[H]C(CC=C)(C(=O)NC=O)C(C)CC,amide,1994,0.9587171077728271,0.9586539268493652,-6.318092346191406e-05,6.318092346191406e-05,0.9587171077728271,0.9586539268493652,-6.318092346191406e-05,0.961,1.4974,0.5364000000000001
OC(COc1ccc2OC(=CC(=O)c2c1)C(O)=O)COc3cccc4OC(=CC(=O)c34)C(O)=O,[H]c1cc(=O)c2cc(OCC(O)COc3cccc4oc(C(=O)O)cc(=O)c34)ccc2o1,carboxylic_acid,251,0.106967493891716,0.10701127350330353,4.3779611587524414e-05,4.3779611587524414e-05,0.106967493891716,0.10701127350330353,4.3779611587524414e-05,2.1145,2.4162999999999997,0.3017999999999996
CC1=CN([C@H]2C[C@H](N=[N+]=[N-])[C@@H](CO)O2)C(=O)NC1=O,[H]C1O[C@@H](n2cc(C)c(=O)[nH]c2=O)C[C@@H]1N=[N+]=[N-],hydroxyl,442,0.11919550597667694,0.14189361035823822,0.02269810438156128,0.02269810438156128,0.11919550597667694,0.14189361035823822,0.02269810438156128,-0.19628000000000012,0.44282000000000005,0.6391000000000002
c1(ccc(c(c1)Cl)Cl)CC(N1[C@@H](c2c(CC1)scc2)CN1CCCC1)=O,O=C(Cc1cccc(Cl)c1)N1CCc2sccc2[C@H]1CN1CCCC1,aromatic_chloro,416,0.9570106267929077,0.1572345793247223,-0.7997760474681854,0.7997760474681854,0.9570106267929077,0.1572345793247223,-0.7997760474681854,4.819200000000004,4.1658000000000035,-0.6534000000000004
c1(CC(N2[C@H](CN(CC2)C(=O)C)C[N@]2CC[C@H](C2)O)=O)cc(cc(c1)F)F,CC(=O)N1CCN(C(=O)Cc2cccc(F)c2)[C@@H](CN2CC[C@@H](O)C2)C1,fluoro_aromatic,514,0.10704194009304047,0.10807982832193375,0.00103788822889328,0.00103788822889328,0.10704194009304047,0.10807982832193375,0.00103788822889328,0.6332000000000004,0.49410000000000115,-0.13909999999999928
C1=CC=CC2=C1N(C3=C(C=C2)C=CC=C3)CCCN4CCN(CCO)CC4,[H]CN1CCN(CCCN2c3ccccc3C=Cc3ccccc32)CC1,hydroxyl,1925,0.9585155844688416,0.9586344957351685,0.0001189112663269043,0.0001189112663269043,0.9585155844688416,0.9586344957351685,0.0001189112663269043,3.308500000000002,3.9460000000000033,0.6375000000000011
ClC1=CC=C(C2=C1)SC3=C(N2CCCNC)C=CC=C3,CNCCCN1c2ccccc2Sc2ccccc21,aromatic_chloro,45,0.958207905292511,0.9581758379936218,-3.2067298889160156e-05,3.2067298889160156e-05,0.958207905292511,0.9581758379936218,-3.2067298889160156e-05,4.552200000000003,3.8988000000000023,-0.6534000000000004
C1=CC(=CC(=C1NC(OCC)=O)N)NCC2=CC=C(C=C2)F,CCOC(=O)Nc1ccc(NCc2ccccc2)cc1N,fluoro_aromatic,1511,0.9574733376502991,0.5442084670066833,-0.4132648706436157,0.4132648706436157,0.9574733376502991,0.5442084670066833,-0.4132648706436157,3.588400000000001,3.449300000000001,-0.1391
C3=C(C1=NC(=N[N]1C)C2=CC=CN=C2)C(=CC=C3)CO,[H]c1ccccc1-c1nc(-c2cccnc2)nn1C,hydroxyl,1221,0.9578820466995239,0.920905351638794,-0.03697669506072998,0.03697669506072998,0.9578820466995239,0.920905351638794,-0.03697669506072998,2.0364,2.5441000000000003,0.5077000000000003
C(C1(C(C(=CNC1=O)C)=O)CC)C,[H]C(CC)(CC)C(=O)C(=C)C,amide,1194,0.9586398601531982,0.9586246609687805,-1.519918441772461e-05,1.519918441772461e-05,0.9586398601531982,0.9586246609687805,-1.519918441772461e-05,1.3955,2.567800000000001,1.172300000000001
CC(=O)OCC1=C(N2[C@H](SC1)[C@H](NC(=O)Cc3sccc3)C2=O)C(O)=O,[H]C1=C(COC(C)=O)CS[C@@H]2[C@H](NC(=O)Cc3cccs3)C(=O)N12,carboxylic_acid,791,0.10701952129602432,0.1071280688047409,0.00010854750871658325,0.00010854750871658325,0.10701952129602432,0.1071280688047409,0.00010854750871658325,0.5922999999999998,1.1375,0.5452000000000001
c1(ccc(c(c1)Cl)Cl)CC(N1[C@H](CN2CCCC2)c2n(CC1)ncn2)=O,O=C(Cc1cccc(Cl)c1)N1CCn2ncnc2[C@H]1CN1CCCC1,aromatic_chloro,599,0.7718328833580017,0.18124155700206757,-0.5905913263559341,0.5905913263559341,0.7718328833580017,0.18124155700206757,-0.5905913263559341,2.806700000000001,2.1532999999999998,-0.6534000000000013
c1(ccc(c(c1)Cl)Cl)CC(N1[C@H](CN(CC1)C(=O)OC)CN1CCCC1)=O,COC(=O)N1CCN(C(=O)Cc2cccc(Cl)c2)[C@@H](CN2CCCC2)C1,aromatic_chloro,491,0.9584376811981201,0.14733873307704926,-0.8110989481210709,0.8110989481210709,0.9584376811981201,0.14733873307704926,-0.8110989481210709,2.9109000000000016,2.2575000000000003,-0.6534000000000013
C1=CC=CC2=C1CC3(CC2)NC(=O)NC3=O,[H]NC(=O)C1CCc2ccccc2C1,amide,1583,0.9586530327796936,0.4240342974662781,-0.5346187353134155,0.5346187353134155,0.9586530327796936,0.4240342974662781,-0.5346187353134155,0.7534999999999998,1.2768,0.5233000000000001
CC(C)CC(OC(=O)c1occc1)C(=O)N[C@H]2[C@H]3SC(C)(C)[C@@H](N3C2=O)C(O)=O,[H]C1N2C(=O)[C@@H](NC(=O)C(CC(C)C)OC(=O)c3ccco3)[C@H]2SC1(C)C,carboxylic_acid,828,0.10711867362260818,0.10778792202472687,0.0006692484021186829,0.0006692484021186829,0.10711867362260818,0.10778792202472687,0.0006692484021186829,1.4827999999999997,2.0296,0.5468000000000002
C2=C(C1(C(C(=O)NC1=O)CC)C)C=CC=C2,[H]C(CC)C(C)(C=O)c1ccccc1,amide,1215,0.9587156176567078,0.9583118557929993,-0.0004037618637084961,0.0004037618637084961,0.9587156176567078,0.9583118557929993,-0.0004037618637084961,1.6268999999999998,2.9433000000000016,1.3164000000000018
C1=C(Cl)C=CC4=C1C3C2=CC=CC=C2CCN3CC(=O)N4C,CN1C(=O)CN2CCc3ccccc3C2c2ccccc21,aromatic_chloro,1744,0.9586281776428223,0.9581387042999268,-0.0004894733428955078,0.0004894733428955078,0.9586281776428223,0.9581387042999268,-0.0004894733428955078,3.263900000000003,2.610500000000001,-0.6534000000000022
CCOC(=O)C(C)(C)Oc1ccc(Cl)cc1,CCOC(=O)C(C)(C)Oc1ccccc1,aromatic_chloro,152,0.5223982334136963,0.9567112922668457,0.4343130588531494,0.4343130588531494,0.5223982334136963,0.9567112922668457,0.4343130588531494,3.060500000000001,2.4071000000000007,-0.6534000000000004
CN(C)CCCN1c2ccccc2Sc3ccc(Cl)cc13,CN(C)CCCN1c2ccccc2Sc2ccccc21,aromatic_chloro,523,0.9571720361709595,0.9584472179412842,0.001275181770324707,0.001275181770324707,0.9571720361709595,0.9584472179412842,0.001275181770324707,4.894400000000004,4.241000000000003,-0.6534000000000004
C1=CC=CC=C1C(C(OC2CC3N(C)C(C2)CC3)=O)(CO)C,[H]C(C)(C(=O)OC1CC2CCC(C1)N2C)c1ccccc1,hydroxyl,998,0.9587231278419495,0.9586756825447083,-4.744529724121094e-05,4.744529724121094e-05,0.9587231278419495,0.9586756825447083,-4.744529724121094e-05,2.1050000000000004,2.9585000000000017,0.8535000000000013
OCc1ncc2CN=C(c3ccccc3F)c4cc(Cl)ccc4n12,OCc1ncc2n1-c1ccccc1C(c1ccccc1F)=NC2,aromatic_chloro,382,0.9389204382896423,0.9032542705535889,-0.03566616773605347,0.03566616773605347,0.9389204382896423,0.9032542705535889,-0.03566616773605347,3.5081000000000024,2.854700000000001,-0.6534000000000013
OCc1ncc2CN=C(c3ccccc3F)c4cc(Cl)ccc4n12,OCc1ncc2n1-c1ccc(Cl)cc1C(c1ccccc1)=NC2,fluoro_aromatic,382,0.9284113645553589,0.32405269145965576,-0.6043586730957031,0.6043586730957031,0.9284113645553589,0.32405269145965576,-0.6043586730957031,3.5081000000000024,3.3690000000000024,-0.1391
OCc1ncc2CN=C(c3ccccc3F)c4cc(Cl)ccc4n12,[H]c1ncc2n1-c1ccc(Cl)cc1C(c1ccccc1F)=NC2,hydroxyl,382,0.9300951361656189,0.9581220746040344,0.028026938438415527,0.028026938438415527,0.9300951361656189,0.9581220746040344,0.028026938438415527,3.5081000000000024,4.015800000000002,0.5076999999999998
CC(=O)OCC1=C(N2[C@H](SC1)[C@H](NC(=O)Cc3ccccc3)C2=O)C(O)=O,[H]C1=C(COC(C)=O)CS[C@@H]2[C@H](NC(=O)Cc3ccccc3)C(=O)N12,carboxylic_acid,746,0.10690592974424362,0.1071711927652359,0.00026526302099227905,0.00026526302099227905,0.10690592974424362,0.1071711927652359,0.00026526302099227905,0.5307999999999997,1.0759999999999996,0.5451999999999999
C1=C(Cl)C=CC3=C1\C(C2=C(C=CC=C2)S3)=C/CCN4CCN(CCO)CC4,OCCN1CCN(CCC=C2c3ccccc3Sc3ccccc32)CC1,aromatic_chloro,1097,0.9585944414138794,0.958652675151825,5.823373794555664e-05,5.823373794555664e-05,0.9585944414138794,0.958652675151825,5.823373794555664e-05,4.236300000000004,3.582900000000002,-0.6534000000000022
C1=C(Cl)C=CC3=C1\C(C2=C(C=CC=C2)S3)=C/CCN4CCN(CCO)CC4,[H]CN1CCN(CC/C=C2/c3ccccc3Sc3ccc(Cl)cc32)CC1,hydroxyl,1097,0.958532989025116,0.9585879445075989,5.4955482482910156e-05,5.4955482482910156e-05,0.958532989025116,0.9585879445075989,5.4955482482910156e-05,4.236300000000004,4.8738000000000055,0.6375000000000011
CO/N=C(C(=O)N[C@H]1[C@H]2SCC(=C(N2C1=O)C(O)=O)C)/c3csc(N)n3,[H]C1=C(C)CS[C@@H]2[C@H](NC(=O)/C(=N\OC)c3csc(N)n3)C(=O)N12,carboxylic_acid,758,0.10699760913848877,0.10687919706106186,-0.0001184120774269104,0.0001184120774269104,0.10699760913848877,0.10687919706106186,-0.0001184120774269104,-0.16569999999999918,0.37949999999999984,0.545199999999999
C1=CC(=CC=C1C(CC(C)(C)O)(C)O)Cl,CC(C)(O)CC(C)(O)c1ccccc1,aromatic_chloro,1220,0.9587012529373169,0.39823395013809204,-0.5604673027992249,0.5604673027992249,0.9587012529373169,0.39823395013809204,-0.5604673027992249,2.7085000000000012,2.0551,-0.6534000000000013
C1=CC=CC=C1C2C(NC(=O)CO2)C,[H]COC(CC)c1ccccc1,amide,1217,0.9587223529815674,0.1118893027305603,-0.8468330502510071,0.8468330502510071,0.9587223529815674,0.1118893027305603,-0.8468330502510071,1.2626,2.7841000000000014,1.5215000000000014
CN1C(=O)CN=C(c2ccccc2F)c3cc(ccc13)[N+]([O-])=O,CN1C(=O)CN=C(c2ccccc2)c2cc([N+](=O)[O-])ccc21,fluoro_aromatic,454,0.7710360288619995,0.7440345883369446,-0.02700144052505493,0.02700144052505493,0.7710360288619995,0.7440345883369446,-0.02700144052505493,2.5477000000000007,2.4086000000000007,-0.1391
C1=CC=CC2=C1C(C(N2CC(N)=O)=O)C3=CC=CC=C3,[H]CN1C(=O)C(c2ccccc2)c2ccccc21,amide,1797,0.9584869742393494,0.9560327529907227,-0.002454221248626709,0.002454221248626709,0.9584869742393494,0.9560327529907227,-0.002454221248626709,1.6504000000000003,2.794900000000001,1.1445000000000007
CC1(C)S[C@@H]2[C@H](NC(=O)C(c3ccccc3)[S](O)(=O)=O)C(=O)N2[C@H]1C(O)=O,[H]C1N2C(=O)[C@@H](NC(=O)C(c3ccccc3)S(=O)(=O)O)[C@H]2SC1(C)C,carboxylic_acid,914,0.10709373652935028,0.10692833364009857,-0.00016540288925170898,0.00016540288925170898,0.10709373652935028,0.10692833364009857,-0.00016540288925170898,0.2472000000000002,0.7939999999999998,0.5467999999999996
C1=C(Cl)C=CC2=C1C(=NC(C(=O)N2)OC(C(C)(C)C)=O)C3=CC=CC=C3,CC(C)(C)C(=O)OC1N=C(c2ccccc2)c2ccccc2NC1=O,aromatic_chloro,1473,0.9574035406112671,0.11501692980527878,-0.8423866108059883,0.8423866108059883,0.9574035406112671,0.11501692980527878,-0.8423866108059883,4.044900000000002,3.3915000000000024,-0.6533999999999995
C1=C(Cl)C=CC2=C1C(=NC(C(=O)N2)OC(C(C)(C)C)=O)C3=CC=CC=C3,[H]C(N=C(c1ccccc1)c1cccc(Cl)c1)OC(=O)C(C)(C)C,amide,1473,0.9580979943275452,0.9477081894874573,-0.01038980484008789,0.01038980484008789,0.9580979943275452,0.9477081894874573,-0.01038980484008789,4.044900000000002,4.724200000000003,0.6793000000000013
C[C@](N)(Cc1ccc(O)c(O)c1)C(O)=O,[H][C@@](C)(N)Cc1ccc(O)c(O)c1,carboxylic_acid,306,0.10687308013439178,0.11114782094955444,0.004274740815162659,0.004274740815162659,0.10687308013439178,0.11114782094955444,0.004274740815162659,0.4423000000000001,0.9874999999999998,0.5451999999999997
C1=C(Cl)C=CC2=C1C(=NCC(N2CC[S](CC)(=O)=O)=O)C3=CC=CC=C3F,CCS(=O)(=O)CCN1C(=O)CN=C(c2ccccc2F)c2ccccc21,aromatic_chloro,1175,0.9580898284912109,0.10833071172237396,-0.849759116768837,0.849759116768837,0.9580898284912109,0.10833071172237396,-0.849759116768837,3.097800000000002,2.444400000000001,-0.6534000000000013
C1=C(Cl)C=CC2=C1C(=NCC(N2CC[S](CC)(=O)=O)=O)C3=CC=CC=C3F,CCS(=O)(=O)CCN1C(=O)CN=C(c2ccccc2)c2cc(Cl)ccc21,fluoro_aromatic,1175,0.9584218263626099,0.10769191384315491,-0.850729912519455,0.850729912519455,0.9584218263626099,0.10769191384315491,-0.850729912519455,3.097800000000002,2.958700000000001,-0.1391000000000009
C3=C(OC2C1(NC(=O)C(O1)C)CCCC2)C=CC=C3Cl,CC1OC2(CCCCC2Oc2ccccc2)NC1=O,aromatic_chloro,1184,0.9587135910987854,0.1385098695755005,-0.8202037215232849,0.8202037215232849,0.9587135910987854,0.1385098695755005,-0.8202037215232849,2.8926000000000007,2.2391999999999994,-0.6534000000000013
C3=C(OC2C1(NC(=O)C(O1)C)CCCC2)C=CC=C3Cl,[H]C(C)OC1CCCCC1Oc1cccc(Cl)c1,amide,1184,0.9587247967720032,0.11055561155080795,-0.8481691852211952,0.8481691852211952,0.9587247967720032,0.11055561155080795,-0.8481691852211952,2.8926000000000007,4.066500000000003,1.1739000000000024
c1(ccc(c(c1)Cl)Cl)CC(=O)N1[C@H](CN(C(=O)C)CC1)C[N@@]1C[C@H](O)CC1,CC(=O)N1CCN(C(=O)Cc2cccc(Cl)c2)[C@@H](CN2CC[C@@H](O)C2)C1,aromatic_chloro,511,0.9580961465835571,0.10790137946605682,-0.8501947671175003,0.8501947671175003,0.9580961465835571,0.10790137946605682,-0.8501947671175003,1.6617999999999997,1.0083999999999997,-0.6534
CN1CCN(CC1)c2c(F)cc3C(=O)C(=CN(CCF)c3c2F)C(O)=O,[H]c1cn(CCF)c2c(F)c(N3CCN(C)CC3)c(F)cc2c1=O,carboxylic_acid,488,0.10844094306230545,0.13506701588630676,0.026626072824001312,0.026626072824001312,0.10844094306230545,0.13506701588630676,0.026626072824001312,1.6992,2.001,0.30179999999999985
CN1CCN(CC1)c2c(F)cc3C(=O)C(=CN(CCF)c3c2F)C(O)=O,CN1CCN(c2ccc3c(=O)c(C(=O)O)cn(CCF)c3c2F)CC1,fluoro_aromatic,488,0.10833966732025146,0.11254595220088959,0.0042062848806381226,0.0042062848806381226,0.10833966732025146,0.11254595220088959,0.0042062848806381226,1.6992,1.5600999999999996,-0.13910000000000045
CC(C)(C(O)=O)c1ccc(cc1)C(O)CCCN2CCC(CC2)C(O)(c3ccccc3)c4ccccc4,[H]C(C)(C)c1ccc(C(O)CCCN2CCC(C(O)(c3ccccc3)c3ccccc3)CC2)cc1,carboxylic_acid,822,0.10702631622552872,0.10871277004480362,0.0016864538192749023,0.0016864538192749023,0.10702631622552872,0.10871277004480362,0.0016864538192749023,5.510500000000007,6.271700000000007,0.7612000000000005
C(C(C1(CCC2C4C(C(CC12C)O)(F)C3(C=CC(C=C3CC4)=O)C)O)=O)O,[H]C(=O)C1(O)CCC2C3CCC4=CC(=O)C=CC4(C)C3(F)C(O)CC21C,hydroxyl,1305,0.9587295055389404,0.10815495997667313,-0.8505745455622673,0.8505745455622673,0.9587295055389404,0.10815495997667313,-0.8505745455622673,1.6496999999999993,2.287200000000001,0.6375000000000015
CC(C)NCC(O)COc1ccc(CC(N)=O)cc1,[H]Cc1ccc(OCC(O)CNC(C)C)cc1,amide,405,0.10704334080219269,0.9370816946029663,0.8300383538007736,0.8300383538007736,0.10704334080219269,0.9370816946029663,0.8300383538007736,0.45210000000000006,1.7327199999999996,1.2806199999999994
CN(C)CCO,[H]CN(C)C,hydroxyl,556,0.9586208462715149,0.9585458040237427,-7.50422477722168e-05,7.50422477722168e-05,0.9586208462715149,0.9585458040237427,-7.50422477722168e-05,-0.45970000000000016,0.17779999999999996,0.6375000000000002
CCN1C=C(C(O)=O)C(=O)c2cc(F)c(N3CCNC(C)C3)c(F)c12,[H]c1cn(CC)c2c(F)c(N3CCNC(C)C3)c(F)cc2c1=O,carboxylic_acid,546,0.10693375021219254,0.15496551990509033,0.0480317696928978,0.0480317696928978,0.10693375021219254,0.15496551990509033,0.0480317696928978,1.7959,2.0976999999999997,0.3017999999999996
CCN1C=C(C(O)=O)C(=O)c2cc(F)c(N3CCNC(C)C3)c(F)c12,CCn1cc(C(=O)O)c(=O)c2ccc(N3CCNC(C)C3)c(F)c21,fluoro_aromatic,546,0.1069222241640091,0.10706888139247894,0.00014665722846984863,0.00014665722846984863,0.1069222241640091,0.10706888139247894,0.00014665722846984863,1.7959,1.6568,-0.1391
C1=C(C(=CC=C1Cl)N(C(CNCC(C)=C)=O)C)C(C2=CC=CC=C2)=O,C=C(C)CNCC(=O)N(C)c1ccccc1C(=O)c1ccccc1,aromatic_chloro,1796,0.9586463570594788,0.9496475458145142,-0.0089988112449646,0.0089988112449646,0.9586463570594788,0.9496475458145142,-0.0089988112449646,3.699500000000003,3.046100000000002,-0.6534000000000013
C1=CC=CC2=C1N(C(CO2)=O)CC(N)=O,[H]CN1C(=O)COc2ccccc21,amide,1936,0.9585341811180115,0.9486706852912903,-0.009863495826721191,0.009863495826721191,0.9585341811180115,0.9486706852912903,-0.009863495826721191,-0.1026999999999999,1.0417999999999998,1.1444999999999999
C(C1(C(CCC)CC)C(NC(=S)NC1=O)=O)C,[H]C(CC)(C(=O)NC=S)C(CC)CCC,amide,1998,0.95867919921875,0.9586421847343445,-3.701448440551758e-05,3.701448440551758e-05,0.95867919921875,0.9586421847343445,-3.701448440551758e-05,1.74,2.912300000000001,1.172300000000001
C1=CC=CC(=C1N3CCN(CCCC(C2=CC=C(F)C=C2)=O)CC3)OC,COc1ccccc1N1CCN(CCCC(=O)c2ccccc2)CC1,fluoro_aromatic,1818,0.9587451815605164,0.2845798432826996,-0.6741653382778168,0.6741653382778168,0.9587451815605164,0.2845798432826996,-0.6741653382778168,3.6194000000000024,3.4803000000000024,-0.1391
C(C1(C(NC(=O)NC1=O)=O)CCCC)COC(N)=O,[H]C(CCCC)(CCOC(N)=O)C(=O)NC=O,amide,1054,0.9586824178695679,0.9586450457572937,-3.737211227416992e-05,3.737211227416992e-05,0.9586824178695679,0.9586450457572937,-3.737211227416992e-05,0.014399999999999635,0.5508000000000003,0.5364000000000007
CC1=C(N2[C@H](SC1)[C@H](NC(=O)[C@H](N)c3ccc(O)c(Cl)c3)C2=O)C(O)=O,CC1=C(C(=O)O)N2C(=O)[C@@H](NC(=O)[C@H](N)c3ccc(O)cc3)[C@H]2SC1,aromatic_chloro,757,0.10708807408809662,0.10692019760608673,-0.0001678764820098877,0.0001678764820098877,0.10708807408809662,0.10692019760608673,-0.0001678764820098877,0.8038999999999996,0.15049999999999925,-0.6534000000000004
CC1=C(N2[C@H](SC1)[C@H](NC(=O)[C@H](N)c3ccc(O)c(Cl)c3)C2=O)C(O)=O,[H]C1=C(C)CS[C@@H]2[C@H](NC(=O)[C@H](N)c3ccc(O)c(Cl)c3)C(=O)N12,carboxylic_acid,757,0.10702603310346603,0.10690099000930786,-0.0001250430941581726,0.0001250430941581726,0.10702603310346603,0.10690099000930786,-0.0001250430941581726,0.8038999999999996,1.3490999999999993,0.5451999999999997
C2=C(C1(OCCN(CC)CC)CCCCC1)C=CC(=C2)Cl,CCN(CC)CCOC1(c2ccccc2)CCCCC1,aromatic_chloro,1095,0.9586853384971619,0.9586930274963379,7.68899917602539e-06,7.68899917602539e-06,0.9586853384971619,0.9586930274963379,7.68899917602539e-06,4.8578000000000054,4.204400000000003,-0.6534000000000022
C1=CC=CC2=C1C(N3C2=NCC3)(C4=CC=C(C=C4)Cl)O,OC1(c2ccccc2)c2ccccc2C2=NCCN21,aromatic_chloro,1332,0.9585474133491516,0.9154635071754456,-0.043083906173706055,0.043083906173706055,0.9585474133491516,0.9154635071754456,-0.043083906173706055,2.6092000000000017,1.9558000000000004,-0.6534000000000013
[C@@]123OC4=C(C(C1CN(CC2)C)CC(=O)N3)C=C(Cl)C=C4,CN1CC[C@]23NC(=O)CC(c4ccccc4O2)C3C1,aromatic_chloro,1326,0.9586997032165527,0.9562633633613586,-0.002436339855194092,0.002436339855194092,0.9586997032165527,0.9562633633613586,-0.002436339855194092,1.9838999999999998,1.3304999999999998,-0.6534
[C@@]123OC4=C(C(C1CN(CC2)C)CC(=O)N3)C=C(Cl)C=C4,[H]CC1c2cc(Cl)ccc2O[C]2CCN(C)CC21,amide,1326,0.9586802124977112,0.9586607813835144,-1.9431114196777344e-05,1.9431114196777344e-05,0.9586802124977112,0.9586607813835144,-1.9431114196777344e-05,1.9838999999999998,3.3195900000000016,1.3356900000000018
CSC2=C(N1CCN(C)CC1)N=C(NC)N=C2Cl,CNc1ncc(SC)c(N2CCN(C)CC2)n1,aromatic_chloro,1365,0.9336216449737549,0.11630351841449738,-0.8173181265592575,0.8173181265592575,0.9336216449737549,0.11630351841449738,-0.8173181265592575,1.6454,0.9919999999999998,-0.6534000000000002
C1=C(Cl)C=CC2=C1C(N(CC(=O)N2C)C(N)=O)C3=CC=CC=C3,CN1C(=O)CN(C(N)=O)C(c2ccccc2)c2ccccc21,aromatic_chloro,1055,0.9581136703491211,0.8128571510314941,-0.14525651931762695,0.14525651931762695,0.9581136703491211,0.8128571510314941,-0.14525651931762695,2.786500000000001,2.1331000000000007,-0.6534000000000004
C1=C(Cl)C=CC2=C1C(N(CC(=O)N2C)C(N)=O)C3=CC=CC=C3,[H]N1CC(=O)N(C)c2ccc(Cl)cc2C1c1ccccc1,amide,1055,0.9583863615989685,0.957133948802948,-0.0012524127960205078,0.0012524127960205078,0.9583863615989685,0.957133948802948,-0.0012524127960205078,2.786500000000001,2.995400000000002,0.20890000000000075
C1=C(C(N)=O)N=N[N]1CC2=C(C=CC=C2F)F,NC(=O)c1cn(Cc2ccccc2F)nn1,fluoro_aromatic,1982,0.9578203558921814,0.5291031002998352,-0.4287172555923462,0.4287172555923462,0.9578203558921814,0.5291031002998352,-0.4287172555923462,0.7034999999999997,0.5643999999999996,-0.1391000000000001
C1=C(C(N)=O)N=N[N]1CC2=C(C=CC=C2F)F,[H]c1cn(Cc2c(F)cccc2F)nn1,amide,1982,0.9549441933631897,0.9566496014595032,0.0017054080963134766,0.0017054080963134766,0.9549441933631897,0.9566496014595032,0.0017054080963134766,0.7034999999999997,1.6046,0.9011000000000003
C1=CC=CC3=C1C(N(C2C(NC(=O)CC2)=O)C3=O)=O,[H]C(CCC=O)N1C(=O)c2ccccc2C1=O,amide,1584,0.9586709141731262,0.9558842778205872,-0.0027866363525390625,0.0027866363525390625,0.9586709141731262,0.9558842778205872,-0.0027866363525390625,0.08779999999999971,1.2617,1.1739000000000004
[C@H]23C([C@@]1(OC(O[C@@H]1C2)(C)C)C(=O)CO)(C[C@H](O)[C@@]4(F)C3CCC5C4(CCC(=O)C5)C)C,[H]C(=O)[C@@]12OC(C)(C)O[C@@H]1C[C@H]1C3CCC4CC(=O)CCC4(C)[C@@]3(F)[C@@H](O)CC12C,hydroxyl,1802,0.9586821794509888,0.1078142449259758,-0.850867934525013,0.850867934525013,0.9586821794509888,0.1078142449259758,-0.850867934525013,2.7227000000000006,3.3602000000000025,0.637500000000002
CCOC(=O)[C@H](CCc1ccccc1)N[C@@H](C)C(=O)N2CCC[C@H]2C(O)=O,[H]C1CCCN1C(=O)[C@H](C)N[C@@H](CCc1ccccc1)C(=O)OCC,carboxylic_acid,714,0.10693182796239853,0.9521604776382446,0.8452286496758461,0.8452286496758461,0.10693182796239853,0.9521604776382446,0.8452286496758461,1.6046,2.1513999999999998,0.5467999999999997
C1=CC(=CC2=C1[N](C4=C2CN(CCCC(C3=CC=C(C=C3)F)O)CC4)C5=CC=C(F)C=C5)F,OC(CCCN1CCc2c(c3ccccc3n2-c2ccc(F)cc2)C1)c1ccc(F)cc1,fluoro_aromatic,1251,0.9587182402610779,0.6771941184997559,-0.281524121761322,0.281524121761322,0.9587182402610779,0.6771941184997559,-0.281524121761322,5.919700000000005,5.780600000000006,-0.1390999999999991
C(C(N1C(CCC1)=O)C(N)=O)C,[H]C(CC)N1CCCC1=O,amide,1197,0.9586575031280518,0.9586232304573059,-3.427267074584961e-05,3.427267074584961e-05,0.9586575031280518,0.9586232304573059,-3.427267074584961e-05,-0.12730000000000036,1.0188000000000001,1.1461000000000006
CC(C)c1onc(n1)c2ncn3c2CN(C)C(=O)c4c(Cl)cccc34,CC(C)c1nc(-c2ncn3c2CN(C)C(=O)c2ccccc2-3)no1,aromatic_chloro,308,0.12418892234563828,0.11044786125421524,-0.013741061091423035,0.013741061091423035,0.12418892234563828,0.11044786125421524,-0.013741061091423035,3.2847000000000017,2.6313000000000013,-0.6534000000000004
CO/N=C(C(=O)N[C@H]1[C@H]2SCC(=C(N2C1=O)C(O)=O)COC(C)=O)/c3occc3,[H]C1=C(COC(C)=O)CS[C@@H]2[C@H](NC(=O)/C(=N\OC)c3ccco3)C(=O)N12,carboxylic_acid,784,0.10689901560544968,0.10690333694219589,4.32133674621582e-06,4.32133674621582e-06,0.10689901560544968,0.10690333694219589,4.32133674621582e-06,-0.06819999999999826,0.47699999999999987,0.5451999999999981
C1=C(C=CC=C1N3C(N(CCN2CC(C)(C)C2)CC3)=O)Cl,CC1(C)CN(CCN2CCN(c3ccccc3)C2=O)C1,aromatic_chloro,1655,0.9587074518203735,0.8429844975471497,-0.11572295427322388,0.11572295427322388,0.9587074518203735,0.8429844975471497,-0.11572295427322388,2.9238000000000017,2.2704000000000004,-0.6534000000000013
CN(C1CCCC[C@H]1N2CCCC2)C(=O)Cc3ccc(Cl)c(Cl)c3,CN(C(=O)Cc1cccc(Cl)c1)C1CCCC[C@H]1N1CCCC1,aromatic_chloro,645,0.9585922360420227,0.9584991335868835,-9.310245513916016e-05,9.310245513916016e-05,0.9585922360420227,0.9584991335868835,-9.310245513916016e-05,4.4013000000000035,3.747900000000003,-0.6534000000000004
CC1=C(CCN2CCC(CC2)c3noc4cc(F)ccc34)C(=O)N5CCCCC5=N1,Cc1nc2n(c(=O)c1CCN1CCC(c3noc4ccccc34)CC1)CCCC2,fluoro_aromatic,358,0.9384453296661377,0.9527510404586792,0.014305710792541504,0.014305710792541504,0.9384453296661377,0.9527510404586792,0.014305710792541504,3.5904200000000026,3.4513200000000026,-0.1391
[C@]23([C@H]([C@H]1[C@]([C@](C(CO)=O)(C)[C@@H](C1)C)(C)C[C@@H]2O)CCC4=CC(=O)C=C[C@]34C)F,[H]C(=O)[C@@]1(C)[C@H](C)C[C@H]2[C@@H]3CCC4=CC(=O)C=C[C@]4(C)[C@@]3(F)[C@@H](O)C[C@@]21C,hydroxyl,1794,0.9586941003799438,0.1082191988825798,-0.850474901497364,0.850474901497364,0.9586941003799438,0.1082191988825798,-0.850474901497364,3.1709000000000023,3.8084000000000033,0.6375000000000011
C(C(C(CC)C)(COC(N)=O)C)OC(N)=O,[H]OCC(C)(COC(N)=O)C(C)CC,amide,1335,0.9586411118507385,0.9586098790168762,-3.123283386230469e-05,3.123283386230469e-05,0.9586411118507385,0.9586098790168762,-3.123283386230469e-05,1.2294000000000005,1.1264,-0.10300000000000042
CN(C)CCOC(=O)COc1ccc(Cl)cc1,CN(C)CCOC(=O)COc1ccccc1,aromatic_chloro,670,0.5065925717353821,0.9506834149360657,0.4440908432006836,0.4440908432006836,0.5065925717353821,0.9506834149360657,0.4440908432006836,1.8235999999999999,1.1701999999999997,-0.6534000000000002
CCN1C=C(C(O)=O)C(=O)c2cc(F)c(cc12)N3CCN(C)CC3,[H]c1cn(CC)c2cc(N3CCN(C)CC3)c(F)cc2c1=O,carboxylic_acid,571,0.10692436248064041,0.4051891267299652,0.2982647642493248,0.2982647642493248,0.10692436248064041,0.4051891267299652,0.2982647642493248,1.6105000000000003,1.9122999999999999,0.3017999999999996
CCN1C=C(C(O)=O)C(=O)c2cc(F)c(cc12)N3CCN(C)CC3,CCn1cc(C(=O)O)c(=O)c2ccc(N3CCN(C)CC3)cc21,fluoro_aromatic,571,0.1068989634513855,0.1079123467206955,0.0010133832693099976,0.0010133832693099976,0.1068989634513855,0.1079123467206955,0.0010133832693099976,1.6105000000000003,1.4714000000000003,-0.1391
C1=C(Cl)C(=C(C=C1)C)NC(=O)/C=C/2SCC(=O)N2C,Cc1ccccc1NC(=O)/C=C1\SCC(=O)N1C,aromatic_chloro,1971,0.956939160823822,0.10885081440210342,-0.8480883464217186,0.8480883464217186,0.956939160823822,0.10885081440210342,-0.8480883464217186,2.6335200000000007,1.9801199999999997,-0.6534000000000011
[C@H]24[C@H]1[C@@]([C@](C(COC(CCC(O)=O)=O)=O)(O)CC1)(C[C@@H]([C@@H]2[C@@]3(C(=CC(=O)C=C3)[C@H](C4)C)C)O)C,[H]CCC(=O)OCC(=O)[C@@]1(O)CC[C@H]2[C@@H]3C[C@H](C)C4=CC(=O)C=C[C@]4(C)[C@H]3[C@@H](O)C[C@@]21C,carboxylic_acid,1897,0.9586783647537231,0.1085393875837326,-0.8501389771699905,0.8501389771699905,0.9586783647537231,0.1085393875837326,-0.8501389771699905,2.2192999999999996,2.764500000000001,0.5452000000000012
C1C(Nc2c1c(ccc2O)CCN(CCC)CCC)=O,[H]Cc1cc(O)ccc1CCN(CCC)CCC,amide,530,0.9587007761001587,0.9585714340209961,-0.00012934207916259766,0.00012934207916259766,0.9587007761001587,0.9585714340209961,-0.00012934207916259766,2.5513000000000003,3.365120000000002,0.8138200000000015
C3=C(C2(C1=CC=CC=C1)C(NCN2)=O)C=CC=C3,[H]C(NC)(c1ccccc1)c1ccccc1,amide,1800,0.9585051536560059,0.9375079274177551,-0.020997226238250732,0.020997226238250732,0.9585051536560059,0.9375079274177551,-0.020997226238250732,1.6071,2.995400000000001,1.388300000000001
C1=C([S](C)(=O)=O)C=CC3=C1N(C2=C(C=CC=C2)S3)CCCN4CCC(C(N)=O)CC4,[H]C1CCN(CCCN2c3ccccc3Sc3ccc(S(C)(=O)=O)cc32)CC1,amide,1358,0.9586290121078491,0.9575173854827881,-0.0011116266250610352,0.0011116266250610352,0.9586290121078491,0.9575173854827881,-0.0011116266250610352,3.2802000000000007,4.568800000000004,1.2886000000000033
OC1N=C(c2ccccc2)c3cc(Cl)ccc3NC1=O,O=C1Nc2ccccc2C(c2ccccc2)=NC1O,aromatic_chloro,107,0.22411470115184784,0.8218829035758972,0.5977682024240494,0.5977682024240494,0.22411470115184784,0.8218829035758972,0.5977682024240494,2.4478999999999997,1.7945,-0.6533999999999998
OC1N=C(c2ccccc2)c3cc(Cl)ccc3NC1=O,[H]C(O)N=C(c1ccccc1)c1cccc(Cl)c1,amide,107,0.23262985050678253,0.6686916351318359,0.4360617846250534,0.4360617846250534,0.23262985050678253,0.6686916351318359,0.4360617846250534,2.4478999999999997,3.127200000000002,0.6793000000000022
NC1=NC(=O)c2ncn(COCCO)c2N1,[H]COCn1cnc2c(=O)nc(N)[nH]c21,hydroxyl,678,0.11061607301235199,0.12826007604599,0.017644003033638,0.017644003033638,0.11061607301235199,0.12826007604599,0.017644003033638,-1.3318000000000003,-0.6943000000000001,0.6375000000000002
C2=C(C(C1C(=CC(O1)=O)OC)O)C(=CC=C2)Cl,COC1=CC(=O)OC1C(O)c1ccccc1,aromatic_chloro,1328,0.9586774706840515,0.43663784861564636,-0.5220396220684052,0.5220396220684052,0.9586774706840515,0.43663784861564636,-0.5220396220684052,1.8291,1.1757,-0.6534
C1=C(Cl)C=CC2=C1C(=NCC(=O)N2C)C3=CC=CC=C3F,CN1C(=O)CN=C(c2ccccc2F)c2ccccc21,aromatic_chloro,1821,0.9583083987236023,0.9573370218276978,-0.000971376895904541,0.000971376895904541,0.9583083987236023,0.9573370218276978,-0.000971376895904541,3.2929000000000013,2.639500000000001,-0.6534000000000004
C1=C(Cl)C=CC2=C1C(=NCC(=O)N2C)C3=CC=CC=C3F,CN1C(=O)CN=C(c2ccccc2)c2cc(Cl)ccc21,fluoro_aromatic,1821,0.9584104418754578,0.9422914385795593,-0.016119003295898438,0.016119003295898438,0.9584104418754578,0.9422914385795593,-0.016119003295898438,3.2929000000000013,3.1538000000000013,-0.1391
C1=CC(=CC=C1OCC(NNC(C)C)=O)Cl,CC(C)NNC(=O)COc1ccccc1,aromatic_chloro,1301,0.9586752653121948,0.8787159323692322,-0.07995933294296265,0.07995933294296265,0.9586752653121948,0.8787159323692322,-0.07995933294296265,1.7479999999999998,1.0946000000000002,-0.6533999999999995
CC1(C)S[C@@H]2[C@H](NC(=O)[C@@H](N=Cc3occc3)c4ccc(O)cc4)C(=O)N2[C@H]1C(O)=O,[H]C1N2C(=O)[C@@H](NC(=O)[C@@H](N=Cc3ccco3)c3ccc(O)cc3)[C@H]2SC1(C)C,carboxylic_acid,827,0.10715215653181076,0.10710499435663223,-4.716217517852783e-05,4.716217517852783e-05,0.10715215653181076,0.10710499435663223,-4.716217517852783e-05,1.7770999999999997,2.3239,0.5468000000000004
C(NCC(N)=O)CCCC,[H]CNCCCCC,amide,1368,0.9586314558982849,0.10800527036190033,-0.8506261855363846,0.8506261855363846,0.9586314558982849,0.10800527036190033,-0.8506261855363846,0.2514999999999994,1.396,1.1445000000000005
CCCN(CCC)[S](=O)(=O)c1ccc(cc1)C(O)=O,[H]c1ccc(S(=O)(=O)N(CCC)CCC)cc1,carboxylic_acid,374,0.10778582096099854,0.635819673538208,0.5280338525772095,0.5280338525772095,0.10778582096099854,0.635819673538208,0.5280338525772095,2.1955,2.497300000000001,0.30180000000000096
C1=CC(=CC2=C1C(C3=C(N(C)[S]2(=O)=O)C=CC=C3)NCCCCCCC(O)=O)Cl,CN1c2ccccc2C(NCCCCCCC(=O)O)c2ccccc2S1(=O)=O,aromatic_chloro,1593,0.958025336265564,0.11305403709411621,-0.8449712991714478,0.8449712991714478,0.958025336265564,0.11305403709411621,-0.8449712991714478,4.192600000000003,3.539200000000002,-0.6534000000000013
C1=CC(=CC2=C1C(C3=C(N(C)[S]2(=O)=O)C=CC=C3)NCCCCCCC(O)=O)Cl,[H]CCCCCCNC1c2ccccc2N(C)S(=O)(=O)c2cc(Cl)ccc21,carboxylic_acid,1593,0.9571296572685242,0.1183856725692749,-0.8387439846992493,0.8387439846992493,0.9571296572685242,0.1183856725692749,-0.8387439846992493,4.192600000000003,4.7378000000000045,0.5452000000000012
CC2(CC(OC(C1NC(=O)CC1)=O)CC(C2)C)C,[H]CCCC(=O)OC1CC(C)CC(C)(C)C1,amide,1116,0.958688497543335,0.9586648344993591,-2.3663043975830078e-05,2.3663043975830078e-05,0.958688497543335,0.9586648344993591,-2.3663043975830078e-05,2.0229999999999997,3.544500000000003,1.5215000000000032
[C@@]23([C@H]([C@H]1[C@H](OC(O1)(C)C)CO2)OC(O3)(C)C)CO[S](N)(=O)=O,[H]OC[C@@]12OC[C@H]3OC(C)(C)O[C@H]3[C@@H]1OC(C)(C)O2,sulfonamide,1617,0.9586809873580933,0.958641767501831,-3.921985626220703e-05,3.921985626220703e-05,0.9586809873580933,0.958641767501831,-3.921985626220703e-05,-0.39539999999999814,0.3767999999999996,0.7721999999999978
CC(C)(C(O)=O)c1ccc(cc1)C(=O)CCCN2CCC(CC2)OC(c3ccccc3)c4ccccc4,[H]C(C)(C)c1ccc(C(=O)CCCN2CCC(OC(c3ccccc3)c3ccccc3)CC2)cc1,carboxylic_acid,436,0.10710962116718292,0.11601424962282181,0.008904628455638885,0.008904628455638885,0.10710962116718292,0.11601424962282181,0.008904628455638885,6.282300000000006,7.043500000000008,0.7612000000000014
Clc1ccc2OC(=O)Nc2c1,O=c1[nH]c2ccccc2o1,aromatic_chloro,525,0.9488224983215332,0.817333459854126,-0.13148903846740723,0.13148903846740723,0.9488224983215332,0.817333459854126,-0.13148903846740723,1.7744999999999997,1.1210999999999998,-0.6534
Fc1ccc(cc1)C(=O)CCCN2CCN(CC2)c3ccccn3,O=C(CCCN1CCN(c2ccccn2)CC1)c1ccccc1,fluoro_aromatic,470,0.9586390852928162,0.9115706086158752,-0.04706847667694092,0.04706847667694092,0.9586390852928162,0.9115706086158752,-0.04706847667694092,3.0058000000000016,2.8667000000000016,-0.1391
Brc1ccc2NC(=O)CN=C(c3ccccn3)c2c1,[H]CN=C(c1cccc(Br)c1)c1ccccn1,amide,492,0.927335262298584,0.8595088720321655,-0.06782639026641846,0.06782639026641846,0.927335262298584,0.8595088720321655,-0.06782639026641846,2.6336000000000004,3.311300000000001,0.6777000000000006
C1=C(Cl)C=CC3=C1C2(OCCN2CC(=O)N3)C4=C(Cl)C=CC=C4,O=C1CN2CCOC2(c2ccccc2Cl)c2ccccc2N1,aromatic_chloro,1754,0.9587116241455078,0.8193491697311401,-0.13936245441436768,0.13936245441436768,0.9587116241455078,0.8193491697311401,-0.13936245441436768,3.4788000000000014,2.825400000000001,-0.6534000000000004
C1=C(Cl)C=CC3=C1C2(OCCN2CC(=O)N3)C4=C(Cl)C=CC=C4,[H]CN1CCOC1(c1cccc(Cl)c1)c1ccccc1Cl,amide,1754,0.9587343335151672,0.9575654864311218,-0.0011688470840454102,0.0011688470840454102,0.9587343335151672,0.9575654864311218,-0.0011688470840454102,3.4788000000000014,4.156500000000003,0.6777000000000015
Clc1ccc(cc1)C(=O)NCCN2CCOCC2,O=C(NCCN1CCOCC1)c1ccccc1,aromatic_chloro,292,0.9586948752403259,0.8564894199371338,-0.10220545530319214,0.10220545530319214,0.9586948752403259,0.8564894199371338,-0.10220545530319214,1.4019999999999997,0.7485999999999999,-0.6533999999999998
OCCN1CCN(CC\C=C/2c3ccccc3COc4ccc(Cl)cc24)CC1,OCCN1CCN(CC/C=C2/c3ccccc3COc3ccccc32)CC1,aromatic_chloro,159,0.951908528804779,0.9578278064727783,0.005919277667999268,0.005919277667999268,0.951908528804779,0.9578278064727783,0.005919277667999268,3.664100000000002,3.0107000000000017,-0.6534000000000004
OCCN1CCN(CC\C=C/2c3ccccc3COc4ccc(Cl)cc24)CC1,[H]CN1CCN(CC/C=C2/c3ccccc3COc3ccc(Cl)cc32)CC1,hydroxyl,159,0.9548882246017456,0.9578108787536621,0.002922654151916504,0.002922654151916504,0.9548882246017456,0.9578108787536621,0.002922654151916504,3.664100000000002,4.301600000000004,0.637500000000002
[C@@H]4(C1=C2C(=CC(=C1)Br)CCO2)C3=C(C=C(Cl)C(=C3)O)CCN(C4)C,CN1CCc2ccc(O)cc2[C@@H](c2cc(Br)cc3c2OCC3)C1,aromatic_chloro,1024,0.9586954116821289,0.9524433612823486,-0.0062520503997802734,0.0062520503997802734,0.9586954116821289,0.9524433612823486,-0.0062520503997802734,4.362800000000004,3.709400000000003,-0.6534000000000004
[C@H](NC(C3=CC=C(NCC1=NC2=C(N=C1)NC(=NC2=O)N)C=C3)=O)(CCC(O)=O)C(O)=O,[H]CC[C@H](NC(=O)c1ccc(NCc2cnc3[nH]c(N)nc(=O)c3n2)cc1)C(=O)O,carboxylic_acid,1255,0.9478526711463928,0.10702403634786606,-0.8408286347985268,0.8408286347985268,0.9478526711463928,0.10702403634786606,-0.8408286347985268,-0.044799999999999174,0.5004000000000002,0.5451999999999994
C1=C(Cl)C=CC3=C1N(C2=CC=CC=C2)C(CCN3)=O,O=C1CCNc2ccccc2N1c1ccccc1,aromatic_chloro,1317,0.9581063389778137,0.9473243355751038,-0.010782003402709961,0.010782003402709961,0.9581063389778137,0.9473243355751038,-0.010782003402709961,3.820300000000003,3.166900000000001,-0.6534000000000022
Nc1nnc(c(N)n1)c2cccc(Cl)c2Cl,Nc1nnc(-c2ccccc2Cl)c(N)n1,aromatic_chloro,19,0.9023411273956299,0.11262588202953339,-0.7897152453660965,0.7897152453660965,0.9023411273956299,0.11262588202953339,-0.7897152453660965,2.0097999999999994,1.3563999999999998,-0.6533999999999995
C(C(CCC)C(N)=O)CC,[H]C(CCC)CCC,amide,2024,0.9586155414581299,0.9585592746734619,-5.626678466796875e-05,5.626678466796875e-05,0.9586155414581299,0.9585592746734619,-5.626678466796875e-05,1.6881,2.976700000000002,1.288600000000002
[C@@H]2(OC1=C(C=CC=C1)CO)O[C@@H]([C@@H](O)[C@@H]([C@H]2O)O)CO,[H]c1ccccc1O[C@@H]1O[C@H](CO)[C@@H](O)[C@H](O)[C@H]1O,hydroxyl,1529,0.958591103553772,0.10765102505683899,-0.850940078496933,0.850940078496933,0.958591103553772,0.10765102505683899,-0.850940078496933,-1.6424,-1.1347000000000005,0.5076999999999996
CCOC(=O)c1ncn2c1CN(C)C(=O)c3cc(F)ccc23,CCOC(=O)c1ncn2c1CN(C)C(=O)c1ccccc1-2,fluoro_aromatic,453,0.1269557923078537,0.7428298592567444,0.6158740669488907,0.6158740669488907,0.1269557923078537,0.7428298592567444,0.6158740669488907,1.7736999999999998,1.6346,-0.13909999999999978
C1=CC(=CC2=C1C(=NO2)C5CCN(CCC3=C(N=C4N(C3=O)C=CC=C4C)C)CC5)F,Cc1nc2c(C)cccn2c(=O)c1CCN1CCC(c2noc3ccccc23)CC1,fluoro_aromatic,1418,0.9587058424949646,0.12357796728610992,-0.8351278752088547,0.8351278752088547,0.9587058424949646,0.12357796728610992,-0.8351278752088547,4.013740000000003,3.874640000000003,-0.1391
CC1(C)S[C@@H]2[C@H](N=CN3CCCCCC3)C(=O)N2[C@H]1C(O)=O,[H]C1N2C(=O)[C@@H](N=CN3CCCCCC3)[C@H]2SC1(C)C,carboxylic_acid,852,0.10698484629392624,0.9586818218231201,0.8516969755291939,0.8516969755291939,0.10698484629392624,0.9586818218231201,0.8516969755291939,1.4062000000000001,1.953,0.5468
C1=CC(=CC=C1C3CN(CC(N2CC(NCC2)=O)=O)C(C3)=O)Cl,O=C1CN(C(=O)CN2CC(c3ccccc3)CC2=O)CCN1,aromatic_chloro,1063,0.9586763381958008,0.1953825205564499,-0.7632938176393509,0.7632938176393509,0.9586763381958008,0.1953825205564499,-0.7632938176393509,0.6142999999999996,-0.039100000000000135,-0.6533999999999998
C1=CC(=CC=C1C3CN(CC(N2CC(NCC2)=O)=O)C(C3)=O)Cl,[H]CN(CC)C(=O)CN1CC(c2ccc(Cl)cc2)CC1=O,amide,1063,0.9586743712425232,0.6208846569061279,-0.33778971433639526,0.33778971433639526,0.9586743712425232,0.6208846569061279,-0.33778971433639526,0.6142999999999996,2.1342,1.5199000000000003
[C@H]5(CN(C(C3=C2C1=CC(=CC=C1CCN2C(=O)C(=C3)C4=CC=CC=C4)Cl)=O)CC5)OCC,CCO[C@H]1CCN(C(=O)c2cc(-c3ccccc3)c(=O)n3c2-c2ccccc2CC3)C1,aromatic_chloro,1869,0.9586688280105591,0.11198754608631134,-0.8466812819242477,0.8466812819242477,0.9586688280105591,0.11198754608631134,-0.8466812819242477,4.642800000000005,3.9894000000000034,-0.6534000000000013
CN1C(=O)CC(=O)N(c2ccccc2)c3cc(Cl)ccc13,CN1C(=O)CC(=O)N(c2ccccc2)c2ccccc21,aromatic_chloro,527,0.9365777969360352,0.957480251789093,0.02090245485305786,0.02090245485305786,0.9365777969360352,0.957480251789093,0.02090245485305786,3.3712000000000018,2.7178000000000004,-0.6534000000000013
CCC(C)(CC)OC(N)=O,[H]OC(C)(CC)CC,amide,605,0.9586309790611267,0.9579320549964905,-0.0006989240646362305,0.0006989240646362305,0.9586309790611267,0.9579320549964905,-0.0006989240646362305,1.6604,1.5574000000000001,-0.10299999999999998
Nc1nc(Cl)nc2n(cnc12)[C@H]3C[C@H](O)[C@@H](CO)O3,Nc1ncnc2c1ncn2[C@H]1C[C@H](O)[C@@H](CO)O1,aromatic_chloro,227,0.11304382979869843,0.11548177152872086,0.0024379417300224304,0.0024379417300224304,0.11304382979869843,0.11548177152872086,0.0024379417300224304,-0.29740000000000044,-0.9508000000000003,-0.6533999999999999
C1=CC(=CC=C1C(CCCN2CC3CCC(C2)CC3)=O)F,O=C(CCCN1CC2CCC(CC2)C1)c1ccccc1,fluoro_aromatic,1919,0.9586878418922424,0.9584652781486511,-0.0002225637435913086,0.0002225637435913086,0.9586878418922424,0.9584652781486511,-0.0002225637435913086,3.910600000000003,3.771500000000003,-0.1391
C4=C(C(CCCN1CCC(CC1)(C2=CC=C(C(=C2)C(F)(F)F)Cl)O)C3=CC=C(C=C3)F)C=CC(=C4)F,OC1(c2cccc(C(F)(F)F)c2)CCN(CCCC(c2ccc(F)cc2)c2ccc(F)cc2)CC1,aromatic_chloro,1440,0.9587352275848389,0.12658144533634186,-0.832153782248497,0.832153782248497,0.9587352275848389,0.12658144533634186,-0.832153782248497,7.532700000000007,6.879300000000007,-0.6534000000000004
C4=C(C(CCCN1CCC(CC1)(C2=CC=C(C(=C2)C(F)(F)F)Cl)O)C3=CC=C(C=C3)F)C=CC(=C4)F,OC1(c2ccc(Cl)c(C(F)(F)F)c2)CCN(CCCC(c2ccccc2)c2ccc(F)cc2)CC1,fluoro_aromatic,1440,0.9587165713310242,0.11490897834300995,-0.8438075929880142,0.8438075929880142,0.9587165713310242,0.11490897834300995,-0.8438075929880142,7.532700000000007,7.393600000000008,-0.1390999999999991
Fc1ccccc1C2=NCC(=S)N(CC(F)(F)F)c3ccc(Cl)cc23,Fc1ccccc1C1=NCC(=S)N(CC(F)(F)F)c2ccccc21,aromatic_chloro,190,0.14153943955898285,0.1429019719362259,0.001362532377243042,0.001362532377243042,0.14153943955898285,0.1429019719362259,0.001362532377243042,5.026200000000003,4.372800000000003,-0.6533999999999995
Fc1ccccc1C2=NCC(=S)N(CC(F)(F)F)c3ccc(Cl)cc23,FC(F)(F)CN1C(=S)CN=C(c2ccccc2)c2cc(Cl)ccc21,fluoro_aromatic,190,0.1424674391746521,0.111882284283638,-0.0305851548910141,0.0305851548910141,0.1424674391746521,0.111882284283638,-0.0305851548910141,5.026200000000003,4.887100000000003,-0.1391
[C@H]24[C@H]1[C@@]([C@@H](C(CO)=O)[C@@H](C1)C)(C[C@@H]([C@@H]2[C@@]3(C(=CC(=O)C=C3)[C@H](C4)F)C)O)C,[H]C(=O)[C@H]1[C@H](C)C[C@H]2[C@@H]3C[C@H](F)C4=CC(=O)C=C[C@]4(C)[C@H]3[C@@H](O)C[C@@]21C,hydroxyl,1829,0.9586988091468811,0.10822566598653793,-0.8504731431603432,0.8504731431603432,0.9586988091468811,0.10822566598653793,-0.8504731431603432,2.636700000000001,3.274200000000002,0.6375000000000011
C1=CC=CC2=C1N(C(=O)N2)CCCN4CCC(C(C3=CC=C(F)C=C3)=O)CC4,O=C(c1ccccc1)C1CCN(CCCn2c(=O)[nH]c3ccccc32)CC1,fluoro_aromatic,1769,0.9586926698684692,0.14746186137199402,-0.8112308084964752,0.8112308084964752,0.9586926698684692,0.14746186137199402,-0.8112308084964752,3.453700000000002,3.314600000000002,-0.1391
C1=C(Cl)C=CC2=C1C(=NC3=C(S2)C=CC=C3)N4CCN(CC4)C,CN1CCN(C2=Nc3ccccc3Sc3ccccc32)CC1,aromatic_chloro,1752,0.9583194255828857,0.9564204812049866,-0.00189894437789917,0.00189894437789917,0.9583194255828857,0.9564204812049866,-0.00189894437789917,4.1303000000000045,3.476900000000003,-0.6534000000000013
CN1CCC(CC1)=C3c2ccccc2Oc4ccc(Cl)cc34,CN1CCC(=C2c3ccccc3Oc3ccccc32)CC1,aromatic_chloro,1751,0.9584977030754089,0.9585718512535095,7.414817810058594e-05,7.414817810058594e-05,0.9584977030754089,0.9585718512535095,7.414817810058594e-05,4.973200000000004,4.319800000000003,-0.6534000000000004
NC(=O)C1(CCN(CCCC(=O)c2ccc(F)cc2)CC1)N3CCCCC3,NC(=O)C1(N2CCCCC2)CCN(CCCC(=O)c2ccccc2)CC1,fluoro_aromatic,160,0.8943576812744141,0.8554233312606812,-0.03893435001373291,0.03893435001373291,0.8943576812744141,0.8554233312606812,-0.03893435001373291,2.5943999999999994,2.4552999999999994,-0.1391
NC(=O)C1(CCN(CCCC(=O)c2ccc(F)cc2)CC1)N3CCCCC3,[H]C1(N2CCCCC2)CCN(CCCC(=O)c2ccc(F)cc2)CC1,amide,160,0.9151816368103027,0.9586839079856873,0.04350227117538452,0.04350227117538452,0.9151816368103027,0.9586839079856873,0.04350227117538452,2.5943999999999994,3.7389000000000028,1.1445000000000034
C1=C(Cl)C=CC3=C1\C(C2=C(C=CC=C2)S3)=C\C4C5CCN(C4)CC5,C(=C1c2ccccc2Sc2ccccc21)C1CN2CCC1CC2,aromatic_chloro,1417,0.9585486054420471,0.9585854411125183,3.6835670471191406e-05,3.6835670471191406e-05,0.9585486054420471,0.9585854411125183,3.6835670471191406e-05,5.5781000000000045,4.924700000000004,-0.6534000000000004
c1c2c(cc(c1)Cl)[C@@H]1[C@H](c3ccccc3O2)CNC1,c1ccc2c(c1)Oc1ccccc1[C@@H]1CNC[C@H]21,aromatic_chloro,334,0.9584511518478394,0.9584320187568665,-1.913309097290039e-05,1.913309097290039e-05,0.9584511518478394,0.9584320187568665,-1.913309097290039e-05,3.9163000000000032,3.262900000000001,-0.6534000000000022
CC(Oc1ccccc1)C(=O)NC2C3SC(C)(C)C(N3C2=O)C(O)=O,[H]C1N2C(=O)C(NC(=O)C(C)Oc3ccccc3)C2SC1(C)C,carboxylic_acid,882,0.10698295384645462,0.10820110142230988,0.0012181475758552551,0.0012181475758552551,0.10698295384645462,0.10820110142230988,0.0012181475758552551,1.0856,1.6323999999999999,0.5468
NC(=O)OCCCc1ccccc1,[H]OCCCc1ccccc1,amide,140,0.9083731174468994,0.11294819414615631,-0.7954249233007431,0.7954249233007431,0.9083731174468994,0.11294819414615631,-0.7954249233007431,1.7145000000000001,1.6115,-0.1030000000000002
C2=C(C1(C(NC(=O)CN1)=O)CC)C=CC=C2,[H]C(CC)(NCC=O)c1ccccc1,amide,1856,0.9587028622627258,0.9586887359619141,-1.4126300811767578e-05,1.4126300811767578e-05,0.9587028622627258,0.9586887359619141,-1.4126300811767578e-05,0.5378999999999992,1.9262,1.3883000000000008
O=C(C4N(C12CC3CC(C1)CC(C2)C3)CC4)O,[H]C1CCN1C12CC3CC(CC(C3)C1)C2,carboxylic_acid,1057,0.9586560130119324,0.958615779876709,-4.023313522338867e-05,4.023313522338867e-05,0.9586560130119324,0.958615779876709,-4.023313522338867e-05,2.1141,2.6609000000000007,0.5468000000000006
C3=C(C1=CCN(CCC)CC1)C2=CC(=CC=C2[NH]3)Cl,CCCN1CC=C(c2c[nH]c3ccccc23)CC1,aromatic_chloro,1579,0.9586743712425232,0.9585540294647217,-0.00012034177780151367,0.00012034177780151367,0.9586743712425232,0.9585540294647217,-0.00012034177780151367,4.320400000000003,3.6670000000000025,-0.6534000000000004
C1=C(Cl)C=CC2=C1C(=NCC(N2CC[S](CC)(=O)=O)=O)C3=CC=CC=C3F,CCS(=O)(=O)CCN1C(=O)CN=C(c2ccccc2F)c2ccccc21,aromatic_chloro,1175,0.9313231110572815,0.20157171785831451,-0.729751393198967,0.729751393198967,0.9313231110572815,0.20157171785831451,-0.729751393198967,3.097800000000002,2.444400000000001,-0.6534000000000013
C1=C(Cl)C=CC2=C1C(=NCC(N2CC[S](CC)(=O)=O)=O)C3=CC=CC=C3F,CCS(=O)(=O)CCN1C(=O)CN=C(c2ccccc2)c2cc(Cl)ccc21,fluoro_aromatic,1175,0.9315151572227478,0.19951231777668,-0.7320028394460678,0.7320028394460678,0.9315151572227478,0.19951231777668,-0.7320028394460678,3.097800000000002,2.958700000000001,-0.1391000000000009
c1(ccc(c(c1)Cl)Cl)CC(N1[C@H](C[C@]2(CC1)NC(NC2=O)=O)CN1CCCC1)=O,O=C1NC(=O)[C@@]2(CCN(C(=O)Cc3cccc(Cl)c3)[C@@H](CN3CCCC3)C2)N1,aromatic_chloro,597,0.9291104078292847,0.19762864708900452,-0.7314817607402802,0.7314817607402802,0.9291104078292847,0.19762864708900452,-0.7314817607402802,2.2009,1.5474999999999999,-0.6534
c1(ccc(c(c1)Cl)Cl)CC(N1[C@H](C[C@]2(CC1)NC(NC2=O)=O)CN1CCCC1)=O,[H]NC(=O)[C]1CCN(C(=O)Cc2ccc(Cl)c(Cl)c2)[C@@H](CN2CCCC2)C1,amide,597,0.9312645196914673,0.19566425681114197,-0.7356002628803253,0.7356002628803253,0.9312645196914673,0.19566425681114197,-0.7356002628803253,2.2009,2.6824900000000005,0.48159000000000063
C[C@@H](O)[C@@H]1[C@H]2SC(=C(N2C1=O)C(O)=O)SC3CC[S](=O)C3,[H]C1=C(SC2CCS(=O)C2)S[C@@H]2[C@@H]([C@@H](C)O)C(=O)N12,carboxylic_acid,915,0.19688966870307922,0.19610805809497833,-0.0007816106081008911,0.0007816106081008911,0.19688966870307922,0.19610805809497833,-0.0007816106081008911,0.40640000000000004,0.9516,0.5451999999999999
C4=C(C(C1=CC=C(C=C1)F)CCCN3CCN(CCNC2=CC=CC=C2)CC3)C=CC(=C4)F,Fc1ccc(C(CCCN2CCN(CCNc3ccccc3)CC2)c2ccccc2)cc1,fluoro_aromatic,1150,0.93136066198349,0.9312780499458313,-8.26120376586914e-05,8.26120376586914e-05,0.93136066198349,0.9312780499458313,-8.26120376586914e-05,5.606600000000006,5.467500000000006,-0.1391
C1=CC(=CC=C1C(NCCCN2CCOCC2)=O)Cl,O=C(NCCCN1CCOCC1)c1ccccc1,aromatic_chloro,1806,0.9315099716186523,0.8973821401596069,-0.03412783145904541,0.03412783145904541,0.9315099716186523,0.8973821401596069,-0.03412783145904541,1.7920999999999998,1.1386999999999998,-0.6534
[C@@H](C(NCC(N(C1=CC=C(C=C1C(C2=CC=CC=C2)=O)Cl)C)=O)=O)(CCCCN)N,CN(C(=O)CNC(=O)[C@@H](N)CCCCN)c1ccccc1C(=O)c1ccccc1,aromatic_chloro,1000,0.9315060377120972,0.6889007687568665,-0.2426052689552307,0.2426052689552307,0.9315060377120972,0.6889007687568665,-0.2426052689552307,2.1063,1.4529,-0.6534
OC1(CCN(CCCC(=O)c2ccc(F)cc2)CC1)c3ccc(Br)cc3,O=C(CCCN1CCC(O)(c2ccc(Br)cc2)CC1)c1ccccc1,fluoro_aromatic,408,0.9304909110069275,0.19715163111686707,-0.7333392798900604,0.7333392798900604,0.9304909110069275,0.19715163111686707,-0.7333392798900604,4.534700000000004,4.3956000000000035,-0.1391000000000009
OC1C(N2CCC1)=NC(C)=C(CCN3CCC(CC3)c4c5ccc(F)cc5on4)C2=O,Cc1nc2n(c(=O)c1CCN1CCC(c3noc4ccccc34)CC1)CCCC2O,fluoro_aromatic,96,0.19904081523418427,0.9196110367774963,0.7205702215433121,0.7205702215433121,0.19904081523418427,0.9196110367774963,0.7205702215433121,3.0813200000000016,2.9422200000000016,-0.1391
CCC(C)C1(CC)C(=O)NC(=O)NC1=O,[H]C(CC)(C(=O)NC=O)C(C)CC,amide,497,0.5065974593162537,0.9312695860862732,0.42467212677001953,0.42467212677001953,0.5065974593162537,0.9312695860862732,0.42467212677001953,0.7948999999999999,1.3313,0.5364
OCCCN4CCN(CCCC2c1ccccc1Sc3ccc(Cl)cc23)CC4,OCCCN1CCN(CCCC2c3ccccc3Sc3ccccc32)CC1,aromatic_chloro,1650,0.9314691424369812,0.9313408732414246,-0.00012826919555664062,0.00012826919555664062,0.9314691424369812,0.9313408732414246,-0.00012826919555664062,4.716700000000004,4.0633000000000035,-0.6534000000000004
OCCCN4CCN(CCCC2c1ccccc1Sc3ccc(Cl)cc23)CC4,[H]CCN1CCN(CCCC2c3ccccc3Sc3ccc(Cl)cc32)CC1,hydroxyl,1650,0.9314256906509399,0.9313403964042664,-8.529424667358398e-05,8.529424667358398e-05,0.9314256906509399,0.9313403964042664,-8.529424667358398e-05,4.716700000000004,5.354200000000006,0.637500000000002
[C@H]1(NC(=O)CC1)C(=O)N2CCCCC2,[H]CC[CH]C(=O)N1CCCCC1,amide,1206,0.9311291575431824,0.9314005970954895,0.0002714395523071289,0.0002714395523071289,0.9311291575431824,0.9314005970954895,0.0002714395523071289,0.2774999999999992,1.61319,1.3356900000000007
C1=CC(=CC2=C1N(C(CN=C2C3=CC=CC=C3)=O)C[P](C)(C)=O)Cl,CP(C)(=O)CN1C(=O)CN=C(c2ccccc2)c2ccccc21,aromatic_chloro,1257,0.9313779473304749,0.9029801487922668,-0.028397798538208008,0.028397798538208008,0.9313779473304749,0.9029801487922668,-0.028397798538208008,4.104200000000003,3.450800000000002,-0.6534000000000013
C(C(C3(C(CC4C2CCC1=CC(C=CC1(C)C2C(CC34C)O)=O)=C)O)=O)O,[H]C(=O)C1(O)C(=C)CC2C3CCC4=CC(=O)C=CC4(C)C3C(O)CC21C,hydroxyl,1480,0.9313638806343079,0.19631122052669525,-0.7350526601076126,0.7350526601076126,0.9313638806343079,0.19631122052669525,-0.7350526601076126,1.7237,2.3612000000000006,0.6375000000000006
C2=C(C1(C(NC(=O)CN1)=O)CC)C=CC=C2,[H]C(CC)(NCC=O)c1ccccc1,amide,1856,0.9315314292907715,0.9311267137527466,-0.00040471553802490234,0.00040471553802490234,0.9315314292907715,0.9311267137527466,-0.00040471553802490234,0.5378999999999992,1.9262,1.3883000000000008
C1=C(C=C(C=C1OCC2CNC(O2)=O)C)C,[H]OC(C)COc1cc(C)cc(C)c1,amide,1888,0.9313850402832031,0.19681985676288605,-0.7345651835203171,0.7345651835203171,0.9313850402832031,0.19681985676288605,-0.7345651835203171,1.79064,2.06304,0.2724
CC(C)(C)c1ccc(CN2CCN(CC2)C(c3ccccc3)c4ccc(Cl)cc4)cc1,CC(C)(C)c1ccc(CN2CCN(C(c3ccccc3)c3ccccc3)CC2)cc1,aromatic_chloro,493,0.7389077544212341,0.9305257797241211,0.19161802530288696,0.19161802530288696,0.7389077544212341,0.9305257797241211,0.19161802530288696,6.544700000000008,5.891300000000006,-0.6534000000000013
O=C1NCCN1C4CCN(CCC3COc2ccccc2O3)CC4,[H]N(CC)C1CCN(CCC2COc3ccccc3O2)CC1,amide,1005,0.9312847852706909,0.9311463236808777,-0.00013846158981323242,0.00013846158981323242,0.9312847852706909,0.9311463236808777,-0.00013846158981323242,1.7060999999999997,2.2904,0.5843000000000003
C3=C(N2C(C(C1=CC=CC=C1)CC2=O)=O)C(=CC(=C3)[S](N)(=O)=O)Cl,NS(=O)(=O)c1ccc(N2C(=O)CC(c3ccccc3)C2=O)cc1,aromatic_chloro,1551,0.9314204454421997,0.19613207876682281,-0.7352883666753769,0.7352883666753769,0.9314204454421997,0.19613207876682281,-0.7352883666753769,2.0345,1.3811,-0.6534
C3=C(N2C(C(C1=CC=CC=C1)CC2=O)=O)C(=CC(=C3)[S](N)(=O)=O)Cl,[H]c1ccc(N2C(=O)CC(c3ccccc3)C2=O)c(Cl)c1,sulfonamide,1551,0.9314605593681335,0.7471507787704468,-0.18430978059768677,0.18430978059768677,0.9314605593681335,0.7471507787704468,-0.18430978059768677,2.0345,3.387100000000002,1.352600000000002
O=C2N1C(NC(=O)C1)CC2,[H]CN1CCCC1=O,amide,1157,0.9312411546707153,0.9311264157295227,-0.00011473894119262695,0.00011473894119262695,0.9312411546707153,0.9311264157295227,-0.00011473894119262695,-0.9353000000000005,0.2385999999999998,1.1739000000000002
Cc1ncc2C(O)N=C(c3ccccc3F)c4cc(Cl)ccc4n12,Cc1ncc2n1-c1ccccc1C(c1ccccc1F)=NC2O,aromatic_chloro,403,0.9313810467720032,0.9312955141067505,-8.553266525268555e-05,8.553266525268555e-05,0.9313810467720032,0.9312955141067505,-8.553266525268555e-05,3.815120000000002,3.1617200000000016,-0.6534000000000004
Cc1ncc2C(O)N=C(c3ccccc3F)c4cc(Cl)ccc4n12,Cc1ncc2n1-c1ccc(Cl)cc1C(c1ccccc1)=NC2O,fluoro_aromatic,403,0.9314004778862,0.931243896484375,-0.00015658140182495117,0.00015658140182495117,0.9314004778862,0.931243896484375,-0.00015658140182495117,3.815120000000002,3.676020000000003,-0.1390999999999991
C1=C(C=CC(=C1)[S](N)(=O)=O)C(O)=O,[H]c1ccc(S(N)(=O)=O)cc1,carboxylic_acid,1061,0.9309425354003906,0.9050759673118591,-0.025866568088531494,0.025866568088531494,0.9309425354003906,0.9050759673118591,-0.025866568088531494,0.032200000000000284,0.3340000000000002,0.3017999999999999
C1=C(C=CC(=C1)[S](N)(=O)=O)C(O)=O,[H]c1ccc(C(=O)O)cc1,sulfonamide,1061,0.9302215576171875,0.924268364906311,-0.005953192710876465,0.005953192710876465,0.9302215576171875,0.924268364906311,-0.005953192710876465,0.032200000000000284,1.3848000000000003,1.3526
Fc5ccc4c(CCCN1CCC(CC1)n2c(=O)[nH]c3ccccc23)noc4c5,O=c1[nH]c2ccccc2n1C1CCN(CCCc2noc3ccccc23)CC1,fluoro_aromatic,1395,0.9315358400344849,0.9204348921775818,-0.011100947856903076,0.011100947856903076,0.9315358400344849,0.9204348921775818,-0.011100947856903076,3.8796000000000026,3.7405000000000017,-0.1391000000000009
CN(Cc1cnc2nc(N)nc(N)c2n1)c3ccc(cc3)C(=O)N[C@@H](CCC(O)=O)C(O)=O,[H]CC[C@H](NC(=O)c1ccc(N(C)Cc2cnc3nc(N)nc(N)c3n2)cc1)C(=O)O,carboxylic_acid,304,0.19595201313495636,0.19616807997226715,0.00021606683731079102,0.00021606683731079102,0.19595201313495636,0.19616807997226715,0.00021606683731079102,0.2684000000000003,0.8136000000000001,0.5451999999999998
C4=C(N1C3(C(NC1)=O)CCN(CCCOC2=CC=C(C=C2)F)CC3)C=CC=C4,O=C1NCN(c2ccccc2)C12CCN(CCCOc1ccccc1)CC2,fluoro_aromatic,1546,0.9314505457878113,0.9312700033187866,-0.0001805424690246582,0.0001805424690246582,0.9314505457878113,0.9312700033187866,-0.0001805424690246582,3.023100000000002,2.8840000000000012,-0.1391000000000009
C4=C(N1C3(C(NC1)=O)CCN(CCCOC2=CC=C(C=C2)F)CC3)C=CC=C4,[H]C1(N(C)c2ccccc2)CCN(CCCOc2ccc(F)cc2)CC1,amide,1546,0.9314359426498413,0.9313855767250061,-5.036592483520508e-05,5.036592483520508e-05,0.9314359426498413,0.9313855767250061,-5.036592483520508e-05,3.023100000000002,4.195400000000004,1.1723000000000017
C1=CC=CC3=C1C(N(C2C(NCCC2)=O)[S]3(=O)=O)=O,[H]C(CCC)N1C(=O)c2ccccc2S1(=O)=O,amide,1992,0.931285560131073,0.20894624292850494,-0.722339317202568,0.722339317202568,0.931285560131073,0.20894624292850494,-0.722339317202568,0.10970000000000013,1.6312,1.5214999999999999
c1(ccc(c(c1)Cl)Cl)CC(=O)N1[C@H](C[N@@](C)CC1)CN1CCCC1,CN1CCN(C(=O)Cc2cccc(Cl)c2)[C@@H](CN2CCCC2)C1,aromatic_chloro,595,0.9315041899681091,0.9253972172737122,-0.006106972694396973,0.006106972694396973,0.9315041899681091,0.9253972172737122,-0.006106972694396973,2.774300000000001,2.1209,-0.6534000000000013
CC[C@@H](CO)NCCN[C@@H](CC)CO,[H]C(CC)NCCN[C@@H](CC)CO,hydroxyl,715,0.9314112067222595,0.9315175414085388,0.00010633468627929688,0.00010633468627929688,0.9314112067222595,0.9315175414085388,0.00010633468627929688,-0.292599999999999,0.34649999999999986,0.6390999999999989
C1=CC=CC4=C1C(N(CCCN3CCN(C2=CC(=CC=C2)Cl)CC3)C(N4)=O)=O,O=c1[nH]c2ccccc2c(=O)n1CCCN1CCN(c2ccccc2)CC1,aromatic_chloro,1098,0.9314665794372559,0.8121953010559082,-0.11927127838134766,0.11927127838134766,0.9314665794372559,0.8121953010559082,-0.11927127838134766,2.5555000000000003,1.9021000000000001,-0.6534000000000002
Clc1cccc(c1)N2CCN(CCCN3N=C4C=CC=CN4C3=O)CC2,O=c1n(CCCN2CCN(c3ccccc3)CC2)nc2ccccn12,aromatic_chloro,222,0.9314749240875244,0.9287084937095642,-0.002766430377960205,0.002766430377960205,0.9314749240875244,0.9287084937095642,-0.002766430377960205,2.3617,1.7083,-0.6534
OCC1OC(C(O)C1O)N2C=CC(=O)NC2=O,[H]C1OC(n2ccc(=O)[nH]c2=O)C(O)C1O,hydroxyl,246,0.19632703065872192,0.19852259755134583,0.0021955668926239014,0.0021955668926239014,0.19632703065872192,0.19852259755134583,0.0021955668926239014,-2.8519000000000005,-2.2127999999999997,0.6391000000000009
c12c(C(N(Cc3n1cnc3c1noc(n1)C(O)(C)C)C)=O)c(ccc2)Cl,CN1Cc2c(-c3noc(C(C)(C)O)n3)ncn2-c2ccccc2C1=O,aromatic_chloro,389,0.20661433041095734,0.23392519354820251,0.027310863137245178,0.027310863137245178,0.20661433041095734,0.23392519354820251,0.027310863137245178,2.3887,1.7352999999999998,-0.6534000000000002
COc1ccc2n(c(C)c(CC(O)=O)c2c1)C(=O)c3ccc(Cl)cc3,COc1ccc2c(c1)c(CC(=O)O)c(C)n2C(=O)c1ccccc1,aromatic_chloro,263,0.19584105908870697,0.1995447427034378,0.003703683614730835,0.003703683614730835,0.19584105908870697,0.1995447427034378,0.003703683614730835,3.9273200000000026,3.2739200000000013,-0.6534000000000013
COc1ccc2n(c(C)c(CC(O)=O)c2c1)C(=O)c3ccc(Cl)cc3,[H]Cc1c(C)n(C(=O)c2ccc(Cl)cc2)c2ccc(OC)cc12,carboxylic_acid,263,0.19589859247207642,0.9226617217063904,0.726763129234314,0.726763129234314,0.19589859247207642,0.9226617217063904,0.726763129234314,3.9273200000000026,4.608640000000004,0.6813200000000013
C1=CC=CC=C1N2C4(C(NC2)=O)CCN(CC\C=C(C3=CC=C(F)C=C3)\C)CC4,C/C(=C/CCN1CCC2(CC1)C(=O)NCN2c1ccccc1)c1ccccc1,fluoro_aromatic,1547,0.9314364790916443,0.2425086796283722,-0.6889277994632721,0.6889277994632721,0.9314364790916443,0.2425086796283722,-0.6889277994632721,4.047600000000004,3.9085000000000027,-0.1391000000000009
C1=CC=CC=C1N2C4(C(NC2)=O)CCN(CC\C=C(C3=CC=C(F)C=C3)\C)CC4,[H]C1(N(C)c2ccccc2)CCN(CC/C=C(/C)c2ccc(F)cc2)CC1,amide,1547,0.9314225912094116,0.9313333630561829,-8.922815322875977e-05,8.922815322875977e-05,0.9314225912094116,0.9313333630561829,-8.922815322875977e-05,4.047600000000004,5.219900000000005,1.1723000000000017
FC(F)(F)[C@]1(OC(=O)Nc2ccc(Cl)cc12)C#CC3CC3,O=C1Nc2ccccc2[C@@](C#CC2CC2)(C(F)(F)F)O1,aromatic_chloro,713,0.9315508604049683,0.9313885569572449,-0.00016230344772338867,0.00016230344772338867,0.9315508604049683,0.9313885569572449,-0.00016230344772338867,4.073100000000002,3.4197000000000015,-0.6534000000000004
FC(F)(F)[C@]1(OC(=O)Nc2ccc(Cl)cc12)C#CC3CC3,[H]O[C@@](C#CC1CC1)(c1cccc(Cl)c1)C(F)(F)F,amide,713,0.9314336776733398,0.9313462972640991,-8.738040924072266e-05,8.738040924072266e-05,0.9314336776733398,0.9313462972640991,-8.738040924072266e-05,4.073100000000002,3.503300000000001,-0.5698000000000008
C1=C(C(F)(F)F)C=CC3=C1C(C2=C(C=C(F)C=C2)S3)CCCN4CCN(CCO)CC4,OCCN1CCN(CCCC2c3ccccc3Sc3ccc(C(F)(F)F)cc32)CC1,fluoro_aromatic,1577,0.9313453435897827,0.931450605392456,0.00010526180267333984,0.00010526180267333984,0.9313453435897827,0.931450605392456,0.00010526180267333984,4.831100000000006,4.692000000000006,-0.1391
C1=C(C(F)(F)F)C=CC3=C1C(C2=C(C=C(F)C=C2)S3)CCCN4CCN(CCO)CC4,[H]CN1CCN(CCCC2c3ccc(F)cc3Sc3ccc(C(F)(F)F)cc32)CC1,hydroxyl,1577,0.931443989276886,0.9313538074493408,-9.018182754516602e-05,9.018182754516602e-05,0.931443989276886,0.9313538074493408,-9.018182754516602e-05,4.831100000000006,5.468600000000006,0.6374999999999993
C1=CC(=NC2=C1C(C(=CN2CC)C(O)=O)=O)CC3=CC=CC=C3,[H]c1cn(CC)c2nc(Cc3ccccc3)ccc2c1=O,carboxylic_acid,1675,0.9313011765480042,0.9311906099319458,-0.00011056661605834961,0.00011056661605834961,0.9313011765480042,0.9311906099319458,-0.00011056661605834961,2.705400000000001,3.007200000000002,0.30180000000000096
OC(=O)COCCN1CCN(CC1)C(c2ccccc2)c3ccc(Cl)cc3,O=C(O)COCCN1CCN(C(c2ccccc2)c2ccccc2)CC1,aromatic_chloro,437,0.21539950370788574,0.9310688376426697,0.7156693339347839,0.7156693339347839,0.21539950370788574,0.9310688376426697,0.7156693339347839,3.148200000000002,2.4948000000000006,-0.6534000000000013
OC(=O)COCCN1CCN(CC1)C(c2ccccc2)c3ccc(Cl)cc3,[H]COCCN1CCN(C(c2ccccc2)c2ccc(Cl)cc2)CC1,carboxylic_acid,437,0.2132703810930252,0.93129962682724,0.7180292457342148,0.7180292457342148,0.2132703810930252,0.93129962682724,0.7180292457342148,3.148200000000002,3.693400000000003,0.5452000000000012
Fc1ccc(cc1)C(=O)CCCN2CCN(CC2)c3ccccn3,O=C(CCCN1CCN(c2ccccn2)CC1)c1ccccc1,fluoro_aromatic,470,0.9310266971588135,0.9284306764602661,-0.0025960206985473633,0.0025960206985473633,0.9310266971588135,0.9284306764602661,-0.0025960206985473633,3.0058000000000016,2.8667000000000016,-0.1391
[C@H]24[C@H]1[C@@]([C@@H](C(CO)=O)[C@@H](C1)C)(C[C@@H]([C@@H]2[C@@]3(C(=CC(=O)C=C3)[C@H](C4)F)C)O)C,[H]C(=O)[C@H]1[C@H](C)C[C@H]2[C@@H]3C[C@H](F)C4=CC(=O)C=C[C@]4(C)[C@H]3[C@@H](O)C[C@@]21C,hydroxyl,1829,0.9313108325004578,0.19674091041088104,-0.7345699220895767,0.7345699220895767,0.9313108325004578,0.19674091041088104,-0.7345699220895767,2.636700000000001,3.274200000000002,0.6375000000000011
C1=C(C(=CC=C1Cl)N(C(CNCC(C)=C)=O)C)C(C2=CC=CC=C2)=O,C=C(C)CNCC(=O)N(C)c1ccccc1C(=O)c1ccccc1,aromatic_chloro,1796,0.9312832355499268,0.9311837553977966,-9.948015213012695e-05,9.948015213012695e-05,0.9312832355499268,0.9311837553977966,-9.948015213012695e-05,3.699500000000003,3.046100000000002,-0.6534000000000013
C1=CC=CC2=C1C(N(C2=O)C3=NC4=C(C=C3)C=CC(=N4)Cl)CC(=O)N6CCC5(OCCO5)CC6,O=C(CC1c2ccccc2C(=O)N1c1ccc2cccnc2n1)N1CCC2(CC1)OCCO2,aromatic_chloro,1439,0.9313907623291016,0.19941367208957672,-0.7319770902395248,0.7319770902395248,0.9313907623291016,0.19941367208957672,-0.7319770902395248,3.740300000000002,3.086900000000001,-0.6534000000000013
C(C(C=C)N)CC(O)=O,[H]CCC(N)C=C,carboxylic_acid,1645,0.9312251210212708,0.9311608076095581,-6.431341171264648e-05,6.431341171264648e-05,0.9312251210212708,0.9311608076095581,-6.431341171264648e-05,0.3645000000000001,0.9097000000000001,0.5451999999999999
[C@H]23C([C@@]1(OC(O[C@@H]1C2)(CC)CC)C(=O)CO)(C[C@H](O)[C@@]4(F)C3CCC5=CC(=O)C=CC45C)C,[H]C(=O)[C@@]12OC(CC)(CC)O[C@@H]1C[C@H]1C3CCC4=CC(=O)C=CC4(C)[C@@]3(F)[C@@H](O)CC12C,hydroxyl,974,0.9311032295227051,0.197085440158844,-0.7340177893638611,0.7340177893638611,0.9311032295227051,0.197085440158844,-0.7340177893638611,3.1990000000000016,3.8365000000000027,0.6375000000000011
CCN1C=C(C(O)=O)C(=O)c2cc(F)c(cc12)N3CCN(C)CC3,[H]c1cn(CC)c2cc(N3CCN(C)CC3)c(F)cc2c1=O,carboxylic_acid,571,0.19581396877765656,0.9312700033187866,0.7354560345411301,0.7354560345411301,0.19581396877765656,0.9312700033187866,0.7354560345411301,1.6105000000000003,1.9122999999999999,0.3017999999999996
CCN1C=C(C(O)=O)C(=O)c2cc(F)c(cc12)N3CCN(C)CC3,CCn1cc(C(=O)O)c(=O)c2ccc(N3CCN(C)CC3)cc21,fluoro_aromatic,571,0.1957486867904663,0.22048820555210114,0.024739518761634827,0.024739518761634827,0.1957486867904663,0.22048820555210114,0.024739518761634827,1.6105000000000003,1.4714000000000003,-0.1391
C1=C(Cl)C=CC2=C1C(=NCC(N2)=O)C3=CC=CC=C3Cl,O=C1CN=C(c2ccccc2Cl)c2ccccc2N1,aromatic_chloro,1772,0.9314269423484802,0.9311944246292114,-0.00023251771926879883,0.00023251771926879883,0.9314269423484802,0.9311944246292114,-0.00023251771926879883,3.7829000000000015,3.129500000000002,-0.6533999999999995
C1=C(Cl)C=CC2=C1C(=NCC(N2)=O)C3=CC=CC=C3Cl,[H]CN=C(c1cccc(Cl)c1)c1ccccc1Cl,amide,1772,0.9313305616378784,0.9308004379272461,-0.0005301237106323242,0.0005301237106323242,0.9313305616378784,0.9308004379272461,-0.0005301237106323242,3.7829000000000015,4.460600000000002,0.6777000000000006
c1(ccc(c(c1)Cl)Cl)CC(N1[C@H](C[N@@]2C[C@@H](CC2)O)c2c(CC1)[nH]cn2)=O,O=C(Cc1cccc(Cl)c1)N1CCc2[nH]cnc2[C@H]1CN1CC[C@@H](O)C1,aromatic_chloro,618,0.19596929848194122,0.23201997578144073,0.03605067729949951,0.03605067729949951,0.19596929848194122,0.23201997578144073,0.03605067729949951,2.4516,1.7981999999999998,-0.6534000000000002
NC(CO)(CO)CO,[H]C(N)(CO)CO,hydroxyl,173,0.37769174575805664,0.9310546517372131,0.5533629059791565,0.5533629059791565,0.37769174575805664,0.9310546517372131,0.5533629059791565,-2.3391999999999995,-1.7016999999999998,0.6374999999999997
[C@]23([C@H]([C@H]1[C@]([C@](C(CO)=O)(C)[C@@H](C1)C)(C)C[C@@H]2O)CCC4=CC(=O)C=C[C@]34C)F,[H]C(=O)[C@@]1(C)[C@H](C)C[C@H]2[C@@H]3CCC4=CC(=O)C=C[C@]4(C)[C@@]3(F)[C@@H](O)C[C@@]21C,hydroxyl,1794,0.9313125610351562,0.19654260575771332,-0.7347699552774429,0.7347699552774429,0.9313125610351562,0.19654260575771332,-0.7347699552774429,3.1709000000000023,3.8084000000000033,0.6375000000000011
OC(C)(C)c1onc(c2ncn3c2CN(C)C(c4c3cccc4Cl)=O)n1,CN1Cc2c(-c3noc(C(C)(C)O)n3)ncn2-c2ccccc2C1=O,aromatic_chloro,66,0.19769863784313202,0.23277971148490906,0.03508107364177704,0.03508107364177704,0.19769863784313202,0.23277971148490906,0.03508107364177704,2.3887,1.7352999999999998,-0.6534000000000002
CN(C)CCOC(=O)COc1ccc(Cl)cc1,CN(C)CCOC(=O)COc1ccccc1,aromatic_chloro,670,0.42834025621414185,0.9244040250778198,0.496063768863678,0.496063768863678,0.42834025621414185,0.9244040250778198,0.496063768863678,1.8235999999999999,1.1701999999999997,-0.6534000000000002
CC1=C(N2[C@H](SC1)[C@H](NC(=O)[C@H](N)c3ccc(O)cc3)C2=O)C(O)=O,[H]C1=C(C)CS[C@@H]2[C@H](NC(=O)[C@H](N)c3ccc(O)cc3)C(=O)N12,carboxylic_acid,744,0.19674983620643616,0.1965533345937729,-0.00019650161266326904,0.00019650161266326904,0.19674983620643616,0.1965533345937729,-0.00019650161266326904,0.15049999999999925,0.6956999999999995,0.5452000000000004
C1=CC=CC2=C1C(N3C2=NCC3)(C4=CC=C(C=C4)Cl)O,OC1(c2ccccc2)c2ccccc2C2=NCCN21,aromatic_chloro,1332,0.9314305782318115,0.9311040639877319,-0.00032651424407958984,0.00032651424407958984,0.9314305782318115,0.9311040639877319,-0.00032651424407958984,2.6092000000000017,1.9558000000000004,-0.6534000000000013
CN1C(=O)C(O)N=C(c2ccccc2)c3cc(Cl)ccc13,CN1C(=O)C(O)N=C(c2ccccc2)c2ccccc21,aromatic_chloro,214,0.9100374579429626,0.8474568128585815,-0.0625806450843811,0.0625806450843811,0.9100374579429626,0.8474568128585815,-0.0625806450843811,2.4722,1.8187999999999995,-0.6534000000000004
C1=C(Cl)C=CC3=C1C2(OCCN2CC(=O)N3)C4=C(Cl)C=CC=C4,O=C1CN2CCOC2(c2ccccc2Cl)c2ccccc2N1,aromatic_chloro,1754,0.9315241575241089,0.9294490814208984,-0.0020750761032104492,0.0020750761032104492,0.9315241575241089,0.9294490814208984,-0.0020750761032104492,3.4788000000000014,2.825400000000001,-0.6534000000000004
C1=C(Cl)C=CC3=C1C2(OCCN2CC(=O)N3)C4=C(Cl)C=CC=C4,[H]CN1CCOC1(c1cccc(Cl)c1)c1ccccc1Cl,amide,1754,0.9314714074134827,0.9312081336975098,-0.0002632737159729004,0.0002632737159729004,0.9314714074134827,0.9312081336975098,-0.0002632737159729004,3.4788000000000014,4.156500000000003,0.6777000000000015
C[C@](N)(Cc1ccc(O)c(O)c1)C(O)=O,[H][C@@](C)(N)Cc1ccc(O)c(O)c1,carboxylic_acid,306,0.1962950974702835,0.1966371089220047,0.0003420114517211914,0.0003420114517211914,0.1962950974702835,0.1966371089220047,0.0003420114517211914,0.4423000000000001,0.9874999999999998,0.5451999999999997
C(C(C1(CCC2C4C(C(CC12C)O)(F)C3(C=CC(C=C3CC4)=O)C)O)=O)O,[H]C(=O)C1(O)CCC2C3CCC4=CC(=O)C=CC4(C)C3(F)C(O)CC21C,hydroxyl,1305,0.9307913184165955,0.1965077519416809,-0.7342835664749146,0.7342835664749146,0.9307913184165955,0.1965077519416809,-0.7342835664749146,1.6496999999999993,2.287200000000001,0.6375000000000015
C1=CC(=CC=C1C2(C(CC(C)C)N(C)C)CCC2)Cl,CC(C)CC(N(C)C)C1(c2ccccc2)CCC1,aromatic_chloro,1540,0.9313297271728516,0.9313214421272278,-8.285045623779297e-06,8.285045623779297e-06,0.9313297271728516,0.9313214421272278,-8.285045623779297e-06,4.738000000000005,4.084600000000004,-0.6534000000000013
O=C1NC(=O)C(N1)(c2ccccc2)c3ccccc3,[H]NC(C=O)(c1ccccc1)c1ccccc1,amide,580,0.8671280741691589,0.8933750987052917,0.026247024536132812,0.026247024536132812,0.8671280741691589,0.8933750987052917,0.026247024536132812,1.7695999999999998,2.0878,0.31820000000000026
Cc1sc(SCC2=C(N3[C@H](SC2)[C@H](NC(=O)[C@H](O)c4ccccc4)C3=O)C(O)=O)nn1,[H]C1=C(CSc2nnc(C)s2)CS[C@@H]2[C@H](NC(=O)[C@H](O)c3ccccc3)C(=O)N12,carboxylic_acid,751,0.19632767140865326,0.19616933166980743,-0.0001583397388458252,0.0001583397388458252,0.19632767140865326,0.19616933166980743,-0.0001583397388458252,1.4108199999999997,1.9560199999999996,0.5451999999999999
[C@@H]3(N(C1=C(C=CC=C1)F)C(COC)=O)[C@@H](CN(CCN2C(N(CC)N=N2)=O)CC3)C,CCn1nnn(CCN2CC[C@H](N(C(=O)COC)c3ccccc3)[C@H](C)C2)c1=O,fluoro_aromatic,1704,0.9315712451934814,0.2056434154510498,-0.7259278297424316,0.7259278297424316,0.9315712451934814,0.2056434154510498,-0.7259278297424316,0.9888000000000001,0.8497000000000003,-0.13909999999999978
NCC1(CCCCC1)CC(O)=O,[H]CC1(CN)CCCCC1,carboxylic_acid,119,0.9313805103302002,0.9312471151351929,-0.00013339519500732422,0.00013339519500732422,0.9313805103302002,0.9312471151351929,-0.00013339519500732422,1.3703,1.9155000000000002,0.5452000000000001
C3=C(C1=NC(C(=O)NC2=C1N=C(Cl)C=C2)O)C(=CC=C3)Cl,O=C1Nc2cccnc2C(c2ccccc2Cl)=NC1O,aromatic_chloro,1321,0.9305893778800964,0.9284722208976746,-0.002117156982421875,0.002117156982421875,0.9305893778800964,0.9284722208976746,-0.002117156982421875,2.4963000000000006,1.8429,-0.6534000000000006
C3=C(C1=NC(C(=O)NC2=C1N=C(Cl)C=C2)O)C(=CC=C3)Cl,[H]C(O)N=C(c1cccc(Cl)n1)c1ccccc1Cl,amide,1321,0.9311628937721252,0.9270447492599487,-0.004118144512176514,0.004118144512176514,0.9311628937721252,0.9270447492599487,-0.004118144512176514,2.4963000000000006,3.175600000000001,0.6793000000000005
C1=C(Cl)C=CC2=C1C(=NCC(N2CC[S](C3=CC=C(C)C=C3)(=O)=O)=O)C4=CC=CC=C4Cl,Cc1ccc(S(=O)(=O)CCN2C(=O)CN=C(c3ccccc3Cl)c3ccccc32)cc1,aromatic_chloro,1615,0.931542694568634,0.19873380661010742,-0.7328088879585266,0.7328088879585266,0.931542694568634,0.19873380661010742,-0.7328088879585266,4.959720000000004,4.306320000000004,-0.6534000000000004
C1=C2C(=CC=C1)N(C(Cl)(CN=C2C3=CC=CC=C3Cl)CO)C,CN1c2ccccc2C(c2ccccc2)=NCC1(Cl)CO,aromatic_chloro,2019,0.9314388632774353,0.931186854839325,-0.00025200843811035156,0.00025200843811035156,0.9314388632774353,0.931186854839325,-0.00025200843811035156,3.5546000000000024,2.901200000000001,-0.6534000000000013
C1=C2C(=CC=C1)N(C(Cl)(CN=C2C3=CC=CC=C3Cl)CO)C,[H]C1(Cl)CN=C(c2ccccc2Cl)c2ccccc2N1C,hydroxyl,2019,0.9314497113227844,0.9313115477561951,-0.00013816356658935547,0.00013816356658935547,0.9314497113227844,0.9313115477561951,-0.00013816356658935547,3.5546000000000024,4.192100000000003,0.6375000000000002
[C@H]3(CN(C2=CC=C(OCC1=CC=CC(=C1)Cl)C=C2)C(O3)=O)CNC,CNC[C@@H]1CN(c2ccc(OCc3ccccc3)cc2)C(=O)O1,aromatic_chloro,965,0.9314920902252197,0.2608267366886139,-0.6706653535366058,0.6706653535366058,0.9314920902252197,0.2608267366886139,-0.6706653535366058,3.4636000000000022,2.810200000000001,-0.6534000000000013
CCCC(CCC)C(O)=O,[H]C(CCC)CCC,carboxylic_acid,247,0.27038905024528503,0.9312512874603271,0.6608622372150421,0.6608622372150421,0.27038905024528503,0.9312512874603271,0.6608622372150421,2.2874,2.976700000000002,0.689300000000002
C(C2(C1=CCCCC1)C(NC(=O)NC2=O)=O)C,[H]C(CC)(C(=O)NC=O)C1=CCCCC1,amide,1120,0.931430459022522,0.9315318465232849,0.00010138750076293945,0.00010138750076293945,0.931430459022522,0.9315318465232849,0.00010138750076293945,1.2491999999999999,1.7855999999999996,0.5363999999999998
CCC1(C)CC(=O)NC1=O,[H]CC(C)(C=O)CC,amide,628,0.809679388999939,0.9303942918777466,0.12071490287780762,0.12071490287780762,0.809679388999939,0.9303942918777466,0.12071490287780762,0.4491999999999999,1.6215,1.1723000000000001
NC(Cc1ccc(cc1)N(CCCl)CCCl)C(O)=O,[H]C(N)Cc1ccc(N(CCCl)CCCl)cc1,carboxylic_acid,298,0.23521845042705536,0.9313048124313354,0.6960863620042801,0.6960863620042801,0.23521845042705536,0.9313048124313354,0.6960863620042801,1.925,2.4718,0.5468
C1=C(Cl)C=CC3=C1\C(C2=C(C=CC=C2)S3)=C\C4C5CCN(C4)CC5,C(=C1c2ccccc2Sc2ccccc21)C1CN2CCC1CC2,aromatic_chloro,1417,0.9314591884613037,0.9311696887016296,-0.00028949975967407227,0.00028949975967407227,0.9314591884613037,0.9311696887016296,-0.00028949975967407227,5.5781000000000045,4.924700000000004,-0.6534000000000004
[C@@]23([C@H]([C@H]1[C@H](OC(O1)(C)C)CO2)OC(O3)(C)C)CO[S](N)(=O)=O,[H]OC[C@@]12OC[C@H]3OC(C)(C)O[C@H]3[C@@H]1OC(C)(C)O2,sulfonamide,1617,0.9314208626747131,0.9312929511070251,-0.00012791156768798828,0.00012791156768798828,0.9314208626747131,0.9312929511070251,-0.00012791156768798828,-0.39539999999999814,0.3767999999999996,0.7721999999999978
C1=C(Br)SC2=C1C(=NCC3=NN=C([N]23)C)C4=C(C=CC=C4)Cl,Cc1nnc2n1-c1sc(Br)cc1C(c1ccccc1)=NC2,aromatic_chloro,1041,0.9311320781707764,0.9311695098876953,3.743171691894531e-05,3.743171691894531e-05,0.9311320781707764,0.9311695098876953,3.743171691894531e-05,4.404120000000003,3.750720000000003,-0.6534000000000004
NC(N)=N\N=C\c1c(Cl)cccc1Cl,NC(N)=N/N=C/c1ccccc1Cl,aromatic_chloro,255,0.8976934552192688,0.9096632599830627,0.011969804763793945,0.011969804763793945,0.8976934552192688,0.9096632599830627,0.011969804763793945,1.6007000000000005,0.9473,-0.6534000000000004
CC1(C)S[C@@H]2[C@H](NC(=O)[C@H](NC(=O)N3CCN(C3=O)[S](C)(=O)=O)c4ccccc4)C(=O)N2[C@H]1C(O)=O,[H]C1N2C(=O)[C@@H](NC(=O)[C@H](NC(=O)N3CCN(S(C)(=O)=O)C3=O)c3ccccc3)[C@H]2SC1(C)C,carboxylic_acid,860,0.19646522402763367,0.19585241377353668,-0.0006128102540969849,0.0006128102540969849,0.19646522402763367,0.19585241377353668,-0.0006128102540969849,-0.23379999999999784,0.3130000000000015,0.5467999999999993
C1=NC2=C([N]1COCCO)NC(=NC2=O)N,[H]COCn1cnc2c(=O)nc(N)[nH]c21,hydroxyl,953,0.9309667348861694,0.7801299691200256,-0.1508367657661438,0.1508367657661438,0.9309667348861694,0.7801299691200256,-0.1508367657661438,-1.3317999999999997,-0.6943000000000001,0.6374999999999995
C2=C(\C(NCCCC(=O)N)=C/1C=C(F)C=CC1=O)C=CC(=C2)Cl,NC(=O)CCCN/C(=C1\C=C(F)C=CC1=O)c1ccccc1,aromatic_chloro,1487,0.9314430952072144,0.9287729859352112,-0.002670109272003174,0.002670109272003174,0.9314430952072144,0.9287729859352112,-0.002670109272003174,2.898500000000001,2.2451,-0.6534000000000013
C2=C(\C(NCCCC(=O)N)=C/1C=C(F)C=CC1=O)C=CC(=C2)Cl,[H]CCCN/C(=C1\C=C(F)C=CC1=O)c1ccc(Cl)cc1,amide,1487,0.9314864277839661,0.9308199286460876,-0.000666499137878418,0.000666499137878418,0.9314864277839661,0.9308199286460876,-0.000666499137878418,2.898500000000001,4.043000000000003,1.1445000000000016
C1=CC(=CC3=C1[N]2C(=CN=C2C)CN=C3C4=CC=CC=C4Cl)Cl,Cc1ncc2n1-c1ccccc1C(c1ccccc1Cl)=NC2,aromatic_chloro,1746,0.931174635887146,0.9312558174133301,8.118152618408203e-05,8.118152618408203e-05,0.931174635887146,0.9312558174133301,8.118152618408203e-05,4.838520000000003,4.185120000000003,-0.6533999999999995
[C@H](C(NCCCC(O)=O)=O)(C(CO)(C)C)O,[H]CCCNC(=O)[C@H](O)C(C)(C)CO,carboxylic_acid,1281,0.9306384921073914,0.8822371363639832,-0.0484013557434082,0.0484013557434082,0.9306384921073914,0.8822371363639832,-0.0484013557434082,-0.6532000000000002,-0.10800000000000048,0.5451999999999997
C3=C(C2(C1=CC=CC=C1)C(NCN2)=O)C=CC=C3,[H]C(NC)(c1ccccc1)c1ccccc1,amide,1800,0.9310587048530579,0.9311469793319702,8.827447891235352e-05,8.827447891235352e-05,0.9310587048530579,0.9311469793319702,8.827447891235352e-05,1.6071,2.995400000000001,1.388300000000001
Cc1ncc2CN=C(c3ccccc3F)c4cc(Cl)ccc4n12,Cc1ncc2n1-c1ccccc1C(c1ccccc1F)=NC2,aromatic_chloro,311,0.9311372637748718,0.931304395198822,0.0001671314239501953,0.0001671314239501953,0.9311372637748718,0.931304395198822,0.0001671314239501953,4.324220000000003,3.6708200000000026,-0.6534000000000004
Cc1ncc2CN=C(c3ccccc3F)c4cc(Cl)ccc4n12,Cc1ncc2n1-c1ccc(Cl)cc1C(c1ccccc1)=NC2,fluoro_aromatic,311,0.9313083291053772,0.9313066005706787,-1.7285346984863281e-06,1.7285346984863281e-06,0.9313083291053772,0.9313066005706787,-1.7285346984863281e-06,4.324220000000003,4.185120000000003,-0.1391
C1=C(C(=CC=C1Cl)N(C(CN(C(CC#N)C)C)=O)C)C(C2=C(C=CC=C2)F)=O,CC(CC#N)N(C)CC(=O)N(C)c1ccccc1C(=O)c1ccccc1F,aromatic_chloro,969,0.9315145611763,0.5571588277816772,-0.3743557333946228,0.3743557333946228,0.9315145611763,0.5571588277816772,-0.3743557333946228,3.9068800000000037,3.2534800000000024,-0.6534000000000013
C1=C(C(=CC=C1Cl)N(C(CN(C(CC#N)C)C)=O)C)C(C2=C(C=CC=C2)F)=O,CC(CC#N)N(C)CC(=O)N(C)c1ccc(Cl)cc1C(=O)c1ccccc1,fluoro_aromatic,969,0.9315556883811951,0.33486804366111755,-0.5966876447200775,0.5966876447200775,0.9315556883811951,0.33486804366111755,-0.5966876447200775,3.9068800000000037,3.7677800000000037,-0.1391
O=C(C4N(C12CC3CC(C1)CC(C2)C3)CC4)O,[H]C1CCN1C12CC3CC(CC(C3)C1)C2,carboxylic_acid,1057,0.931067705154419,0.9307867884635925,-0.000280916690826416,0.000280916690826416,0.931067705154419,0.9307867884635925,-0.000280916690826416,2.1141,2.6609000000000007,0.5468000000000006
NC(=O)c1cnccn1,[H]c1cnccn1,amide,294,0.23785361647605896,0.9279676675796509,0.6901140511035919,0.6901140511035919,0.23785361647605896,0.9279676675796509,0.6901140511035919,-0.4245000000000001,0.4765999999999999,0.9011
C1=C(SC2=C1C(=NCC3=NN=C([N]23)C)C4=CC=CC=C4Cl)CC,CCc1cc2c(s1)-n1c(C)nnc1CN=C2c1ccccc1,aromatic_chloro,1811,0.9307193756103516,0.9310901165008545,0.0003707408905029297,0.0003707408905029297,0.9307193756103516,0.9310901165008545,0.0003707408905029297,4.2040200000000025,3.550620000000002,-0.6534000000000004
CCC1(C(=O)NCNC1=O)c2ccccc2,[H]C(CC)(C(=O)NC)c1ccccc1,amide,163,0.7624475359916687,0.9314441084861755,0.16899657249450684,0.16899657249450684,0.7624475359916687,0.9314441084861755,0.16899657249450684,0.5378999999999994,1.9262000000000001,1.3883000000000008
C1=C(C(=C(C=C1)Cl)NC2=NCCO2)Cl,Clc1ccccc1NC1=NCCO1,aromatic_chloro,1087,0.9312248229980469,0.9292251467704773,-0.00199967622756958,0.00199967622756958,0.9312248229980469,0.9292251467704773,-0.00199967622756958,2.7915,2.1380999999999997,-0.6534000000000004
C1=CC=CC2=C1N(C3=C(C=C2)C=CC=C3)CCCN4CCN(CCO)CC4,[H]CN1CCN(CCCN2c3ccccc3C=Cc3ccccc32)CC1,hydroxyl,1925,0.931330680847168,0.9313487410545349,1.806020736694336e-05,1.806020736694336e-05,0.931330680847168,0.9313487410545349,1.806020736694336e-05,3.308500000000002,3.9460000000000033,0.6375000000000011
C1=C(C2=C(C(=C1)OC)CCCC2N(C)C)Cl,COc1cccc2c1CCCC2N(C)C,aromatic_chloro,1320,0.9312538504600525,0.9313615560531616,0.00010770559310913086,0.00010770559310913086,0.9312538504600525,0.9313615560531616,0.00010770559310913086,3.287600000000002,2.6342000000000008,-0.6534000000000013
CC(C(O)=O)c1cccc(c1)C(=O)c2ccccc2,[H]C(C)c1cccc(C(=O)c2ccccc2)c1,carboxylic_acid,272,0.1960039734840393,0.9300910234451294,0.7340870499610901,0.7340870499610901,0.1960039734840393,0.9300910234451294,0.7340870499610901,3.1057000000000015,3.480000000000002,0.37430000000000074
C3=C(C(C2CCN(CCCC(C1=CC=C(F)C=C1)=O)CC2)=O)C=CC(=C3)Cl,O=C(CCCN1CCC(C(=O)c2ccccc2)CC1)c1ccc(F)cc1,aromatic_chloro,1102,0.9314795732498169,0.306771844625473,-0.6247077286243439,0.6247077286243439,0.9314795732498169,0.306771844625473,-0.6247077286243439,5.036900000000005,4.383500000000004,-0.6534000000000004
C3=C(C(C2CCN(CCCC(C1=CC=C(F)C=C1)=O)CC2)=O)C=CC(=C3)Cl,O=C(CCCN1CCC(C(=O)c2ccc(Cl)cc2)CC1)c1ccccc1,fluoro_aromatic,1102,0.9314879775047302,0.23395287990570068,-0.6975350975990295,0.6975350975990295,0.9314879775047302,0.23395287990570068,-0.6975350975990295,5.036900000000005,4.897800000000005,-0.1391
C1=CC=CC(=C1N3CCN(CCC2=C[N](C)N=C2)CC3)Cl,Cn1cc(CCN2CCN(c3ccccc3)CC2)cn1,aromatic_chloro,1804,0.9313499927520752,0.9313671588897705,1.71661376953125e-05,1.71661376953125e-05,0.9313499927520752,0.9313671588897705,1.71661376953125e-05,2.4382,1.7847999999999997,-0.6534000000000004
CN1C(CCl)Nc2cc(Cl)c(cc2[S]1(=O)=O)[S](N)(=O)=O,CN1C(CCl)Nc2ccc(S(N)(=O)=O)cc2S1(=O)=O,aromatic_chloro,305,0.19722148776054382,0.19728407263755798,6.258487701416016e-05,6.258487701416016e-05,0.19722148776054382,0.19728407263755798,6.258487701416016e-05,0.5983000000000003,-0.05510000000000004,-0.6534000000000003
CN1C(CCl)Nc2cc(Cl)c(cc2[S]1(=O)=O)[S](N)(=O)=O,[H]c1cc2c(cc1Cl)NC(CCl)N(C)S2(=O)=O,sulfonamide,305,0.19698554277420044,0.9313042163848877,0.7343186736106873,0.7343186736106873,0.19698554277420044,0.9313042163848877,0.7343186736106873,0.5983000000000003,1.9508999999999999,1.3525999999999996
C1=C(C=CC=C1N3CCN(CCC2=N[NH]C(=C2)C)CC3)Cl,Cc1cc(CCN2CCN(c3ccccc3)CC2)n[nH]1,aromatic_chloro,1883,0.9314014911651611,0.9312655329704285,-0.00013595819473266602,0.00013595819473266602,0.9314014911651611,0.9312655329704285,-0.00013595819473266602,2.736220000000001,2.08282,-0.6534000000000013
OC1(CCN(CCCC(=O)c2ccc(F)cc2)CC1)c3cccc(c3)C(F)(F)F,O=C(CCCN1CCC(O)(c2cccc(C(F)(F)F)c2)CC1)c1ccccc1,fluoro_aromatic,239,0.9315556287765503,0.6690748929977417,-0.2624807357788086,0.2624807357788086,0.9315556287765503,0.6690748929977417,-0.2624807357788086,4.791000000000005,4.651900000000004,-0.1391000000000009
C1=C(C=CC=C1C(CNC(CCCO)=O)(CC)CC)OC,[H]CCC(=O)NCC(CC)(CC)c1cccc(OC)c1,hydroxyl,1178,0.931372344493866,0.888435959815979,-0.04293638467788696,0.04293638467788696,0.931372344493866,0.888435959815979,-0.04293638467788696,2.641700000000001,3.279200000000002,0.6375000000000011
CC(C)(C)NCC(O)COc1cccc2NC(=O)CCc12,[H]CCc1ccccc1OCC(O)CNC(C)(C)C,amide,129,0.9316222667694092,0.9306626915931702,-0.0009595751762390137,0.0009595751762390137,0.9316222667694092,0.9306626915931702,-0.0009595751762390137,1.6990999999999998,2.3768000000000002,0.6777000000000004
OC1(CCN(CCCC(=O)c2ccc(F)cc2)CC1)c3ccc(Cl)cc3,O=C(CCCN1CCC(O)(c2ccccc2)CC1)c1ccc(F)cc1,aromatic_chloro,635,0.9313239455223083,0.20914877951145172,-0.7221751660108566,0.7221751660108566,0.9313239455223083,0.20914877951145172,-0.7221751660108566,4.425600000000004,3.7722000000000033,-0.6534000000000004
OC1(CCN(CCCC(=O)c2ccc(F)cc2)CC1)c3ccc(Cl)cc3,O=C(CCCN1CCC(O)(c2ccc(Cl)cc2)CC1)c1ccccc1,fluoro_aromatic,635,0.9308829307556152,0.19973711669445038,-0.7311458140611649,0.7311458140611649,0.9308829307556152,0.19973711669445038,-0.7311458140611649,4.425600000000004,4.286500000000004,-0.1391
CNC1(CCCCC1=O)c2ccccc2Cl,CNC1(c2ccccc2)CCCCC1=O,aromatic_chloro,653,0.9314391613006592,0.9272561073303223,-0.004183053970336914,0.004183053970336914,0.9314391613006592,0.9272561073303223,-0.004183053970336914,2.897800000000001,2.2443999999999997,-0.6534000000000013
C(C1=CC=CC=C1O)(=O)N,[H]c1ccccc1O,amide,1530,0.930991530418396,0.9302065372467041,-0.0007849931716918945,0.0007849931716918945,0.930991530418396,0.9302065372467041,-0.0007849931716918945,0.4910999999999999,1.3922,0.9011000000000002
C1=CC=CC3=C1C(=NC2=CC=CC=C2S3)N4CCN(CCOCCO)CC4,[H]COCCN1CCN(C2=Nc3ccccc3Sc3ccccc32)CC1,hydroxyl,1502,0.9314718246459961,0.9313307404518127,-0.0001410841941833496,0.0001410841941833496,0.9314718246459961,0.9313307404518127,-0.0001410841941833496,2.8560000000000008,3.493500000000002,0.6375000000000011
N[S](=O)(=O)c1cc(C(O)=O)c(NCc2occc2)cc1Cl,NS(=O)(=O)c1ccc(NCc2ccco2)c(C(=O)O)c1,aromatic_chloro,236,0.19629375636577606,0.20742005109786987,0.011126294732093811,0.011126294732093811,0.19629375636577606,0.20742005109786987,0.011126294732093811,1.8907,1.2373,-0.6534
N[S](=O)(=O)c1cc(C(O)=O)c(NCc2occc2)cc1Cl,[H]c1cc(S(N)(=O)=O)c(Cl)cc1NCc1ccco1,carboxylic_acid,236,0.1962382048368454,0.890155553817749,0.6939173489809036,0.6939173489809036,0.1962382048368454,0.890155553817749,0.6939173489809036,1.8907,2.192500000000001,0.30180000000000073
N[S](=O)(=O)c1cc(C(O)=O)c(NCc2occc2)cc1Cl,[H]c1cc(C(=O)O)c(NCc2ccco2)cc1Cl,sulfonamide,236,0.1963055282831192,0.84761643409729,0.6513109058141708,0.6513109058141708,0.1963055282831192,0.84761643409729,0.6513109058141708,1.8907,3.2433000000000005,1.3526000000000005
C1=C(C(=C(C=C1Br)C)O)C(N)=O,[H]c1cc(Br)cc(C)c1O,amide,1039,0.9312583208084106,0.9310157895088196,-0.00024253129959106445,0.00024253129959106445,0.9312583208084106,0.9310157895088196,-0.00024253129959106445,1.56202,2.4631200000000013,0.9011000000000013
C1=CC(=CC3=C1[N]2C(=CN=C2C)CN=C3C4=CC=CC=C4F)Cl,Cc1ncc2n1-c1ccccc1C(c1ccccc1F)=NC2,aromatic_chloro,1901,0.9312919974327087,0.9313178658485413,2.586841583251953e-05,2.586841583251953e-05,0.9312919974327087,0.9313178658485413,2.586841583251953e-05,4.324220000000002,3.6708200000000026,-0.6533999999999995
C1=CC(=CC3=C1[N]2C(=CN=C2C)CN=C3C4=CC=CC=C4F)Cl,Cc1ncc2n1-c1ccc(Cl)cc1C(c1ccccc1)=NC2,fluoro_aromatic,1901,0.9310579895973206,0.9312831163406372,0.0002251267433166504,0.0002251267433166504,0.9310579895973206,0.9312831163406372,0.0002251267433166504,4.324220000000002,4.185120000000002,-0.1391
C1=CC(=CC2=C1C(=C([NH]2)C)C4CCN(CCCC(C3=CC=C(F)C=C3)=O)CC4)OC,COc1ccc2c(C3CCN(CCCC(=O)c4ccccc4)CC3)c(C)[nH]c2c1,fluoro_aromatic,1905,0.9315486550331116,0.19623811542987823,-0.7353105396032333,0.7353105396032333,0.9315486550331116,0.19623811542987823,-0.7353105396032333,5.4665200000000045,5.3274200000000045,-0.1391
Clc1ccc2N(CC3CC3)C(=O)CN=C(c4ccccc4)c2c1,O=C1CN=C(c2ccccc2)c2ccccc2N1CC1CC1,aromatic_chloro,161,0.9313262104988098,0.9311557412147522,-0.0001704692840576172,0.0001704692840576172,0.9313262104988098,0.9311557412147522,-0.0001704692840576172,3.934000000000003,3.2806000000000024,-0.6534000000000004
NC(=O)c1ncn(n1)[C@@H]2O[C@H](CO)[C@@H](O)[C@H]2O,[H]C1O[C@@H](n2cnc(C(N)=O)n2)[C@H](O)[C@@H]1O,hydroxyl,379,0.19808870553970337,0.6823136210441589,0.48422491550445557,0.48422491550445557,0.19808870553970337,0.6823136210441589,0.48422491550445557,-3.0114999999999994,-2.3723999999999994,0.6391
NC(=O)c1ncn(n1)[C@@H]2O[C@H](CO)[C@@H](O)[C@H]2O,[H]c1ncn([C@@H]2O[C@H](CO)[C@@H](O)[C@H]2O)n1,amide,379,0.1981430947780609,0.20198823511600494,0.0038451403379440308,0.0038451403379440308,0.1981430947780609,0.20198823511600494,0.0038451403379440308,-3.0114999999999994,-2.1104000000000003,0.9010999999999991
CCC1(CCC(=O)NC1=O)c2ccccc2,[H]CCC(C=O)(CC)c1ccccc1,amide,634,0.9027052521705627,0.5066908597946167,-0.39601439237594604,0.39601439237594604,0.9027052521705627,0.5066908597946167,-0.39601439237594604,1.771,2.9433000000000016,1.1723000000000017
CC(NC1=NN=C(S1)[S](N)(=O)=O)=O,[H]c1nnc(NC(C)=O)s1,sulfonamide,946,0.8676620721817017,0.9281357526779175,0.06047368049621582,0.06047368049621582,0.8676620721817017,0.9281357526779175,0.06047368049621582,-0.8561000000000003,0.49649999999999983,1.3526000000000002
Cc1nnc2CN=C(c3ccccc3Cl)c4cc(Cl)ccc4n12,Cc1nnc2n1-c1ccc(Cl)cc1C(c1ccccc1)=NC2,aromatic_chloro,537,0.9311141967773438,0.9312275052070618,0.00011330842971801758,0.00011330842971801758,0.9311141967773438,0.9312275052070618,0.00011330842971801758,4.233520000000003,3.5801200000000026,-0.6534000000000004
NC(=O)N1c2ccccc2C=Cc3ccccc13,[H]N1c2ccccc2C=Cc2ccccc21,amide,501,0.9295247793197632,0.9309544563293457,0.0014296770095825195,0.0014296770095825195,0.9295247793197632,0.9309544563293457,0.0014296770095825195,3.3872000000000018,3.9140000000000015,0.5267999999999997
CO[C@@]12[C@H](COC(N)=O)C3=C(N1C[C@@H]4N[C@H]24)C(=O)C(=C(N)C3=O)C,[H]OC[C@@H]1C2=C(C(=O)C(C)=C(N)C2=O)N2C[C@@H]3N[C@@H]3[C@]12OC,amide,865,0.19632482528686523,0.1962565928697586,-6.823241710662842e-05,6.823241710662842e-05,0.19632482528686523,0.1962565928697586,-6.823241710662842e-05,-1.6511999999999964,-1.7541999999999969,-0.10300000000000042
C1=CC(=CN=C1N2C(C3=C(C2=O)N=CC=N3)OC(N4CCN(C)CC4)=O)Cl,CN1CCN(C(=O)OC2c3nccnc3C(=O)N2c2ccccn2)CC1,aromatic_chloro,1660,0.9314274787902832,0.19985735416412354,-0.7315701246261597,0.7315701246261597,0.9314274787902832,0.19985735416412354,-0.7315701246261597,1.5679999999999998,0.9146000000000001,-0.6533999999999998
CC1(C)S[C@@H]2[C@H](NC(=O)[C@H](NC(=O)C(C)(C)Oc3ccc(Cl)cc3)c4ccccc4)C(=O)N2[C@H]1C(O)=O,CC(C)(Oc1ccccc1)C(=O)N[C@@H](C(=O)N[C@@H]1C(=O)N2[C@@H]1SC(C)(C)[C@@H]2C(=O)O)c1ccccc1,aromatic_chloro,823,0.19631993770599365,0.1961408406496048,-0.00017909705638885498,0.00017909705638885498,0.19631993770599365,0.1961408406496048,-0.00017909705638885498,2.9866,2.333199999999999,-0.6534000000000013
CC1(C)S[C@@H]2[C@H](NC(=O)[C@H](NC(=O)C(C)(C)Oc3ccc(Cl)cc3)c4ccccc4)C(=O)N2[C@H]1C(O)=O,[H]C1N2C(=O)[C@@H](NC(=O)[C@H](NC(=O)C(C)(C)Oc3ccc(Cl)cc3)c3ccccc3)[C@H]2SC1(C)C,carboxylic_acid,823,0.19642634689807892,0.1957080364227295,-0.0007183104753494263,0.0007183104753494263,0.19642634689807892,0.1957080364227295,-0.0007183104753494263,2.9866,3.533400000000002,0.546800000000002
Clc1ccccc1C(n2ccnc2)(c3ccccc3)c4ccccc4,c1ccc(C(c2ccccc2)(c2ccccc2)n2ccnc2)cc1,aromatic_chloro,154,0.9308493733406067,0.9311075806617737,0.0002582073211669922,0.0002582073211669922,0.9308493733406067,0.9311075806617737,0.0002582073211669922,5.376700000000004,4.723300000000004,-0.6534000000000004
C1=C(Cl)C=CC5=C1N(CCCN4CCC3(N2C(CCCC2)NC3=O)CC4)C6=C(CC5)C=CC=C6,O=C1NC2CCCCN2C12CCN(CCCN1c3ccccc3CCc3ccccc31)CC2,aromatic_chloro,1378,0.9314363598823547,0.9313262104988098,-0.00011014938354492188,0.00011014938354492188,0.9314363598823547,0.9313262104988098,-0.00011014938354492188,4.743200000000004,4.089800000000003,-0.6534000000000013
C1=C(Cl)C=CC5=C1N(CCCN4CCC3(N2C(CCCC2)NC3=O)CC4)C6=C(CC5)C=CC=C6,[H]C1(N2CCCCC2)CCN(CCCN2c3ccccc3CCc3ccc(Cl)cc32)CC1,amide,1378,0.9313788414001465,0.9312986135482788,-8.022785186767578e-05,8.022785186767578e-05,0.9313788414001465,0.9312986135482788,-8.022785186767578e-05,4.743200000000004,5.917100000000007,1.1739000000000024
C(C(COC(N)=O)(C(CC)C)C)OC(NC(C)C)=O,[H]OCC(C)(COC(=O)NC(C)C)C(C)CC,amide,1404,0.9312185049057007,0.9312579035758972,3.93986701965332e-05,3.93986701965332e-05,0.9312185049057007,0.9312579035758972,3.93986701965332e-05,2.2687,2.1657,-0.10299999999999976
CCCC(C)C1(CC)C(=O)NC(=O)NC1=O,[H]C(CC)(C(=O)NC=O)C(C)CCC,amide,30,0.4674500524997711,0.9313437938690186,0.46389374136924744,0.46389374136924744,0.4674500524997711,0.9313437938690186,0.46389374136924744,1.1849999999999998,1.7213999999999998,0.5364
C1=C(C(C(C)(C)O)(C)O)C=CC=C1Cl,CC(C)(O)C(C)(O)c1ccccc1,aromatic_chloro,1349,0.9313932061195374,0.25988849997520447,-0.6715047061443329,0.6715047061443329,0.9313932061195374,0.25988849997520447,-0.6715047061443329,2.3184000000000005,1.6649999999999998,-0.6534000000000006
C1=C(C(=CC(=C1Cl)N)OC)C(NC3CCN(CC2=CC=CC=C2)CC3)=O,COc1cc(N)ccc1C(=O)NC1CCN(Cc2ccccc2)CC1,aromatic_chloro,1086,0.9315454959869385,0.3063577711582184,-0.6251877248287201,0.6251877248287201,0.9315454959869385,0.3063577711582184,-0.6251877248287201,3.3252000000000015,2.6718,-0.6534000000000013
C1=CC(=CC=C1N3CCN(CCC(NC(C2=CC=CN=C2)=O)C)CC3)F,CC(CCN1CCN(c2ccccc2)CC1)NC(=O)c1cccnc1,fluoro_aromatic,1397,0.9315162897109985,0.8948688507080078,-0.03664743900299072,0.03664743900299072,0.9315162897109985,0.8948688507080078,-0.03664743900299072,2.5513000000000003,2.4122000000000003,-0.1391
CCCCc1nc(Cl)c(CO)n1Cc2ccc(cc2)c3ccccc3c4n[nH]nn4,CCCCc1ncc(CO)n1Cc1ccc(-c2ccccc2-c2nn[nH]n2)cc1,aromatic_chloro,850,0.1984376460313797,0.3895496726036072,0.19111202657222748,0.19111202657222748,0.1984376460313797,0.3895496726036072,0.19111202657222748,4.2668000000000035,3.613400000000002,-0.6534000000000013
CCCCc1nc(Cl)c(CO)n1Cc2ccc(cc2)c3ccccc3c4n[nH]nn4,[H]c1c(Cl)nc(CCCC)n1Cc1ccc(-c2ccccc2-c2nn[nH]n2)cc1,hydroxyl,850,0.19848164916038513,0.9312989115715027,0.7328172624111176,0.7328172624111176,0.19848164916038513,0.9312989115715027,0.7328172624111176,4.2668000000000035,4.774500000000004,0.5077000000000007
CCCNC(=O)N[S](=O)(=O)c1ccc(Cl)cc1,CCCNC(=O)NS(=O)(=O)c1ccccc1,aromatic_chloro,149,0.2156902551651001,0.31715598702430725,0.10146573185920715,0.10146573185920715,0.2156902551651001,0.31715598702430725,0.10146573185920715,1.7379,1.0845000000000002,-0.6533999999999998
CC2(CC(OC(C1NC(=O)CC1)=O)CC(C2)C)C,[H]CCCC(=O)OC1CC(C)CC(C)(C)C1,amide,1116,0.9314104914665222,0.9314606785774231,5.0187110900878906e-05,5.0187110900878906e-05,0.9314104914665222,0.9314606785774231,5.0187110900878906e-05,2.0229999999999997,3.544500000000003,1.5215000000000032
NC1[C@H]2CN(C[C@@H]12)c3nc4N(C=C(C(O)=O)C(=O)c4cc3F)c5ccc(F)cc5F,[H]c1cn(-c2ccc(F)cc2F)c2nc(N3C[C@@H]4C(N)[C@@H]4C3)c(F)cc2c1=O,carboxylic_acid,174,0.2037440538406372,0.23899315297603607,0.035249099135398865,0.035249099135398865,0.2037440538406372,0.23899315297603607,0.035249099135398865,1.8944999999999996,2.1963,0.3018000000000003
NC1[C@H]2CN(C[C@@H]12)c3nc4N(C=C(C(O)=O)C(=O)c4cc3F)c5ccc(F)cc5F,NC1[C@H]2CN(c3ccc4c(=O)c(C(=O)O)cn(-c5ccc(F)cc5F)c4n3)C[C@@H]12,fluoro_aromatic,174,0.20333310961723328,0.19983036816120148,-0.0035027414560317993,0.0035027414560317993,0.20333310961723328,0.19983036816120148,-0.0035027414560317993,1.8944999999999996,1.7553999999999996,-0.1391
C(C1OC(C(C)C)(C(C)C)OC1)O,[H]C1COC(C(C)C)(C(C)C)O1,hydroxyl,1489,0.9312252402305603,0.9312031865119934,-2.205371856689453e-05,2.205371856689453e-05,0.9312252402305603,0.9312031865119934,-2.205371856689453e-05,1.4023999999999999,2.0415,0.6391000000000002
C1=C(C=CC3=C1N(CCCN2CCN(CC2)CCO)C4=C(S3)C=CC=C4)C(CC)=O,[H]CN1CCN(CCCN2c3ccccc3Sc3ccc(C(=O)CC)cc32)CC1,hydroxyl,1060,0.9315261244773865,0.9313867092132568,-0.00013941526412963867,0.00013941526412963867,0.9315261244773865,0.9313867092132568,-0.00013941526412963867,3.8820000000000032,4.519500000000004,0.6375000000000011
C(C(NC(C)=O)C(O)=O)CC(N)=O,[H]C(CCC(N)=O)NC(C)=O,carboxylic_acid,943,0.900812566280365,0.9312821626663208,0.03046959638595581,0.03046959638595581,0.900812566280365,0.9312821626663208,0.03046959638595581,-1.158799999999999,-0.6119999999999999,0.5467999999999991
ClC1=CC=C(C2=C1)SC3=C(N2CCCNC)C=CC=C3,CNCCCN1c2ccccc2Sc2ccccc21,aromatic_chloro,45,0.9312435984611511,0.9311842918395996,-5.930662155151367e-05,5.930662155151367e-05,0.9312435984611511,0.9311842918395996,-5.930662155151367e-05,4.552200000000003,3.8988000000000023,-0.6534000000000004
C1=CC=CC=C1C4(C3CCN(C\C=C\C2=CC=CC=C2)CC3)C(NC(=O)CC4)=O,[H]C(CCC=O)(c1ccccc1)C1CCN(C/C=C/c2ccccc2)CC1,amide,1738,0.9314798712730408,0.9312755465507507,-0.00020432472229003906,0.00020432472229003906,0.9314798712730408,0.9312755465507507,-0.00020432472229003906,3.786400000000002,5.174700000000005,1.3883000000000028
OCc1ncc2CN=C(c3ccccc3F)c4cc(Cl)ccc4n12,OCc1ncc2n1-c1ccccc1C(c1ccccc1F)=NC2,aromatic_chloro,382,0.9311442971229553,0.9312607645988464,0.00011646747589111328,0.00011646747589111328,0.9311442971229553,0.9312607645988464,0.00011646747589111328,3.5081000000000024,2.854700000000001,-0.6534000000000013
OCc1ncc2CN=C(c3ccccc3F)c4cc(Cl)ccc4n12,OCc1ncc2n1-c1ccc(Cl)cc1C(c1ccccc1)=NC2,fluoro_aromatic,382,0.9309378266334534,0.9309580326080322,2.0205974578857422e-05,2.0205974578857422e-05,0.9309378266334534,0.9309580326080322,2.0205974578857422e-05,3.5081000000000024,3.3690000000000024,-0.1391
OCc1ncc2CN=C(c3ccccc3F)c4cc(Cl)ccc4n12,[H]c1ncc2n1-c1ccc(Cl)cc1C(c1ccccc1F)=NC2,hydroxyl,382,0.9289182424545288,0.9312034249305725,0.002285182476043701,0.002285182476043701,0.9289182424545288,0.9312034249305725,0.002285182476043701,3.5081000000000024,4.015800000000002,0.5076999999999998
C4=C(C(CCCN1CCC(CC1)(C2=CC=C(C(=C2)C(F)(F)F)Cl)O)C3=CC=C(C=C3)F)C=CC(=C4)F,OC1(c2cccc(C(F)(F)F)c2)CCN(CCCC(c2ccc(F)cc2)c2ccc(F)cc2)CC1,aromatic_chloro,1440,0.9314148426055908,0.9313144087791443,-0.0001004338264465332,0.0001004338264465332,0.9314148426055908,0.9313144087791443,-0.0001004338264465332,7.532700000000007,6.879300000000007,-0.6534000000000004
C4=C(C(CCCN1CCC(CC1)(C2=CC=C(C(=C2)C(F)(F)F)Cl)O)C3=CC=C(C=C3)F)C=CC(=C4)F,OC1(c2ccc(Cl)c(C(F)(F)F)c2)CCN(CCCC(c2ccccc2)c2ccc(F)cc2)CC1,fluoro_aromatic,1440,0.9315075874328613,0.931344211101532,-0.0001633763313293457,0.0001633763313293457,0.9315075874328613,0.931344211101532,-0.0001633763313293457,7.532700000000007,7.393600000000008,-0.1390999999999991
Fc1ccc(cc1)C(=O)CCCN2CCC(=CC2)N3C(=O)Nc4ccccc34,O=C(CCCN1CC=C(n2c(=O)[nH]c3ccccc32)CC1)c1ccccc1,fluoro_aromatic,603,0.9314420223236084,0.7738164663314819,-0.15762555599212646,0.15762555599212646,0.9314420223236084,0.7738164663314819,-0.15762555599212646,3.6784000000000017,3.5393000000000017,-0.1391
Clc1ccc2OC(=O)Nc2c1,O=c1[nH]c2ccccc2o1,aromatic_chloro,525,0.9299224019050598,0.7866988182067871,-0.1432235836982727,0.1432235836982727,0.9299224019050598,0.7866988182067871,-0.1432235836982727,1.7744999999999997,1.1210999999999998,-0.6534
NC(=O)N1c2ccccc2C3OC3c4ccccc14,[H]N1c2ccccc2C2OC2c2ccccc21,amide,586,0.9301937222480774,0.9309561252593994,0.0007624030113220215,0.0007624030113220215,0.9301937222480774,0.9309561252593994,0.0007624030113220215,3.0294000000000016,3.5562000000000014,0.5267999999999997
C1=C(Cl)C=CC2=C1C(=NO2)C([N]3C=CN=C3)C,CC(c1noc2ccccc12)n1ccnc1,aromatic_chloro,1659,0.9302483201026917,0.9311636090278625,0.0009152889251708984,0.0009152889251708984,0.9302483201026917,0.9311636090278625,0.0009152889251708984,3.2870000000000017,2.6336000000000004,-0.6534000000000013
C1=CC=CC=C1N2C5(C(NC2)=O)CCN(CCCC(C3=CC=C(C=C3)F)C4=CC=C(C=C4)F)CC5,O=C1NCN(c2ccccc2)C12CCN(CCCC(c1ccccc1)c1ccc(F)cc1)CC2,fluoro_aromatic,1244,0.9315054416656494,0.9313061833381653,-0.00019925832748413086,0.00019925832748413086,0.9315054416656494,0.9313061833381653,-0.00019925832748413086,5.305400000000005,5.166300000000005,-0.1391
C1=CC=CC=C1N2C5(C(NC2)=O)CCN(CCCC(C3=CC=C(C=C3)F)C4=CC=C(C=C4)F)CC5,[H]C1(N(C)c2ccccc2)CCN(CCCC(c2ccc(F)cc2)c2ccc(F)cc2)CC1,amide,1244,0.9314266443252563,0.9313228130340576,-0.00010383129119873047,0.00010383129119873047,0.9314266443252563,0.9313228130340576,-0.00010383129119873047,5.305400000000005,6.477700000000007,1.1723000000000017
C1=C(C(=CC=C1Cl)N(C(CN(CCO)CCO)=O)C)C(C2=C(C=CC=C2)Cl)=O,CN(C(=O)CN(CCO)CCO)c1ccccc1C(=O)c1ccccc1Cl,aromatic_chloro,1803,0.9315117597579956,0.21206995844841003,-0.7194418013095856,0.7194418013095856,0.9315117597579956,0.21206995844841003,-0.7194418013095856,2.4738000000000007,1.8203999999999996,-0.6534000000000011
C1=C(C(=CC=C1Cl)N(C(CN(CCO)CCO)=O)C)C(C2=C(C=CC=C2)Cl)=O,[H]CN(CCO)CC(=O)N(C)c1ccc(Cl)cc1C(=O)c1ccccc1Cl,hydroxyl,1803,0.9312623143196106,0.23280075192451477,-0.6984615623950958,0.6984615623950958,0.9312623143196106,0.23280075192451477,-0.6984615623950958,2.4738000000000007,3.1113000000000017,0.6375000000000011
C1=C(O)C=CC2=C1C(=C[NH]2)CC(C(O)=O)N,[H]C(N)Cc1c[nH]c2ccc(O)cc12,carboxylic_acid,1428,0.9312241673469543,0.4864795506000519,-0.44474461674690247,0.44474461674690247,0.9312241673469543,0.4864795506000519,-0.44474461674690247,0.8278999999999999,1.3747,0.5468000000000002
C1=CC(=CC4=C1N2C(=NC(/C2=O)=C\N3CCN(C)CC3)CN=C4C5=C(C=CC=C5)Cl)[N+](=O)[O-],CN1CCN(/C=C2\N=C3CN=C(c4ccccc4)c4cc([N+](=O)[O-])ccc4N3C2=O)CC1,aromatic_chloro,1322,0.9314582943916321,0.31871023774147034,-0.6127480566501617,0.6127480566501617,0.9314582943916321,0.31871023774147034,-0.6127480566501617,2.9331000000000014,2.2797,-0.6534000000000013
[C@@]123OC4=C(C(C1CN(CC2)C)CC(=O)N3)C=C(Cl)C=C4,CN1CC[C@]23NC(=O)CC(c4ccccc4O2)C3C1,aromatic_chloro,1326,0.9314805269241333,0.9313264489173889,-0.00015407800674438477,0.00015407800674438477,0.9314805269241333,0.9313264489173889,-0.00015407800674438477,1.9838999999999998,1.3304999999999998,-0.6534
[C@@]123OC4=C(C(C1CN(CC2)C)CC(=O)N3)C=C(Cl)C=C4,[H]CC1c2cc(Cl)ccc2O[C]2CCN(C)CC21,amide,1326,0.9314236044883728,0.9313093423843384,-0.00011426210403442383,0.00011426210403442383,0.9314236044883728,0.9313093423843384,-0.00011426210403442383,1.9838999999999998,3.3195900000000016,1.3356900000000018
C1=CC=C2C(=C1)C3C(O3)C4=CC=CC=C4N2C(=O)N,[H]N1c2ccccc2C2OC2c2ccccc21,amide,68,0.9311822056770325,0.9310088753700256,-0.00017333030700683594,0.00017333030700683594,0.9311822056770325,0.9310088753700256,-0.00017333030700683594,3.0294000000000008,3.5562000000000014,0.5268000000000006
CC1(C)S[C@@H]2[C@H](NC(=O)Cc3ccccc3)C(=O)N2[C@H]1C(O)=O,[H]C1N2C(=O)[C@@H](NC(=O)Cc3ccccc3)[C@H]2SC1(C)C,carboxylic_acid,350,0.19613011181354523,0.9312064051628113,0.735076293349266,0.735076293349266,0.19613011181354523,0.9312064051628113,0.735076293349266,0.8607999999999998,1.4076,0.5468000000000002
[C@H](CC1=CC(=C(C=C1)O)O)(C(O)=O)N,[H]C(N)Cc1ccc(O)c(O)c1,carboxylic_acid,1866,0.9300336837768555,0.19667349755764008,-0.7333601862192154,0.7333601862192154,0.9300336837768555,0.19667349755764008,-0.7333601862192154,0.05219999999999997,0.5989999999999999,0.5468
c12c3c(N4CCN(C)CC4)c(F)cc1c(c(C(O)=O)cn2C(C)CO3)=O,[H]c1cn2c3c(c(N4CCN(C)CC4)c(F)cc3c1=O)OCC2C,carboxylic_acid,2,0.9265723824501038,0.9306603074073792,0.004087924957275391,0.004087924957275391,0.9265723824501038,0.9306603074073792,0.004087924957275391,1.544,1.8458,0.30180000000000007
c12c3c(N4CCN(C)CC4)c(F)cc1c(c(C(O)=O)cn2C(C)CO3)=O,CC1COc2c(N3CCN(C)CC3)ccc3c(=O)c(C(=O)O)cn1c23,fluoro_aromatic,2,0.9307980537414551,0.2405175119638443,-0.6902805417776108,0.6902805417776108,0.9307980537414551,0.2405175119638443,-0.6902805417776108,1.544,1.4049000000000003,-0.13909999999999978
CC1COc2c(N3CCN(C)CC3)c(F)cc4C(=O)C(=CN1c24)C(O)=O,[H]c1cn2c3c(c(N4CCN(C)CC4)c(F)cc3c1=O)OCC2C,carboxylic_acid,410,0.19634683430194855,0.931122899055481,0.7347760647535324,0.7347760647535324,0.19634683430194855,0.931122899055481,0.7347760647535324,1.544,1.8458,0.30180000000000007
CC1COc2c(N3CCN(C)CC3)c(F)cc4C(=O)C(=CN1c24)C(O)=O,CC1COc2c(N3CCN(C)CC3)ccc3c(=O)c(C(=O)O)cn1c23,fluoro_aromatic,410,0.19641412794589996,0.2426287680864334,0.04621464014053345,0.04621464014053345,0.19641412794589996,0.2426287680864334,0.04621464014053345,1.544,1.4049000000000003,-0.13909999999999978
C1=C(Cl)C=CC3=C1N(C2=CC=CC=C2)C(=O)N3CCCN(C)C,CN(C)CCCn1c(=O)n(-c2ccccc2)c2ccccc21,aromatic_chloro,1094,0.9311129450798035,0.9310774207115173,-3.552436828613281e-05,3.552436828613281e-05,0.9311129450798035,0.9310774207115173,-3.552436828613281e-05,3.397300000000002,2.743900000000001,-0.6534000000000013
c12c(c(ccc1)Cl)C(N(Cc1n2cnc1c1nc(on1)[C@](CO)(C)O)C)=O,CN1Cc2c(-c3noc([C@](C)(O)CO)n3)ncn2-c2ccccc2C1=O,aromatic_chloro,264,0.1970122754573822,0.19646316766738892,-0.0005491077899932861,0.0005491077899932861,0.1970122754573822,0.19646316766738892,-0.0005491077899932861,1.3610999999999998,0.7077,-0.6533999999999998
C1=C(C(C(C)(C)O)(C)O)C=CC(=C1)Cl,CC(C)(O)C(C)(O)c1ccccc1,aromatic_chloro,1944,0.9313845634460449,0.25941628217697144,-0.6719682812690735,0.6719682812690735,0.9313845634460449,0.25941628217697144,-0.6719682812690735,2.3184000000000005,1.6649999999999998,-0.6534000000000006
[C@H]2([C@H](CN(CC(C1=CC=C(F)C=C1)=O)CC2)COC4=CC3=C(OCO3)C=C4)C5=CC=C(F)C=C5,O=C(CN1CC[C@H](c2ccc(F)cc2)[C@@H](COc2ccc3c(c2)OCO3)C1)c1ccccc1,fluoro_aromatic,1422,0.9315123558044434,0.19970038533210754,-0.7318119704723358,0.7318119704723358,0.9315123558044434,0.19970038533210754,-0.7318119704723358,5.0609000000000055,4.921800000000005,-0.1391000000000009
CN1C(=O)CC(=O)N(c2ccccc2)c3cc(Cl)ccc13,CN1C(=O)CC(=O)N(c2ccccc2)c2ccccc21,aromatic_chloro,527,0.9311479926109314,0.9277920722961426,-0.0033559203147888184,0.0033559203147888184,0.9311479926109314,0.9277920722961426,-0.0033559203147888184,3.3712000000000018,2.7178000000000004,-0.6534000000000013
c1(ccc(c(c1)Cl)Cl)CC(N1[C@@H](CN2CCCC2)CC(CC1)(C)C)=O,CC1(C)CCN(C(=O)Cc2cccc(Cl)c2)[C@@H](CN2CCCC2)C1,aromatic_chloro,435,0.9314796924591064,0.8901860117912292,-0.0412936806678772,0.0412936806678772,0.9314796924591064,0.8901860117912292,-0.0412936806678772,4.648900000000004,3.9955000000000034,-0.6534000000000004
C1=CC(=CC=C1C2(C(NC(=O)CC2)=O)CC)N,[H]C(CC)(CCC=O)c1ccc(N)cc1,amide,1677,0.9314857125282288,0.5710833668708801,-0.36040234565734863,0.36040234565734863,0.9314857125282288,0.5710833668708801,-0.36040234565734863,1.3532000000000002,2.7415000000000003,1.3883
c1(CC(N2[C@H](CN(CC2)C(=O)OCCC)CN2CCCC2)=O)cc(c(cc1)Cl)Cl,CCCOC(=O)N1CCN(C(=O)Cc2ccc(Cl)cc2)[C@@H](CN2CCCC2)C1,aromatic_chloro,509,0.29478371143341064,0.19688260555267334,-0.0979011058807373,0.0979011058807373,0.29478371143341064,0.19688260555267334,-0.0979011058807373,3.6911000000000023,3.037700000000001,-0.6534000000000013
C2=C(C1(C(N(C)C(N1)=O)=O)CC)C=CC=C2,[H]N(C)C(=O)C(CC)c1ccccc1,amide,1881,0.9315111041069031,0.849891722202301,-0.08161938190460205,0.08161938190460205,0.9315111041069031,0.849891722202301,-0.08161938190460205,1.4735,1.9262,0.4526999999999999
C1=CC(=CC=C1CNC(C(C)C)CCCCCC(O)=O)F,[H]CCCCCC(NCc1ccc(F)cc1)C(C)C,carboxylic_acid,1653,0.9723266363143921,0.5835728049278259,-0.38875383138656616,0.38875383138656616,0.9723266363143921,0.5835728049278259,-0.38875383138656616,3.9750000000000023,4.5202000000000035,0.5452000000000012
C1=CC(=CC=C1CNC(C(C)C)CCCCCC(O)=O)F,CC(C)C(CCCCCC(=O)O)NCc1ccccc1,fluoro_aromatic,1653,0.9723008275032043,0.09431931376457214,-0.8779815137386322,0.8779815137386322,0.9723008275032043,0.09431931376457214,-0.8779815137386322,3.9750000000000023,3.8359000000000023,-0.1391
C(C1(C(C=CNC1=O)=O)CC)C,[H]C(CC)(CC)C(=O)C=C,amide,1968,0.97230464220047,0.9718673825263977,-0.0004372596740722656,0.0004372596740722656,0.97230464220047,0.9718673825263977,-0.0004372596740722656,1.0053999999999998,2.1776999999999997,1.1723
CC1(C(NC(O1)=O)=O)C,[H]C(C)(C)OC=O,amide,1154,0.9718610644340515,0.971644937992096,-0.0002161264419555664,0.0002161264419555664,0.9718610644340515,0.971644937992096,-0.0002161264419555664,0.03140000000000004,0.5678,0.5364
CC1=C(N2[C@H](SC1)[C@H](NC(=O)Cc3ccc(cc3)C4=NCCCN4)C2=O)C(O)=O,[H]C1=C(C)CS[C@@H]2[C@H](NC(=O)Cc3ccc(C4=NCCCN4)cc3)C(=O)N12,carboxylic_acid,774,0.09161176532506943,0.091567762196064,-4.400312900543213e-05,4.400312900543213e-05,0.09161176532506943,0.091567762196064,-4.400312900543213e-05,0.7274999999999998,1.2726999999999997,0.5451999999999999
OCc1cccnc1,[H]c1cccnc1,hydroxyl,325,0.940371036529541,0.9623589515686035,0.0219879150390625,0.0219879150390625,0.940371036529541,0.9623589515686035,0.0219879150390625,0.5739,1.0816,0.5076999999999999
C1=C(Cl)C=CC2=C1C(=NCC(N2CC[S](C3=CC=C(C)C=C3)(=O)=O)=O)C4=CC=CC=C4Cl,Cc1ccc(S(=O)(=O)CCN2C(=O)CN=C(c3ccccc3Cl)c3ccccc32)cc1,aromatic_chloro,1615,0.9718149900436401,0.09159987419843674,-0.8802151158452034,0.8802151158452034,0.9718149900436401,0.09159987419843674,-0.8802151158452034,4.959720000000004,4.306320000000004,-0.6534000000000004
C1=CC=CC=C1C3(CCN(CCCC(C2=CC=C(F)C=C2)=O)CC3)CNC(C)=O,CC(=O)NCC1(c2ccccc2)CCN(CCCC(=O)c2ccccc2)CC1,fluoro_aromatic,944,0.9722440242767334,0.9591151475906372,-0.013128876686096191,0.013128876686096191,0.9722440242767334,0.9591151475906372,-0.013128876686096191,3.9585000000000026,3.8194000000000026,-0.1391
C1=CC=CC2=C1N(C(CO2)=O)CC(N)=O,[H]CN1C(=O)COc2ccccc21,amide,1936,0.9722512364387512,0.9706136584281921,-0.001637578010559082,0.001637578010559082,0.9722512364387512,0.9706136584281921,-0.001637578010559082,-0.1026999999999999,1.0417999999999998,1.1444999999999999
C1=C([S](=O)(=O)N)C=CC(=C1C(NCC2N(CC)CCC2)=O)OC,[H]c1ccc(OC)c(C(=O)NCC2CCCN2CC)c1,sulfonamide,1991,0.9718011617660522,0.9706994295120239,-0.0011017322540283203,0.0011017322540283203,0.9718011617660522,0.9706994295120239,-0.0011017322540283203,0.5566999999999995,1.9093,1.3526000000000005
C3=C(C1=C([N]2C(=N1)C=CC(=C2)Cl)CC(N(CCC)CCC)=O)C=CC(=C3)Cl,CCCN(CCC)C(=O)Cc1c(-c2ccc(Cl)cc2)nc2ccccn12,aromatic_chloro,1672,0.9722567796707153,0.10392539203166962,-0.8683313876390457,0.8683313876390457,0.9722567796707153,0.10392539203166962,-0.8683313876390457,5.499200000000004,4.845800000000005,-0.6533999999999986
C1=CC=CC=C1C2(N(C(=O)NC2=O)C)CC,[H]N(C)C(C=O)(CC)c1ccccc1,amide,1890,0.9721990823745728,0.9670334458351135,-0.0051656365394592285,0.0051656365394592285,0.9721990823745728,0.9670334458351135,-0.0051656365394592285,1.4735,1.7102,0.2366999999999999
CC(=O)OCC1=C(N2[C@H](SC1)[C@H](NC(=O)CSc3ccncc3)C2=O)C(O)=O,[H]C1=C(COC(C)=O)CS[C@@H]2[C@H](NC(=O)CSc3ccncc3)C(=O)N12,carboxylic_acid,131,0.09159129112958908,0.09183303266763687,0.00024174153804779053,0.00024174153804779053,0.09159129112958908,0.09183303266763687,0.00024174153804779053,0.47539999999999977,1.0206,0.5452000000000001
CCCC(CCC)C(O)=O,[H]C(CCC)CCC,carboxylic_acid,247,0.9701772928237915,0.9712068438529968,0.0010295510292053223,0.0010295510292053223,0.9701772928237915,0.9712068438529968,0.0010295510292053223,2.2874,2.976700000000002,0.689300000000002
OC(C)(C)c1onc(c2ncn3c2CN(C)C(c4c3cccc4Cl)=O)n1,CN1Cc2c(-c3noc(C(C)(C)O)n3)ncn2-c2ccccc2C1=O,aromatic_chloro,66,0.09881021082401276,0.09150122106075287,-0.007308989763259888,0.007308989763259888,0.09881021082401276,0.09150122106075287,-0.007308989763259888,2.3887,1.7352999999999998,-0.6534000000000002
CN1C(CNC(=O)c2cscc2)CN=C(c3ccccc3F)c4ccccc14,CN1c2ccccc2C(c2ccccc2)=NCC1CNC(=O)c1ccsc1,fluoro_aromatic,411,0.9721174836158752,0.260093092918396,-0.7120243906974792,0.7120243906974792,0.9721174836158752,0.260093092918396,-0.7120243906974792,3.9730000000000034,3.8339000000000034,-0.1391
C1=C(C(=CC(=C1)Cl)Cl)OCCCN(CC#C)C,C#CCN(C)CCCOc1ccc(Cl)cc1,aromatic_chloro,1101,0.97223299741745,0.9694445133209229,-0.0027884840965270996,0.0027884840965270996,0.97223299741745,0.9694445133209229,-0.0027884840965270996,3.327300000000001,2.6739000000000006,-0.6534000000000004
C1=CC=CC2=C1N(C(=O)N2)CCCN4CCC(C(C3=CC=C(F)C=C3)=O)CC4,O=C(c1ccccc1)C1CCN(CCCn2c(=O)[nH]c3ccccc32)CC1,fluoro_aromatic,1769,0.9723424315452576,0.09323170781135559,-0.879110723733902,0.879110723733902,0.9723424315452576,0.09323170781135559,-0.879110723733902,3.453700000000002,3.314600000000002,-0.1391
OCCOC(=O)NCc1ccccc1,[H]COC(=O)NCc1ccccc1,hydroxyl,496,0.9718471169471741,0.9719732999801636,0.00012618303298950195,0.00012618303298950195,0.9718471169471741,0.9719732999801636,0.00012618303298950195,0.9050999999999996,1.5426,0.6375000000000004
C1=CC(=CC=C1OCC(COC(N)=O)O)Cl,NC(=O)OCC(O)COc1ccccc1,aromatic_chloro,1728,0.9723033905029297,0.9718191623687744,-0.00048422813415527344,0.00048422813415527344,0.9723033905029297,0.9718191623687744,-0.00048422813415527344,1.1749999999999998,0.5216000000000001,-0.6533999999999998
C1=CC(=CC=C1OCC(COC(N)=O)O)Cl,[H]OCC(O)COc1ccc(Cl)cc1,amide,1728,0.9723079204559326,0.20676474273204803,-0.7655431777238846,0.7655431777238846,0.9723079204559326,0.20676474273204803,-0.7655431777238846,1.1749999999999998,1.0719999999999998,-0.10299999999999998
c1c(Cl)nc(N2CCN(CCCCN3C(CCC3)=O)CC2)cc1C(F)(F)F,O=C1CCCN1CCCCN1CCN(c2cc(C(F)(F)F)ccn2)CC1,aromatic_chloro,616,0.9720459580421448,0.9704566597938538,-0.0015892982482910156,0.0015892982482910156,0.9720459580421448,0.9704566597938538,-0.0015892982482910156,3.278400000000002,2.625000000000001,-0.6534000000000013
C(C1(C(NC(=O)NC1=O)=O)CC=C)C(C)O,[H]C(CC=C)(CC(C)O)C(=O)NC=O,amide,1496,0.9721713662147522,0.9719057679176331,-0.0002655982971191406,0.0002655982971191406,0.9721713662147522,0.9719057679176331,-0.0002655982971191406,-0.3142000000000002,0.22220000000000023,0.5364000000000004
OCCCN4CCN(CCCC2c1ccccc1Sc3ccc(Cl)cc23)CC4,OCCCN1CCN(CCCC2c3ccccc3Sc3ccccc32)CC1,aromatic_chloro,1650,0.972212016582489,0.9721904993057251,-2.1517276763916016e-05,2.1517276763916016e-05,0.972212016582489,0.9721904993057251,-2.1517276763916016e-05,4.716700000000004,4.0633000000000035,-0.6534000000000004
OCCCN4CCN(CCCC2c1ccccc1Sc3ccc(Cl)cc23)CC4,[H]CCN1CCN(CCCC2c3ccccc3Sc3ccc(Cl)cc32)CC1,hydroxyl,1650,0.9722228646278381,0.9720591306686401,-0.00016373395919799805,0.00016373395919799805,0.9722228646278381,0.9720591306686401,-0.00016373395919799805,4.716700000000004,5.354200000000006,0.637500000000002
CCCN(CCC)[S](=O)(=O)c1ccc(cc1)C(O)=O,[H]c1ccc(S(=O)(=O)N(CCC)CCC)cc1,carboxylic_acid,374,0.09161373972892761,0.9463599324226379,0.8547461926937103,0.8547461926937103,0.09161373972892761,0.9463599324226379,0.8547461926937103,2.1955,2.497300000000001,0.30180000000000096
[C@H]3([N]2C1=C(C(=NC=N1)N)N=C2)[C@@H]([C@@H]([C@H](O3)C[S+](CC[C@@H](C([O-])=O)N)C)O)O,[H]C(N)CC[S+](C)C[C@H]1O[C@@H](n2cnc3c(N)ncnc32)[C@H](O)[C@@H]1O,carboxylic_acid,2035,0.9714373350143433,0.09151839464902878,-0.8799189403653145,0.8799189403653145,0.9714373350143433,0.09151839464902878,-0.8799189403653145,-3.2568999999999964,-1.3753999999999977,1.8814999999999986
CN1C(=O)c2c(cccc2Cl)n2cnc(c2C1)c1noc(n1)C(C)C,CC(C)c1nc(-c2ncn3c2CN(C)C(=O)c2ccccc2-3)no1,aromatic_chloro,93,0.10777761042118073,0.9680883884429932,0.8603107780218124,0.8603107780218124,0.10777761042118073,0.9680883884429932,0.8603107780218124,3.2847000000000017,2.6313000000000013,-0.6534000000000004
CCN(CC)CCN1C(=O)CN=C(c2ccccc2F)c3cc(Cl)ccc13,CCN(CC)CCN1C(=O)CN=C(c2ccccc2F)c2ccccc21,aromatic_chloro,632,0.9719398617744446,0.9707491993904114,-0.0011906623840332031,0.0011906623840332031,0.9719398617744446,0.9707491993904114,-0.0011906623840332031,4.004900000000003,3.3515000000000015,-0.6534000000000013
CCN(CC)CCN1C(=O)CN=C(c2ccccc2F)c3cc(Cl)ccc13,CCN(CC)CCN1C(=O)CN=C(c2ccccc2)c2cc(Cl)ccc21,fluoro_aromatic,632,0.9719245433807373,0.9698312878608704,-0.0020932555198669434,0.0020932555198669434,0.9719245433807373,0.9698312878608704,-0.0020932555198669434,4.004900000000003,3.865800000000003,-0.1391
C1=CC=CC=C1C3(C2=CC=CC=C2)C(N(CO[P](O)(O)=O)C(N3)=O)=O,[H]N(COP(=O)(O)O)C(=O)C(c1ccccc1)c1ccccc1,amide,1260,0.9715140461921692,0.09181234985589981,-0.8797016963362694,0.8797016963362694,0.9715140461921692,0.09181234985589981,-0.8797016963362694,1.5487999999999993,2.0015,0.45270000000000077
C1=CC=CC=C1C(C(OC2CC3N(C)C(C2)CC3)=O)CO,[H]C(C(=O)OC1CC2CCC(C1)N2C)c1ccccc1,hydroxyl,1686,0.9723470211029053,0.7582694888114929,-0.21407753229141235,0.21407753229141235,0.9723470211029053,0.7582694888114929,-0.21407753229141235,1.9308999999999998,2.397500000000001,0.466600000000001
OC(Cn1cncn1)(Cn2cncn2)c3ccc(F)cc3F,OC(Cn1cncn1)(Cn1cncn1)c1ccccc1F,fluoro_aromatic,117,0.09415717422962189,0.09254506230354309,-0.0016121119260787964,0.0016121119260787964,0.09415717422962189,0.09254506230354309,-0.0016121119260787964,0.7357999999999993,0.5966999999999991,-0.13910000000000022
CN(C)C3CCc2[nH]c1c(F)cc(F)cc1c2C3,CN(C)C1CCc2[nH]c3ccc(F)cc3c2C1,fluoro_aromatic,1819,0.9722092151641846,0.9711917042732239,-0.0010175108909606934,0.0010175108909606934,0.9722092151641846,0.9711917042732239,-0.0010175108909606934,2.865000000000001,2.725900000000001,-0.1391
C1=CC(=NC2=C1C(C(=CN2CC)C(O)=O)=O)CC3=CC=CC=C3,[H]c1cn(CC)c2nc(Cc3ccccc3)ccc2c1=O,carboxylic_acid,1675,0.9717740416526794,0.3530728816986084,-0.618701159954071,0.618701159954071,0.9717740416526794,0.3530728816986084,-0.618701159954071,2.705400000000001,3.007200000000002,0.30180000000000096
C2=C(C1=C(C=CC(=C1)Cl)[N]2C3=CC=C(C=C3)F)C5CCN(CCN4C(NCC4)=O)CC5,O=C1NCCN1CCN1CCC(c2cn(-c3ccc(F)cc3)c3ccccc23)CC1,aromatic_chloro,1537,0.9720802307128906,0.9717062711715698,-0.0003739595413208008,0.0003739595413208008,0.9720802307128906,0.9717062711715698,-0.0003739595413208008,4.627600000000005,3.9742000000000024,-0.6534000000000022
C2=C(C1=C(C=CC(=C1)Cl)[N]2C3=CC=C(C=C3)F)C5CCN(CCN4C(NCC4)=O)CC5,O=C1NCCN1CCN1CCC(c2cn(-c3ccccc3)c3ccc(Cl)cc23)CC1,fluoro_aromatic,1537,0.9720656871795654,0.9714617133140564,-0.0006039738655090332,0.0006039738655090332,0.9720656871795654,0.9714617133140564,-0.0006039738655090332,4.627600000000005,4.488500000000005,-0.1391
C2=C(C1=C(C=CC(=C1)Cl)[N]2C3=CC=C(C=C3)F)C5CCN(CCN4C(NCC4)=O)CC5,[H]N(CC)CCN1CCC(c2cn(-c3ccc(F)cc3)c3ccc(Cl)cc23)CC1,amide,1537,0.972129762172699,0.9717261791229248,-0.0004035830497741699,0.0004035830497741699,0.972129762172699,0.9717261791229248,-0.0004035830497741699,4.627600000000005,5.211900000000005,0.5843000000000007
C2=C(N1CC(CO)OC1=O)C=CC=C2C,[H]C1CN(c2cccc(C)c2)C(=O)O1,hydroxyl,2006,0.9720577001571655,0.9713946580886841,-0.0006630420684814453,0.0006630420684814453,0.9720577001571655,0.9713946580886841,-0.0006630420684814453,1.31252,1.9516200000000001,0.6391000000000002
C1=CC(=CC2=C1N(C(=O)N2)CCCN4CCC(C(C3=CC=C(F)C=C3)=O)CC4)Cl,O=C(c1ccc(F)cc1)C1CCN(CCCn2c(=O)[nH]c3ccccc32)CC1,aromatic_chloro,1902,0.9721583724021912,0.16738936305046082,-0.8047690093517303,0.8047690093517303,0.9721583724021912,0.16738936305046082,-0.8047690093517303,4.1071000000000035,3.453700000000002,-0.6534000000000013
C1=CC(=CC2=C1N(C(=O)N2)CCCN4CCC(C(C3=CC=C(F)C=C3)=O)CC4)Cl,O=C(c1ccccc1)C1CCN(CCCn2c(=O)[nH]c3cc(Cl)ccc32)CC1,fluoro_aromatic,1902,0.9722370505332947,0.09276384115219116,-0.8794732093811035,0.8794732093811035,0.9722370505332947,0.09276384115219116,-0.8794732093811035,4.1071000000000035,3.9680000000000026,-0.1391000000000009
COc1ccccc1OCC(O)COC(N)=O,[H]OCC(O)COc1ccccc1OC,amide,685,0.9721970558166504,0.9709869623184204,-0.0012100934982299805,0.0012100934982299805,0.9721970558166504,0.9709869623184204,-0.0012100934982299805,0.5302000000000002,0.4272000000000001,-0.10300000000000015
CCCN(CCc1c2c(c(cc1)O)NC(=O)C2)CCC,[H]Cc1cc(O)ccc1CCN(CCC)CCC,amide,71,0.09652413427829742,0.9645755887031555,0.8680514544248581,0.8680514544248581,0.09652413427829742,0.9645755887031555,0.8680514544248581,2.5513000000000003,3.365120000000002,0.8138200000000015
OC(=O)C1=CN(C2CC2)c3cc(N4CCNCC4)c(F)cc3C1=O,[H]c1cn(C2CC2)c2cc(N3CCNCC3)c(F)cc2c1=O,carboxylic_acid,438,0.8999456167221069,0.971470832824707,0.0715252161026001,0.0715252161026001,0.8999456167221069,0.971470832824707,0.0715252161026001,1.5833,1.8851,0.30180000000000007
OC(=O)C1=CN(C2CC2)c3cc(N4CCNCC4)c(F)cc3C1=O,O=C(O)c1cn(C2CC2)c2cc(N3CCNCC3)ccc2c1=O,fluoro_aromatic,438,0.900347888469696,0.0933680459856987,-0.8069798424839973,0.8069798424839973,0.900347888469696,0.0933680459856987,-0.8069798424839973,1.5833,1.4442,-0.1391
CCOC(=O)N1CCC(CC1)=C2c3ccc(Cl)cc3CCc4cccnc24,CCOC(=O)N1CCC(=C2c3ccccc3CCc3cccnc32)CC1,aromatic_chloro,566,0.9717230200767517,0.9720397591590881,0.0003167390823364258,0.0003167390823364258,0.9717230200767517,0.9720397591590881,0.0003167390823364258,4.887800000000005,4.2344000000000035,-0.6534000000000013
[C@@H]3(N(C1CCC1)C2CCC2)CC4=C(OC3)C(=CC=C4C(=O)N)F,NC(=O)c1cccc2c1C[C@@H](N(C1CCC1)C1CCC1)CO2,fluoro_aromatic,1518,0.9723372459411621,0.9653223752975464,-0.007014870643615723,0.007014870643615723,0.9723372459411621,0.9653223752975464,-0.007014870643615723,2.6351000000000004,2.496,-0.13910000000000045
[C@@H]3(N(C1CCC1)C2CCC2)CC4=C(OC3)C(=CC=C4C(=O)N)F,[H]c1ccc(F)c2c1C[C@@H](N(C1CCC1)C1CCC1)CO2,amide,1518,0.9723047614097595,0.9716529250144958,-0.0006518363952636719,0.0006518363952636719,0.9723047614097595,0.9716529250144958,-0.0006518363952636719,2.6351000000000004,3.5362000000000027,0.9011000000000022
C3=C2N(C1=CC=CC=C1C=CC2=CC=C3)CCCN4C=CN(CC=C4)CCO,[H]CN1C=CN(CCCN2c3ccccc3C=Cc3ccccc32)C=CC1,hydroxyl,1279,0.9722408652305603,0.971930742263794,-0.0003101229667663574,0.0003101229667663574,0.9722408652305603,0.971930742263794,-0.0003101229667663574,4.2934000000000045,4.930900000000005,0.6375000000000002
C2=C(C(C1C(=CC(O1)=O)OC)O)C(=CC=C2)Cl,COC1=CC(=O)OC1C(O)c1ccccc1,aromatic_chloro,1328,0.9722123742103577,0.9619003534317017,-0.010312020778656006,0.010312020778656006,0.9722123742103577,0.9619003534317017,-0.010312020778656006,1.8291,1.1757,-0.6534
CNC(=O)C[C@@H](N)C(=O)N[C@@H](C(=O)N[C@H]1[C@H]2SC(C)(C)[C@@H](N2C1=O)C(O)=O)c3ccc(O)cc3,[H]C1N2C(=O)[C@@H](NC(=O)[C@H](NC(=O)[C@H](N)CC(=O)NC)c3ccc(O)cc3)[C@H]2SC1(C)C,carboxylic_acid,729,0.09167648106813431,0.09158656001091003,-8.992105722427368e-05,8.992105722427368e-05,0.09167648106813431,0.09158656001091003,-8.992105722427368e-05,-1.3553999999999948,-0.8085999999999971,0.5467999999999977
C1=CC=C3C2=C1C(N(CC(O)=O)C(C2=CC=C3)=O)=O,[H]CN1C(=O)c2cccc3cccc(c23)C1=O,carboxylic_acid,973,0.9719930291175842,0.9661798477172852,-0.005813181400299072,0.005813181400299072,0.9719930291175842,0.9661798477172852,-0.005813181400299072,1.5204,2.0656,0.5451999999999999
Nc1nc(NC2CC2)c3ncn([C@@H]4C[C@H](CO)C=C4)c3n1,[H]C1C=C[C@H](n2cnc3c(NC4CC4)nc(N)nc32)C1,hydroxyl,676,0.09176889806985855,0.09277436882257462,0.0010054707527160645,0.0010054707527160645,0.09176889806985855,0.09277436882257462,0.0010054707527160645,1.0922999999999998,1.8739000000000001,0.7816000000000003
C1=CC=CC3=C1C(N(C2C(NCCC2)=O)[S]3(=O)=O)=O,[H]C(CCC)N1C(=O)c2ccccc2S1(=O)=O,amide,1992,0.9720320105552673,0.321593314409256,-0.6504386961460114,0.6504386961460114,0.9720320105552673,0.321593314409256,-0.6504386961460114,0.10970000000000013,1.6312,1.5214999999999999
C1=CC(=CC=C1C3CN(CC(N2CC(NCC2)=O)=O)C(C3)=O)Cl,O=C1CN(C(=O)CN2CC(c3ccccc3)CC2=O)CCN1,aromatic_chloro,1063,0.9718928337097168,0.09875667840242386,-0.8731361553072929,0.8731361553072929,0.9718928337097168,0.09875667840242386,-0.8731361553072929,0.6142999999999996,-0.039100000000000135,-0.6533999999999998
C1=CC(=CC=C1C3CN(CC(N2CC(NCC2)=O)=O)C(C3)=O)Cl,[H]CN(CC)C(=O)CN1CC(c2ccc(Cl)cc2)CC1=O,amide,1063,0.9719717502593994,0.9304777979850769,-0.04149395227432251,0.04149395227432251,0.9719717502593994,0.9304777979850769,-0.04149395227432251,0.6142999999999996,2.1342,1.5199000000000003
Cc1sc(SCC2=C(N3[C@H](SC2)[C@H](NC(=O)[C@H](O)c4ccccc4)C3=O)C(O)=O)nn1,[H]C1=C(CSc2nnc(C)s2)CS[C@@H]2[C@H](NC(=O)[C@H](O)c3ccccc3)C(=O)N12,carboxylic_acid,751,0.09163244068622589,0.09157025814056396,-6.218254566192627e-05,6.218254566192627e-05,0.09163244068622589,0.09157025814056396,-6.218254566192627e-05,1.4108199999999997,1.9560199999999996,0.5451999999999999
CCCC(C)C1(CC=C)C(=O)NC(=O)NC1=O,[H]C(CC=C)(C(=O)NC=O)C(C)CCC,amide,193,0.9710454344749451,0.9720895886421204,0.001044154167175293,0.001044154167175293,0.9710454344749451,0.9720895886421204,0.001044154167175293,1.3510999999999997,1.8874999999999997,0.5364
CC1=CN([C@@H]2O[C@H](CO)C=C2)C(=O)NC1=O,[H]C1C=C[C@H](n2cc(C)c(=O)[nH]c2=O)O1,hydroxyl,317,0.9709023833274841,0.783767580986023,-0.18713480234146118,0.18713480234146118,0.9709023833274841,0.783767580986023,-0.18713480234146118,-0.7090799999999999,-0.0699800000000001,0.6390999999999998
CC1(C)S[C@@H]2[C@H](NC(=O)C(C(=O)Oc3ccccc3)c4ccccc4)C(=O)N2[C@H]1C(O)=O,[H]C1N2C(=O)[C@@H](NC(=O)C(C(=O)Oc3ccccc3)c3ccccc3)[C@H]2SC1(C)C,carboxylic_acid,739,0.09170815348625183,0.09196857362985611,0.00026042014360427856,0.00026042014360427856,0.09170815348625183,0.09196857362985611,0.00026042014360427856,2.0075,2.5543000000000005,0.5468000000000006
C1=C(C=C(C=C1OCC2CNC(O2)=O)C)C,[H]OC(C)COc1cc(C)cc(C)c1,amide,1888,0.9722294807434082,0.09275848418474197,-0.8794709965586662,0.8794709965586662,0.9722294807434082,0.09275848418474197,-0.8794709965586662,1.79064,2.06304,0.2724
Nc1nnc(c(N)n1)c2cccc(Cl)c2Cl,Nc1nnc(-c2ccccc2Cl)c(N)n1,aromatic_chloro,19,0.18378420174121857,0.09316382557153702,-0.09062037616968155,0.09062037616968155,0.18378420174121857,0.09316382557153702,-0.09062037616968155,2.0097999999999994,1.3563999999999998,-0.6533999999999995
N1(c2c(Sc3c1cccc3)ccc(c2)Cl)CCCNC,CNCCCN1c2ccccc2Sc2ccccc21,aromatic_chloro,483,0.969012439250946,0.9675515294075012,-0.0014609098434448242,0.0014609098434448242,0.969012439250946,0.9675515294075012,-0.0014609098434448242,4.552200000000004,3.8988000000000023,-0.6534000000000013
CN1[C@@H]2CC(C[C@H]1[C@@H]3O[C@H]23)OC(=O)[C@H](CO)c4ccccc4,[H]C(C(=O)OC1C[C@@H]2[C@H]3O[C@H]3[C@H](C1)N2C)c1ccccc1,hydroxyl,393,0.09698832035064697,0.9682290554046631,0.8712407350540161,0.8712407350540161,0.09698832035064697,0.9682290554046631,0.8712407350540161,0.9180999999999993,1.3846999999999994,0.4666000000000001
c1(ccc(c(c1)Cl)Cl)CC(N1[C@@H](c2c(CC1)occ2)CN1CCCC1)=O,O=C(Cc1cccc(Cl)c1)N1CCc2occc2[C@H]1CN1CCCC1,aromatic_chloro,490,0.9665970802307129,0.1014222726225853,-0.8651748076081276,0.8651748076081276,0.9665970802307129,0.1014222726225853,-0.8651748076081276,4.350700000000004,3.697300000000002,-0.6534000000000022
C2=C(C1C(NC(C1)=O)=O)C=CC=C2Br,[H]C(CC=O)c1cccc(Br)c1,amide,1040,0.9721475839614868,0.22199419140815735,-0.7501533925533295,0.7501533925533295,0.9721475839614868,0.22199419140815735,-0.7501533925533295,1.5792,2.5806000000000013,1.0014000000000014
C1=CC=CC=C1C2C(N(CC)C(N2)=O)=O,[H]N(CC)C(=O)Cc1ccccc1,amide,1809,0.9722011089324951,0.9700204730033875,-0.002180635929107666,0.002180635929107666,0.9722011089324951,0.9700204730033875,-0.002180635929107666,1.2993999999999999,1.3652,0.06580000000000008
C2=C(\C(NCCCC(=O)N)=C/1C=C(F)C=CC1=O)C=CC(=C2)Cl,NC(=O)CCCN/C(=C1\C=C(F)C=CC1=O)c1ccccc1,aromatic_chloro,1487,0.9721173048019409,0.11353891342878342,-0.8585783913731575,0.8585783913731575,0.9721173048019409,0.11353891342878342,-0.8585783913731575,2.898500000000001,2.2451,-0.6534000000000013
C2=C(\C(NCCCC(=O)N)=C/1C=C(F)C=CC1=O)C=CC(=C2)Cl,[H]CCCN/C(=C1\C=C(F)C=CC1=O)c1ccc(Cl)cc1,amide,1487,0.9720941781997681,0.21485276520252228,-0.7572414129972458,0.7572414129972458,0.9720941781997681,0.21485276520252228,-0.7572414129972458,2.898500000000001,4.043000000000003,1.1445000000000016
C(NC(C(C)(C)C)=O)CCC(O)=O,[H]CCCNC(=O)C(C)(C)C,carboxylic_acid,1472,0.9720696210861206,0.9719390869140625,-0.00013053417205810547,0.00013053417205810547,0.9720696210861206,0.9719390869140625,-0.00013053417205810547,1.0134999999999998,1.5587,0.5452000000000001
Nc1scc(n1)\C(=N\OCC(O)=O)C(=O)N[C@H]2[C@H]3SCC(=C(N3C2=O)C(O)=O)C=C,[H]CO/N=C(\C(=O)N[C@@H]1C(=O)N2C(C(=O)O)=C(C=C)CS[C@H]12)c1csc(N)n1,carboxylic_acid,761,0.09171362966299057,0.0916331484913826,-8.048117160797119e-05,8.048117160797119e-05,0.09171362966299057,0.0916331484913826,-8.048117160797119e-05,-0.5447999999999993,0.00039999999999945635,0.5451999999999988
Clc1ccc(cc1)C(=O)NCCN2CCOCC2,O=C(NCCN1CCOCC1)c1ccccc1,aromatic_chloro,292,0.9591049551963806,0.9690737724304199,0.009968817234039307,0.009968817234039307,0.9591049551963806,0.9690737724304199,0.009968817234039307,1.4019999999999997,0.7485999999999999,-0.6533999999999998
c1(cc(c(cc1)Cl)Cl)CC(N1[C@@H](c2c(CC1)cccc2)CN1CCCC1)=O,O=C(Cc1ccc(Cl)cc1)N1CCc2ccccc2[C@H]1CN1CCCC1,aromatic_chloro,414,0.9703757166862488,0.09616391360759735,-0.8742118030786514,0.8742118030786514,0.9703757166862488,0.09616391360759735,-0.8742118030786514,4.757700000000005,4.104300000000003,-0.6534000000000022
NC1CONC1=O,[H]C(N)CO,amide,252,0.9714258313179016,0.9719579815864563,0.0005321502685546875,0.0005321502685546875,0.9714258313179016,0.9719579815864563,0.0005321502685546875,-1.6249000000000007,-1.0626000000000002,0.5623000000000005
C1=CC(=CC(=C1NC(OCC)=O)N)NCC2=CC=C(C=C2)F,CCOC(=O)Nc1ccc(NCc2ccccc2)cc1N,fluoro_aromatic,1511,0.9720654487609863,0.9598024487495422,-0.012263000011444092,0.012263000011444092,0.9720654487609863,0.9598024487495422,-0.012263000011444092,3.588400000000001,3.449300000000001,-0.1391
CN1CCN(CC1)c2c(F)cc3C(=O)C(=CN4CCSc2c34)C(O)=O,[H]c1cn2c3c(c(N4CCN(C)CC4)c(F)cc3c1=O)SCC2,carboxylic_acid,593,0.9695548415184021,0.9705487489700317,0.0009939074516296387,0.0009939074516296387,0.9695548415184021,0.9705487489700317,0.0009939074516296387,1.6963000000000001,1.9981,0.30179999999999985
CN1CCN(CC1)c2c(F)cc3C(=O)C(=CN4CCSc2c34)C(O)=O,CN1CCN(c2ccc3c(=O)c(C(=O)O)cn4c3c2SCC4)CC1,fluoro_aromatic,593,0.9700223803520203,0.09180056303739548,-0.8782218173146248,0.8782218173146248,0.9700223803520203,0.09180056303739548,-0.8782218173146248,1.6963000000000001,1.5571999999999997,-0.13910000000000045
C1=C(Cl)C=C(C(=C1C(NCCN(CC)CC)=O)OC)Cl,CCN(CC)CCNC(=O)c1cccc(Cl)c1OC,aromatic_chloro,1147,0.9723573923110962,0.9719240069389343,-0.00043338537216186523,0.00043338537216186523,0.9723573923110962,0.9719240069389343,-0.00043338537216186523,3.0736000000000017,2.4202000000000004,-0.6534000000000013
C1=CC=CC=C1C(C2=CC=CC=C2)(CCN4CCC(N3CCCCC3)(C(N)=O)CC4)C#N,[H]C1(N2CCCCC2)CCN(CCC(C#N)(c2ccccc2)c2ccccc2)CC1,amide,1470,0.9723720550537109,0.97171550989151,-0.0006565451622009277,0.0006565451622009277,0.9723720550537109,0.97171550989151,-0.0006565451622009277,3.6921800000000013,4.836680000000005,1.1445000000000034
CC1(C)S[C@@H]2[C@H](NC(=O)Cc3ccccc3)C(=O)N2[C@H]1C(O)=O,[H]C1N2C(=O)[C@@H](NC(=O)Cc3ccccc3)[C@H]2SC1(C)C,carboxylic_acid,350,0.0915907695889473,0.9722234010696411,0.8806326314806938,0.8806326314806938,0.0915907695889473,0.9722234010696411,0.8806326314806938,0.8607999999999998,1.4076,0.5468000000000002
N[S](=O)(=O)c1cc2c(NCN[S]2(=O)=O)cc1Cl,NS(=O)(=O)c1ccc2c(c1)S(=O)(=O)NCN2,aromatic_chloro,259,0.09165316075086594,0.09164033085107803,-1.2829899787902832e-05,1.2829899787902832e-05,0.09165316075086594,0.09164033085107803,-1.2829899787902832e-05,-0.35129999999999945,-1.0046999999999995,-0.6534
N[S](=O)(=O)c1cc2c(NCN[S]2(=O)=O)cc1Cl,[H]c1cc2c(cc1Cl)NCNS2(=O)=O,sulfonamide,259,0.09167617559432983,0.963586151599884,0.8719099760055542,0.8719099760055542,0.09167617559432983,0.963586151599884,0.8719099760055542,-0.35129999999999945,1.0012999999999999,1.3525999999999994
NCC1(CCCCC1)CC(O)=O,[H]CC1(CN)CCCCC1,carboxylic_acid,119,0.9714411497116089,0.9715471267700195,0.00010597705841064453,0.00010597705841064453,0.9714411497116089,0.9715471267700195,0.00010597705841064453,1.3703,1.9155000000000002,0.5452000000000001
CCO,[H]C,hydroxyl,451,0.9591402411460876,0.9698776006698608,0.010737359523773193,0.010737359523773193,0.9591402411460876,0.9698776006698608,0.010737359523773193,-0.0014000000000000123,0.6361,0.6375
C3=C(C(N1CCN(C)CC1)C2=CC=CC=C2)C=CC(=C3)Cl,CN1CCN(C(c2ccccc2)c2ccccc2)CC1,aromatic_chloro,1724,0.9718568921089172,0.9689266085624695,-0.002930283546447754,0.002930283546447754,0.9718568921089172,0.9689266085624695,-0.002930283546447754,3.6768000000000027,3.0234000000000023,-0.6534000000000004
CO[C@]1(NC(=O)C(C(O)=O)c2cscc2)[C@H]3SC(C)(C)[C@@H](N3C1=O)C(O)=O,[H]C(C(=O)N[C@]1(OC)C(=O)N2[C@@H](C(=O)O)C(C)(C)S[C@@H]21)c1ccsc1,carboxylic_acid,922,0.09172742813825607,0.09166719019412994,-6.023794412612915e-05,6.023794412612915e-05,0.09172742813825607,0.09166719019412994,-6.023794412612915e-05,0.5221000000000005,0.8963999999999999,0.3742999999999994
CC(NC1=NN=C(S1)[S](N)(=O)=O)=O,[H]c1nnc(NC(C)=O)s1,sulfonamide,946,0.9262299537658691,0.9719691276550293,0.045739173889160156,0.045739173889160156,0.9262299537658691,0.9719691276550293,0.045739173889160156,-0.8561000000000003,0.49649999999999983,1.3526000000000002
c1cn(CCO)c(CC)c(O)c1=O,[H]Cn1ccc(=O)c(O)c1CC,hydroxyl,439,0.09167204797267914,0.09376218914985657,0.002090141177177429,0.002090141177177429,0.09167204797267914,0.09376218914985657,0.002090141177177429,0.10859999999999992,0.6532999999999998,0.5446999999999999
OCCOCCN1CCN(CC1)C(c2ccccc2)c3ccc(Cl)cc3,OCCOCCN1CCN(C(c2ccccc2)c2ccccc2)CC1,aromatic_chloro,651,0.9720115065574646,0.971438467502594,-0.0005730390548706055,0.0005730390548706055,0.9720115065574646,0.971438467502594,-0.0005730390548706055,3.055900000000001,2.4025000000000007,-0.6534000000000004
OCCOCCN1CCN(CC1)C(c2ccccc2)c3ccc(Cl)cc3,[H]COCCN1CCN(C(c2ccccc2)c2ccc(Cl)cc2)CC1,hydroxyl,651,0.9719946384429932,0.9684852957725525,-0.003509342670440674,0.003509342670440674,0.9719946384429932,0.9684852957725525,-0.003509342670440674,3.055900000000001,3.693400000000003,0.637500000000002
OC1N=C(c2ccccc2Cl)c3cc(Cl)ccc3NC1=O,O=C1Nc2ccc(Cl)cc2C(c2ccccc2)=NC1O,aromatic_chloro,668,0.9709285497665405,0.9594526886940002,-0.011475861072540283,0.011475861072540283,0.9709285497665405,0.9594526886940002,-0.011475861072540283,3.101300000000001,2.4478999999999997,-0.6534000000000013
OC1N=C(c2ccccc2Cl)c3cc(Cl)ccc3NC1=O,[H]C(O)N=C(c1cccc(Cl)c1)c1ccccc1Cl,amide,668,0.9708856344223022,0.0980488732457161,-0.8728367611765862,0.8728367611765862,0.9708856344223022,0.0980488732457161,-0.8728367611765862,3.101300000000001,3.7806000000000015,0.6793000000000005
C1=CC(=CC=C1C(CCCN3CCC(N2CCCCC2)(CC3)C(CC)=O)=O)F,CCC(=O)C1(N2CCCCC2)CCN(CCCC(=O)c2ccccc2)CC1,fluoro_aromatic,1494,0.9722815752029419,0.9718082547187805,-0.00047332048416137695,0.00047332048416137695,0.9722815752029419,0.9718082547187805,-0.00047332048416137695,4.088200000000003,3.949100000000003,-0.1391
CC1=C(N2[C@H](SC1)[C@H](NC(=O)[C@H](N)c3ccccc3)C2=O)C(O)=O,[H]C1=C(C)CS[C@@H]2[C@H](NC(=O)[C@H](N)c3ccccc3)C(=O)N12,carboxylic_acid,745,0.09170418232679367,0.09175381064414978,4.962831735610962e-05,4.962831735610962e-05,0.09170418232679367,0.09175381064414978,4.962831735610962e-05,0.44489999999999896,0.9900999999999993,0.5452000000000004
C1=C(C=CC=C1N3C(N(CCN2CC(C)(C)C2)CC3)=O)Cl,CC1(C)CN(CCN2CCN(c3ccccc3)C2=O)C1,aromatic_chloro,1655,0.9723162651062012,0.9709529280662537,-0.0013633370399475098,0.0013633370399475098,0.9723162651062012,0.9709529280662537,-0.0013633370399475098,2.9238000000000017,2.2704000000000004,-0.6534000000000013
CC1(C)S[C@@H]2[C@H](NC(=O)[C@H](NC(=O)N3CCN(C3=O)[S](C)(=O)=O)c4ccccc4)C(=O)N2[C@H]1C(O)=O,[H]C1N2C(=O)[C@@H](NC(=O)[C@H](NC(=O)N3CCN(S(C)(=O)=O)C3=O)c3ccccc3)[C@H]2SC1(C)C,carboxylic_acid,860,0.09174330532550812,0.09160029143095016,-0.00014301389455795288,0.00014301389455795288,0.09174330532550812,0.09160029143095016,-0.00014301389455795288,-0.23379999999999784,0.3130000000000015,0.5467999999999993
C1=C(Cl)C=CC2=C1C(=NC3=C(O2)C=CC=C3)N4CCN(CC4)C,CN1CCN(C2=Nc3ccccc3Oc3ccccc32)CC1,aromatic_chloro,1330,0.9722028970718384,0.9714210033416748,-0.0007818937301635742,0.0007818937301635742,0.9722028970718384,0.9714210033416748,-0.0007818937301635742,3.7714000000000034,3.118000000000002,-0.6534000000000013
C1=CC=CC2=C1C(=NS2)N5CCN(CCC4=CC3=C(NC(C3)=O)C=C4Cl)CC5,O=C1Cc2cc(CCN3CCN(c4nsc5ccccc45)CC3)ccc2N1,aromatic_chloro,1656,0.9718390107154846,0.4649898111820221,-0.5068491995334625,0.5068491995334625,0.9718390107154846,0.4649898111820221,-0.5068491995334625,3.809000000000002,3.1556000000000015,-0.6534000000000004
C1=CC=CC2=C1C(=NS2)N5CCN(CCC4=CC3=C(NC(C3)=O)C=C4Cl)CC5,[H]Cc1ccc(Cl)c(CCN2CCN(c3nsc4ccccc34)CC2)c1,amide,1656,0.971907913684845,0.6106325387954712,-0.3612753748893738,0.3612753748893738,0.971907913684845,0.6106325387954712,-0.3612753748893738,3.809000000000002,4.622820000000004,0.8138200000000024
OC(=O)C1=C(CS[C@@H]2[C@H](NC(=O)Cc3sccc3)C(=O)N12)CSc4[nH]ncn4,[H]C1=C(CSc2ncn[nH]2)CS[C@@H]2[C@H](NC(=O)Cc3cccs3)C(=O)N12,carboxylic_acid,759,0.09162701666355133,0.09180443733930588,0.00017742067575454712,0.00017742067575454712,0.09162701666355133,0.09180443733930588,0.00017742067575454712,0.9396,1.4848,0.5451999999999999
C[C@H]1CN(C[C@@H](C)N1)c2c(F)c(N)c3C(=O)C(=CN(C4CC4)c3c2F)C(O)=O,[H]c1cn(C2CC2)c2c(F)c(N3C[C@@H](C)N[C@@H](C)C3)c(F)c(N)c2c1=O,carboxylic_acid,627,0.4120239317417145,0.967613160610199,0.5555892288684845,0.5555892288684845,0.4120239317417145,0.967613160610199,0.5555892288684845,2.0816,2.383400000000001,0.30180000000000096
C[C@H]1CN(C[C@@H](C)N1)c2c(F)c(N)c3C(=O)C(=CN(C4CC4)c3c2F)C(O)=O,C[C@@H]1CN(c2cc(N)c3c(=O)c(C(=O)O)cn(C4CC4)c3c2F)C[C@H](C)N1,fluoro_aromatic,627,0.4614211916923523,0.0917353704571724,-0.3696858212351799,0.3696858212351799,0.4614211916923523,0.0917353704571724,-0.3696858212351799,2.0816,1.9425000000000001,-0.13909999999999978
CC1(C)S[C@@H]2[C@H](NC(=O)C(C(O)=O)c3ccccc3)C(=O)N2[C@H]1C(O)=O,[H]C(C(=O)N[C@@H]1C(=O)N2[C@@H]1SC(C)(C)[C@@H]2C(=O)O)c1ccccc1,carboxylic_acid,127,0.09165232628583908,0.09174156188964844,8.923560380935669e-05,8.923560380935669e-05,0.09165232628583908,0.09174156188964844,8.923560380935669e-05,0.4864999999999999,0.8607999999999998,0.3742999999999999
Clc1ccc(COC(Cn2ccnc2)c3ccc(Cl)cc3Cl)c(Cl)c1,Clc1ccc(C(Cn2ccnc2)OCc2ccccc2Cl)c(Cl)c1,aromatic_chloro,322,0.0922541618347168,0.09196347743272781,-0.00029068440198898315,0.00029068440198898315,0.0922541618347168,0.09196347743272781,-0.00029068440198898315,6.454800000000002,5.801400000000003,-0.6533999999999995
C1CN(CCC1)Cc1cccc(c1)OCCCO,[H]CCOc1cccc(CN2CCCCC2)c1,hydroxyl,657,0.9715562462806702,0.909351646900177,-0.062204599380493164,0.062204599380493164,0.9715562462806702,0.909351646900177,-0.062204599380493164,2.4337000000000004,3.071200000000002,0.6375000000000015
C1=CC=CC=C1N2C4(C(NC2)=O)CCN(CC\C=C(C3=CC=C(F)C=C3)\C)CC4,C/C(=C/CCN1CCC2(CC1)C(=O)NCN2c1ccccc1)c1ccccc1,fluoro_aromatic,1547,0.9722974300384521,0.09191984683275223,-0.8803775832056999,0.8803775832056999,0.9722974300384521,0.09191984683275223,-0.8803775832056999,4.047600000000004,3.9085000000000027,-0.1391000000000009
C1=CC=CC=C1N2C4(C(NC2)=O)CCN(CC\C=C(C3=CC=C(F)C=C3)\C)CC4,[H]C1(N(C)c2ccccc2)CCN(CC/C=C(/C)c2ccc(F)cc2)CC1,amide,1547,0.9722998142242432,0.9721221327781677,-0.00017768144607543945,0.00017768144607543945,0.9722998142242432,0.9721221327781677,-0.00017768144607543945,4.047600000000004,5.219900000000005,1.1723000000000017
OC1(CCN(CCCC(=O)c2ccc(F)cc2)CC1)c3cccc(c3)C(F)(F)F,O=C(CCCN1CCC(O)(c2cccc(C(F)(F)F)c2)CC1)c1ccccc1,fluoro_aromatic,239,0.9721946716308594,0.8282812237739563,-0.14391344785690308,0.14391344785690308,0.9721946716308594,0.8282812237739563,-0.14391344785690308,4.791000000000005,4.651900000000004,-0.1391000000000009
C1=C(C(=CC=C1OCC2=NCCN2)Cl)Cl,Clc1ccc(OCC2=NCCN2)cc1,aromatic_chloro,1216,0.9720026254653931,0.8985612988471985,-0.07344132661819458,0.07344132661819458,0.9720026254653931,0.8985612988471985,-0.07344132661819458,2.3739,1.7205,-0.6534
C1=C(C2=C(C=C1)C=CO2)N5CCN(CC3=CC=C([NH]3)C4=CC=C(C=C4)F)CC5,c1ccc(-c2ccc(CN3CCN(c4cccc5ccoc45)CC3)[nH]2)cc1,fluoro_aromatic,1176,0.972328782081604,0.10826118290424347,-0.8640675991773605,0.8640675991773605,0.972328782081604,0.10826118290424347,-0.8640675991773605,4.889200000000003,4.750100000000003,-0.1391
C1=CC(=CC5=C1N(C4CCN(CC3OC2=C(C=CC=C2)OC3)CC4)C(N5)=O)Cl,O=c1[nH]c2ccccc2n1C1CCN(CC2COc3ccccc3O2)CC1,aromatic_chloro,1001,0.9721788167953491,0.9711123108863831,-0.0010665059089660645,0.0010665059089660645,0.9721788167953491,0.9711123108863831,-0.0010665059089660645,3.459900000000001,2.8064999999999998,-0.6534000000000013
C(C1(C(CCC)CC)C(NC(=S)NC1=O)=O)C,[H]C(CC)(C(=O)NC=S)C(CC)CCC,amide,1998,0.9720997214317322,0.9721473455429077,4.762411117553711e-05,4.762411117553711e-05,0.9720997214317322,0.9721473455429077,4.762411117553711e-05,1.74,2.912300000000001,1.172300000000001
[C@@]24(F)C1(C(=CC(=O)C=C1)[C@@H](F)CC2C3C(C([C@@H](C3)C)C(=O)CO)(CC4O)C)C,[H]C(=O)C1[C@H](C)CC2C3C[C@H](F)C4=CC(=O)C=CC4(C)[C@@]3(F)C(O)CC21C,hydroxyl,1151,0.9723330736160278,0.09169763326644897,-0.8806354403495789,0.8806354403495789,0.9723330736160278,0.09169763326644897,-0.8806354403495789,2.7288000000000014,3.3663000000000025,0.6375000000000011
CC1=C(N2[C@H](SC1)[C@H](NC(=O)[C@H](N)c3ccc(O)cc3)C2=O)C(O)=O,[H]C1=C(C)CS[C@@H]2[C@H](NC(=O)[C@H](N)c3ccc(O)cc3)C(=O)N12,carboxylic_acid,744,0.09167923778295517,0.09158985316753387,-8.938461542129517e-05,8.938461542129517e-05,0.09167923778295517,0.09158985316753387,-8.938461542129517e-05,0.15049999999999925,0.6956999999999995,0.5452000000000004
CC1(C)S[C@@H]2[C@H](NC(=O)C(C(=O)Oc3ccc4CCCc4c3)c5ccccc5)C(=O)N2[C@H]1C(O)=O,[H]C1N2C(=O)[C@@H](NC(=O)C(C(=O)Oc3ccc4c(c3)CCC4)c3ccccc3)[C@H]2SC1(C)C,carboxylic_acid,740,0.09161608666181564,0.09186099469661713,0.00024490803480148315,0.00024490803480148315,0.09161608666181564,0.09186099469661713,0.00024490803480148315,2.4962,3.043000000000002,0.546800000000002
C1=CC=CC=C1N2C(C(C(NC2=O)=O)(CC)CC)=O,[H]C(CC)(CC)C(=O)N(C=O)c1ccccc1,amide,1457,0.9722175598144531,0.971218466758728,-0.0009990930557250977,0.0009990930557250977,0.9722175598144531,0.971218466758728,-0.0009990930557250977,2.0758,2.6122000000000005,0.5364000000000004
C1=CC(=CC=C1N3CCN(CCC(NC(C2=CC=CN=C2)=O)C)CC3)F,CC(CCN1CCN(c2ccccc2)CC1)NC(=O)c1cccnc1,fluoro_aromatic,1397,0.9723214507102966,0.09254001826047897,-0.8797814324498177,0.8797814324498177,0.9723214507102966,0.09254001826047897,-0.8797814324498177,2.5513000000000003,2.4122000000000003,-0.1391
[C@H](NC(C3=CC=C(NCC1=NC2=C(N=C1)NC(=NC2=O)N)C=C3)=O)(CCC(O)=O)C(O)=O,[H]CC[C@H](NC(=O)c1ccc(NCc2cnc3[nH]c(N)nc(=O)c3n2)cc1)C(=O)O,carboxylic_acid,1255,0.9674633741378784,0.09155043214559555,-0.8759129419922829,0.8759129419922829,0.9674633741378784,0.09155043214559555,-0.8759129419922829,-0.044799999999999174,0.5004000000000002,0.5451999999999994
OC(=O)C1=CC(=O)c2ccccc2N1,[H]c1cc(=O)c2ccccc2[nH]1,carboxylic_acid,654,0.7660250663757324,0.9069076180458069,0.14088255167007446,0.14088255167007446,0.7660250663757324,0.9069076180458069,0.14088255167007446,1.2262999999999997,1.5280999999999998,0.30180000000000007
CC1=Nc2ccccc2C(=O)N1c3ccccc3Cl,Cc1nc2ccccc2c(=O)n1-c1ccccc1,aromatic_chloro,671,0.9710814952850342,0.5723878741264343,-0.39869362115859985,0.39869362115859985,0.9710814952850342,0.5723878741264343,-0.39869362115859985,3.347520000000002,2.6941200000000007,-0.6534000000000013
CC(C)(C)NCC(O)COc1cccc2NC(=O)CCc12,[H]CCc1ccccc1OCC(O)CNC(C)(C)C,amide,129,0.9721322655677795,0.9713947772979736,-0.0007374882698059082,0.0007374882698059082,0.9721322655677795,0.9713947772979736,-0.0007374882698059082,1.6990999999999998,2.3768000000000002,0.6777000000000004
C(C(C(CC)C)(COC(N)=O)C)OC(N)=O,[H]OCC(C)(COC(N)=O)C(C)CC,amide,1335,0.9721936583518982,0.9718186259269714,-0.0003750324249267578,0.0003750324249267578,0.9721936583518982,0.9718186259269714,-0.0003750324249267578,1.2294000000000005,1.1264,-0.10300000000000042
C(O)C(=O)C4(O)C3(C(C2C(C1(C(=CC(=O)CC1)CC2)C)CC3)CC4)C,[H]C(=O)C1(O)CCC2C3CCC4=CC(=O)CCC4(C)C3CCC21C,hydroxyl,1110,0.9721846580505371,0.09187555313110352,-0.8803091049194336,0.8803091049194336,0.9721846580505371,0.09187555313110352,-0.8803091049194336,2.8108000000000013,3.4483000000000024,0.6375000000000011
C1=CC(=CN=C1N2C(C3=C(C2=O)N=CC=N3)OC(N4CCN(C)CC4)=O)Cl,CN1CCN(C(=O)OC2c3nccnc3C(=O)N2c2ccccn2)CC1,aromatic_chloro,1660,0.9711256623268127,0.0999525859951973,-0.8711730763316154,0.8711730763316154,0.9711256623268127,0.0999525859951973,-0.8711730763316154,1.5679999999999998,0.9146000000000001,-0.6533999999999998
C1=C(Cl)C=CC\3=C1C=C(N2CCN(C)CC2)C4=C(C3=C/C#N)C=CC=C4,CN1CCN(C2=Cc3ccccc3/C(=C\C#N)c3ccccc32)CC1,aromatic_chloro,1976,0.9722179770469666,0.09580018371343613,-0.8764177933335304,0.8764177933335304,0.9722179770469666,0.09580018371343613,-0.8764177933335304,4.354180000000004,3.7007800000000026,-0.6534000000000013
C1=C(Cl)C=CC2=C1C(=NCC(=N2)NOCC=C)C3=CC=CC=C3Cl,C=CCONC1=Nc2ccccc2C(c2ccccc2Cl)=NC1,aromatic_chloro,1634,0.9723339676856995,0.9705576300621033,-0.0017763376235961914,0.0017763376235961914,0.9723339676856995,0.9705576300621033,-0.0017763376235961914,4.581600000000003,3.928200000000003,-0.6533999999999995
C1=CC(=CC2=C1C(=NO2)C4CCN(CCCOC3=C(C=C(C(C)=O)C=C3)OC)CC4)F,COc1cc(C(C)=O)ccc1OCCCN1CCC(c2noc3ccccc23)CC1,fluoro_aromatic,1293,0.9723134636878967,0.6360714435577393,-0.33624202013015747,0.33624202013015747,0.9723134636878967,0.6360714435577393,-0.33624202013015747,4.826600000000004,4.687500000000004,-0.1391
Clc1cc2c(Oc3ccccc3C3CNCC32)cc1,c1ccc2c(c1)Oc1ccccc1C1CNCC21,aromatic_chloro,82,0.969504177570343,0.9625604152679443,-0.006943762302398682,0.006943762302398682,0.969504177570343,0.9625604152679443,-0.006943762302398682,3.9163000000000032,3.262900000000001,-0.6534000000000022
CN1C(=O)NC(=O)C(C)(C1=O)C2=CCCCC2,[H]N(C)C(=O)C(C)(C=O)C1=CCCCC1,amide,477,0.09211912751197815,0.9709572196006775,0.8788380920886993,0.8788380920886993,0.09211912751197815,0.9709572196006775,0.8788380920886993,1.2012999999999998,1.438,0.23670000000000013
Clc1ccccc1C(n2ccnc2)(c3ccccc3)c4ccccc4,c1ccc(C(c2ccccc2)(c2ccccc2)n2ccnc2)cc1,aromatic_chloro,154,0.9488019943237305,0.11793872714042664,-0.8308632671833038,0.8308632671833038,0.9488019943237305,0.11793872714042664,-0.8308632671833038,5.376700000000004,4.723300000000004,-0.6534000000000004
C1=C(Cl)C=CC3=C1N(C2=CC=CC=C2)C(CCN3)=O,O=C1CCNc2ccccc2N1c1ccccc1,aromatic_chloro,1317,0.9719321131706238,0.9698429107666016,-0.002089202404022217,0.002089202404022217,0.9719321131706238,0.9698429107666016,-0.002089202404022217,3.820300000000003,3.166900000000001,-0.6534000000000022
C3=C(C1=CCN(CCC)CC1)C2=CC(=CC=C2[NH]3)Cl,CCCN1CC=C(c2c[nH]c3ccccc23)CC1,aromatic_chloro,1579,0.9719812273979187,0.9714158177375793,-0.0005654096603393555,0.0005654096603393555,0.9719812273979187,0.9714158177375793,-0.0005654096603393555,4.320400000000003,3.6670000000000025,-0.6534000000000004
C1=CC=CC=C1C(C(OC2CC3[N+](C(C2)CC3)(C)[O-])=O)CO,[H]C(C(=O)OC1CC2CCC(C1)[N+]2(C)[O-])c1ccccc1,hydroxyl,999,0.9723542332649231,0.11022917926311493,-0.8621250540018082,0.8621250540018082,0.9723542332649231,0.11022917926311493,-0.8621250540018082,1.9434999999999998,2.410100000000001,0.466600000000001
c12c(c(ccc1)Cl)C(N(Cc1n2cnc1c1nc(on1)[C@](CO)(C)O)C)=O,CN1Cc2c(-c3noc([C@](C)(O)CO)n3)ncn2-c2ccccc2C1=O,aromatic_chloro,264,0.09207173436880112,0.09156308323144913,-0.0005086511373519897,0.0005086511373519897,0.09207173436880112,0.09156308323144913,-0.0005086511373519897,1.3610999999999998,0.7077,-0.6533999999999998
C3=C(C(NC1C2CCN(C1)CC2)=O)C(=CC(=C3Cl)N)OCC4CC4,Nc1ccc(C(=O)NC2CN3CCC2CC3)c(OCC2CC2)c1,aromatic_chloro,1433,0.9722703695297241,0.9542565941810608,-0.01801377534866333,0.01801377534866333,0.9722703695297241,0.9542565941810608,-0.01801377534866333,2.535,1.8815999999999993,-0.6534000000000009
NC(N)=N\N=C\c1c(Cl)cccc1Cl,NC(N)=N/N=C/c1ccccc1Cl,aromatic_chloro,255,0.9611282348632812,0.9399696588516235,-0.021158576011657715,0.021158576011657715,0.9611282348632812,0.9399696588516235,-0.021158576011657715,1.6007000000000005,0.9473,-0.6534000000000004
C[C@](N)(Cc1ccc(O)c(O)c1)C(O)=O,[H][C@@](C)(N)Cc1ccc(O)c(O)c1,carboxylic_acid,306,0.09159830212593079,0.09538350999355316,0.0037852078676223755,0.0037852078676223755,0.09159830212593079,0.09538350999355316,0.0037852078676223755,0.4423000000000001,0.9874999999999998,0.5451999999999997
C1=C(C=CC=C1OC2CN(C(N)=O)C2)C(F)(F)F,[H]N1CC(Oc2cccc(C(F)(F)F)c2)C1,amide,1781,0.9722324013710022,0.972043514251709,-0.0001888871192932129,0.0001888871192932129,0.9722324013710022,0.972043514251709,-0.0001888871192932129,1.8471,2.056,0.20890000000000009
C1=C(C=CC=C1N3CCN(CCCN2C(N(C(=N2)CC)CC)=O)CC3)Cl,CCc1nn(CCCN2CCN(c3ccccc3)CC2)c(=O)n1CC,aromatic_chloro,1200,0.9723140001296997,0.9699053764343262,-0.002408623695373535,0.002408623695373535,0.9723140001296997,0.9699053764343262,-0.002408623695373535,2.4928,1.8393999999999995,-0.6534000000000004
C1=CC=CC2=C1C(N(C2=O)C3=NC4=C(C=C3)C=CC(=N4)Cl)CC(=O)N6CCC5(OCCO5)CC6,O=C(CC1c2ccccc2C(=O)N1c1ccc2cccnc2n1)N1CCC2(CC1)OCCO2,aromatic_chloro,1439,0.9708477258682251,0.09202253818511963,-0.8788251876831055,0.8788251876831055,0.9708477258682251,0.09202253818511963,-0.8788251876831055,3.740300000000002,3.086900000000001,-0.6534000000000013
C1=CC(=CC2=C1C(C3=C(CC2)C=CC=N3)=C4CCN(C(OCC)=O)CC4)Cl,CCOC(=O)N1CCC(=C2c3ccccc3CCc3cccnc32)CC1,aromatic_chloro,1323,0.9723132252693176,0.9720037579536438,-0.0003094673156738281,0.0003094673156738281,0.9723132252693176,0.9720037579536438,-0.0003094673156738281,4.887800000000005,4.2344000000000035,-0.6534000000000013
C1=CC=CC3=C1N(C2=C(C=CC=C2)CC3=O)C(N)=O,[H]N1c2ccccc2CC(=O)c2ccccc21,amide,1424,0.9720433950424194,0.9676554799079895,-0.004387915134429932,0.004387915134429932,0.9720433950424194,0.9676554799079895,-0.004387915134429932,2.6422,3.1690000000000014,0.5268000000000015
N[C@@H](Cc1ccc(O)c(O)c1)C(O)=O,[H]C(N)Cc1ccc(O)c(O)c1,carboxylic_acid,280,0.09166256338357925,0.09624890238046646,0.004586338996887207,0.004586338996887207,0.09166256338357925,0.09624890238046646,0.004586338996887207,0.05219999999999991,0.5989999999999998,0.5467999999999998
C1=C(C(=CC(=C1Cl)N)OC)C(NC3CCN(CC2=CC=CC=C2)CC3)=O,COc1cc(N)ccc1C(=O)NC1CCN(Cc2ccccc2)CC1,aromatic_chloro,1086,0.9721581935882568,0.09586511552333832,-0.8762930780649185,0.8762930780649185,0.9721581935882568,0.09586511552333832,-0.8762930780649185,3.3252000000000015,2.6718,-0.6534000000000013
c1(ccc(c(c1)Cl)Cl)CC(N1[C@@H](CN2CCCC2)CC(CC1)(C)C)=O,CC1(C)CCN(C(=O)Cc2cccc(Cl)c2)[C@@H](CN2CCCC2)C1,aromatic_chloro,435,0.9709195494651794,0.8552453517913818,-0.11567419767379761,0.11567419767379761,0.9709195494651794,0.8552453517913818,-0.11567419767379761,4.648900000000004,3.9955000000000034,-0.6534000000000004
CC1(C)S[C@@H]2C(NC(=O)[C@H](NC(=O)C3=CNc4cccnc4C3=O)c5ccccc5)C(=O)N2[C@H]1C(O)=O,[H]C1N2C(=O)C(NC(=O)[C@H](NC(=O)c3c[nH]c4cccnc4c3=O)c3ccccc3)[C@H]2SC1(C)C,carboxylic_acid,725,0.09164339303970337,0.09164240211248398,-9.909272193908691e-07,9.909272193908691e-07,0.09164339303970337,0.09164240211248398,-9.909272193908691e-07,1.025899999999999,1.5726999999999993,0.5468000000000004
CO/N=C(C(=O)N[C@H]1[C@H]2SCC(=C(N2C1=O)C(O)=O)COC(C)=O)/c3occc3,[H]C1=C(COC(C)=O)CS[C@@H]2[C@H](NC(=O)/C(=N\OC)c3ccco3)C(=O)N12,carboxylic_acid,784,0.09172587841749191,0.09167534857988358,-5.05298376083374e-05,5.05298376083374e-05,0.09172587841749191,0.09167534857988358,-5.05298376083374e-05,-0.06819999999999826,0.47699999999999987,0.5451999999999981
C1=CC(=CC3=C1[N]2C(=CN=C2C)CN=C3C4=CC=CC=C4F)Cl,Cc1ncc2n1-c1ccccc1C(c1ccccc1F)=NC2,aromatic_chloro,1901,0.9721039533615112,0.9693235158920288,-0.002780437469482422,0.002780437469482422,0.9721039533615112,0.9693235158920288,-0.002780437469482422,4.324220000000002,3.6708200000000026,-0.6533999999999995
C1=CC(=CC3=C1[N]2C(=CN=C2C)CN=C3C4=CC=CC=C4F)Cl,Cc1ncc2n1-c1ccc(Cl)cc1C(c1ccccc1)=NC2,fluoro_aromatic,1901,0.9721052050590515,0.9609299302101135,-0.011175274848937988,0.011175274848937988,0.9721052050590515,0.9609299302101135,-0.011175274848937988,4.324220000000002,4.185120000000002,-0.1391
CC1(C)S[C@@H]2[C@H](NC(=O)C34C[C@H]5C[C@H](CC(N)(C5)C3)C4)C(=O)N2[C@H]1C(O)=O,[H]C1N2C(=O)[C@@H](NC(=O)C34C[C@@H]5C[C@@H](CC(N)(C5)C3)C4)[C@H]2SC1(C)C,carboxylic_acid,721,0.0916140154004097,0.14697182178497314,0.055357806384563446,0.055357806384563446,0.0916140154004097,0.14697182178497314,0.055357806384563446,0.9158000000000006,1.4625999999999995,0.5467999999999988
CO/N=C(C(=O)N[C@H]1[C@H]2SCC=C(N2C1=O)C(O)=O)/c3csc(N)n3,[H]C1=CCS[C@@H]2[C@H](NC(=O)/C(=N\OC)c3csc(N)n3)C(=O)N12,carboxylic_acid,783,0.09174983203411102,0.09175455570220947,4.723668098449707e-06,4.723668098449707e-06,0.09174983203411102,0.09175455570220947,4.723668098449707e-06,-0.5557999999999992,-0.010600000000000054,0.5451999999999991
C1=C(Cl)C=CC3=C1N(C2=CC=CC=C2)C(CCN3C(OCC)=O)=O,CCOC(=O)N1CCC(=O)N(c2ccccc2)c2ccccc21,aromatic_chloro,1683,0.9723881483078003,0.9717003107070923,-0.0006878376007080078,0.0006878376007080078,0.9723881483078003,0.9717003107070923,-0.0006878376007080078,4.371300000000004,3.717900000000003,-0.6534000000000013
C1=C(CC)SC2=C1C(=NCC(N2C)=O)C3=CC=CC=C3Cl,CCc1cc2c(s1)N(C)C(=O)CN=C2c1ccccc1,aromatic_chloro,1104,0.9721850752830505,0.9475530982017517,-0.024631977081298828,0.024631977081298828,0.9721850752830505,0.9475530982017517,-0.024631977081298828,3.777700000000003,3.1243000000000016,-0.6534000000000013
C1=C(O)C=CC2=C1C(=C[NH]2)CC(C(O)=O)N,[H]C(N)Cc1c[nH]c2ccc(O)cc12,carboxylic_acid,1428,0.9715557098388672,0.8792821168899536,-0.09227359294891357,0.09227359294891357,0.9715557098388672,0.8792821168899536,-0.09227359294891357,0.8278999999999999,1.3747,0.5468000000000002
C1=C(Cl)C=CC2=C1C(=NCCN2CC(F)(F)F)C3=CC=CC=C3F,Fc1ccccc1C1=NCCN(CC(F)(F)F)c2ccccc21,aromatic_chloro,1817,0.9723384380340576,0.9718653559684753,-0.0004730820655822754,0.0004730820655822754,0.9723384380340576,0.9718653559684753,-0.0004730820655822754,4.698800000000003,4.0454000000000025,-0.6534000000000004
C1=C(Cl)C=CC2=C1C(=NCCN2CC(F)(F)F)C3=CC=CC=C3F,FC(F)(F)CN1CCN=C(c2ccccc2)c2cc(Cl)ccc21,fluoro_aromatic,1817,0.9723147749900818,0.9714900851249695,-0.0008246898651123047,0.0008246898651123047,0.9723147749900818,0.9714900851249695,-0.0008246898651123047,4.698800000000003,4.559700000000003,-0.1391
C1=CC=CC2=C1C(C(N2CC(N)=O)=O)C3=CC=CC=C3,[H]CN1C(=O)C(c2ccccc2)c2ccccc21,amide,1797,0.9722602367401123,0.9694079756736755,-0.0028522610664367676,0.0028522610664367676,0.9722602367401123,0.9694079756736755,-0.0028522610664367676,1.6504000000000003,2.794900000000001,1.1445000000000007
C3=C(N(C2CCN(CCC1=CC=CC=C1)CC2)C(COC)=O)C(=CC=C3)F,COCC(=O)N(c1ccccc1)C1CCN(CCc2ccccc2)CC1,fluoro_aromatic,1922,0.9723873734474182,0.963644802570343,-0.008742570877075195,0.008742570877075195,0.9723873734474182,0.963644802570343,-0.008742570877075195,3.5122000000000027,3.3731000000000027,-0.1391
C4=C(C3=C(CCN2CCN(C1=C(C=CC=C1)OC)CC2)OC(N3)=O)C=CC(=C4)F,COc1ccccc1N1CCN(CCc2oc(=O)[nH]c2-c2ccccc2)CC1,fluoro_aromatic,1658,0.9723325967788696,0.09628773480653763,-0.876044861972332,0.876044861972332,0.9723325967788696,0.09628773480653763,-0.876044861972332,3.1473000000000013,3.0082000000000013,-0.1391
C1=C(CC\C(CN)=C/F)C=CC(=C1)F,NC/C(=C/F)CCc1ccccc1,fluoro_aromatic,1908,0.9721801280975342,0.09677191823720932,-0.8754082098603249,0.8754082098603249,0.9721801280975342,0.09677191823720932,-0.8754082098603249,2.570400000000001,2.4313000000000002,-0.1391000000000009
OC1(CCN(CCCC(=O)c2ccc(F)cc2)CC1)c3ccc(Cl)cc3,O=C(CCCN1CCC(O)(c2ccccc2)CC1)c1ccc(F)cc1,aromatic_chloro,635,0.9721277356147766,0.09879682958126068,-0.8733309060335159,0.8733309060335159,0.9721277356147766,0.09879682958126068,-0.8733309060335159,4.425600000000004,3.7722000000000033,-0.6534000000000004
OC1(CCN(CCCC(=O)c2ccc(F)cc2)CC1)c3ccc(Cl)cc3,O=C(CCCN1CCC(O)(c2ccc(Cl)cc2)CC1)c1ccccc1,fluoro_aromatic,635,0.972126305103302,0.09289908409118652,-0.8792272210121155,0.8792272210121155,0.972126305103302,0.09289908409118652,-0.8792272210121155,4.425600000000004,4.286500000000004,-0.1391
CC(CN1CCN(CCOCCO)CC1)CN2c3ccccc3Sc4ccccc24,[H]COCCN1CCN(CC(C)CN2c3ccccc3Sc3ccccc32)CC1,hydroxyl,581,0.9721629023551941,0.9719813466072083,-0.00018155574798583984,0.00018155574798583984,0.9721629023551941,0.9719813466072083,-0.00018155574798583984,3.5519000000000025,4.189400000000004,0.6375000000000011
C(C1(C(NC(=S)NC1=O)=O)C(CCC)C)CSC,[H]C(CCSC)(C(=O)NC=S)C(C)CCC,amide,1352,0.9720369577407837,0.9721093773841858,7.241964340209961e-05,7.241964340209961e-05,0.9720369577407837,0.9721093773841858,7.241964340209961e-05,1.6929999999999996,2.8653000000000013,1.1723000000000017
OC(=O)COCCN1CCN(CC1)C(c2ccccc2)c3ccc(Cl)cc3,O=C(O)COCCN1CCN(C(c2ccccc2)c2ccccc2)CC1,aromatic_chloro,437,0.9695316553115845,0.9713324904441833,0.001800835132598877,0.001800835132598877,0.9695316553115845,0.9713324904441833,0.001800835132598877,3.148200000000002,2.4948000000000006,-0.6534000000000013
OC(=O)COCCN1CCN(CC1)C(c2ccccc2)c3ccc(Cl)cc3,[H]COCCN1CCN(C(c2ccccc2)c2ccc(Cl)cc2)CC1,carboxylic_acid,437,0.9696183800697327,0.9684324264526367,-0.0011859536170959473,0.0011859536170959473,0.9696183800697327,0.9684324264526367,-0.0011859536170959473,3.148200000000002,3.693400000000003,0.5452000000000012
[C@]23([C@H]([C@H]1[C@]([C@](C(CO)=O)(C)[C@@H](C1)C)(C)C[C@@H]2O)CCC4=CC(=O)C=C[C@]34C)F,[H]C(=O)[C@@]1(C)[C@H](C)C[C@H]2[C@@H]3CCC4=CC(=O)C=C[C@]4(C)[C@@]3(F)[C@@H](O)C[C@@]21C,hydroxyl,1794,0.9723434448242188,0.09170788526535034,-0.8806355595588684,0.8806355595588684,0.9723434448242188,0.09170788526535034,-0.8806355595588684,3.1709000000000023,3.8084000000000033,0.6375000000000011
[C@H](O)(/C=C/C1=C(C3=C(OC12CCCC2)C=CC=C3)C4=CC=C(F)C=C4)C[C@H](O)CC(OCC)=O,CCOC(=O)C[C@@H](O)C[C@@H](O)/C=C/C1=C(c2ccccc2)c2ccccc2OC12CCCC2,fluoro_aromatic,1025,0.972149133682251,0.09152031689882278,-0.8806288167834282,0.8806288167834282,0.972149133682251,0.09152031689882278,-0.8806288167834282,4.954100000000006,4.815000000000005,-0.1391000000000009
c1(ccccc1)[C@H](CN1CCCC1)N(C(=O)Cc1ccc(c(c1)Cl)Cl)C,CN(C(=O)Cc1cccc(Cl)c1)[C@@H](CN1CCCC1)c1ccccc1,aromatic_chloro,543,0.9614839553833008,0.09348074346780777,-0.868003211915493,0.868003211915493,0.9614839553833008,0.09348074346780777,-0.868003211915493,4.831400000000006,4.1780000000000035,-0.6534000000000022
C(C(C(N)=O)(CC)CC)C=C,[H]C(CC)(CC)CC=C,amide,2021,0.9722270369529724,0.9716348052024841,-0.0005922317504882812,0.0005922317504882812,0.9722270369529724,0.9716348052024841,-0.0005922317504882812,1.8541999999999996,2.9987000000000013,1.1445000000000016
[C@@H]36C2=C(C1=CC(=CC=C1[NH]2)Cl)CCN3C[C@H]5C[C@@H](OC(C4=CC(=C(C(=C4)OC)OC)OC)=O)[C@@H]([C@H]([C@H]5C6)C(OC)=O)OC,COC(=O)[C@H]1[C@H]2C[C@@H]3c4[nH]c5ccccc5c4CCN3C[C@H]2C[C@@H](OC(=O)c2cc(OC)c(OC)c(OC)c2)[C@@H]1OC,aromatic_chloro,1727,0.9721793532371521,0.09243455529212952,-0.8797447979450226,0.8797447979450226,0.9721793532371521,0.09243455529212952,-0.8797447979450226,4.815900000000004,4.162500000000003,-0.6534000000000004
C1=C(C(COC(N)=O)COC(N)=O)C=CC=C1,[H]OCC(COC(N)=O)c1ccccc1,amide,1208,0.9723142385482788,0.9715116024017334,-0.0008026361465454102,0.0008026361465454102,0.9723142385482788,0.9715116024017334,-0.0008026361465454102,0.9607999999999999,0.8578000000000002,-0.10299999999999965
C2=C(C1(C(N(CC(COCCCC)OC(N)=O)C(=O)NC1=O)=O)CC)C=CC=C2,[H]OC(COCCCC)CN1C(=O)NC(=O)C(CC)(c2ccccc2)C1=O,amide,1207,0.9721741676330566,0.09152120351791382,-0.8806529641151428,0.8806529641151428,0.9721741676330566,0.09152120351791382,-0.8806529641151428,1.6934000000000005,1.5903999999999994,-0.10300000000000109
COC1=C(N3C(SC1)C(NC(=O)C(N)C2C=CCC=C2)C3=O)C(O)=O,[H]C1=C(OC)CSC2C(NC(=O)C(N)C3C=CCC=C3)C(=O)N12,carboxylic_acid,775,0.09175968170166016,0.09917733073234558,0.007417649030685425,0.007417649030685425,0.09175968170166016,0.09917733073234558,0.007417649030685425,-0.2114999999999992,0.3336999999999999,0.545199999999999
C4=C(C(C3CCN(CCC1=C(N=C2N(C1=O)CCS2)C)CC3)=O)C=CC(=C4)F,Cc1nc2n(c(=O)c1CCN1CCC(C(=O)c3ccccc3)CC1)CCS2,fluoro_aromatic,1985,0.9721952676773071,0.11610463261604309,-0.856090635061264,0.856090635061264,0.9721952676773071,0.11610463261604309,-0.856090635061264,2.9339200000000014,2.7948200000000014,-0.1391
CC(NC(C)(C)C)C(=O)c1cccc(Cl)c1,CC(NC(C)(C)C)C(=O)c1ccccc1,aromatic_chloro,495,0.16035759449005127,0.9382098913192749,0.7778522968292236,0.7778522968292236,0.16035759449005127,0.9382098913192749,0.7778522968292236,3.2993000000000023,2.645900000000001,-0.6534000000000013
Cc1cnn(c1C(=O)N[C@H]2[C@H]3SC(C)(C)[C@@H](N3C2=O)C(O)=O)c4c(Cl)cccc4Cl,Cc1cnn(-c2ccccc2Cl)c1C(=O)N[C@@H]1C(=O)N2[C@@H]1SC(C)(C)[C@@H]2C(=O)O,aromatic_chloro,890,0.09153928607702255,0.09201521426439285,0.0004759281873703003,0.0004759281873703003,0.09153928607702255,0.09201521426439285,0.0004759281873703003,2.7328200000000002,2.0794199999999994,-0.6534000000000009
Cc1cnn(c1C(=O)N[C@H]2[C@H]3SC(C)(C)[C@@H](N3C2=O)C(O)=O)c4c(Cl)cccc4Cl,[H]C1N2C(=O)[C@@H](NC(=O)c3c(C)cnn3-c3c(Cl)cccc3Cl)[C@H]2SC1(C)C,carboxylic_acid,890,0.09158644825220108,0.11090568453073502,0.019319236278533936,0.019319236278533936,0.09158644825220108,0.11090568453073502,0.019319236278533936,2.7328200000000002,3.279620000000002,0.546800000000002
