original_smiles,intervened_smiles,intervention_strategy,original_qed,intervened_qed,original_mol_weight,intervened_mol_weight,original_logp,intervened_logp,original_hbd,intervened_hbd,original_hba,intervened_hba,is_chemically_valid
c12c3c(N4CCN(C)CC4)c(F)cc1c(c(C(O)=O)cn2C(C)CO3)=O,[H]c1cn2c3c(c(N4CCN(C)CC4)c(F)cc3c1=O)OCC2C,carboxylic_acid,0.8747398264671754,0.8043649196772578,361.14378433999997,317.1539551,1.544,1.8458,1,0,6,5,True
c12c3c(N4CCN(C)CC4)c(F)cc1c(c(C(O)=O)cn2C(C)CO3)=O,CC1COc2c(N3CCN(C)CC3)ccc3c(=O)c(C(=O)O)cn1c23,fluoro_aromatic,0.8747398264671754,0.8885196604127507,361.14378433999997,343.15320615199994,1.544,1.4049000000000003,1,1,6,6,True
Cc1onc(c2ccccc2Cl)c1C(=O)N[C@H]3[C@H]4SC(C)(C)[C@@H](N4C3=O)C(O)=O,Cc1onc(-c2ccccc2)c1C(=O)N[C@@H]1C(=O)N2[C@@H]1SC(C)(C)[C@@H]2C(=O)O,aromatic_chloro,0.7092649200190689,0.7524509230706136,435.0655693559999,401.104541708,2.5487200000000003,1.8953199999999997,2,2,6,6,True
Cc1onc(c2ccccc2Cl)c1C(=O)N[C@H]3[C@H]4SC(C)(C)[C@@H](N4C3=O)C(O)=O,[H]C1N2C(=O)[C@@H](NC(=O)c3c(-c4ccccc4Cl)noc3C)[C@H]2SC1(C)C,carboxylic_acid,0.7092649200190689,0.8134951040195093,435.0655693559999,391.075740116,2.5487200000000003,3.0955200000000014,2,1,6,5,True
OCC(C)(O)c1onc(c2ncn3c2CN(C)C(c4c3cccc4Cl)=O)n1,CN1Cc2c(-c3noc(C(C)(O)CO)n3)ncn2-c2ccccc2C1=O,aromatic_chloro,0.6939427442397786,0.7101826875830146,389.08908167199996,355.128054024,1.3611000000000002,0.7077,2,2,8,8,True
OCC(C)(O)c1onc(c2ncn3c2CN(C)C(c4c3cccc4Cl)=O)n1,[H]C(C)(O)c1nc(-c2ncn3c2CN(C)C(=O)c2c(Cl)cccc2-3)no1,hydroxyl,0.6939427442397786,0.7530393648171253,389.08908167199996,359.07851698800005,1.3611000000000002,2.2146,2,1,8,7,True
CC1=CN([C@H]2C[C@H](F)[C@@H](CO)O2)C(=O)NC1=O,[H]C1O[C@@H](n2cc(C)c(=O)[nH]c2=O)C[C@@H]1F,hydroxyl,0.731622172408428,0.7207950333696511,244.085935116,214.075370432,-0.53708,0.10202000000000006,2,1,5,4,True
CN(C)C(=O)C(CCN1CCC(O)(CC1)c1ccc(Cl)cc1)(c1ccccc1)c1ccccc1,CN(C)C(=O)C(CCN1CCC(O)(c2ccccc2)CC1)(c1ccccc1)c1ccccc1,aromatic_chloro,0.5163157587714765,0.5885589398819933,476.223055976,442.262028328,5.088000000000005,4.434600000000003,1,1,3,3,True
CN1C2CCC1CC(C2)OC(=O)[C@H](CO)c3ccccc3,[H]C(C(=O)OC1CC2CCC(C1)N2C)c1ccccc1,hydroxyl,0.8605899449393155,0.7806574231309205,289.167793596,259.157228912,1.9309,2.397500000000001,1,0,4,3,True
COc1ccc(Cl)cc1C(=O)NCCc2ccc(cc2)[S](=O)(=O)NC(=O)NC3CCCCC3,COc1ccccc1C(=O)NCCc1ccc(S(=O)(=O)NC(=O)NC2CCCCC2)cc1,aromatic_chloro,0.51917970894521,0.5616285325224796,493.14381967599996,459.182792028,3.641700000000002,2.9883000000000015,3,3,5,5,True
Nc1nnc(c(N)n1)c2cccc(Cl)c2Cl,Nc1nnc(-c2ccccc2Cl)c(N)n1,aromatic_chloro,0.8138095128696987,0.7587891676851279,255.00785058399998,221.04682293599998,2.0097999999999994,1.3563999999999998,2,2,5,5,True
CN1CCN(CC1)C2=C3C=CC=CC3=Nc4ccc(Cl)cc4N2,CN1CCN(C2=c3ccccc3=Nc3ccccc3N2)CC1,aromatic_chloro,0.8697054686334906,0.8612598740105657,326.129824288,292.16879664000004,2.0298999999999996,1.376499999999999,1,1,4,4,True
FC(F)(F)c1c(Cl)nc(N2CCNCC2)cc1,FC(F)(F)c1ccc(N2CCNCC2)nc1,aromatic_chloro,0.7890335810877849,0.7936955081961078,265.059359692,231.098332044,2.1634,1.5099999999999998,1,1,3,3,True
C[C@H]1COc2c(N3CCN(C)CC3)c(F)cc4C(=O)C(=CN1c24)C(O)=O,[H]c1cn2c3c(c(N4CCN(C)CC4)c(F)cc3c1=O)OC[C@@H]2C,carboxylic_acid,0.8747398264671755,0.8043649196772578,361.14378433999997,317.1539551000001,1.544,1.8458,1,0,6,5,True
C[C@H]1COc2c(N3CCN(C)CC3)c(F)cc4C(=O)C(=CN1c24)C(O)=O,C[C@H]1COc2c(N3CCN(C)CC3)ccc3c(=O)c(C(=O)O)cn1c23,fluoro_aromatic,0.8747398264671755,0.8885196604127507,361.14378433999997,343.153206152,1.544,1.4049000000000003,1,1,6,6,True
CN1CCN(CCCN2c3ccccc3Sc4ccc(Cl)cc24)CC1,CN1CCN(CCCN2c3ccccc3Sc3ccccc32)CC1,aromatic_chloro,0.775124662295156,0.8345031206288464,373.137946448,339.1769188,4.580200000000004,3.9268000000000027,0,0,4,4,True
ClC1=CC=C(C2=C1)SC3=C(N2CCCNC)C=CC=C3,CNCCCN1c2ccccc2Sc2ccccc21,aromatic_chloro,0.8341331318159723,0.848305432899963,304.08009722400004,270.119069576,4.552200000000003,3.8988000000000023,1,1,3,3,True
Cn1nnnc1SCC2=C(N3[C@H](SC2)[C@H](NC(=O)[C@H](O)c4ccccc4)C3=O)C(O)=O,[H]C1=C(CSc2nnnn2C)CS[C@@H]2[C@H](NC(=O)[C@H](O)c3ccccc3)C(=O)N12,carboxylic_acid,0.37188796650239864,0.5094107062518572,462.07800967599985,418.08818043599996,-0.22560000000000074,0.31959999999999955,3,2,10,9,True
ClC1=CC=C(SC(C=CC=C2)=C2N3CCCN)C3=C1,NCCCN1c2ccccc2Sc2ccccc21,aromatic_chloro,0.9141108034033433,0.9088038967801125,290.06444716000004,256.103419512,4.291500000000003,3.6381000000000014,1,1,3,3,True
ClC1=CC=CC(OC2CCN(CCC3CCCN3S(C4=CC(N([H])C=C5)=C5C=C4)(=O)=O)CC2)=C1,O=S(=O)(c1ccc2cc[nH]c2c1)N1CCCC1CCN1CCC(Oc2ccccc2)CC1,aromatic_chloro,0.5140127181879316,0.5807256598483274,487.16964049999996,453.208612852,4.907900000000004,4.254500000000003,1,1,4,4,True
OC(C)(C)c1onc(c2ncn3c2CN(C)C(c4c3cccc4Cl)=O)n1,CN1Cc2c(-c3noc(C(C)(C)O)n3)ncn2-c2ccccc2C1=O,aromatic_chloro,0.7403153472687979,0.7635873131130428,373.094167052,339.133139404,2.3887,1.7352999999999998,1,1,7,7,True
C1=CC=C2C(=C1)C3C(O3)C4=CC=CC=C4N2C(=O)N,[H]N1c2ccccc2C2OC2c2ccccc21,amide,0.7324745620692249,0.6708133570259648,252.089877624,209.084063972,3.0294000000000008,3.5562000000000014,1,1,2,2,True
CCCN(CCc1c2c(c(cc1)O)NC(=O)C2)CCC,[H]Cc1cc(O)ccc1CCN(CCC)CCC,amide,0.7525306207829541,0.7830154579037591,276.183778008,235.19361442,2.5513000000000003,3.365120000000002,2,1,3,2,True
Clc1cc2c(Oc3ccccc3C3CN(CC32)C)cc1,CN1CC2c3ccccc3Oc3ccccc3C2C1,aromatic_chloro,0.7170507116408825,0.7089696478380223,285.092041812,251.131014164,4.258500000000004,3.605100000000002,0,0,2,2,True
CCCN(CCc1c2c(ccc1)NC(=O)C2)CCC,[H]Cc1ccccc1CCN(CCC)CCC,amide,0.8173315946878695,0.6762362252513168,260.188863388,219.19869979999999,2.8457000000000017,3.659520000000003,1,0,2,1,True
Clc1cc2c(Oc3ccccc3C3CNCC32)cc1,c1ccc2c(c1)Oc1ccccc1C1CNCC21,aromatic_chloro,0.7842082089382889,0.758998379254596,271.076391748,237.1153641,3.9163000000000032,3.262900000000001,1,1,2,2,True
C1CCN(CC1)Cc1cc(OCCCO)ccc1,[H]CCOc1cccc(CN2CCCCC2)c1,hydroxyl,0.785988033772672,0.7713455847200271,249.172878976,219.162314292,2.433700000000001,3.071200000000002,1,0,3,2,True
CN1C(=O)c2c(cccc2Cl)n2cnc(c2C1)c1noc(n1)C(C)C,CC(C)c1nc(-c2ncn3c2CN(C)C(=O)c2ccccc2-3)no1,aromatic_chloro,0.7029578775766742,0.7243203422333612,357.099252432,323.13822478400004,3.2847000000000017,2.6313000000000013,0,0,6,6,True
CO[C@]1(NC(=O)Cc2sccc2)[C@H]3SCC(=C(N3C1=O)C(O)=O)COC(N)=O,[H]C1=C(COC(N)=O)CS[C@H]2N1C(=O)[C@]2(NC(=O)Cc1cccs1)OC,carboxylic_acid,0.40978132902594205,0.5509940895100073,427.0507918839999,383.06096264399997,0.09859999999999991,0.6438,3,2,8,7,True
OC1C(N2CCC1)=NC(C)=C(CCN3CCC(CC3)c4c5ccc(F)cc5on4)C2=O,Cc1nc2n(c(=O)c1CCN1CCC(c3noc4ccccc34)CC1)CCCC2O,fluoro_aromatic,0.6902887957170619,0.7145589104900794,426.206718944,408.21614075599996,3.0813200000000016,2.9422200000000016,1,1,7,7,True
CC(=O)Oc1ccccc1C(O)=O,[H]c1ccccc1OC(C)=O,carboxylic_acid,0.5501217966938848,0.4327747976813635,180.042258736,136.052429496,1.3101,1.6118999999999999,1,0,3,2,True
CCCCC[C@H](O)/C=C/[C@H]1[C@H](O)CC(=O)[C@@H]1CCCCCCC(O)=O,[H]CCCCCC[C@H]1C(=O)C[C@@H](O)[C@@H]1/C=C/[C@@H](O)CCCCC,carboxylic_acid,0.3476126954257888,0.4474584944197601,354.2406241879999,310.250794948,3.475100000000002,4.020300000000003,3,2,4,3,True
CC1(C)S[C@@H]2[C@H](NC(=O)[C@H](N)c3ccccc3)C(=O)N2[C@H]1C(O)=O,[H]C1N2C(=O)[C@@H](NC(=O)[C@H](N)c3ccccc3)[C@H]2SC1(C)C,carboxylic_acid,0.674878289478739,0.8124698199770654,349.10962708799997,305.119797848,0.3181000000000002,0.8648999999999998,3,2,5,4,True
OC1N=C(c2ccccc2)c3cc(Cl)ccc3NC1=O,O=C1Nc2ccccc2C(c2ccccc2)=NC1O,aromatic_chloro,0.84572924577293,0.812497801753795,286.050905272,252.089877624,2.4478999999999997,1.7945,2,2,3,3,True
OC1N=C(c2ccccc2)c3cc(Cl)ccc3NC1=O,[H]C(O)N=C(c1ccccc1)c1cccc(Cl)c1,amide,0.84572924577293,0.8283476260389455,286.050905272,245.060741684,2.4478999999999997,3.127200000000002,2,1,3,2,True
OC(Cn1cncn1)(Cn2cncn2)c3ccc(F)cc3F,OC(Cn1cncn1)(Cn1cncn1)c1ccccc1F,fluoro_aromatic,0.7515159753061997,0.7430847485898273,306.10406544399996,288.113487256,0.7357999999999993,0.5966999999999991,1,1,7,7,True
NCC1(CCCCC1)CC(O)=O,[H]CC1(CN)CCCCC1,carboxylic_acid,0.6737273296978755,0.5718408892789182,171.125928784,127.13609954399999,1.3703,1.9155000000000002,2,1,2,1,True
CCN1C=C(C(O)=O)C(=O)c2ccc(C)nc12,[H]c1cn(CC)c2nc(C)ccc2c1=O,carboxylic_acid,0.849523695002097,0.6826546203025298,232.084792244,188.094963004,1.4230200000000002,1.7248199999999998,1,0,4,3,True
CN1C2CCC1CC(C2)OC(=O)C(CO)c3ccccc3,[H]C(C(=O)OC1CC2CCC(C1)N2C)c1ccccc1,hydroxyl,0.8605899449393155,0.7806574231309205,289.167793596,259.157228912,1.9309,2.397500000000001,1,0,4,3,True
CC1(C)S[C@@H]2[C@H](NC(=O)C(C(O)=O)c3ccccc3)C(=O)N2[C@H]1C(O)=O,[H]C(C(=O)N[C@@H]1C(=O)N2[C@@H]1SC(C)(C)[C@@H]2C(=O)O)c1ccccc1,carboxylic_acid,0.5029511300621745,0.7977632704521287,378.0885572959999,334.098728056,0.4864999999999999,0.8607999999999998,3,2,5,4,True
CC(C)(C)NCC(O)COc1cccc2NC(=O)CCc12,[H]CCc1ccccc1OCC(O)CNC(C)(C)C,amide,0.7723075202218123,0.8153731045755707,292.178692628,251.18852904,1.6990999999999998,2.3768000000000002,3,2,4,3,True
CC(=O)OCC1=C(N2[C@H](SC1)[C@H](NC(=O)CSc3ccncc3)C2=O)C(O)=O,[H]C1=C(COC(C)=O)CS[C@@H]2[C@H](NC(=O)CSc3ccncc3)C(=O)N12,carboxylic_acid,0.36563982763097236,0.44841182506529453,423.05587726399995,379.066048024,0.47539999999999977,1.0206,2,1,8,7,True
OC(=O)CCCc1ccc(cc1)N(CCCl)CCCl,[H]CCCc1ccc(N(CCCl)CCCl)cc1,carboxylic_acid,0.7110607782360152,0.671423203095815,303.07928420800005,259.089454968,3.377900000000002,3.9231000000000034,1,0,2,1,True
OCCN1CCN(CCCN2c3ccccc3Sc4ccc(Cl)cc24)CC1,OCCN1CCN(CCCN2c3ccccc3Sc3ccccc32)CC1,aromatic_chloro,0.7886610933771961,0.844132502624845,403.14851113199995,369.187483484,3.942700000000003,3.2893000000000017,1,1,5,5,True
OCCN1CCN(CCCN2c3ccccc3Sc4ccc(Cl)cc24)CC1,[H]CN1CCN(CCCN2c3ccccc3Sc3ccc(Cl)cc32)CC1,hydroxyl,0.7886610933771961,0.775124662295156,403.14851113199995,373.13794644800004,3.942700000000003,4.580200000000004,1,0,5,4,True
CCC1(C(=O)NC(=O)NC1=O)c2ccccc2,[H]C(CC)(C(=O)NC=O)c1ccccc1,amide,0.7368838068366228,0.7320602384205847,232.084792244,191.094628656,0.7003999999999997,1.4528000000000003,2,1,3,2,True
NC(=O)OCCCc1ccccc1,[H]OCCCc1ccccc1,amide,0.7152164577917951,0.6689565380917977,179.094628656,136.088815004,1.7145000000000001,1.6115,1,1,2,1,True
Cc1onc(c2ccccc2)c1C(=O)N[C@H]3[C@H]4SC(C)(C)[C@@H](N4C3=O)C(O)=O,[H]C1N2C(=O)[C@@H](NC(=O)c3c(-c4ccccc4)noc3C)[C@H]2SC1(C)C,carboxylic_acid,0.7524509230706136,0.8541822465198248,401.104541708,357.11471246800005,1.8953199999999997,2.44212,2,1,6,5,True
OC[C@H]1O[C@H](C[C@@H]1O)n2cnc3[C@H](O)CN=CNc23,[H]C1O[C@@H](n2cnc3c2NC=NC[C@H]3O)C[C@@H]1O,hydroxyl,0.5477635402256686,0.621685072568634,268.117154992,238.106590308,-0.9890000000000005,-0.34990000000000004,4,3,8,7,True
CC1(C)S[C@@H]2[C@H](NC(=O)COc3ccccc3)C(=O)N2[C@H]1C([O-])=O,[H]C1N2C(=O)[C@@H](NC(=O)COc3ccccc3)[C@H]2SC1(C)C,carboxylic_acid,0.7103707489976623,0.8505465185647659,349.08636622391,306.10381343600005,-0.6375999999999995,1.2438999999999998,1,1,6,4,True
OCC(NC(=O)C(Cl)Cl)C(O)c1ccc(cc1)[N+]([O-])=O,[H]C(NC(=O)C(Cl)Cl)C(O)c1ccc([N+](=O)[O-])cc1,hydroxyl,0.4090709280478973,0.48913333769956313,322.012326844,292.00176216,0.909,1.5480999999999998,3,2,5,4,True
N[S](=O)(=O)c1cc2c(NC=N[S]2(=O)=O)cc1Cl,NS(=O)(=O)c1ccc2c(c1)S(=O)(=O)N=CN2,aromatic_chloro,0.7630288939101562,0.7044139327971373,294.94882535200003,260.987797704,0.12990000000000024,-0.5234999999999999,2,2,5,5,True
N[S](=O)(=O)c1cc2c(NC=N[S]2(=O)=O)cc1Cl,[H]c1cc2c(cc1Cl)NC=NS2(=O)=O,sulfonamide,0.7630288939101562,0.7148458712431373,294.94882535200003,215.97602608,0.12990000000000024,1.4825,2,1,5,3,True
CCCNC(=O)N[S](=O)(=O)c1ccc(Cl)cc1,CCCNC(=O)NS(=O)(=O)c1ccccc1,aromatic_chloro,0.8794576573550539,0.8293416118490822,276.033540956,242.072513308,1.7379,1.0845000000000002,2,2,3,3,True
N[S](=O)(=O)c1cc(ccc1Cl)C2(O)NC(=O)c3ccccc23,NS(=O)(=O)c1cccc(C2(O)NC(=O)c3ccccc32)c1,aromatic_chloro,0.7560395435859315,0.7394611265265015,338.01280551200006,304.051777864,0.9242000000000007,0.27080000000000004,3,3,4,4,True
N[S](=O)(=O)c1cc(ccc1Cl)C2(O)NC(=O)c3ccccc23,[H]c1cc(C2(O)NC(=O)c3ccccc32)ccc1Cl,sulfonamide,0.7560395435859315,0.8254853283353615,338.01280551200006,259.04000624,0.9242000000000007,2.2767999999999997,3,2,4,2,True
N[S](=O)(=O)c1cc(ccc1Cl)C2(O)NC(=O)c3ccccc23,[H]c1ccccc1C(O)c1ccc(Cl)c(S(N)(=O)=O)c1,amide,0.7560395435859315,0.9098318820101509,338.01280551200006,297.0226419240001,0.9242000000000007,2.0691000000000006,3,2,4,3,True
CCOC(=O)C(C)(C)Oc1ccc(Cl)cc1,CCOC(=O)C(C)(C)Oc1ccccc1,aromatic_chloro,0.761604620096077,0.7126497323366868,242.07097202,208.109944372,3.060500000000001,2.4071000000000007,0,0,3,3,True
CC(C)(Oc1ccc(Cl)cc1)C(O)=O,CC(C)(Oc1ccccc1)C(=O)O,aromatic_chloro,0.841427869628934,0.7726014038688653,214.039671892,180.078644244,2.582,1.9286,1,1,2,2,True
CC(C)(Oc1ccc(Cl)cc1)C(O)=O,[H]C(C)(C)Oc1ccc(Cl)cc1,carboxylic_acid,0.841427869628934,0.6628934107805015,214.039671892,170.049842652,2.582,3.127200000000002,1,0,2,1,True
Clc1ccccc1C(n2ccnc2)(c3ccccc3)c4ccccc4,c1ccc(C(c2ccccc2)(c2ccccc2)n2ccnc2)cc1,aromatic_chloro,0.45454498474207145,0.4985563886739905,344.108026224,310.146998576,5.376700000000004,4.723300000000004,0,0,2,2,True
OCC[C@@H]1CCN(CC\C=C2/c3ccc(F)cc3Sc4ccc(cc24)C(F)(F)F)CC1,OCCC1CCN(CC/C=C2\c3ccccc3Sc3ccc(C(F)(F)F)cc32)CC1,fluoro_aromatic,0.4656919698519884,0.5270020421195067,451.15929830000005,433.168720112,6.225300000000005,6.086200000000005,1,1,3,3,True
OCC[C@@H]1CCN(CC\C=C2/c3ccc(F)cc3Sc4ccc(cc24)C(F)(F)F)CC1,[H]CC1CCN(CC/C=C2\c3ccc(F)cc3Sc3ccc(C(F)(F)F)cc32)CC1,hydroxyl,0.4656919698519884,0.4249910832745509,451.15929830000005,421.148733616,6.225300000000005,6.862800000000005,1,0,3,2,True
OCCN1CCN(CC\C=C/2c3ccccc3COc4ccc(Cl)cc24)CC1,OCCN1CCN(CC/C=C2/c3ccccc3COc3ccccc32)CC1,aromatic_chloro,0.8332662188603328,0.8847749819820971,398.176105784,364.215078136,3.664100000000002,3.0107000000000017,1,1,4,4,True
OCCN1CCN(CC\C=C/2c3ccccc3COc4ccc(Cl)cc24)CC1,[H]CN1CCN(CC/C=C2/c3ccccc3COc3ccc(Cl)cc32)CC1,hydroxyl,0.8332662188603328,0.802813731981603,398.176105784,368.1655411,3.664100000000002,4.301600000000004,1,0,4,3,True
NC(=O)C1(CCN(CCCC(=O)c2ccc(F)cc2)CC1)N3CCCCC3,NC(=O)C1(N2CCCCC2)CCN(CCCC(=O)c2ccccc2)CC1,fluoro_aromatic,0.7441541854452974,0.7614075248033351,375.23220542,357.24162723200004,2.5943999999999994,2.4552999999999994,1,1,4,4,True
NC(=O)C1(CCN(CCCC(=O)c2ccc(F)cc2)CC1)N3CCCCC3,[H]C1(N2CCCCC2)CCN(CCCC(=O)c2ccc(F)cc2)CC1,amide,0.7441541854452974,0.741583028953837,375.23220542,332.226391768,2.5943999999999994,3.7389000000000028,1,0,4,3,True
Clc1ccc2N(CC3CC3)C(=O)CN=C(c4ccccc4)c2c1,O=C1CN=C(c2ccccc2)c2ccccc2N1CC1CC1,aromatic_chloro,0.8415175711014194,0.8535399244006332,324.10294084400005,290.14191319599996,3.934000000000003,3.2806000000000024,0,0,2,2,True
CCC1(C(=O)NCNC1=O)c2ccccc2,[H]C(CC)(C(=O)NC)c1ccccc1,amide,0.7116448391760647,0.7505689931575461,218.105527688,177.1153641,0.5378999999999994,1.9262000000000001,2,1,2,1,True
CC[C@H](C)C(=O)O[C@H]1C[C@H](O)C=C2C=C[C@H](C)[C@H](CC[C@@H](O)C[C@@H](O)CC(O)=O)[C@@H]12,[H]C[C@H](O)C[C@H](O)CC[C@@H]1[C@@H]2C(=C[C@@H](O)C[C@@H]2OC(=O)[C@@H](C)CC)C=C[C@@H]1C,carboxylic_acid,0.39708378626335494,0.563662103462755,424.24610349199986,380.25627425199997,2.4404000000000003,2.9856000000000016,4,3,6,5,True
NC1[C@H]2CN(C[C@@H]12)c3nc4N(C=C(C(O)=O)C(=O)c4cc3F)c5ccc(F)cc5F,[H]c1cn(-c2ccc(F)cc2F)c2nc(N3C[C@@H]4C(N)[C@@H]4C3)c(F)cc2c1=O,carboxylic_acid,0.6764188399093582,0.7491714175618963,416.109625,372.11979576000004,1.8944999999999996,2.1963,2,1,6,5,True
NC1[C@H]2CN(C[C@@H]12)c3nc4N(C=C(C(O)=O)C(=O)c4cc3F)c5ccc(F)cc5F,NC1[C@H]2CN(c3ccc4c(=O)c(C(=O)O)cn(-c5ccc(F)cc5F)c4n3)C[C@@H]12,fluoro_aromatic,0.6764188399093582,0.6972328447101859,416.109625,398.11904681199997,1.8944999999999996,1.7553999999999996,2,2,6,6,True
C[C@H](CCC(O)=O)[C@H]1CC[C@H]2[C@H]3[C@H](CC(=O)[C@]12C)[C@@]4(C)CCC(=O)C[C@H]4CC3=O,[H]CC[C@@H](C)[C@H]1CC[C@H]2[C@@H]3C(=O)C[C@@H]4CC(=O)CC[C@]4(C)[C@H]3CC(=O)[C@]12C,carboxylic_acid,0.7655240247039157,0.723630682725784,402.2406241879999,358.250794948,4.073300000000003,4.6185000000000045,1,0,4,3,True
Clc1ccc2N(C3CCN(CCCN4C(=O)Nc5ccccc45)CC3)C(=O)Nc2c1,O=c1[nH]c2ccccc2n1CCCN1CCC(n2c(=O)[nH]c3ccccc32)CC1,aromatic_chloro,0.5143016955731359,0.5490287011409496,425.16185268799995,391.20082504000004,3.353200000000001,2.6998000000000006,2,2,5,5,True
Fc1ccccc1C2=NCC(=S)N(CC(F)(F)F)c3ccc(Cl)cc23,Fc1ccccc1C1=NCC(=S)N(CC(F)(F)F)c2ccccc21,aromatic_chloro,0.5313446230748395,0.5890561415982807,386.026759912,352.06573226399996,5.026200000000003,4.372800000000003,0,0,2,2,True
Fc1ccccc1C2=NCC(=S)N(CC(F)(F)F)c3ccc(Cl)cc23,FC(F)(F)CN1C(=S)CN=C(c2ccccc2)c2cc(Cl)ccc21,fluoro_aromatic,0.5313446230748395,0.7014558633149555,386.026759912,368.03618172399996,5.026200000000003,4.887100000000003,0,0,2,2,True
OC1=C(C2CCC(CC2)c3ccc(Cl)cc3)C(=O)C(=O)c4ccccc14,O=C1C(=O)c2ccccc2C(O)=C1C1CCC(c2ccccc2)CC1,aromatic_chloro,0.7288095712183456,0.8114093146950397,366.102272148,332.14124449999997,5.348500000000005,4.695100000000004,1,1,3,3,True
Clc1ccc(COC(Cn2ccnc2)c3ccc(Cl)cc3Cl)cc1,Clc1ccc(C(Cn2ccnc2)OCc2ccccc2)c(Cl)c1,aromatic_chloro,0.5391871956552778,0.6167190854415392,380.02499614,346.063968492,5.801400000000003,5.148000000000003,0,0,3,3,True
CN1C(=O)C(O)N=C(c2ccccc2)c3cc(Cl)ccc13,CN1C(=O)C(O)N=C(c2ccccc2)c2ccccc21,aromatic_chloro,0.879421465403288,0.855636110754122,300.066555336,266.105527688,2.4722,1.8187999999999995,1,1,3,3,True
Clc1cccc(c1)N2CCN(CCCN3N=C4C=CC=CN4C3=O)CC2,O=c1n(CCCN2CCN(c3ccccc3)CC2)nc2ccccn12,aromatic_chloro,0.690401062854676,0.7110067233837476,371.151288004,337.190260356,2.3617,1.7083,0,0,6,6,True
CC1=C(N2[C@H](SC1)[C@H](NC(=O)[C@H](N)C3=CCC=CC3)C2=O)C(O)=O,[H]C1=C(C)CS[C@@H]2[C@H](NC(=O)[C@H](N)C3=CCC=CC3)C(=O)N12,carboxylic_acid,0.49854904398350225,0.5997625544572276,349.1096270879999,305.11979784799996,0.3486000000000002,0.8937999999999996,3,2,5,4,True
CCN(CC)CCCC(C)Nc1ccnc2cc(Cl)ccc12,CCN(CC)CCCC(C)Nc1ccnc2ccccc12,aromatic_chloro,0.75641175721287,0.789188392954452,319.18152551199995,285.22049786400004,4.810600000000004,4.157200000000003,1,1,3,3,True
Nc1nc(Cl)nc2n(cnc12)[C@H]3C[C@H](O)[C@@H](CO)O3,Nc1ncnc2c1ncn2[C@H]1C[C@H](O)[C@@H](CO)O1,aromatic_chloro,0.6481668237451135,0.628993302830891,285.06286692399993,251.101839276,-0.29740000000000044,-0.9508000000000003,3,3,8,8,True
CCC(=C)C(=O)c1ccc(OCC(O)=O)c(Cl)c1Cl,C=C(CC)C(=O)c1ccc(OCC(=O)O)cc1Cl,aromatic_chloro,0.6438970754146427,0.6363358438379149,302.011264224,268.05023657600003,3.6057000000000023,2.952300000000001,1,1,3,3,True
CCC(=C)C(=O)c1ccc(OCC(O)=O)c(Cl)c1Cl,[H]COc1ccc(C(=O)C(=C)CC)c(Cl)c1Cl,carboxylic_acid,0.6438970754146427,0.5993022433049822,302.011264224,258.021434984,3.6057000000000023,4.150900000000003,1,0,3,2,True
OC[C@H]1O[C@H](C[C@@H]1O)N2C=C(F)C(=O)NC2=O,O=c1ccn([C@H]2C[C@H](O)[C@@H](CO)O2)c(=O)[nH]1,fluoro_aromatic,0.5776171321259124,0.552382719533219,246.065199672,228.074621484,-1.6835999999999995,-1.8226999999999993,3,3,6,6,True
OC[C@H]1O[C@H](C[C@@H]1O)N2C=C(F)C(=O)NC2=O,[H]C1O[C@@H](n2cc(F)c(=O)[nH]c2=O)C[C@@H]1O,hydroxyl,0.5776171321259124,0.6273261802796846,246.065199672,216.054634988,-1.6835999999999995,-1.0445000000000002,3,2,6,5,True
Cc1onc(c1C(=O)N[C@H]2[C@H]3SC(C)(C)[C@@H](N3C2=O)C(O)=O)c4c(F)cccc4Cl,Cc1onc(-c2ccccc2F)c1C(=O)N[C@@H]1C(=O)N2[C@@H]1SC(C)(C)[C@@H]2C(=O)O,aromatic_chloro,0.6840735128490479,0.7293677756126132,453.05614754399994,419.0951198959999,2.6878200000000003,2.03442,2,2,6,6,True
Cc1onc(c1C(=O)N[C@H]2[C@H]3SC(C)(C)[C@@H](N3C2=O)C(O)=O)c4c(F)cccc4Cl,[H]C1N2C(=O)[C@@H](NC(=O)c3c(-c4c(F)cccc4Cl)noc3C)[C@H]2SC1(C)C,carboxylic_acid,0.6840735128490479,0.7874988864110974,453.05614754399994,409.066318304,2.6878200000000003,3.2346200000000014,2,1,6,5,True
Cc1onc(c1C(=O)N[C@H]2[C@H]3SC(C)(C)[C@@H](N3C2=O)C(O)=O)c4c(F)cccc4Cl,Cc1onc(-c2ccccc2Cl)c1C(=O)N[C@@H]1C(=O)N2[C@@H]1SC(C)(C)[C@@H]2C(=O)O,fluoro_aromatic,0.6840735128490479,0.7092649200190692,453.05614754399994,435.0655693559999,2.6878200000000003,2.5487200000000003,2,2,6,6,True
FC1=CNC(=O)NC1=O,O=c1cc[nH]c(=O)[nH]1,fluoro_aromatic,0.482564502908463,0.4546939811074878,130.017855556,112.027277368,-0.7977000000000001,-0.9368000000000001,2,2,2,2,True
N[S](=O)(=O)c1cc(C(O)=O)c(NCc2occc2)cc1Cl,NS(=O)(=O)c1ccc(NCc2ccco2)c(C(=O)O)c1,aromatic_chloro,0.768936392874182,0.7624278425869753,330.00772013200003,296.046692484,1.8907,1.2373,3,3,5,5,True
N[S](=O)(=O)c1cc(C(O)=O)c(NCc2occc2)cc1Cl,[H]c1cc(S(N)(=O)=O)c(Cl)cc1NCc1ccco1,carboxylic_acid,0.768936392874182,0.902017827442098,330.00772013200003,286.017890892,1.8907,2.192500000000001,3,2,5,4,True
N[S](=O)(=O)c1cc(C(O)=O)c(NCc2occc2)cc1Cl,[H]c1cc(C(=O)O)c(NCc2ccco2)cc1Cl,sulfonamide,0.768936392874182,0.8756597543372497,330.00772013200003,251.03492086,1.8907,3.2433000000000005,3,2,5,3,True
NC1=NC(=O)c2ncn(COC(CO)CO)c2N1,[H]C(CO)OCn1cnc2c(=O)nc(N)[nH]c21,hydroxyl,0.4854930576221492,0.554385971786765,255.096753896,225.086189212,-1.970899999999999,-1.3318000000000003,4,3,8,7,True
OC1(CCN(CCCC(=O)c2ccc(F)cc2)CC1)c3cccc(c3)C(F)(F)F,O=C(CCCN1CCC(O)(c2cccc(C(F)(F)F)c2)CC1)c1ccccc1,fluoro_aromatic,0.5509263977096905,0.7289058382568483,409.16649185600005,391.175913668,4.791000000000005,4.651900000000004,1,1,3,3,True
OCC1OC(C(O)C1O)N2C=CC(=O)NC2=O,[H]C1OC(n2ccc(=O)[nH]c2=O)C(O)C1O,hydroxyl,0.4435105912731592,0.49120820966534745,244.069536104,214.05897142,-2.8519000000000005,-2.2127999999999997,4,3,7,6,True
CCCC(CCC)C(O)=O,[H]C(CCC)CCC,carboxylic_acid,0.6423719745530849,0.47630987365330063,144.115029752,100.12520051199999,2.2874,2.976700000000002,1,0,1,0,True
OC(COc1ccc2OC(=CC(=O)c2c1)C(O)=O)COc3cccc4OC(=CC(=O)c34)C(O)=O,[H]c1cc(=O)c2cc(OCC(O)COc3cccc4oc(C(=O)O)cc(=O)c34)ccc2o1,carboxylic_acid,0.3454134595698074,0.4581257387224668,468.0692613319999,424.079432092,2.1145,2.4162999999999997,3,2,9,8,True
N[S](=O)(=O)c1cc2c(NCN[S]2(=O)=O)cc1Cl,NS(=O)(=O)c1ccc2c(c1)S(=O)(=O)NCN2,aromatic_chloro,0.6544582690300506,0.5999632047080248,296.964475416,263.003447768,-0.35129999999999945,-1.0046999999999995,3,3,5,5,True
N[S](=O)(=O)c1cc2c(NCN[S]2(=O)=O)cc1Cl,[H]c1cc2c(cc1Cl)NCNS2(=O)=O,sulfonamide,0.6544582690300506,0.6832729790978171,296.964475416,217.991676144,-0.35129999999999945,1.0012999999999999,3,2,5,3,True
N[S](=O)(=O)c1cc2c(NCN[S]2(=O)=O)cc1C(F)(F)F,[H]c1cc2c(cc1C(F)(F)F)NCNS2(=O)=O,sulfonamide,0.6699841555806898,0.7327512042158824,330.990832396,252.018033124,0.014100000000000501,1.3667,3,2,5,3,True
CC(C)Cc1ccc(cc1)C(C)C(O)=O,[H]C(C)c1ccc(CC(C)C)cc1,carboxylic_acid,0.8215995486924975,0.6383020155948513,206.130679816,162.140850576,3.073200000000001,3.4475000000000025,1,0,1,0,True
COc1ccc2n(c(C)c(CC(O)=O)c2c1)C(=O)c3ccc(Cl)cc3,COc1ccc2c(c1)c(CC(=O)O)c(C)n2C(=O)c1ccccc1,aromatic_chloro,0.7678065120522066,0.7998699475784063,357.07678567199997,323.115758024,3.9273200000000026,3.2739200000000013,1,1,4,4,True
COc1ccc2n(c(C)c(CC(O)=O)c2c1)C(=O)c3ccc(Cl)cc3,[H]Cc1c(C)n(C(=O)c2ccc(Cl)cc2)c2ccc(OC)cc12,carboxylic_acid,0.7678065120522066,0.6915946874345253,357.07678567199997,313.086956432,3.9273200000000026,4.608640000000004,1,0,4,3,True
c12c(c(ccc1)Cl)C(N(Cc1n2cnc1c1nc(on1)[C@](CO)(C)O)C)=O,CN1Cc2c(-c3noc([C@](C)(O)CO)n3)ncn2-c2ccccc2C1=O,aromatic_chloro,0.6939427442397786,0.7101826875830144,389.0890816719999,355.12805402399994,1.3610999999999998,0.7077,2,2,8,8,True
c1(c2c(cc(F)cc2)on1)C1CCN(CCc2c(n3c([C@@H](CCC3)O)nc2C)=O)CC1,Cc1nc2n(c(=O)c1CCN1CCC(c3noc4ccccc34)CC1)CCC[C@H]2O,fluoro_aromatic,0.6902887957170617,0.7145589104900791,426.206718944,408.21614075599996,3.0813200000000016,2.9422200000000007,1,1,7,7,True
Cc1nnc2CN=C(c3ccccc3)c4cc(Cl)ccc4n12,Cc1nnc2n1-c1ccccc1C(c1ccccc1)=NC2,aromatic_chloro,0.6893709827759431,0.6844573777440738,308.082874096,274.121846448,3.5801200000000026,2.9267200000000013,0,0,4,4,True
CC(C(O)=O)c1cccc(c1)C(=O)c2ccccc2,[H]C(C)c1cccc(C(=O)c2ccccc2)c1,carboxylic_acid,0.8528036890699656,0.7087109957592815,254.094294308,210.104465068,3.1057000000000015,3.480000000000002,1,0,2,1,True
OC(=O)C1CCn2c1ccc2C(=O)c3ccccc3,[H]C1CCn2c(C(=O)c3ccccc3)ccc21,carboxylic_acid,0.855918702387755,0.6998618399739323,255.089543276,211.099714036,2.2910000000000004,2.665300000000001,1,0,3,2,True
CC(=O)N1CCN(CC1)c2ccc(OC[C@H]3CO[C@@](Cn4ccnc4)(O3)c5ccc(Cl)cc5Cl)cc2,CC(=O)N1CCN(c2ccc(OC[C@H]3CO[C@](Cn4ccnc4)(c4ccccc4Cl)O3)cc2)CC1,aromatic_chloro,0.45541449702144693,0.49803557470955667,530.148760736,496.187733088,4.2058000000000035,3.5524000000000022,0,0,7,7,True
CC(CCc1ccccc1)NCC(O)c2ccc(O)c(c2)C(N)=O,[H]c1cc(C(O)CNC(C)CCc2ccccc2)ccc1O,amide,0.5968389616111595,0.732676143825358,328.178692628,285.17287897600005,2.1353999999999997,3.036500000000001,4,3,4,3,True
N[C@@H](Cc1ccc(O)c(O)c1)C(O)=O,[H]C(N)Cc1ccc(O)c(O)c1,carboxylic_acid,0.5125069246930146,0.544872838506118,197.068807832,153.078978592,0.05219999999999991,0.5989999999999998,4,3,4,3,True
Cc1ccc(Cl)c(Nc2ccccc2C(O)=O)c1Cl,Cc1cccc(Nc2ccccc2C(=O)O)c1Cl,aromatic_chloro,0.8594044841056042,0.8748545232166112,295.01668395200005,261.055656304,4.743620000000003,4.090220000000001,2,2,2,2,True
Cc1ccc(Cl)c(Nc2ccccc2C(O)=O)c1Cl,[H]c1ccccc1Nc1c(Cl)ccc(C)c1Cl,carboxylic_acid,0.8594044841056042,0.7884365672517213,295.01668395200005,251.026854712,4.743620000000003,5.045420000000003,2,1,2,1,True
Cc1cccc(Nc2ccccc2C(O)=O)c1C,[H]c1ccccc1Nc1cccc(C)c1C,carboxylic_acid,0.8600549198257492,0.7655199643504225,241.11027872,197.12044948,3.7452400000000017,4.047040000000002,2,1,2,1,True
Clc1cccc(Cl)c1NC2=NCCN2,Clc1ccccc1NC1=NCCN1,aromatic_chloro,0.7764264211073744,0.7160448808671389,229.01735264799999,195.056325,2.3644999999999996,1.7110999999999996,2,2,3,3,True
OC[C@@H]1CC[C@@H](O1)n2cnc3C(=O)N=CNc23,[H]C1CC[C@H](n2cnc3c(=O)nc[nH]c32)O1,hydroxyl,0.7521450742487876,0.733845781075792,236.090940244,206.08037556,-0.21050000000000008,0.4285999999999998,2,1,6,5,True
Cc1ncc(n1CCO)[N+]([O-])=O,[H]Cn1c([N+](=O)[O-])cnc1C,hydroxyl,0.5158680082581498,0.42548187352350386,171.064391148,141.053826464,0.09201999999999982,0.6367199999999998,1,0,5,4,True
C1[C@@H]2[C@](C(=C3C(c4c(ccc(c4C[C@@H]13)N(C)C)O)=O)O)(C(C(C(N)=O)=C([C@H]2N(C)C)O)=O)O,[H]C1=C(O)[C@@H](N(C)C)[C@@H]2C[C@@H]3Cc4c(N(C)C)ccc(O)c4C(=O)C3=C(O)[C@]2(O)C1=O,amide,0.3983715598370968,0.5719482993874688,457.184900204,414.179086552,0.18660000000000165,1.3311000000000002,5,4,9,8,True
Clc1ccc(cc1)C(=O)NCCN2CCOCC2,O=C(NCCN1CCOCC1)c1ccccc1,aromatic_chloro,0.8976306233197456,0.8355340633873873,268.097855464,234.136827816,1.4019999999999997,0.7485999999999999,1,1,3,3,True
NC(=O)c1cnccn1,[H]c1cnccn1,amide,0.5507568071868295,0.4525571430979931,123.04326178,80.037448128,-0.4245000000000001,0.4765999999999999,1,0,3,2,True
CCc1nc(N)nc(N)c1c2ccc(Cl)cc2,CCc1nc(N)nc(N)c1-c1ccccc1,aromatic_chloro,0.856137149346395,0.7995481044348535,248.08287409599998,214.12184644799999,2.5238000000000005,1.8704,2,2,4,4,True
NC(Cc1ccc(cc1)N(CCCl)CCCl)C(O)=O,[H]C(N)Cc1ccc(N(CCCl)CCCl)cc1,carboxylic_acid,0.720239222897486,0.7638831914759238,304.07453317599993,260.084703936,1.925,2.4718,2,1,3,2,True
CN(Cc1cnc2nc(N)nc(N)c2n1)c3ccc(cc3)C(=O)N[C@@H](CCC(O)=O)C(O)=O,[H]CC[C@H](NC(=O)c1ccc(N(C)Cc2cnc3nc(N)nc(N)c3n2)cc1)C(=O)O,carboxylic_acid,0.29472034504927447,0.4362654626325722,454.1713158039999,410.181486564,0.2684000000000003,0.8136000000000001,5,4,10,9,True
CN1C(CCl)Nc2cc(Cl)c(cc2[S]1(=O)=O)[S](N)(=O)=O,CN1C(CCl)Nc2ccc(S(N)(=O)=O)cc2S1(=O)=O,aromatic_chloro,0.750846568027032,0.7405162658077793,358.95680319199994,324.99577554399997,0.5983000000000003,-0.05510000000000004,2,2,5,5,True
CN1C(CCl)Nc2cc(Cl)c(cc2[S]1(=O)=O)[S](N)(=O)=O,[H]c1cc2c(cc1Cl)NC(CCl)N(C)S2(=O)=O,sulfonamide,0.750846568027032,0.8003854043709754,358.95680319199994,279.98400392,0.5983000000000003,1.9508999999999999,2,1,5,3,True
C[C@](N)(Cc1ccc(O)c(O)c1)C(O)=O,[H][C@@](C)(N)Cc1ccc(O)c(O)c1,carboxylic_acid,0.5430485662212737,0.5752366970558928,211.084457896,167.094628656,0.4423000000000001,0.9874999999999998,4,3,4,3,True
CC(C)c1onc(n1)c2ncn3c2CN(C)C(=O)c4c(Cl)cccc34,CC(C)c1nc(-c2ncn3c2CN(C)C(=O)c2ccccc2-3)no1,aromatic_chloro,0.7029578775766742,0.7243203422333612,357.099252432,323.13822478400004,3.2847000000000017,2.6313000000000013,0,0,6,6,True
Cc1ncc2CN=C(c3ccccc3F)c4cc(Cl)ccc4n12,Cc1ncc2n1-c1ccccc1C(c1ccccc1F)=NC2,aromatic_chloro,0.6548850850710068,0.6725322563667039,325.07820331600004,291.117175668,4.324220000000003,3.6708200000000026,0,0,3,3,True
Cc1ncc2CN=C(c3ccccc3F)c4cc(Cl)ccc4n12,Cc1ncc2n1-c1ccc(Cl)cc1C(c1ccccc1)=NC2,fluoro_aromatic,0.6548850850710068,0.6629076511051774,325.07820331600004,307.087625128,4.324220000000003,4.185120000000003,0,0,3,3,True
CC1=CN([C@@H]2O[C@H](CO)C=C2)C(=O)NC1=O,[H]C1C=C[C@H](n2cc(C)c(=O)[nH]c2=O)O1,hydroxyl,0.6498890462135971,0.6363119076810932,224.079706864,194.06914218,-0.7090799999999999,-0.0699800000000001,2,1,5,4,True
Clc1ccc(COC(Cn2ccnc2)c3ccc(Cl)cc3Cl)c(Cl)c1,Clc1ccc(C(Cn2ccnc2)OCc2ccccc2Cl)c(Cl)c1,aromatic_chloro,0.4616906207935435,0.5391871956552778,413.98602378799995,380.02499614000004,6.454800000000002,5.801400000000003,0,0,3,3,True
OCc1cccnc1,[H]c1cccnc1,hydroxyl,0.571659552744487,0.4531479654842905,109.052763844,79.04219916,0.5739,1.0816,1,0,2,1,True
OC(=O)CCc1oc(c2ccccc2)c(n1)c3ccccc3,[H]CCc1nc(-c2ccccc2)c(-c2ccccc2)o1,carboxylic_acid,0.7711850955719793,0.6791503746732206,293.10519334,249.1153641,4.025800000000003,4.571000000000003,1,0,3,2,True
Cc1ccnc2N(C3CC3)c4ncccc4C(=O)Nc12,[H]c1cccnc1N(c1cc(C)ccn1)C1CC1,amide,0.861716125086419,0.8034124785650059,266.116761068,225.12659748,2.6512200000000004,3.0855200000000016,1,0,4,3,True
C1NCCN(C1)c1ccc(c(n1)Cl)C(F)(F)F,FC(F)(F)c1ccc(N2CCNCC2)nc1,aromatic_chloro,0.7890335810877849,0.7936955081961077,265.059359692,231.098332044,2.1634,1.5099999999999998,1,1,3,3,True
c1c2c(cc(c1)Cl)[C@@H]1[C@H](c3ccccc3O2)CNC1,c1ccc2c(c1)Oc1ccccc1[C@@H]1CNC[C@H]21,aromatic_chloro,0.7842082089382889,0.758998379254596,271.076391748,237.1153641,3.9163000000000032,3.262900000000001,1,1,2,2,True
c1c2c(cc(c1)Cl)[C@@H]1[C@H](c3ccccc3O2)CN(C1)C,CN1C[C@@H]2c3ccccc3Oc3ccccc3[C@@H]2C1,aromatic_chloro,0.7170507116408825,0.7089696478380223,285.092041812,251.131014164,4.258500000000004,3.605100000000003,0,0,2,2,True
NC1=NC(=O)N(C=C1)[C@H]2CC[C@@H](CO)O2,[H]C1CC[C@H](n2ccc(N)nc2=O)O1,hydroxyl,0.6875458801290977,0.668339648931823,211.095691276,181.085126592,-0.5046000000000008,0.1344999999999994,2,1,6,5,True
N[S](=O)(=O)Cc1noc2ccccc12,[H]Cc1noc2ccccc12,sulfonamide,0.7899579227288236,0.5498595132111734,212.025563116,133.052763844,0.6163,2.13622,1,0,4,2,True
CC1(C)S[C@@H]2[C@H](NC(=O)Cc3ccccc3)C(=O)N2[C@H]1C(O)=O,[H]C1N2C(=O)[C@@H](NC(=O)Cc3ccccc3)[C@H]2SC1(C)C,carboxylic_acid,0.7977632704521287,0.8563532154109345,334.09872805599997,290.1088988160001,0.8607999999999998,1.4076,2,1,4,3,True
CC1=C(CCN2CCC(CC2)c3noc4cc(F)ccc34)C(=O)N5CCCCC5=N1,Cc1nc2n(c(=O)c1CCN1CCC(c3noc4ccccc34)CC1)CCCC2,fluoro_aromatic,0.6577452185749304,0.6804302683923248,410.211804324,392.221226136,3.5904200000000026,3.4513200000000026,0,0,6,6,True
NC1=C(F)C=NC(=O)N1,Nc1ccnc(=O)[nH]1,fluoro_aromatic,0.4952172017431901,0.4670416161550293,129.033839968,111.04326178,-0.5088000000000001,-0.6479000000000001,2,2,3,3,True
CN1C(CSCC(F)(F)F)Nc2cc(Cl)c(cc2[S]1(=O)=O)[S](N)(=O)=O,CN1C(CSCC(F)(F)F)Nc2ccc(S(N)(=O)=O)cc2S1(=O)=O,aromatic_chloro,0.7378988516920792,0.7735657155389085,438.970881236,405.00985358799994,1.655,1.0016000000000003,2,2,6,6,True
CN1C(CSCC(F)(F)F)Nc2cc(Cl)c(cc2[S]1(=O)=O)[S](N)(=O)=O,[H]c1cc2c(cc1Cl)NC(CSCC(F)(F)F)N(C)S2(=O)=O,sulfonamide,0.7378988516920792,0.8998743989629202,438.970881236,359.99808196400005,1.655,3.007600000000001,2,1,6,4,True
CCCN(CCC)[S](=O)(=O)c1ccc(cc1)C(O)=O,[H]c1ccc(S(=O)(=O)N(CCC)CCC)cc1,carboxylic_acid,0.8330157421148818,0.7670718881808751,285.10347908800003,241.113649848,2.1955,2.497300000000001,1,0,3,2,True
NC(=O)c1ncn(n1)[C@@H]2O[C@H](CO)[C@@H](O)[C@H]2O,[H]C1O[C@@H](n2cnc(C(N)=O)n2)[C@H](O)[C@@H]1O,hydroxyl,0.44284203167437103,0.5050656254174802,244.080769484,214.0702048,-3.0114999999999994,-2.3723999999999994,4,3,8,7,True
NC(=O)c1ncn(n1)[C@@H]2O[C@H](CO)[C@@H](O)[C@H]2O,[H]c1ncn([C@@H]2O[C@H](CO)[C@@H](O)[C@H]2O)n1,amide,0.44284203167437103,0.5059664696430283,244.080769484,201.074955832,-3.0114999999999994,-2.1104000000000003,4,3,8,7,True
OCc1ncc2CN=C(c3ccccc3F)c4cc(Cl)ccc4n12,OCc1ncc2n1-c1ccccc1C(c1ccccc1F)=NC2,aromatic_chloro,0.7751561487972362,0.7912473526071233,341.0731179360001,307.112090288,3.5081000000000024,2.854700000000001,1,1,4,4,True
OCc1ncc2CN=C(c3ccccc3F)c4cc(Cl)ccc4n12,OCc1ncc2n1-c1ccc(Cl)cc1C(c1ccccc1)=NC2,fluoro_aromatic,0.7751561487972362,0.7857910930121458,341.0731179360001,323.08253974800004,3.5081000000000024,3.3690000000000024,1,1,4,4,True
OCc1ncc2CN=C(c3ccccc3F)c4cc(Cl)ccc4n12,[H]c1ncc2n1-c1ccc(Cl)cc1C(c1ccccc1F)=NC2,hydroxyl,0.7751561487972362,0.6674471407187502,341.0731179360001,311.06255325200004,3.5081000000000024,4.015800000000002,1,0,4,3,True
CC(C)CO,[H]C(C)C,hydroxyl,0.4834802442445536,0.3854706587740357,74.07316494,44.062600255999996,0.6347,1.4163,1,0,1,0,True
Nc1ncnc2n(cnc12)C3OC(CO)C(O)C3O,[H]C1OC(n2cnc3c(N)ncnc32)C(O)C1O,hydroxyl,0.49051986767922323,0.561053802785875,267.096753896,237.086189212,-1.9799999999999998,-1.3409000000000002,4,3,9,8,True
c12c(C(N(Cc3n1cnc3c1noc(n1)C(CO)(CO)C)C)=O)c(ccc2)Cl,CN1Cc2c(-c3noc(C(C)(CO)CO)n3)ncn2-c2ccccc2C1=O,aromatic_chloro,0.6756178705066022,0.6966589777834539,403.10473173599996,369.143704088,1.4035999999999997,0.7501999999999999,2,2,8,8,True
c12c(C(N(Cc3n1cnc3c1noc(n1)C(CO)(CO)C)C)=O)c(ccc2)Cl,[H]C(C)(CO)c1nc(-c2ncn3c2CN(C)C(=O)c2c(Cl)cccc2-3)no1,hydroxyl,0.6756178705066022,0.7558615047858463,403.10473173599996,373.09416705200005,1.4035999999999997,2.2571000000000003,2,1,8,7,True
c12c(C(N(Cc3n1cnc3c1noc(n1)C(O)(C)C)C)=O)c(ccc2)Cl,CN1Cc2c(-c3noc(C(C)(C)O)n3)ncn2-c2ccccc2C1=O,aromatic_chloro,0.7403153472687978,0.7635873131130427,373.094167052,339.133139404,2.3887,1.7352999999999998,1,1,7,7,True
OC(=O)c1ccccc1O,[H]c1ccccc1O,carboxylic_acid,0.6102585058580265,0.514729544768675,138.031694052,94.041864812,1.0903999999999998,1.3922,2,1,2,1,True
CN1[C@@H]2CC(C[C@H]1[C@@H]3O[C@H]23)OC(=O)[C@H](CO)c4ccccc4,[H]C(C(=O)OC1C[C@@H]2[C@H]3O[C@H]3[C@H](C1)N2C)c1ccccc1,hydroxyl,0.6618093940597772,0.6162497923989498,303.147058152,273.136493468,0.9180999999999993,1.3846999999999994,1,0,5,4,True
OC(=O)C1=C\C(C=CC1=O)=N/Nc2ccc(cc2)[S](=O)(=O)Nc3ccccn3,[H]C1=C/C(=N\Nc2ccc(S(=O)(=O)Nc3ccccn3)cc2)C=CC1=O,carboxylic_acid,0.3830911356969203,0.6339728435191319,398.068490548,354.0786613080001,1.8001999999999998,2.3454000000000006,3,2,7,6,True
CC(C)N1CCN(CC1)c2ccc(OC[C@H]3CO[C@@](Cn4cncn4)(O3)c5ccc(Cl)cc5Cl)cc2,CC(C)N1CCN(c2ccc(OC[C@H]3CO[C@](Cn4cncn4)(c4ccccc4Cl)O3)cc2)CC1,aromatic_chloro,0.4245793739951387,0.4685808607279185,531.180395212,497.21936756400004,4.462700000000004,3.809300000000002,0,0,8,8,True
Cc1ncc2C(O)N=C(c3ccccc3F)c4cc(Cl)ccc4n12,Cc1ncc2n1-c1ccccc1C(c1ccccc1F)=NC2O,aromatic_chloro,0.7312827367279049,0.7505389471050792,341.0731179360001,307.112090288,3.815120000000002,3.1617200000000016,1,1,4,4,True
Cc1ncc2C(O)N=C(c3ccccc3F)c4cc(Cl)ccc4n12,Cc1ncc2n1-c1ccc(Cl)cc1C(c1ccccc1)=NC2O,fluoro_aromatic,0.7312827367279049,0.7424353863695544,341.0731179360001,323.08253974800004,3.815120000000002,3.676020000000003,1,1,4,4,True
CC(C)NCC(O)COc1ccc(CC(N)=O)cc1,[H]Cc1ccc(OCC(O)CNC(C)C)cc1,amide,0.6376739781676249,0.7714830470951082,266.163042564,223.157228912,0.45210000000000006,1.7327199999999996,3,2,4,3,True
OC1(CCN(CCCC(=O)c2ccc(F)cc2)CC1)c3ccc(Br)cc3,O=C(CCCN1CCC(O)(c2ccc(Br)cc2)CC1)c1ccccc1,fluoro_aromatic,0.6983745555932225,0.7288019668602747,419.0896192960001,401.09904110800005,4.534700000000004,4.3956000000000035,1,1,3,3,True
CC1COc2c(N3CCN(C)CC3)c(F)cc4C(=O)C(=CN1c24)C(O)=O,[H]c1cn2c3c(c(N4CCN(C)CC4)c(F)cc3c1=O)OCC2C,carboxylic_acid,0.8747398264671755,0.8043649196772578,361.14378433999997,317.1539551000001,1.544,1.8458,1,0,6,5,True
CC1COc2c(N3CCN(C)CC3)c(F)cc4C(=O)C(=CN1c24)C(O)=O,CC1COc2c(N3CCN(C)CC3)ccc3c(=O)c(C(=O)O)cn1c23,fluoro_aromatic,0.8747398264671755,0.8885196604127507,361.14378433999997,343.153206152,1.544,1.4049000000000003,1,1,6,6,True
CN1C(CNC(=O)c2cscc2)CN=C(c3ccccc3F)c4ccccc14,CN1c2ccccc2C(c2ccccc2)=NCC1CNC(=O)c1ccsc1,fluoro_aromatic,0.7289261344569876,0.7531187707746965,393.13111147999996,375.140533292,3.9730000000000034,3.8339000000000034,1,1,4,4,True
C[C@]12CCC(=O)C=C1CC[C@H]3[C@@H]4CC[C@H](C(=O)CO)[C@]4(C[C@H](O)[C@H]23)C=O,[H]C(=O)[C@H]1CC[C@H]2[C@@H]3CCC4=CC(=O)CC[C@]4(C)[C@H]3[C@@H](O)C[C@]12C=O,hydroxyl,0.7495819625294382,0.7897073028227463,360.1936739959999,330.183109312,1.8457,2.483200000000001,2,1,5,4,True
c1(cc(c(cc1)Cl)Cl)CC(N1CCCC[C@H]1CN1CCCC1)=O,O=C(Cc1ccc(Cl)cc1)N1CCCC[C@H]1CN1CCCC1,aromatic_chloro,0.814739745454348,0.8490115976857654,354.12656874799995,320.1655411,4.012800000000003,3.3594000000000026,0,0,2,2,True
c1(cc(c(cc1)Cl)Cl)CC(N1[C@@H](c2c(CC1)cccc2)CN1CCCC1)=O,O=C(Cc1ccc(Cl)cc1)N1CCc2ccccc2[C@H]1CN1CCCC1,aromatic_chloro,0.7352448491442822,0.8105492518643865,402.12656874799995,368.16554110000004,4.757700000000005,4.104300000000003,0,0,2,2,True
c1(ccc(c(c1)Cl)Cl)CC(N1[C@@H](c2c(CC1)scc2)CN1CCCC1)=O,O=C(Cc1cccc(Cl)c1)N1CCc2sccc2[C@H]1CN1CCCC1,aromatic_chloro,0.7230975516720279,0.8015488771503649,408.082989684,374.121962036,4.819200000000004,4.1658000000000035,0,0,3,3,True
N[S](=O)(=O)c1cc2c(NC(N[S]2(=O)=O)C(Cl)Cl)cc1Cl,NS(=O)(=O)c1ccc2c(c1)S(=O)(=O)NC(C(Cl)Cl)N2,aromatic_chloro,0.6564465021990212,0.6598032604463304,378.902180776,344.94115312800005,0.8210000000000011,0.1676000000000007,3,3,5,5,True
N[S](=O)(=O)c1cc2c(NC(N[S]2(=O)=O)C(Cl)Cl)cc1Cl,[H]c1cc2c(cc1Cl)NC(C(Cl)Cl)NS2(=O)=O,sulfonamide,0.6564465021990212,0.7817115118845903,378.902180776,299.92938150400005,0.8210000000000011,2.1735999999999995,3,2,5,3,True
c1(ccc(c(c1)Cl)Cl)CC(N1[C@@H](c2c(CC1)[nH]cn2)CN1CCCC1)=O,O=C(Cc1cccc(Cl)c1)N1CCc2[nH]cnc2[C@H]1CN1CCCC1,aromatic_chloro,0.8655691260821041,0.9139243094657685,392.117066684,358.156039036,3.480800000000002,2.827400000000001,1,1,3,3,True
c1(ccc(c(c1)Cl)Cl)CC(N1[C@@H](CN2CCCC2)CC(CC1)(C)C)=O,CC1(C)CCN(C(=O)Cc2cccc(Cl)c2)[C@@H](CN2CCCC2)C1,aromatic_chloro,0.7558082289822229,0.8207919908128156,382.15786887599995,348.196841228,4.648900000000004,3.9955000000000034,0,0,2,2,True
OC(=O)COCCN1CCN(CC1)C(c2ccccc2)c3ccc(Cl)cc3,O=C(O)COCCN1CCN(C(c2ccccc2)c2ccccc2)CC1,aromatic_chloro,0.7038936958101744,0.7384013545373791,388.15537034000005,354.194342692,3.148200000000002,2.4948000000000006,1,1,4,4,True
OC(=O)COCCN1CCN(CC1)C(c2ccccc2)c3ccc(Cl)cc3,[H]COCCN1CCN(C(c2ccccc2)c2ccc(Cl)cc2)CC1,carboxylic_acid,0.7038936958101744,0.7944362949414444,388.15537034000005,344.1655411,3.148200000000002,3.693400000000003,1,0,4,3,True
OC(=O)C1=CN(C2CC2)c3cc(N4CCNCC4)c(F)cc3C1=O,[H]c1cn(C2CC2)c2cc(N3CCNCC3)c(F)cc2c1=O,carboxylic_acid,0.8932298763507215,0.9162226094807527,331.13321965599994,287.14339041600005,1.5833,1.8851,2,1,5,4,True
OC(=O)C1=CN(C2CC2)c3cc(N4CCNCC4)c(F)cc3C1=O,O=C(O)c1cn(C2CC2)c2cc(N3CCNCC3)ccc2c1=O,fluoro_aromatic,0.8932298763507215,0.8968361906419472,331.13321965599994,313.14264146799997,1.5833,1.4442,2,2,5,5,True
c1cn(CCO)c(CC)c(O)c1=O,[H]Cn1ccc(=O)c(O)c1CC,hydroxyl,0.6986843957839168,0.6433808610959133,183.089543276,153.078978592,0.10859999999999992,0.6532999999999998,2,1,4,3,True
c1cn(CCCCO)c(CC)c(O)c1=O,[H]CCCn1ccc(=O)c(O)c1CC,hydroxyl,0.7108617319340299,0.7678988786794048,211.120843404,181.11027872,0.8887999999999998,1.5263,2,1,4,3,True
CC1=CN([C@H]2C[C@H](N=[N+]=[N-])[C@@H](CO)O2)C(=O)NC1=O,[H]C1O[C@@H](n2cc(C)c(=O)[nH]c2=O)C[C@@H]1N=[N+]=[N-],hydroxyl,0.4454004294146897,0.45701381669779906,267.096753896,237.086189212,-0.19628000000000012,0.44282000000000005,2,1,6,5,True
CC(=O)c1ccc2Sc3ccccc3N(CCCN4CCN(CCO)CC4)c2c1,[H]CN1CCN(CCCN2c3ccccc3Sc3ccc(C(C)=O)cc32)CC1,hydroxyl,0.7040504664729512,0.7260185033823495,411.198048168,381.18748348400004,3.491900000000003,4.129400000000004,1,0,6,5,True
CC(=O)Nc1sc(nn1)[S](N)(=O)=O,[H]c1nnc(NC(C)=O)s1,sulfonamide,0.6318586926732331,0.6222912514150192,221.988132052,143.01533278,-0.8560999999999999,0.4964999999999999,2,1,6,4,True
CCO,[H]C,hydroxyl,0.40680796565539457,0.3597849378839701,46.041864812,16.031300127999998,-0.0014000000000000123,0.6361,1,0,1,0,True
CCOC(=O)c1ncn2c1CN(C)C(=O)c3cc(F)ccc23,CCOC(=O)c1ncn2c1CN(C)C(=O)c1ccccc1-2,fluoro_aromatic,0.793247744649229,0.78674708885039,303.101919528,285.11134134,1.7736999999999998,1.6346,0,0,5,5,True
CN1C(=O)CN=C(c2ccccc2F)c3cc(ccc13)[N+]([O-])=O,CN1C(=O)CN=C(c2ccccc2)c2cc([N+](=O)[O-])ccc21,fluoro_aromatic,0.6313255490777444,0.6303314667677087,313.08626946399994,295.09569127599997,2.5477000000000007,2.4086000000000007,0,0,4,4,True
c1cn(CCCO)c(C)c(O)c1=O,[H]CCn1ccc(=O)c(O)c1C,hydroxyl,0.7054477308875765,0.6504199589404024,183.089543276,153.078978592,0.24471999999999988,0.8822199999999998,2,1,4,3,True
CN1CCN(CC1)c2cc3N(C=C(C(O)=O)C(=O)c3cc2F)c4ccc(F)cc4,[H]c1cn(-c2ccc(F)cc2)c2cc(N3CCN(C)CC3)c(F)cc2c1=O,carboxylic_acid,0.7337853615542816,0.7075011055341865,399.139447908,355.149618668,2.7189000000000005,3.0207000000000015,1,0,5,4,True
CN1CCN(CC1)c2cc3N(C=C(C(O)=O)C(=O)c3cc2F)c4ccc(F)cc4,CN1CCN(c2ccc3c(=O)c(C(=O)O)cn(-c4ccc(F)cc4)c3c2)CC1,fluoro_aromatic,0.7337853615542816,0.7555026607723393,399.139447908,381.14886972,2.7189000000000005,2.5798000000000005,1,1,5,5,True
Fc1ccc(cc1)C(=O)CCCN2CCN(CC2)c3ccccn3,O=C(CCCN1CCN(c2ccccn2)CC1)c1ccccc1,fluoro_aromatic,0.7643942127070744,0.7689229456121639,327.174690544,309.184112356,3.0058000000000016,2.8667000000000016,0,0,4,4,True
Fc1ccc(cc1)C(=O)CCCN2CCC(CC2)N3C(=O)Nc4ccccc34,O=C(CCCN1CCC(n2c(=O)[nH]c3ccccc32)CC1)c1ccccc1,fluoro_aromatic,0.6615100784619953,0.6805508480111343,381.185255228,363.19467704000004,3.7687000000000017,3.6296000000000017,1,1,4,4,True
CN1C(=O)NC(=O)C(C)(C1=O)C2=CCCCC2,[H]N(C)C(=O)C(C)(C=O)C1=CCCCC1,amide,0.5492380246867914,0.4205381644462391,236.116092372,195.125928784,1.2012999999999998,1.438,1,1,3,2,True
N1(c2c(Sc3c1cccc3)ccc(c2)Cl)CCCNC,CNCCCN1c2ccccc2Sc2ccccc21,aromatic_chloro,0.8341331318159722,0.848305432899963,304.08009722400004,270.119069576,4.552200000000004,3.8988000000000023,1,1,3,3,True
N1(c2c(Sc3c1cccc3)ccc(c2)Cl)CCCN,NCCCN1c2ccccc2Sc2ccccc21,aromatic_chloro,0.9141108034033433,0.9088038967801126,290.06444716000004,256.103419512,4.291500000000003,3.6381000000000014,1,1,3,3,True
CCN1C=C(C(O)=O)C(=O)c2cc(F)c(nc12)N3CCNCC3,[H]c1cn(CC)c2nc(N3CCNCC3)c(F)cc2c1=O,carboxylic_acid,0.8639190651701679,0.8876010147267293,320.12846862400005,276.13863938400004,0.6633000000000002,0.9650999999999998,2,1,6,5,True
CCN1C=C(C(O)=O)C(=O)c2cc(F)c(nc12)N3CCNCC3,CCn1cc(C(=O)O)c(=O)c2ccc(N3CCNCC3)nc21,fluoro_aromatic,0.8639190651701679,0.8595064512214373,320.12846862400005,302.137890436,0.6633000000000002,0.5242,2,2,6,6,True
CN1CCN(CC1)c2c(F)cc3C(=O)C(=CN(CCF)c3c2F)C(O)=O,[H]c1cn(CCF)c2c(F)c(N3CCN(C)CC3)c(F)cc2c1=O,carboxylic_acid,0.8887969358156733,0.8641469347807305,369.13002609599994,325.14019685600005,1.6992,2.001,1,0,5,4,True
CN1CCN(CC1)c2c(F)cc3C(=O)C(=CN(CCF)c3c2F)C(O)=O,CN1CCN(c2ccc3c(=O)c(C(=O)O)cn(CCF)c3c2F)CC1,fluoro_aromatic,0.8887969358156733,0.9056460566091588,369.13002609599994,351.13944790799997,1.6992,1.5600999999999996,1,1,5,5,True
c1(cc(c(cc1)Cl)Cl)CC(N1[C@@H](CN2CCCC2)CN(CC1)C(=O)C)=O,CC(=O)N1CCN(C(=O)Cc2ccc(Cl)cc2)[C@@H](CN2CCCC2)C1,aromatic_chloro,0.7836127021676202,0.8218486322670382,397.1323824,363.17135475199996,2.6910000000000007,2.0376,0,0,3,3,True
c1(ccc(c(c1)Cl)Cl)CC(N1[C@@H](c2c(CC1)occ2)CN1CCCC1)=O,O=C(Cc1cccc(Cl)c1)N1CCc2occc2[C@H]1CN1CCCC1,aromatic_chloro,0.7751332694700057,0.8358226426249996,392.105833304,358.144805656,4.350700000000004,3.697300000000002,0,0,3,3,True
c1(ccc(c(c1)Cl)Cl)CC(N1[C@H](CN(CC1)C(=O)OC)CN1CCCC1)=O,COC(=O)N1CCN(C(=O)Cc2cccc(Cl)c2)[C@@H](CN2CCCC2)C1,aromatic_chloro,0.7606023238363271,0.8048174351733747,413.12729701999996,379.166269372,2.9109000000000016,2.2575000000000003,0,0,4,4,True
Brc1ccc2NC(=O)CN=C(c3ccccn3)c2c1,[H]CN=C(c1cccc(Br)c1)c1ccccn1,amide,0.8791762540409915,0.7717619448049554,315.00072404,274.010560452,2.6336000000000004,3.311300000000001,1,0,3,2,True
CC(C)(C)c1ccc(CN2CCN(CC2)C(c3ccccc3)c4ccc(Cl)cc4)cc1,CC(C)(C)c1ccc(CN2CCN(C(c3ccccc3)c3ccccc3)CC2)cc1,aromatic_chloro,0.4509176224242281,0.528514701684925,432.233226736,398.272199088,6.544700000000008,5.891300000000006,0,0,2,2,True
CC(NC(C)(C)C)C(=O)c1cccc(Cl)c1,CC(NC(C)(C)C)C(=O)c1ccccc1,aromatic_chloro,0.8204937720146613,0.7685402682120768,239.107691876,205.146664228,3.2993000000000023,2.645900000000001,1,1,2,2,True
OCCOC(=O)NCc1ccccc1,[H]COC(=O)NCc1ccccc1,hydroxyl,0.7501938355659628,0.721471113909982,195.089543276,165.078978592,0.9050999999999996,1.5426,2,1,3,2,True
NC(=O)N1c2ccccc2C=Cc3ccccc13,[H]N1c2ccccc2C=Cc2ccccc21,amide,0.7483634501218209,0.5703447491628131,236.094963004,193.089149352,3.3872000000000018,3.9140000000000015,1,1,1,1,True
CCCO,[H]CC,hydroxyl,0.46378398302396845,0.3727855551576051,60.057514876,30.046950191999997,0.3887,1.0262,1,0,1,0,True
c1(ccc(c(c1)Cl)Cl)CC(N1[C@H](CN(CC1)C(=O)OCC)CN1CCCC1)=O,CCOC(=O)N1CCN(C(=O)Cc2cccc(Cl)c2)[C@@H](CN2CCCC2)C1,aromatic_chloro,0.722487008977729,0.7712954175116132,427.14294708399996,393.181919436,3.301000000000002,2.6476000000000006,0,0,4,4,True
c1(CC(N2[C@H](CN(CC2)C(=O)OCCC)CN2CCCC2)=O)cc(c(cc1)Cl)Cl,CCCOC(=O)N1CCN(C(=O)Cc2ccc(Cl)cc2)[C@@H](CN2CCCC2)C1,aromatic_chloro,0.6746096204152116,0.7268863549467053,441.15859714799996,407.19756949999993,3.6911000000000023,3.037700000000001,0,0,4,4,True
c1(ccc(c(c1)Cl)Cl)CC(N1[C@@H](c2c(CC1)occ2)C[N@@]1C[C@@H](CC1)O)=O,O=C(Cc1cccc(Cl)c1)N1CCc2occc2[C@H]1CN1CC[C@@H](O)C1,aromatic_chloro,0.8420746473712121,0.8934868556126748,408.10074792399996,374.139720276,3.3215000000000026,2.6681000000000012,1,1,4,4,True
c1(ccc(c(c1)Cl)Cl)CC(=O)N1[C@H](CN(C(=O)C)CC1)C[N@@]1C[C@H](O)CC1,CC(=O)N1CCN(C(=O)Cc2cccc(Cl)c2)[C@@H](CN2CC[C@@H](O)C2)C1,aromatic_chloro,0.814382349532743,0.8475998590267688,413.12729702,379.166269372,1.6617999999999997,1.0083999999999997,1,1,4,4,True
c1(CC(N2[C@H](CN(CC2)C(=O)C)C[N@]2CC[C@H](C2)O)=O)cc(cc(c1)F)F,CC(=O)N1CCN(C(=O)Cc2cccc(F)c2)[C@@H](CN2CC[C@@H](O)C2)C1,fluoro_aromatic,0.8312737434729354,0.8459702529639006,381.1863981,363.195819912,0.6332000000000004,0.49410000000000115,1,1,4,4,True
CCC(=O)c1ccc2Sc3ccccc3N(CCCN4CCN(CCO)CC4)c2c1,[H]CN1CCN(CCCN2c3ccccc3Sc3ccc(C(=O)CC)cc32)CC1,hydroxyl,0.6479013320403015,0.6704349374527785,425.213698232,395.20313354800004,3.8820000000000032,4.519500000000004,1,0,6,5,True
CN=C1CN(O)C(=C2C=C(Cl)C=CC2=N1)c3ccccc3,CN=C1CN(O)C(c2ccccc2)=c2ccccc2=N1,aromatic_chloro,0.8734531270112921,0.8418632482802413,299.082539748,265.1215121,1.8492,1.1957999999999993,1,1,3,3,True
CN(C)CCCN1c2ccccc2Sc3ccc(Cl)cc13,CN(C)CCCN1c2ccccc2Sc2ccccc21,aromatic_chloro,0.7918053413291345,0.8288580486751157,318.09574728800004,284.13471963999996,4.894400000000004,4.241000000000003,0,0,3,3,True
CN(C)CC\C=C/1c2ccccc2Sc3ccc(Cl)cc13,CN(C)CCC=C1c2ccccc2Sc2ccccc21,aromatic_chloro,0.6542213588943051,0.6934192475922085,315.084848256,281.123820608,5.188000000000004,4.534600000000004,0,0,2,2,True
Clc1ccc2OC(=O)Nc2c1,O=c1[nH]c2ccccc2o1,aromatic_chloro,0.6535135154314028,0.5879226766401654,168.993056048,135.0320284,1.7744999999999997,1.1210999999999998,1,1,2,2,True
C[N+](C)(C)CCO,[H]C[N+](C)(C)C,hydroxyl,0.47618393148924254,0.36298363927122324,104.10699048808999,74.09642580408999,-0.3150999999999999,0.3224,1,0,1,0,True
CN1C(=O)CC(=O)N(c2ccccc2)c3cc(Cl)ccc13,CN1C(=O)CC(=O)N(c2ccccc2)c2ccccc21,aromatic_chloro,0.7576569223589451,0.7445587660929918,300.066555336,266.105527688,3.3712000000000018,2.7178000000000004,0,0,2,2,True
C1C(Nc2c1c(ccc2)CCN(CCC)CCC)=O,[H]Cc1ccccc1CCN(CCC)CCC,amide,0.8173315946878695,0.6762362252513168,260.188863388,219.19869979999999,2.8457000000000017,3.659520000000003,1,0,2,1,True
C1C(Nc2c1c(ccc2O)CCN(CCC)CCC)=O,[H]Cc1cc(O)ccc1CCN(CCC)CCC,amide,0.7525306207829541,0.7830154579037591,276.183778008,235.19361442,2.5513000000000003,3.365120000000002,2,1,3,2,True
OC(=O)CNC(=O)c1ccccc1O,[H]CNC(=O)c1ccccc1O,carboxylic_acid,0.6428709623639095,0.6218937090700863,195.053157768,151.063328528,0.2065999999999995,0.7518,3,2,3,2,True
Cc1nnc2CN=C(c3ccccc3Cl)c4cc(Cl)ccc4n12,Cc1nnc2n1-c1ccc(Cl)cc1C(c1ccccc1)=NC2,aromatic_chloro,0.6634881818264521,0.6893709827759431,342.04390174400004,308.082874096,4.233520000000003,3.5801200000000026,0,0,4,4,True
CC(C)[C@@H](CN1CCCC1)N(C)C(=O)Cc2ccc(Cl)c(Cl)c2,CC(C)[C@@H](CN1CCCC1)N(C)C(=O)Cc1cccc(Cl)c1,aromatic_chloro,0.7648511487714604,0.8004546196101955,356.142218812,322.18119116400004,4.114700000000004,3.4613000000000023,0,0,2,2,True
c1(ccccc1)[C@H](CN1CCCC1)N(C(=O)Cc1ccc(c(c1)Cl)Cl)C,CN(C(=O)Cc1cccc(Cl)c1)[C@@H](CN1CCCC1)c1ccccc1,aromatic_chloro,0.7042430797577656,0.7748292285176643,390.12656874799995,356.1655411,4.831400000000006,4.1780000000000035,0,0,2,2,True
CCN1C=C(C(O)=O)C(=O)c2cc(F)c(N3CCNC(C)C3)c(F)c12,[H]c1cn(CC)c2c(F)c(N3CCNC(C)C3)c(F)cc2c1=O,carboxylic_acid,0.8820346880702983,0.9230502699408698,351.139447908,307.149618668,1.7959,2.0976999999999997,2,1,5,4,True
CCN1C=C(C(O)=O)C(=O)c2cc(F)c(N3CCNC(C)C3)c(F)c12,CCn1cc(C(=O)O)c(=O)c2ccc(N3CCNC(C)C3)c(F)c21,fluoro_aromatic,0.8820346880702983,0.8934605266027453,351.139447908,333.14886972,1.7959,1.6568,2,2,5,5,True
CN(C)C(=O)C(CCN1CCC(O)(CC1)c2ccc(Cl)cc2)(c3ccccc3)c4ccccc4,CN(C)C(=O)C(CCN1CCC(O)(c2ccccc2)CC1)(c1ccccc1)c1ccccc1,aromatic_chloro,0.5163157587714765,0.5885589398819933,476.223055976,442.262028328,5.088000000000005,4.434600000000003,1,1,3,3,True
CN(C)CCCN1c2ccccc2CCc3ccc(Cl)cc13,CN(C)CCCN1c2ccccc2CCc2ccccc21,aromatic_chloro,0.8178744322781548,0.8384623265941306,314.154976416,280.193948768,4.528400000000004,3.8750000000000027,0,0,2,2,True
[O-][N+](=O)c1ccc2NC(=O)CN=C(c3ccccc3Cl)c2c1,O=C1CN=C(c2ccccc2)c2cc([N+](=O)[O-])ccc2N1,aromatic_chloro,0.682474275950086,0.6771088741597446,315.04106886,281.080041212,3.037700000000001,2.3843000000000005,1,1,4,4,True
[O-][N+](=O)c1ccc2NC(=O)CN=C(c3ccccc3Cl)c2c1,[H]CN=C(c1cccc([N+](=O)[O-])c1)c1ccccc1Cl,amide,0.682474275950086,0.4865324076557246,315.04106886,274.050905272,3.037700000000001,3.7154000000000025,1,0,4,3,True
OCCN1CCN(CC\C=C/2c3ccccc3Sc4ccc(Cl)cc24)CC1,OCCN1CCN(CCC=C2c3ccccc3Sc3ccccc32)CC1,aromatic_chloro,0.6926572562952837,0.7466012977114355,400.1376121,366.176584452,4.2363000000000035,3.582900000000002,1,1,4,4,True
OCCN1CCN(CC\C=C/2c3ccccc3Sc4ccc(Cl)cc24)CC1,[H]CN1CCN(CC/C=C2/c3ccccc3Sc3ccc(Cl)cc32)CC1,hydroxyl,0.6926572562952837,0.648755521740391,400.1376121,370.127047416,4.2363000000000035,4.8738000000000055,1,0,4,3,True
CCOC(=O)N1CCC(CC1)=C2c3ccc(Cl)cc3CCc4cccnc24,CCOC(=O)N1CCC(=C2c3ccccc3CCc3cccnc32)CC1,aromatic_chloro,0.7048857984659848,0.7742284053648992,382.144805656,348.18377800800005,4.887800000000005,4.2344000000000035,0,0,3,3,True
CCN1C=C(C(O)=O)C(=O)c2cc(F)c(cc12)N3CCNCC3,[H]c1cn(CC)c2cc(N3CCNCC3)c(F)cc2c1=O,carboxylic_acid,0.8910262977655082,0.9037299628071116,319.13321965600005,275.14339041600005,1.2683000000000002,1.5700999999999998,2,1,5,4,True
CCN1C=C(C(O)=O)C(=O)c2cc(F)c(cc12)N3CCNCC3,CCn1cc(C(=O)O)c(=O)c2ccc(N3CCNCC3)cc21,fluoro_aromatic,0.8910262977655082,0.8887297647417329,319.13321965600005,301.142641468,1.2683000000000002,1.1292000000000002,2,2,5,5,True
CCN1C=C(C(O)=O)C(=O)c2cc(F)c(cc12)N3CCN(C)CC3,[H]c1cn(CC)c2cc(N3CCN(C)CC3)c(F)cc2c1=O,carboxylic_acid,0.924383987788174,0.845349060626389,333.14886972000005,289.15904048000004,1.6105000000000003,1.9122999999999999,1,0,5,4,True
CCN1C=C(C(O)=O)C(=O)c2cc(F)c(cc12)N3CCN(C)CC3,CCn1cc(C(=O)O)c(=O)c2ccc(N3CCN(C)CC3)cc21,fluoro_aromatic,0.924383987788174,0.9290135312945024,333.14886972000005,315.158291532,1.6105000000000003,1.4714000000000003,1,1,5,5,True
CN1C(=O)CN=C(c2ccccc2)c3cc(Cl)ccc13,CN1C(=O)CN=C(c2ccccc2)c2ccccc21,aromatic_chloro,0.79164533623487,0.7650423277768814,284.07164071600005,250.110613068,3.153800000000002,2.500400000000001,0,0,2,2,True
O=C1NC(=O)C(N1)(c2ccccc2)c3ccccc3,[H]NC(C=O)(c1ccccc1)c1ccccc1,amide,0.8001945345367882,0.7898199391724606,252.089877624,211.099714036,1.7695999999999998,2.0878,2,1,2,2,True
CC(CN1CCN(CCOCCO)CC1)CN2c3ccccc3Sc4ccccc24,[H]COCCN1CCN(CC(C)CN2c3ccccc3Sc3ccccc32)CC1,hydroxyl,0.6173215847589679,0.6954701369430094,427.229348296,397.218783612,3.5519000000000025,4.189400000000004,1,0,6,5,True
NC(=O)N1c2ccccc2C3OC3c4ccccc14,[H]N1c2ccccc2C2OC2c2ccccc21,amide,0.732474562069225,0.6708133570259648,252.089877624,209.084063972,3.0294000000000016,3.5562000000000014,1,1,2,2,True
CN1CCN(CC1)CC(=O)N2c3ccccc3C(=O)Nc4cccnc24,[H]c1ccccc1N(C(=O)CN1CCN(C)CC1)c1ccccn1,amide,0.8892761172918336,0.8657532938039821,351.16952491200004,310.17936132400007,1.559399999999999,1.9936999999999994,1,0,5,4,True
CN1CCN(CC1)c2c(F)cc3C(=O)C(=CN4CCSc2c34)C(O)=O,[H]c1cn2c3c(c(N4CCN(C)CC4)c(F)cc3c1=O)SCC2,carboxylic_acid,0.8761318413575611,0.8037232576086332,363.1052906559999,319.115461416,1.6963000000000001,1.9981,1,0,6,5,True
CN1CCN(CC1)c2c(F)cc3C(=O)C(=CN4CCSc2c34)C(O)=O,CN1CCN(c2ccc3c(=O)c(C(=O)O)cn4c3c2SCC4)CC1,fluoro_aromatic,0.8761318413575611,0.8910169757876173,363.1052906559999,345.11471246799994,1.6963000000000001,1.5571999999999997,1,1,6,6,True
c1(ccc(c(c1)Cl)Cl)CC(=O)N1[C@H](C[N@@](C)CC1)CN1CCCC1,CN1CCN(C(=O)Cc2cccc(Cl)c2)[C@@H](CN2CCCC2)C1,aromatic_chloro,0.8156628879394054,0.8430026509734038,369.13746778,335.176440132,2.774300000000001,2.1209,0,0,3,3,True
c1(ccc(c(c1)Cl)Cl)CC(N1[C@H](CN2CCCC2)c2n(CC1)ccn2)=O,O=C(Cc1cccc(Cl)c1)N1CCn2ccnc2[C@H]1CN1CCCC1,aromatic_chloro,0.7996538514135798,0.8435000652064052,392.117066684,358.15603903600004,3.4117000000000015,2.758300000000001,0,0,4,4,True
c1(ccc(c(c1)Cl)Cl)CC(N1[C@H](C[C@]2(CC1)NC(NC2=O)=O)CN1CCCC1)=O,O=C1NC(=O)[C@@]2(CCN(C(=O)Cc3cccc(Cl)c3)[C@@H](CN3CCCC3)C2)N1,aromatic_chloro,0.7054015891496318,0.7458279974360369,438.12254598799996,404.16151833999993,2.2009,1.5474999999999999,2,2,4,4,True
c1(ccc(c(c1)Cl)Cl)CC(N1[C@H](C[C@]2(CC1)NC(NC2=O)=O)CN1CCCC1)=O,[H]NC(=O)[C]1CCN(C(=O)Cc2ccc(Cl)c(Cl)c2)[C@@H](CN2CCCC2)C1,amide,0.7054015891496318,0.8310078473349332,438.12254598799996,396.124557368,2.2009,2.6824900000000005,2,1,4,3,True
c1(ccc(c(c1)Cl)Cl)CC(N1[C@H](C[N@@]2C[C@@H](CC2)O)c2n(CC1)ccn2)=O,O=C(Cc1cccc(Cl)c1)N1CCn2ccnc2[C@H]1CN1CC[C@@H](O)C1,aromatic_chloro,0.8427159003090089,0.8849368148843401,408.111981304,374.15095365600007,2.3825000000000003,1.7290999999999999,1,1,5,5,True
c1(ccc(c(c1)Cl)Cl)CC(N1[C@H](CN2CCCC2)c2n(CC1)ncn2)=O,O=C(Cc1cccc(Cl)c1)N1CCn2ncnc2[C@H]1CN1CCCC1,aromatic_chloro,0.8005407161160986,0.8390159035469452,393.11231565200006,359.15128800400004,2.806700000000001,2.1532999999999998,0,0,5,5,True
c1(ccc(c(c1)Cl)Cl)CC(N1[C@@H](C[N@@]2C[C@@H](CC2)O)C[N@](CC1)CCO)=O,O=C(Cc1cccc(Cl)c1)N1CCN(CCO)C[C@@H]1CN1CC[C@@H](O)C1,aromatic_chloro,0.7275742981669061,0.7487857577096475,415.14294708399996,381.181919436,1.1075999999999997,0.4542,2,2,5,5,True
Fc1ccc(cc1)C(=O)CCCN2CCC(=CC2)N3C(=O)Nc4ccccc34,O=C(CCCN1CC=C(n2c(=O)[nH]c3ccccc32)CC1)c1ccccc1,fluoro_aromatic,0.6649515564043439,0.6833888795774613,379.169605164,361.17902697600005,3.6784000000000017,3.5393000000000017,1,1,4,4,True
Clc1ccc2n3cnnc3CN=C(c4ccccc4)c2c1,c1ccc(C2=NCc3nncn3-c3ccccc32)cc1,aromatic_chloro,0.691129049070368,0.6746970513491001,294.067224032,260.106196384,3.271700000000001,2.6183000000000005,0,0,4,4,True
NC(=O)OC1(CCCCC1)C#C,[H]OC1(C#C)CCCCC1,amide,0.6002616319602779,0.4826850242242961,167.094628656,124.088815004,1.4178,1.3148,1,1,2,1,True
c1ccc2Oc3c(cc(cc3)Cl)[C@@H]3[C@@H](c2c1)C[N@](CC3)C,CN1CC[C@@H]2c3ccccc3Oc3ccccc3[C@H]2C1,aromatic_chloro,0.7019595525636951,0.7137113501262501,299.107691876,265.146664228,4.648600000000004,3.995200000000003,0,0,2,2,True
c1c(Cl)nc(N2CCN(CCCCN3C(CCC3)=O)CC2)cc1C(F)(F)F,O=C1CCCN1CCCCN1CCN(c2cc(C(F)(F)F)ccn2)CC1,aromatic_chloro,0.5386091738868428,0.7220577038314753,404.15907372799995,370.19804608000004,3.278400000000002,2.625000000000001,0,0,4,4,True
c1ccc2Oc3c(cc(cc3)Cl)[C@@H]3[C@@H](c2c1)CNCC3,c1ccc2c(c1)Oc1ccccc1[C@H]1CNCC[C@H]21,aromatic_chloro,0.7788143789676533,0.7713080850902309,285.092041812,251.131014164,4.306400000000003,3.6530000000000022,1,1,2,2,True
c1(ccc(c(c1)Cl)Cl)CC(N1[C@H](C[N@@]2C[C@@H](CC2)O)c2c(CC1)[nH]cn2)=O,O=C(Cc1cccc(Cl)c1)N1CCc2[nH]cnc2[C@H]1CN1CC[C@@H](O)C1,aromatic_chloro,0.8140591424800115,0.8555352096916473,408.111981304,374.15095365600007,2.4516,1.7981999999999998,2,2,4,4,True
c1cc2c(C(N[C@@H](CC)c3ccccc3)=O)c(c(nc2cc1)c1ccccc1)OCC(O)=O,[H]COc1c(-c2ccccc2)nc2ccccc2c1C(=O)N[C@@H](CC)c1ccccc1,carboxylic_acid,0.3908448037545228,0.4486122199904035,440.1736072479999,396.183778008,5.246300000000006,5.791500000000006,2,1,4,3,True
C[C@H]1CN(C[C@@H](C)N1)c2c(F)c(N)c3C(=O)C(=CN(C4CC4)c3c2F)C(O)=O,[H]c1cn(C2CC2)c2c(F)c(N3C[C@@H](C)N[C@@H](C)C3)c(F)c(N)c2c1=O,carboxylic_acid,0.6918289177745705,0.8182713138379563,392.16599700399996,348.17616776400007,2.0816,2.383400000000001,3,2,6,5,True
C[C@H]1CN(C[C@@H](C)N1)c2c(F)c(N)c3C(=O)C(=CN(C4CC4)c3c2F)C(O)=O,C[C@@H]1CN(c2cc(N)c3c(=O)c(C(=O)O)cn(C4CC4)c3c2F)C[C@H](C)N1,fluoro_aromatic,0.6918289177745705,0.7101786677672451,392.16599700399996,374.175418816,2.0816,1.9425000000000001,3,3,6,6,True
OCCN1CCN(CC\C=C/2c3ccccc3Sc4ccc(cc24)C(F)(F)F)CC1,[H]CN1CCN(CC/C=C2/c3ccccc3Sc3ccc(C(F)(F)F)cc32)CC1,hydroxyl,0.6349720395702217,0.5895468856813686,434.16396908,404.153404396,4.601700000000005,5.239200000000005,1,0,4,3,True
OCCN1CCN(CCCN2c3ccccc3Sc4ccc(cc24)C(F)(F)F)CC1,[H]CN1CCN(CCCN2c3ccccc3Sc3ccc(C(F)(F)F)cc32)CC1,hydroxyl,0.7278115473639666,0.7094782580960448,437.17486811199996,407.16430342800004,4.308100000000003,4.945600000000004,1,0,5,4,True
CCN(CC)CCN1C(=O)CN=C(c2ccccc2F)c3cc(Cl)ccc13,CCN(CC)CCN1C(=O)CN=C(c2ccccc2F)c2ccccc21,aromatic_chloro,0.7505075074463576,0.7983855512929415,387.151368256,353.190340608,4.004900000000003,3.3515000000000015,0,0,3,3,True
CCN(CC)CCN1C(=O)CN=C(c2ccccc2F)c3cc(Cl)ccc13,CCN(CC)CCN1C(=O)CN=C(c2ccccc2)c2cc(Cl)ccc21,fluoro_aromatic,0.7505075074463576,0.7745551634900331,387.151368256,369.160790068,4.004900000000003,3.865800000000003,0,0,3,3,True
CCC1(CCC(=O)NC1=O)c2ccccc2,[H]CCC(C=O)(CC)c1ccccc1,amide,0.7672998421844798,0.6445100074749713,217.11027872,176.120115132,1.771,2.9433000000000016,1,0,2,1,True
OC1(CCN(CCCC(=O)c2ccc(F)cc2)CC1)c3ccc(Cl)cc3,O=C(CCCN1CCC(O)(c2ccccc2)CC1)c1ccc(F)cc1,aromatic_chloro,0.759345285057915,0.8132411862992158,375.14013487600005,341.179107228,4.425600000000004,3.7722000000000033,1,1,3,3,True
OC1(CCN(CCCC(=O)c2ccc(F)cc2)CC1)c3ccc(Cl)cc3,O=C(CCCN1CCC(O)(c2ccc(Cl)cc2)CC1)c1ccccc1,fluoro_aromatic,0.759345285057915,0.7840031495260342,375.14013487600005,357.149556688,4.425600000000004,4.286500000000004,1,1,3,3,True
CN(C1CCCC[C@H]1N2CCCC2)C(=O)Cc3ccc(Cl)c(Cl)c3,CN(C(=O)Cc1cccc(Cl)c1)C1CCCC[C@H]1N1CCCC1,aromatic_chloro,0.7854230993248241,0.8369036768935306,368.142218812,334.181191164,4.4013000000000035,3.747900000000003,0,0,2,2,True
NC(=O)OC1(CCCCC1)CC#C,[H]OC1(CC#C)CCCCC1,amide,0.6603296556567574,0.5467340772132943,181.11027872,138.104465068,1.8079,1.7049,1,1,2,1,True
CCC(O)(COC(N)=O)c1ccccc1,[H]OCC(O)(CC)c1ccccc1,amide,0.7863727651512108,0.7096835256697129,209.10519334,166.099379688,1.3795000000000002,1.2765,2,2,3,2,True
OCCOCCN1CCN(CC1)C(c2ccccc2)c3ccc(Cl)cc3,OCCOCCN1CCN(C(c2ccccc2)c2ccccc2)CC1,aromatic_chloro,0.7202924631983652,0.7488241015799445,374.176105784,340.215078136,3.055900000000001,2.4025000000000007,1,1,4,4,True
OCCOCCN1CCN(CC1)C(c2ccccc2)c3ccc(Cl)cc3,[H]COCCN1CCN(C(c2ccccc2)c2ccc(Cl)cc2)CC1,hydroxyl,0.7202924631983652,0.7944362949414444,374.176105784,344.1655411,3.055900000000001,3.693400000000003,1,0,4,3,True
CNC1(CCCCC1=O)c2ccccc2Cl,CNC1(c2ccccc2)CCCCC1=O,aromatic_chloro,0.8571565291687988,0.7983544207854294,237.092041812,203.131014164,2.897800000000001,2.2443999999999997,1,1,2,2,True
OC(=O)C1=CC(=O)c2ccccc2N1,[H]c1cc(=O)c2ccccc2[nH]1,carboxylic_acid,0.7082189424852452,0.5986881320129136,189.042593084,145.052763844,1.2262999999999997,1.5280999999999998,2,1,2,1,True
C1CN(CCC1)Cc1cccc(c1)OCCCO,[H]CCOc1cccc(CN2CCCCC2)c1,hydroxyl,0.785988033772672,0.7713455847200271,249.172878976,219.162314292,2.4337000000000004,3.071200000000002,1,0,3,2,True
Fc1ccc(cc1)C(=O)CCCN2CCC(CC2)C(=O)c3ccc(F)cc3,O=C(CCCN1CCC(C(=O)c2ccc(F)cc2)CC1)c1ccccc1,fluoro_aromatic,0.6716378852755873,0.693227209063175,371.169685416,353.179107228,4.522600000000004,4.383500000000004,0,0,3,3,True
OC1N=C(c2ccccc2Cl)c3cc(Cl)ccc3NC1=O,O=C1Nc2ccc(Cl)cc2C(c2ccccc2)=NC1O,aromatic_chloro,0.8476978945833689,0.84572924577293,320.01193292,286.050905272,3.101300000000001,2.4478999999999997,2,2,3,3,True
OC1N=C(c2ccccc2Cl)c3cc(Cl)ccc3NC1=O,[H]C(O)N=C(c1cccc(Cl)c1)c1ccccc1Cl,amide,0.8476978945833689,0.8525047510049621,320.01193292,279.021769332,3.101300000000001,3.7806000000000015,2,1,3,2,True
CC(C)N1CCC(CC1)N(C(=O)Cc2ccccc2)c3ccc(Cl)cc3,CC(C)N1CCC(N(C(=O)Cc2ccccc2)c2ccccc2)CC1,aromatic_chloro,0.7550844098925956,0.8193001699647214,370.181191164,336.22016351599996,4.788500000000004,4.135100000000003,0,0,2,2,True
CN(C)CCOC(=O)COc1ccc(Cl)cc1,CN(C)CCOC(=O)COc1ccccc1,aromatic_chloro,0.7290918035538654,0.6785651786497772,257.081871052,223.120843404,1.8235999999999999,1.1701999999999997,0,0,4,4,True
CC1=Nc2ccccc2C(=O)N1c3ccccc3Cl,Cc1nc2ccccc2c(=O)n1-c1ccccc1,aromatic_chloro,0.6796412819181323,0.6507660868500093,270.05599065200005,236.094963004,3.347520000000002,2.6941200000000007,0,0,3,3,True
CN1CCN=C(c2ccccc2)c3cc(Cl)ccc13,CN1CCN=C(c2ccccc2)c2ccccc21,aromatic_chloro,0.7726586313728765,0.742929922553076,270.09237616,236.131348512,3.627200000000003,2.9738000000000016,0,0,2,2,True
c1(c(cc2n(ncc2c1)CCN)Cl)Cl,NCCn1ncc2ccc(Cl)cc21,aromatic_chloro,0.8596070514570276,0.7921493250248656,229.01735264799999,195.056325,2.3018,1.6483999999999999,1,1,3,3,True
Nc1nc(NC2CC2)c3ncn([C@@H]4C[C@H](CO)C=C4)c3n1,[H]C1C=C[C@H](n2cnc3c(NC4CC4)nc(N)nc32)C1,hydroxyl,0.7272302824304793,0.819249800370111,286.154209196,256.143644512,1.0922999999999998,1.8739000000000001,3,2,7,6,True
NC1=NC(=O)c2ncn(COCCO)c2N1,[H]COCn1cnc2c(=O)nc(N)[nH]c21,hydroxyl,0.554385971786765,0.6600829548679963,225.086189212,195.075624528,-1.3318000000000003,-0.6943000000000001,3,2,7,6,True
COc1ccccc1OCC(O)COC(N)=O,[H]OCC(O)COc1ccccc1OC,amide,0.7576670999945839,0.7198499687675641,241.09502258,198.089208928,0.5302000000000002,0.4272000000000001,2,2,5,4,True
Nc1ccc(C(O)=O)c(O)c1,[H]c1ccc(N)cc1O,carboxylic_acid,0.5176060263674482,0.4875296866315732,153.042593084,109.052763844,0.6726000000000001,0.9743999999999999,3,2,3,2,True
NC1=NC(=O)N(C=C1)[C@@H]2O[C@H](CO)[C@@H](O)[C@@H]2O,[H]C1O[C@@H](n2ccc(N)nc2=O)[C@@H](O)[C@@H]1O,hydroxyl,0.4489304892314893,0.501035752954433,243.085520516,213.074955832,-2.5629999999999993,-1.9239,4,3,8,7,True
CN(C)N\N=C/1N=CN=C1C(N)=O,[H]C1=NC=N/C1=N/NN(C)C,amide,0.5108675029753476,0.5231646563540158,182.09160894,139.08579528799999,-1.6656999999999993,-0.5212000000000001,2,1,5,4,True
Clc1ccc2NC(=O)CC(=O)N(c3ccccc3)c2c1,O=C1CC(=O)N(c2ccccc2)c2ccccc2N1,aromatic_chloro,0.8174417172451933,0.7931664081243629,286.050905272,252.089877624,3.3469000000000015,2.693500000000001,1,1,2,2,True
Clc1ccc2NC(=O)CC(=O)N(c3ccccc3)c2c1,[H]CC(=O)N(c1ccccc1)c1cccc(Cl)c1,amide,0.8174417172451933,0.7824804155497324,286.050905272,245.060741684,3.3469000000000015,4.024600000000002,1,0,2,1,True
C[C@@H](CN1CC(=O)NC(=O)C1)N2CC(=O)NC(=O)C2,[H]CN(CC=O)C[C@H](C)N1CC(=O)NC(=O)C1,amide,0.5400927830602834,0.4553539189015024,268.117154992,227.126991404,-2.708299999999996,-1.5359999999999976,2,1,6,5,True
Cc1ccc(cc1)C2(O)CCN(CCCC(=O)c3ccc(F)cc3)CC2,Cc1ccc(C2(O)CCN(CCCC(=O)c3ccccc3)CC2)cc1,fluoro_aromatic,0.7939500802874248,0.8117680570274142,355.194757292,337.20417910400005,4.080620000000003,3.9415200000000032,1,1,3,3,True
[O-][N+](=O)c1ccc2NC(=O)CN=C(c3ccccc3)c2c1,[H]CN=C(c1ccccc1)c1cccc([N+](=O)[O-])c1,amide,0.6771088741597446,0.47003171540758537,281.080041212,240.089877624,2.3843000000000005,3.062000000000001,1,0,4,3,True
Clc1ccc2NC(=O)CN=C(c3ccccc3)c2c1,O=C1CN=C(c2ccccc2)c2ccccc2N1,aromatic_chloro,0.8498120203195162,0.8115758597100254,270.05599065200005,236.094963004,3.129500000000001,2.4761000000000006,1,1,2,2,True
Clc1ccc2NC(=O)CN=C(c3ccccc3)c2c1,[H]CN=C(c1ccccc1)c1cccc(Cl)c1,amide,0.8498120203195162,0.6948720696057081,270.05599065200005,229.065827064,3.129500000000001,3.8072000000000026,1,0,2,1,True
FC(F)(F)[C@]1(OC(=O)Nc2ccc(Cl)cc12)C#CC3CC3,O=C1Nc2ccccc2[C@@](C#CC2CC2)(C(F)(F)F)O1,aromatic_chloro,0.7328090954055055,0.7399050027177194,315.027390868,281.06636322,4.073100000000002,3.4197000000000015,1,1,2,2,True
FC(F)(F)[C@]1(OC(=O)Nc2ccc(Cl)cc12)C#CC3CC3,[H]O[C@@](C#CC1CC1)(c1cccc(Cl)c1)C(F)(F)F,amide,0.7328090954055055,0.7772770610163746,315.027390868,274.03722728,4.073100000000002,3.503300000000001,1,1,2,1,True
CCOC(=O)[C@H](CCc1ccccc1)N[C@@H](C)C(=O)N2CCC[C@H]2C(O)=O,[H]C1CCCN1C(=O)[C@H](C)N[C@@H](CCc1ccccc1)C(=O)OCC,carboxylic_acid,0.6358354158694681,0.7412440724140712,376.19982199599997,332.2099927560001,1.6046,2.1513999999999998,2,1,5,4,True
CC1(C)S[C@@H]2[C@H](NC(=O)CCC[C@@H](N)C(O)=O)C(=O)N2[C@H]1C(O)=O,[H]C(N)CCCC(=O)N[C@@H]1C(=O)N2[C@@H]1SC(C)(C)[C@@H]2C(=O)O,carboxylic_acid,0.43148892329816463,0.4599621029172718,359.115106392,315.12527715199997,-0.7996999999999965,-0.25289999999999774,4,3,6,5,True
CC1(C)S[C@@H]2[C@H](NC(=O)C34C[C@H]5C[C@H](CC(N)(C5)C3)C4)C(=O)N2[C@H]1C(O)=O,[H]C1N2C(=O)[C@@H](NC(=O)C34C[C@@H]5C[C@@H](CC(N)(C5)C3)C4)[C@H]2SC1(C)C,carboxylic_acid,0.614692741619305,0.7403330104789017,393.17222734399996,349.182398104,0.9158000000000006,1.4625999999999995,3,2,5,4,True
CC1(C)S[C@@H]2C(NC(=O)[C@H](NC(=O)C3=CNc4cccnc4C3=O)c5ccccc5)C(=O)N2[C@H]1C(O)=O,[H]C1N2C(=O)C(NC(=O)[C@H](NC(=O)c3c[nH]c4cccnc4c3=O)c3ccccc3)[C@H]2SC1(C)C,carboxylic_acid,0.3497699619135252,0.4794635046631786,521.1369044559999,477.147075216,1.025899999999999,1.5726999999999993,4,3,7,6,True
N[C@@H](C(=O)N[C@H]1[C@H]2SCC(=C(N2C1=O)C(O)=O)Cl)c3ccccc3,[H]C1=C(Cl)CS[C@@H]2[C@H](NC(=O)[C@H](N)c3ccccc3)C(=O)N12,carboxylic_acid,0.672381193775388,0.818725899921002,367.039354608,323.04952536800005,0.6213000000000004,1.1665,3,2,5,4,True
CC1=C(N2[C@H](SC1)[C@H](NC(=O)[C@H](N)c3ccc(O)cc3)C2=O)C(O)=O,[H]C1=C(C)CS[C@@H]2[C@H](NC(=O)[C@H](N)c3ccc(O)cc3)C(=O)N12,carboxylic_acid,0.5597037383059921,0.712737982338146,363.08889164399994,319.099062404,0.15049999999999925,0.6956999999999995,4,3,6,5,True
CC1=C(N2[C@H](SC1)[C@H](NC(=O)[C@H](N)c3ccccc3)C2=O)C(O)=O,[H]C1=C(C)CS[C@@H]2[C@H](NC(=O)[C@H](N)c3ccccc3)C(=O)N12,carboxylic_acid,0.6816125812503079,0.8166507348028096,347.0939770239999,303.10414778399996,0.44489999999999896,0.9900999999999993,3,2,5,4,True
CC(=O)OCC1=C(N2[C@H](SC1)[C@H](NC(=O)Cc3ccccc3)C2=O)C(O)=O,[H]C1=C(COC(C)=O)CS[C@@H]2[C@H](NC(=O)Cc3ccccc3)C(=O)N12,carboxylic_acid,0.5380777689033297,0.6376868434130613,390.0885572959999,346.098728056,0.5307999999999997,1.0759999999999996,2,1,6,5,True
Cc1sc(SCC2=C(N3[C@H](SC2)[C@H](NC(=O)C(N)c4ccc(O)cc4)C3=O)C(O)=O)nn1,[H]C1=C(CSc2nnc(C)s2)CS[C@@H]2[C@H](NC(=O)C(N)c3ccc(O)cc3)C(=O)N12,carboxylic_acid,0.32470113125337624,0.4493887004551606,493.054831708,449.06500246800005,1.0828199999999997,1.6280199999999996,4,3,10,9,True
Cc1sc(SCC2=C(N3[C@H](SC2)[C@H](NC(=O)CN4C=C(Cl)C(=O)C(=C4)Cl)C3=O)C(O)=O)nn1,[H]C1=C(CSc2nnc(C)s2)CS[C@@H]2[C@H](NC(=O)Cn3cc(Cl)c(=O)c(Cl)c3)C(=O)N12,carboxylic_acid,0.3927383647237274,0.4767881407779173,546.9612369399998,502.97140770000004,1.8459199999999998,2.39112,2,1,10,9,True
Cc1sc(SCC2=C(N3[C@H](SC2)[C@H](NC(=O)[C@H](O)c4ccccc4)C3=O)C(O)=O)nn1,[H]C1=C(CSc2nnc(C)s2)CS[C@@H]2[C@H](NC(=O)[C@H](O)c3ccccc3)C(=O)N12,carboxylic_acid,0.39896703324328103,0.529986825758911,478.04393267599994,434.05410343600005,1.4108199999999997,1.9560199999999996,3,2,9,8,True
CC/C=C(C(=O)N[C@H]1[C@H]2SCC(=C(N2C1=O)C(O)=O)COC(N)=O)/c3csc(N)n3,[H]C1=C(COC(N)=O)CS[C@@H]2[C@H](NC(=O)/C(=C\CC)c3csc(N)n3)C(=O)N12,carboxylic_acid,0.3347852681086321,0.468076704169135,453.077675328,409.08784608800005,0.3526000000000009,0.8977999999999997,4,3,9,8,True
CC1=C(N2[C@H](SC1)[C@H](NC(=O)[C@H](N)c3ccc(O)c(Cl)c3)C2=O)C(O)=O,CC1=C(C(=O)O)N2C(=O)[C@@H](NC(=O)[C@H](N)c3ccc(O)cc3)[C@H]2SC1,aromatic_chloro,0.552128666678342,0.5597037383059921,397.0499192919999,363.08889164399994,0.8038999999999996,0.15049999999999925,4,4,6,6,True
CC1=C(N2[C@H](SC1)[C@H](NC(=O)[C@H](N)c3ccc(O)c(Cl)c3)C2=O)C(O)=O,[H]C1=C(C)CS[C@@H]2[C@H](NC(=O)[C@H](N)c3ccc(O)c(Cl)c3)C(=O)N12,carboxylic_acid,0.552128666678342,0.7127975673572369,397.0499192919999,353.060090052,0.8038999999999996,1.3490999999999993,4,3,6,5,True
CO/N=C(C(=O)N[C@H]1[C@H]2SCC(=C(N2C1=O)C(O)=O)C)/c3csc(N)n3,[H]C1=C(C)CS[C@@H]2[C@H](NC(=O)/C(=N\OC)c3csc(N)n3)C(=O)N12,carboxylic_acid,0.3525234585330688,0.4599698249158547,397.0514605800001,353.06163134000013,-0.16569999999999918,0.37949999999999984,3,2,9,8,True
OC(=O)C1=C(CS[C@@H]2[C@H](NC(=O)Cc3sccc3)C(=O)N12)CSc4[nH]ncn4,[H]C1=C(CSc2ncn[nH]2)CS[C@@H]2[C@H](NC(=O)Cc3cccs3)C(=O)N12,carboxylic_acid,0.4312611386699644,0.5707241556405196,437.02861696000014,393.0387877200001,0.9396,1.4848,3,2,8,7,True
CC(=O)OCC1=C(N2[C@H](SC1)[C@H](NC(=O)c3c(C)onc3c4ccccc4Cl)C2=O)C(O)=O,CC(=O)OCC1=C(C(=O)O)N2C(=O)[C@@H](NC(=O)c3c(-c4ccccc4)noc3C)[C@H]2SC1,aromatic_chloro,0.4594494953141591,0.488569067687213,491.0553985959999,457.09437094799995,2.21872,1.5653199999999998,2,2,8,8,True
CC(=O)OCC1=C(N2[C@H](SC1)[C@H](NC(=O)c3c(C)onc3c4ccccc4Cl)C2=O)C(O)=O,[H]C1=C(COC(C)=O)CS[C@@H]2[C@H](NC(=O)c3c(-c4ccccc4Cl)noc3C)C(=O)N12,carboxylic_acid,0.4594494953141591,0.554995580411763,491.0553985959999,447.065569356,2.21872,2.7639200000000006,2,1,8,7,True
CC1=C(N2[C@H](SC1)[C@H](NC(=O)Cc3ccc(cc3)C4=NCCCN4)C2=O)C(O)=O,[H]C1=C(C)CS[C@@H]2[C@H](NC(=O)Cc3ccc(C4=NCCCN4)cc3)C(=O)N12,carboxylic_acid,0.612785111606462,0.783206255391206,414.13617618399996,370.1463469440001,0.7274999999999998,1.2726999999999997,3,2,6,5,True
COC1=C(N3C(SC1)C(NC(=O)C(N)C2C=CCC=C2)C3=O)C(O)=O,[H]C1=C(OC)CSC2C(NC(=O)C(N)C3C=CCC=C3)C(=O)N12,carboxylic_acid,0.45502167735603277,0.5758474335438794,365.10454170799994,321.114712468,-0.2114999999999992,0.3336999999999999,3,2,6,5,True
CC1=C(N2[C@H](SC1)[C@H](NC(=O)[C@H](N)c3cccc(N[S](C)(=O)=O)c3)C2=O)C(O)=O,[H]C1=C(C)CS[C@@H]2[C@H](NC(=O)[C@H](N)c3cccc(NS(C)(=O)=O)c3)C(=O)N12,carboxylic_acid,0.4432951407463039,0.6180899431147463,440.08242635999983,396.09259711999994,-0.18359999999999937,0.3616,4,3,7,6,True
CO/N=C(C(=O)N[C@H]1[C@H]2SCC=C(N2C1=O)C(O)=O)/c3csc(N)n3,[H]C1=CCS[C@@H]2[C@H](NC(=O)/C(=N\OC)c3csc(N)n3)C(=O)N12,carboxylic_acid,0.34831831323821205,0.4534757919448444,383.0358105160001,339.0459812760001,-0.5557999999999992,-0.010600000000000054,3,2,9,8,True
CC(=O)OCC1=C(N2[C@H](SC1)[C@H](NC(=O)Cc3sccc3)C2=O)C(O)=O,[H]C1=C(COC(C)=O)CS[C@@H]2[C@H](NC(=O)Cc3cccs3)C(=O)N12,carboxylic_acid,0.5344806106940523,0.6352195702248411,396.0449782319999,352.055148992,0.5922999999999998,1.1375,2,1,7,6,True
COC(C(=O)N[C@H]1[C@H]2SC(C)(C)[C@@H](N2C1=O)C(O)=O)c3ccc(Cl)c(Cl)c3,COC(C(=O)N[C@@H]1C(=O)N2[C@@H]1SC(C)(C)[C@@H]2C(=O)O)c1cccc(Cl)c1,aromatic_chloro,0.6924811967803256,0.73216450219432,432.031348036,398.070320388,2.3126000000000007,1.6592000000000007,2,2,5,5,True
COC(C(=O)N[C@H]1[C@H]2SC(C)(C)[C@@H](N2C1=O)C(O)=O)c3ccc(Cl)c(Cl)c3,[H]C1N2C(=O)[C@@H](NC(=O)C(OC)c3ccc(Cl)c(Cl)c3)[C@H]2SC1(C)C,carboxylic_acid,0.6924811967803256,0.8050888531919999,432.031348036,388.04151879600005,2.3126000000000007,2.859400000000001,2,1,5,4,True
CC1(C)S[C@@H]2[C@H](NC(=O)C3(N)CCCCC3)C(=O)N2[C@H]1C(O)=O,[H]C1N2C(=O)[C@@H](NC(=O)C3(N)CCCCC3)[C@H]2SC1(C)C,carboxylic_acid,0.6356637725177712,0.7402536050040318,341.14092721599997,297.151097976,0.2797000000000011,0.8264999999999998,3,2,5,4,True
Cc1onc(c1C(=O)N[C@H]2[C@H]3SC(C)(C)[C@@H](N3C2=O)C(O)=O)c4c(Cl)cccc4Cl,Cc1onc(-c2ccccc2Cl)c1C(=O)N[C@@H]1C(=O)N2[C@@H]1SC(C)(C)[C@@H]2C(=O)O,aromatic_chloro,0.660289548252613,0.7092649200190692,469.02659700399994,435.0655693559999,3.2021200000000016,2.5487200000000003,2,2,6,6,True
Cc1onc(c1C(=O)N[C@H]2[C@H]3SC(C)(C)[C@@H](N3C2=O)C(O)=O)c4c(Cl)cccc4Cl,[H]C1N2C(=O)[C@@H](NC(=O)c3c(-c4c(Cl)cccc4Cl)noc3C)[C@H]2SC1(C)C,carboxylic_acid,0.660289548252613,0.7571796628452834,469.02659700399994,425.036767764,3.2021200000000016,3.7489200000000027,2,1,6,5,True
CC1(C)S[C@@H]2[C@H](NC(=O)[C@H](N)C3=CCC=CC3)C(=O)N2[C@H]1C(O)=O,[H]C1N2C(=O)[C@@H](NC(=O)[C@H](N)C3=CCC=CC3)[C@H]2SC1(C)C,carboxylic_acid,0.49334333043711437,0.5963697649644156,351.12527715199997,307.135447912,0.22180000000000105,0.7685999999999998,3,2,5,4,True
CCOC(=O)C1=C(C)NC(=C(C1c2cccc(Cl)c2Cl)C(=O)OC)C,CCOC(=O)C1=C(C)NC(C)=C(C(=O)OC)C1c1ccccc1Cl,aromatic_chloro,0.796446127712753,0.8447213053316852,383.06911344799994,349.1080857999999,3.9643000000000033,3.310900000000002,1,1,5,5,True
CC1(C)S[C@@H]2[C@H](NC(=O)C(Oc3ccccc3)c4ccccc4)C(=O)N2[C@H]1C(O)=O,[H]C1N2C(=O)[C@@H](NC(=O)C(Oc3ccccc3)c3ccccc3)[C@H]2SC1(C)C,carboxylic_acid,0.6891555578631614,0.8080075782831951,426.12494280399994,382.13511356400005,2.4383999999999997,2.9852000000000016,2,1,5,4,True
CC1(C)S[C@@H]2[C@H](NC(=O)[C@H](NC(=O)C(C)(C)Oc3ccc(Cl)cc3)c4ccccc4)C(=O)N2[C@H]1C(O)=O,CC(C)(Oc1ccccc1)C(=O)N[C@@H](C(=O)N[C@@H]1C(=O)N2[C@@H]1SC(C)(C)[C@@H]2C(=O)O)c1ccccc1,aromatic_chloro,0.43541104627471944,0.46473609789924475,545.1387342959999,511.17770664799997,2.9866,2.333199999999999,3,3,6,6,True
CC1(C)S[C@@H]2[C@H](NC(=O)[C@H](NC(=O)C(C)(C)Oc3ccc(Cl)cc3)c4ccccc4)C(=O)N2[C@H]1C(O)=O,[H]C1N2C(=O)[C@@H](NC(=O)[C@H](NC(=O)C(C)(C)Oc3ccc(Cl)cc3)c3ccccc3)[C@H]2SC1(C)C,carboxylic_acid,0.43541104627471944,0.5665783663749505,545.1387342959999,501.14890505600005,2.9866,3.533400000000002,3,2,6,5,True
C[C@@H](O)[C@@H]1[C@H]2SC(=C(N2C1=O)C(O)=O)[C@H]3CCCO3,[H]C1=C([C@H]2CCCO2)S[C@@H]2[C@@H]([C@@H](C)O)C(=O)N12,carboxylic_acid,0.7287201963811908,0.7303646175711959,285.06709358,241.07726434,0.37369999999999987,0.9188999999999998,2,1,5,4,True
CC1(C)S[C@@H]2[C@H](NC(=O)[C@@H](N=Cc3occc3)c4ccc(O)cc4)C(=O)N2[C@H]1C(O)=O,[H]C1N2C(=O)[C@@H](NC(=O)[C@@H](N=Cc3ccco3)c3ccc(O)cc3)[C@H]2SC1(C)C,carboxylic_acid,0.4578255567800925,0.5943428863659945,443.115106392,399.125277152,1.7770999999999997,2.3239,3,2,7,6,True
CC(C)CC(OC(=O)c1occc1)C(=O)N[C@H]2[C@H]3SC(C)(C)[C@@H](N3C2=O)C(O)=O,[H]C1N2C(=O)[C@@H](NC(=O)C(CC(C)C)OC(=O)c3ccco3)[C@H]2SC1(C)C,carboxylic_acid,0.4979193798280595,0.6000250685913953,424.13042210799995,380.14059286800006,1.4827999999999997,2.0296,2,1,7,6,True
CC1CN(CCN1)c2cc3N(C=C(C(O)=O)C(=O)c3c(C)c2F)C4CC4,[H]c1cn(C2CC2)c2cc(N3CCNC(C)C3)c(F)c(C)c2c1=O,carboxylic_acid,0.8795000805170116,0.9254013037368604,359.164519784,315.17469054400004,2.28022,2.582020000000001,2,1,5,4,True
CC1CN(CCN1)c2cc3N(C=C(C(O)=O)C(=O)c3c(C)c2F)C4CC4,Cc1cc(N2CCNC(C)C2)cc2c1c(=O)c(C(=O)O)cn2C1CC1,fluoro_aromatic,0.8795000805170116,0.894641987940225,359.164519784,341.173941596,2.28022,2.14112,2,2,5,5,True
CC1(C)N[C@@H](C(=O)N1[C@H]2[C@H]3SC(C)(C)[C@@H](N3C2=O)C(O)=O)c4ccccc4,[H]C1N2C(=O)[C@@H](N3C(=O)[C@@H](c4ccccc4)NC3(C)C)[C@H]2SC1(C)C,carboxylic_acid,0.7600947539567586,0.8327772759836747,389.14092721599997,345.151097976,1.4111,1.9578999999999995,2,1,5,4,True
CC1(C)S[C@@H]2[C@H](NC(=O)C(C)(C)Oc3ccccc3)C(=O)N2[C@H]1C(O)=O,[H]C1N2C(=O)[C@@H](NC(=O)C(C)(C)Oc3ccccc3)[C@H]2SC1(C)C,carboxylic_acid,0.7536791309380821,0.856100782006624,378.12494280399994,334.13511356400005,1.4756999999999998,2.0225,2,1,5,4,True
CNCC[C@@H](O)[C@@H]1C[C@@H](CN1)SC2=C(N3[C@H]([C@H]2C)[C@@H]([C@@H](C)O)C3=O)C(O)=O,[H]C1=C(S[C@@H]2CN[C@H]([C@H](O)CCNC)C2)[C@H](C)[C@@H]2[C@@H]([C@@H](C)O)C(=O)N12,carboxylic_acid,0.3488210945334691,0.48563175338154896,399.1827920279999,355.19296278799993,-0.42579999999999735,0.11940000000000156,5,4,7,6,True
CCCCc1nc(Cl)c(CO)n1Cc2ccc(cc2)c3ccccc3c4n[nH]nn4,CCCCc1ncc(CO)n1Cc1ccc(-c2ccccc2-c2nn[nH]n2)cc1,aromatic_chloro,0.44208017823980256,0.48094440977791775,422.16218703600015,388.20115938800006,4.2668000000000035,3.613400000000002,2,2,6,6,True
CCCCc1nc(Cl)c(CO)n1Cc2ccc(cc2)c3ccccc3c4n[nH]nn4,[H]c1c(Cl)nc(CCCC)n1Cc1ccc(-c2ccccc2-c2nn[nH]n2)cc1,hydroxyl,0.44208017823980256,0.49112050113805245,422.16218703600015,392.1516223520001,4.2668000000000035,4.774500000000004,2,1,6,5,True
CC1(C)S[C@@H]2[C@H](N=CN3CCCCCC3)C(=O)N2[C@H]1C(O)=O,[H]C1N2C(=O)[C@@H](N=CN3CCCCCC3)[C@H]2SC1(C)C,carboxylic_acid,0.48235981573967446,0.44083725375834026,325.14601259599993,281.156183356,1.4062000000000001,1.953,1,0,4,3,True
CC(CN(C)C)OC(C)(c1ccccc1)c2ccc(Cl)cc2,CC(CN(C)C)OC(C)(c1ccccc1)c1ccccc1,aromatic_chloro,0.7734982720618873,0.7965384335951564,317.154642068,283.19361442,4.570200000000004,3.916800000000003,0,0,2,2,True
CC1(C)SC2C(NC(=O)C(N=C)c3ccccc3)C(=O)N2C1C(O)=O,[H]C1N2C(=O)C(NC(=O)C(N=C)c3ccccc3)C2SC1(C)C,carboxylic_acid,0.6034786742232948,0.6777240543402739,361.10962708799997,317.119797848,1.0599999999999998,1.6067999999999998,2,1,5,4,True
COc1cccc(OC)c1C(=O)N[C@H]2[C@H]3SC(C)(C)[C@@H](N3C2=O)C(O)=O,[H]C1N2C(=O)[C@@H](NC(=O)c3c(OC)cccc3OC)[C@H]2SC1(C)C,carboxylic_acid,0.7328552661597635,0.844093970856306,380.1042073599999,336.11437812,0.9490999999999996,1.4958999999999998,2,1,6,5,True
CC1(C)S[C@@H]2[C@H](NC(=O)[C@H](NC(=O)N3CCN(C3=O)[S](C)(=O)=O)c4ccccc4)C(=O)N2[C@H]1C(O)=O,[H]C1N2C(=O)[C@@H](NC(=O)[C@H](NC(=O)N3CCN(S(C)(=O)=O)C3=O)c3ccccc3)[C@H]2SC1(C)C,carboxylic_acid,0.4125553337107078,0.5613453477947395,539.11445476,495.12462552,-0.23379999999999784,0.3130000000000015,3,2,8,7,True
CC1(C)NC(C(=O)[NH+]1[C@H]2[C@H]3SC(C)(C)[C@@H](N3C2=O)C(O)=O)c4ccc(O)cc4,[H]C1N2C(=O)[C@@H]([NH+]3C(=O)C(c4ccc(O)cc4)NC3(C)C)[C@H]2SC1(C)C,carboxylic_acid,0.510173653528334,0.6578362047263171,406.1431182880899,362.15328904809,-0.3003999999999978,0.24640000000000156,4,3,6,5,True
CO\N=C(C(=O)NC1[C@H](C)N(OCC(O)=O)C1=O)\c2csc(N)n2,[H]CON1C(=O)C(NC(=O)/C(=N\OC)c2csc(N)n2)[C@@H]1C,carboxylic_acid,0.31217409054233125,0.4235079656989618,357.0743042000001,313.0844749600001,-1.1924999999999983,-0.6472999999999995,3,2,9,8,True
CC(Oc1ccccc1)C(=O)NC2C3SC(C)(C)C(N3C2=O)C(O)=O,[H]C1N2C(=O)C(NC(=O)C(C)Oc3ccccc3)C2SC1(C)C,carboxylic_acid,0.7594682915498,0.8568855701122259,364.10929273999994,320.11946350000005,1.0856,1.6323999999999999,2,1,5,4,True
Cc1cnn(c1C(=O)N[C@H]2[C@H]3SC(C)(C)[C@@H](N3C2=O)C(O)=O)c4c(Cl)cccc4Cl,Cc1cnn(-c2ccccc2Cl)c1C(=O)N[C@@H]1C(=O)N2[C@@H]1SC(C)(C)[C@@H]2C(=O)O,aromatic_chloro,0.6678601114741575,0.7137251100928017,468.0425814159999,434.08155376799994,2.7328200000000002,2.0794199999999994,2,2,6,6,True
Cc1cnn(c1C(=O)N[C@H]2[C@H]3SC(C)(C)[C@@H](N3C2=O)C(O)=O)c4c(Cl)cccc4Cl,[H]C1N2C(=O)[C@@H](NC(=O)c3c(C)cnn3-c3c(Cl)cccc3Cl)[C@H]2SC1(C)C,carboxylic_acid,0.6678601114741575,0.7670365449587098,468.0425814159999,424.052752176,2.7328200000000002,3.279620000000002,2,1,6,5,True
CCC(Oc1ccccc1)C(=O)NC2C3SC(C)(C)C(N3C2=O)C(O)=O,[H]C1N2C(=O)C(NC(=O)C(CC)Oc3ccccc3)C2SC1(C)C,carboxylic_acid,0.7281454972962288,0.8372042104653846,378.12494280399994,334.13511356400005,1.4756999999999998,2.0225,2,1,5,4,True
CC1(C)S[C@@H]2[C@H](NC(=O)c3nc4ccccc4nc3C(O)=O)C(=O)N2[C@H]1C(O)=O,[H]c1nc2ccccc2nc1C(=O)N[C@@H]1C(=O)N2[C@@H]1SC(C)(C)[C@@H]2C(=O)O,carboxylic_acid,0.6079675657345023,0.7690268627232788,416.07905523199986,372.08922599199997,0.5732999999999998,0.8750999999999998,3,2,7,6,True
CC1(C)S[C@@H]2[C@H](NC(=O)[C@H](NC(=O)Cc3ccc(cc3)C4=NCCCN4)c5ccccc5)C(=O)N2[C@H]1C(O)=O,[H]C1N2C(=O)[C@@H](NC(=O)[C@H](NC(=O)Cc3ccc(C4=NCCCN4)cc3)c3ccccc3)[C@H]2SC1(C)C,carboxylic_acid,0.3656315013365468,0.49983754747148995,549.204590092,505.2147608520001,1.4582000000000004,2.0049999999999994,4,3,7,6,True
COC1CCCC2C3C(C(C)O)C(=O)N3C(=C12)C([O-])=O,[H]C1=C2C(OC)CCCC2C2C(C(C)O)C(=O)N12,carboxylic_acid,0.6715868563951445,0.7261360976184822,280.11904625591,237.136493468,-0.973099999999999,0.9068,1,1,5,3,True
CC1(C)S[C@@H]2[C@H](NC(=O)C(c3ccccc3)[S](O)(=O)=O)C(=O)N2[C@H]1C(O)=O,[H]C1N2C(=O)[C@@H](NC(=O)C(c3ccccc3)S(=O)(=O)O)[C@H]2SC1(C)C,carboxylic_acid,0.4598043153310999,0.5999891563210448,414.05554291599987,370.065713676,0.2472000000000002,0.7939999999999998,3,2,6,5,True
C[C@@H](O)[C@@H]1[C@H]2SC(=C(N2C1=O)C(O)=O)SC3CC[S](=O)C3,[H]C1=C(SC2CCS(=O)C2)S[C@@H]2[C@@H]([C@@H](C)O)C(=O)N12,carboxylic_acid,0.7097496186285568,0.7869318302599507,349.01123558000006,305.02140634,0.40640000000000004,0.9516,2,1,6,5,True
C[C@]1(Cn2ccnn2)[C@@H](N3[C@@H](CC3=O)[S]1(=O)=O)C(O)=O,[H]C1N2C(=O)C[C@H]2S(=O)(=O)[C@@]1(C)Cn1ccnn1,carboxylic_acid,0.6721670015102429,0.6350947827397811,300.05284048399994,256.063011244,-1.5231999999999979,-0.9763999999999993,1,0,7,6,True
CO[C@]1(NC(=O)C(C(O)=O)c2cscc2)[C@H]3SC(C)(C)[C@@H](N3C1=O)C(O)=O,[H]C(C(=O)N[C@]1(OC)C(=O)N2[C@@H](C(=O)O)C(C)(C)S[C@@H]21)c1ccsc1,carboxylic_acid,0.3485928850006271,0.5904895738729654,414.055542916,370.065713676,0.5221000000000005,0.8963999999999999,3,2,7,6,True
CC1(C)SC2C(NC(=O)CSc3ccccc3)C(=O)N2C1C(O)=O,[H]C1N2C(=O)C(NC(=O)CSc3ccccc3)C2SC1(C)C,carboxylic_acid,0.6052733467142688,0.6799444878147892,366.07079905599994,322.08096981600005,1.4103999999999999,1.9571999999999998,2,1,5,4,True
C1=C(Cl)C=CC(=C1N2CCN(CCCNC(C)=O)CC2)Cl,CC(=O)NCCCN1CCN(c2ccccc2Cl)CC1,aromatic_chloro,0.843353192327638,0.8440253807693908,329.106167652,295.145140004,2.6416000000000004,1.9882,1,1,3,3,True
C1=CC=CC=C1C3(CCN(CCCC(C2=CC=C(F)C=C2)=O)CC3)CNC(C)=O,CC(=O)NCC1(c2ccccc2)CCN(CCCC(=O)c2ccccc2)CC1,fluoro_aromatic,0.6874187669543711,0.7106431204901854,396.22130638799996,378.2307282,3.9585000000000026,3.8194000000000026,1,1,3,3,True
CC(NC1=NN=C(S1)[S](N)(=O)=O)=O,[H]c1nnc(NC(C)=O)s1,sulfonamide,0.6318586926732331,0.6222912514150192,221.988132052,143.01533278,-0.8561000000000003,0.49649999999999983,2,1,6,4,True
C1=NC2=C([N]1COCCO)NC(=NC2=O)N,[H]COCn1cnc2c(=O)nc(N)[nH]c21,hydroxyl,0.554385971786765,0.6600829548679963,225.086189212,195.075624528,-1.3317999999999997,-0.6943000000000001,3,2,7,6,True
C1=CC(=CC=C1OCC(OCCNC23CC4CC(C2)CC(C3)C4)=O)Cl,O=C(COc1ccccc1)OCCNC12CC3CC(CC(C3)C1)C2,aromatic_chloro,0.5906208969373798,0.6164817158332571,363.160121372,329.199093724,3.820400000000003,3.1670000000000016,1,1,4,4,True
C1=CC(=CC=C1CC(OC(C(C)N)=O)(C)C)Cl,CC(N)C(=O)OC(C)(C)Cc1ccccc1,aromatic_chloro,0.8416081537670527,0.7899420122000624,255.102606496,221.141578848,2.5515000000000008,1.8981,1,1,3,3,True
[C@@H]12C4([C@@H](CCC1[C@H]3C(CC2=O)(C(CC3)C(=O)CO)C)C[C@H](O)CC4)C,[H]C(=O)C1CC[C@H]2C3CC[C@H]4C[C@H](O)CCC4(C)[C@H]3C(=O)CC12C,hydroxyl,0.8045612469330536,0.7540907357095404,348.23005950399994,318.21949482,2.746600000000001,3.384100000000002,2,1,4,3,True
[C@H]3(CN(C2=CC=C(OCC1=CC=CC(=C1)Cl)C=C2)C(O3)=O)CNC,CNC[C@@H]1CN(c2ccc(OCc3ccccc3)cc2)C(=O)O1,aromatic_chloro,0.8698578912084756,0.8909433791059225,346.108420148,312.1473925,3.4636000000000022,2.810200000000001,1,1,4,4,True
C1=CC=CC3=C1C2(C(NC(=O)CC2)=O)CCC3=O,[H]C1(CCC=O)CCC(=O)c2ccccc21,amide,0.6992202756681315,0.7060868737116202,243.089543276,202.099379688,1.3375,2.7258000000000013,1,0,3,2,True
C1=C(C(=CC=C1Cl)N(C(CN(C(CC#N)C)C)=O)C)C(C2=C(C=CC=C2)F)=O,CC(CC#N)N(C)CC(=O)N(C)c1ccccc1C(=O)c1ccccc1F,aromatic_chloro,0.6597105314344589,0.7048727558744012,401.130632812,367.16960516399996,3.9068800000000037,3.2534800000000024,0,0,4,4,True
C1=C(C(=CC=C1Cl)N(C(CN(C(CC#N)C)C)=O)C)C(C2=C(C=CC=C2)F)=O,CC(CC#N)N(C)CC(=O)N(C)c1ccc(Cl)cc1C(=O)c1ccccc1,fluoro_aromatic,0.6597105314344589,0.6825332343154388,401.130632812,383.14005462399996,3.9068800000000037,3.7677800000000037,0,0,4,4,True
C1=CC=C3C2=C1C(N(CC(O)=O)C(C2=CC=C3)=O)=O,[H]CN1C(=O)c2cccc3cccc(c23)C1=O,carboxylic_acid,0.8254301567462681,0.6253680822609217,255.053157768,211.063328528,1.5204,2.0656,1,0,3,2,True
[C@H]23C([C@@]1(OC(O[C@@H]1C2)(CC)CC)C(=O)CO)(C[C@H](O)[C@@]4(F)C3CCC5=CC(=O)C=CC45C)C,[H]C(=O)[C@@]12OC(CC)(CC)O[C@@H]1C[C@H]1C3CCC4=CC(=O)C=CC4(C)[C@@]3(F)[C@@H](O)CC12C,hydroxyl,0.666632327213285,0.6863688807879302,462.24176706000003,432.231202376,3.1990000000000016,3.8365000000000027,2,1,6,5,True
[C@H]24C([C@@]1(O[C@@](O[C@@H]1C2)(C3=CC=CC=C3)C)C(=O)CO)(C[C@H](O)[C@@]5(F)C4CCC6=CC(=O)C=CC56C)C,[H]C(=O)[C@@]12O[C@](C)(c3ccccc3)O[C@@H]1C[C@H]1C3CCC4=CC(=O)C=CC4(C)[C@@]3(F)[C@@H](O)CC12C,hydroxyl,0.6649871252562848,0.661949248260836,496.226116996,466.215552312,3.555600000000002,4.193100000000004,2,1,6,5,True
C3=C(C(C1=CC=C(C=C1)F)CCCN2CCN(C(NCC)=O)CC2)C=CC(=C3)F,CCNC(=O)N1CCN(CCCC(c2ccccc2)c2ccc(F)cc2)CC1,fluoro_aromatic,0.7539138280338623,0.7818193440416846,401.227868988,383.2372908,4.224000000000003,4.084900000000003,1,1,2,2,True
C1=C4C(=CC=C1OCCCCN3CCN(C2=CC=CC(=C2Cl)Cl)CC3)CCC(N4)=O,O=C1CCc2ccc(OCCCCN3CCN(c4ccccc4Cl)CC3)cc2N1,aromatic_chloro,0.614980150804052,0.6905559342422678,447.148032464,413.18700481599996,4.859300000000004,4.205900000000003,1,1,4,4,True
C1=C4C(=CC=C1OCCCCN3CCN(C2=CC=CC(=C2Cl)Cl)CC3)CCC(N4)=O,[H]CCc1ccc(OCCCCN2CCN(c3cccc(Cl)c3Cl)CC2)cc1,amide,0.614980150804052,0.534880019060768,447.148032464,406.157868876,4.859300000000004,5.537000000000005,1,0,4,3,True
C(O)C(O)C1OC(=C(O)C1=O)O,[H]C(O)C1OC(O)=C(O)C1=O,hydroxyl,0.41156784097894694,0.4518852954705506,176.032087976,146.021523292,-1.4074,-0.7682999999999998,4,3,6,5,True
C1=CC=CC(=C1C(O)=O)OC(C)=O,[H]c1ccccc1OC(C)=O,carboxylic_acid,0.5501217966938848,0.4327747976813635,180.042258736,136.052429496,1.3101,1.6118999999999999,1,0,3,2,True
C1=CC=CC=C1C(C(OC2CC3N(C)C(C2)CC3)=O)(CO)C,[H]C(C)(C(=O)OC1CC2CCC(C1)N2C)c1ccccc1,hydroxyl,0.8655989618616646,0.7930071859374781,303.18344366,273.172878976,2.1050000000000004,2.9585000000000017,1,0,4,3,True
C1=CC=CC=C1C(C(OC2CC3[N+](C(C2)CC3)(C)[O-])=O)CO,[H]C(C(=O)OC1CC2CCC(C1)[N+]2(C)[O-])c1ccccc1,hydroxyl,0.5242019295950936,0.4833516901118229,305.162708216,275.152143532,1.9434999999999998,2.410100000000001,1,0,4,3,True
C1=CC(=CC5=C1N(C4CCN(CC3OC2=C(C=CC=C2)OC3)CC4)C(N5)=O)Cl,O=c1[nH]c2ccccc2n1C1CCN(CC2COc3ccccc3O2)CC1,aromatic_chloro,0.7323320466176292,0.7754108969665957,399.134969244,365.173941596,3.459900000000001,2.8064999999999998,1,1,5,5,True
C1=CC(=CC=C1C(CCCN2CC3N(CC2)CCC3)=O)F,O=C(CCCN1CCN2CCCC2C1)c1ccccc1,fluoro_aromatic,0.7787660726048818,0.7692032668879275,290.179441576,272.188863388,2.568600000000001,2.429500000000001,0,0,3,3,True
O=C1NCCN1C4CCN(CCC3COc2ccccc2O3)CC4,[H]N(CC)C1CCN(CCC2COc3ccccc3O2)CC1,amide,0.9124772442942276,0.9019559276024898,331.18959165999996,290.19942807200005,1.7060999999999997,2.2904,1,1,4,4,True
[C@H]13[C@H](C[C@@H]1C2=CC=C(F)C=C2)CN(C3)CCN4C(=O)C5=C(NC4=O)C=CC=C5,O=c1[nH]c2ccccc2c(=O)n1CCN1C[C@H]2C[C@H](c3ccccc3)[C@H]2C1,fluoro_aromatic,0.7580496334739557,0.7764473572103873,379.16960516399996,361.179026976,2.564400000000001,2.4253,1,1,4,4,True
C1=CC=CC=C1CC2=NC3=C([N]2CCN(CCO)CC)C(N(C)C(N3C)=O)=O,[H]CN(CC)CCn1c(Cc2ccccc2)nc2c1c(=O)n(C)c(=O)n2C,hydroxyl,0.6043968474282511,0.6610818094314348,385.211389724,355.20082504,0.3387000000000002,0.9761999999999993,1,0,8,7,True
C1=CC=C(Cl)C3=C1\C(C2=CC=CC=C2C=C3)=C/CC[N+]([O-])(C)C,C[N+](C)([O-])CCC=C1c2ccccc2C=Cc2ccccc21,aromatic_chloro,0.4779990882707331,0.5119795041239731,325.12334194,291.162314292,5.2198000000000055,4.566400000000005,0,0,1,1,True
C(C1=CC=CC=C1)O,[H]c1ccccc1,hydroxyl,0.5723436119287516,0.4426283718993647,108.057514876,78.046950192,1.1788999999999998,1.6866,1,0,1,0,True
[C@@H]4(C1=C2C(=CC(=C1)Br)CCO2)C3=C(C=C(Cl)C(=C3)O)CCN(C4)C,CN1CCc2ccc(O)cc2[C@@H](c2cc(Br)cc3c2OCC3)C1,aromatic_chloro,0.7606959871742052,0.8262565334978282,407.028768628,373.06774098,4.362800000000004,3.709400000000003,1,1,3,3,True
[C@H](O)(/C=C/C1=C(C3=C(OC12CCCC2)C=CC=C3)C4=CC=C(F)C=C4)C[C@H](O)CC(OCC)=O,CCOC(=O)C[C@@H](O)C[C@@H](O)/C=C/C1=C(c2ccccc2)c2ccccc2OC12CCCC2,fluoro_aromatic,0.5384114546479629,0.5667591747637112,466.21555231199994,448.2249741239999,4.954100000000006,4.815000000000005,2,2,5,5,True
C(C2C1C(NC(N1)=O)CS2)CCCC(O)=O,[H]CCCCC1SCC2NC(=O)NC21,carboxylic_acid,0.4934781151921962,0.6750388537018903,244.088163372,200.098334132,0.7967999999999995,1.3419999999999996,3,2,3,2,True
C(C2C1C(NC(N1)=O)CS2)CCCC(O)=O,[H]NC1CCSC1CCCCC(=O)O,amide,0.4934781151921962,0.6640321645525081,244.088163372,203.097999784,0.7967999999999995,1.4642,3,2,3,3,True
C1=CC=CC2=C1C4=C([NH]2)CN3CCN(CC3C4)CCCC(C5=CC=C(C=C5)F)=O,O=C(CCCN1CCN2Cc3[nH]c4ccccc4c3CC2C1)c1ccccc1,fluoro_aromatic,0.6681814754477736,0.6902298419386336,391.205990672,373.215412484,4.012400000000003,3.873300000000003,1,1,3,3,True
C1=C(C3=C(N=C1N2CCN(CC)CC2)CCCCCC3)C4=CC=C(F)C=C4,CCN1CCN(c2cc(-c3ccccc3)c3c(n2)CCCCCC3)CC1,fluoro_aromatic,0.7845609545042491,0.8102636306774775,367.24237618,349.25179799200004,4.6886000000000045,4.5495000000000045,0,0,3,3,True
C1=CC(=CC2=C1NC(=O)OC2(C)C)Br,[H]OC(C)(C)c1cccc(Br)c1,amide,0.7732634406350362,0.7629747422893346,254.98949066,213.999327072,3.2463000000000015,2.6765000000000008,1,1,2,1,True
C1=C(C(=C(C=C1Br)C)O)C(N)=O,[H]c1cc(Br)cc(C)c1O,amide,0.7683652660795063,0.6608123252102953,228.973840596,185.968026944,1.56202,2.4631200000000013,2,1,2,1,True
C2=C(C1C(NC(C1)=O)=O)C=CC=C2Br,[H]C(CC=O)c1cccc(Br)c1,amide,0.7731425896640828,0.7049194852166153,252.973840596,211.983677008,1.5792,2.5806000000000013,1,0,2,1,True
C1=C(Br)SC2=C1C(=NCC3=NN=C([N]23)C)C4=C(C=CC=C4)Cl,Cc1nnc2n1-c1sc(Br)cc1C(c1ccccc1)=NC2,aromatic_chloro,0.614634858815264,0.6642141919857745,391.9498071,357.988779452,4.404120000000003,3.750720000000003,0,0,5,5,True
C1=C(Cl)C=CC2=C1C(=NC(OC(N(C)C)=O)C(N2C)=O)C3=CC=CC=C3,CN(C)C(=O)OC1N=C(c2ccccc2)c2ccccc2N(C)C1=O,aromatic_chloro,0.8140970679577942,0.8458573393824387,371.103669116,337.142641468,3.1781000000000015,2.524700000000001,0,0,4,4,True
C1=C(Cl)C=CC2=C1C(N(CC(=O)N2C)C(N)=O)C3=CC=CC=C3,CN1C(=O)CN(C(N)=O)C(c2ccccc2)c2ccccc21,aromatic_chloro,0.873830024132228,0.8755051616222057,329.093104432,295.132076784,2.786500000000001,2.1331000000000007,1,1,2,2,True
C1=C(Cl)C=CC2=C1C(N(CC(=O)N2C)C(N)=O)C3=CC=CC=C3,[H]N1CC(=O)N(C)c2ccc(Cl)cc2C1c1ccccc1,amide,0.873830024132228,0.8739648339709291,329.093104432,286.08729078000005,2.786500000000001,2.995400000000002,1,1,2,2,True
C1=C(C(OC(N)=O)C#C)C=CC=C1,[H]OC(C#C)c1ccccc1,amide,0.6915260550482942,0.5717534960184781,175.063328528,132.057514876,1.4562,1.3532000000000002,1,1,2,1,True
O=C(C4N(C12CC3CC(C1)CC(C2)C3)CC4)O,[H]C1CCN1C12CC3CC(CC(C3)C1)C2,carboxylic_acid,0.7966536138831025,0.6156808324045907,235.157228912,191.167399672,2.1141,2.6609000000000007,1,0,2,1,True
C1=CC=CC2=C1CN(CC(N)=O)C(O2)=O,[H]CN1Cc2ccccc2OC1=O,amide,0.7647042212700312,0.5813755996659289,206.06914218,163.063328528,0.48630000000000007,1.6308,1,0,3,2,True
C2=C(C(CCCN1CCC(OC(NC(C)C)=O)CC1)=O)C=CC(=C2)F,CC(C)NC(=O)OC1CCN(CCCC(=O)c2ccccc2)CC1,fluoro_aromatic,0.7660201159492289,0.7788184072120932,350.20057094400005,332.209992756,3.3876000000000026,3.2485000000000017,1,1,4,4,True
C1=C(C=CC3=C1N(CCCN2CCN(CC2)CCO)C4=C(S3)C=CC=C4)C(CC)=O,[H]CN1CCN(CCCN2c3ccccc3Sc3ccc(C(=O)CC)cc32)CC1,hydroxyl,0.6479013320403018,0.6704349374527787,425.21369823199996,395.203133548,3.8820000000000032,4.519500000000004,1,0,6,5,True
C1=C(C=CC(=C1)[S](N)(=O)=O)C(O)=O,[H]c1ccc(S(N)(=O)=O)cc1,carboxylic_acid,0.7049457019510035,0.6383637832668871,201.009578704,157.019749464,0.032200000000000284,0.3340000000000002,2,1,3,2,True
C1=C(C=CC(=C1)[S](N)(=O)=O)C(O)=O,[H]c1ccc(C(=O)O)cc1,sulfonamide,0.7049457019510035,0.6106035394285075,201.009578704,122.036779432,0.032200000000000284,1.3848000000000003,2,1,3,1,True
C1=CC(=CC=C1C3CN(CC(N2CC(NCC2)=O)=O)C(C3)=O)Cl,O=C1CN(C(=O)CN2CC(c3ccccc3)CC2=O)CCN1,aromatic_chloro,0.8798095522288466,0.8515818614878319,335.10366911599994,301.14264146799997,0.6142999999999996,-0.039100000000000135,1,1,3,3,True
C1=CC(=CC=C1C3CN(CC(N2CC(NCC2)=O)=O)C(C3)=O)Cl,[H]CN(CC)C(=O)CN1CC(c2ccc(Cl)cc2)CC1=O,amide,0.8798095522288466,0.8534564105744913,335.10366911599994,294.113505528,0.6142999999999996,2.1342,1,0,3,2,True
[C@@H](/C=C/C1=C(N=C(C(=C1C2=CC=C(C=C2)F)COC)C(C)C)C(C)C)(C[C@H](CC(O)=O)O)O,[H]C[C@H](O)C[C@H](O)/C=C/c1c(C(C)C)nc(C(C)C)c(COC)c1-c1ccc(F)cc1,carboxylic_acid,0.44284527440493787,0.5735216251918076,459.2421014079999,415.252272168,4.880700000000005,5.425900000000007,3,2,5,4,True
[C@@H](/C=C/C1=C(N=C(C(=C1C2=CC=C(C=C2)F)COC)C(C)C)C(C)C)(C[C@H](CC(O)=O)O)O,COCc1c(C(C)C)nc(C(C)C)c(/C=C/[C@@H](O)C[C@@H](O)CC(=O)O)c1-c1ccccc1,fluoro_aromatic,0.44284527440493787,0.4656454023194653,459.2421014079999,441.2515232199999,4.880700000000005,4.741600000000005,3,3,5,5,True
C1=CC(=CC=C1C2[S](CCC(N2C)=O)(=O)=O)Cl,CN1C(=O)CCS(=O)(=O)C1c1ccccc1,aromatic_chloro,0.7812058854471292,0.733227938397786,273.022641924,239.061614276,1.6155,0.9621000000000002,0,0,3,3,True
C1=C2C(=CC=C1)C(C=C(O2)C(O)=O)=O,[H]c1cc(=O)c2ccccc2o1,carboxylic_acid,0.7392030946871292,0.5668029247357704,190.026608672,146.036779432,1.4911999999999999,1.793,1,0,3,2,True
C1=C(SC2=C1C(=NCC3=NN=C([N]23)C4CCCCC4)C5=CC=CC=C5Cl)Br,Brc1cc2c(s1)-n1c(nnc1C1CCCCC1)CN=C2c1ccccc1,aromatic_chloro,0.4596034131872581,0.5429157236731071,460.012407356,426.05137970800007,6.143400000000004,5.490000000000004,0,0,5,5,True
[C@@]1([C@H](C2CCC1CC2)NC(C)C)(C3=CC(=C(C=C3)Cl)Cl)O,CC(C)N[C@H]1C2CCC(CC2)[C@]1(O)c1ccc(Cl)cc1,aromatic_chloro,0.8635807341906478,0.8902098475107103,327.11566971599996,293.154642068,4.367600000000004,3.714200000000003,2,2,2,2,True
C1=C(Cl)C=CC2=C1C(=NC(O)C(N2CCC#N)=O)C3=CC=CC=C3F,N#CCCN1C(=O)C(O)N=C(c2ccccc2F)c2ccccc21,aromatic_chloro,0.9171302539996772,0.9408820592184186,357.06803255600005,323.10700490799996,2.8951800000000008,2.2417800000000003,1,1,4,4,True
C1=C(Cl)C=CC2=C1C(=NC(O)C(N2CCC#N)=O)C3=CC=CC=C3F,N#CCCN1C(=O)C(O)N=C(c2ccccc2)c2cc(Cl)ccc21,fluoro_aromatic,0.9171302539996772,0.9336561544161216,357.06803255600005,339.077454368,2.8951800000000008,2.7560800000000008,1,1,4,4,True
C1=C(Cl)C=CC(=C1C(C2=C(C=CC=C2)Cl)=O)N(C(CNC3CC3)=O)C,CN(C(=O)CNC1CC1)c1ccccc1C(=O)c1ccccc1Cl,aromatic_chloro,0.7762536293535771,0.8194794885878771,376.074533176,342.113505528,3.939200000000003,3.285800000000001,1,1,3,3,True
C1=C(C(=CC(=C1Cl)N)OC)C(NC3CCN(CC2=CC=CC=C2)CC3)=O,COc1cc(N)ccc1C(=O)NC1CCN(Cc2ccccc2)CC1,aromatic_chloro,0.7887449682811603,0.8220477843484247,373.15570468799996,339.19467704,3.3252000000000015,2.6718,2,2,4,4,True
C1=C(C(=C(C=C1)Cl)NC2=NCCO2)Cl,Clc1ccccc1NC1=NCCO1,aromatic_chloro,0.8056294822323165,0.7468528049108419,230.001368236,196.040340588,2.7915,2.1380999999999997,1,1,3,3,True
C1=C(Cl)C=CC4=C1N(CCCN3CCC(N2CCCCC2)(CC3)C(N)=O)C5=C(CC4)C=CC=C5,NC(=O)C1(N2CCCCC2)CCN(CCCN2c3ccccc3CCc3ccccc32)CC1,aromatic_chloro,0.6464680161055111,0.7253072770707405,480.265589484,446.304561836,4.772600000000004,4.119200000000002,1,1,4,4,True
C1=C(Cl)C=CC4=C1N(CCCN3CCC(N2CCCCC2)(CC3)C(N)=O)C5=C(CC4)C=CC=C5,[H]C1(N2CCCCC2)CCN(CCCN2c3ccccc3CCc3ccc(Cl)cc32)CC1,amide,0.6464680161055111,0.5745762698333614,480.265589484,437.259775832,4.772600000000004,5.917100000000007,1,0,4,3,True
[C@@]24(Cl)C1(C(=CC(=O)C=C1)[C@@H](F)CC2C3C(C([C@@H](C3)C)C(=O)CO)(CC4O)C)C,[H]C(=O)C1[C@H](C)CC2C3C[C@H](F)C4=CC(=O)C=CC4(C)[C@@]3(Cl)C(O)CC21C,hydroxyl,0.6861096915208704,0.5578650059661516,410.1660152759999,380.15545059199997,2.9981000000000018,3.635600000000003,2,1,4,3,True
C1=C(Cl)C=CC3=C1N(C2=CC=CC=C2)C(=O)N3CCCN(C)C,CN(C)CCCn1c(=O)n(-c2ccccc2)c2ccccc21,aromatic_chloro,0.7178903584105489,0.7243019636183576,329.12948994000004,295.168462292,3.397300000000002,2.743900000000001,0,0,4,4,True
C2=C(C1(OCCN(CC)CC)CCCCC1)C=CC(=C2)Cl,CCN(CC)CCOC1(c2ccccc2)CCCCC1,aromatic_chloro,0.7130618619031799,0.7390470149488781,309.185942196,275.224914548,4.8578000000000054,4.204400000000003,0,0,2,2,True
C1=C(C(=CC=C1C3(CCN(CCCC(C2=CC=C(F)C=C2)=O)CC3)O)Cl)C(F)(F)F,O=C(CCCN1CCC(O)(c2cccc(C(F)(F)F)c2)CC1)c1ccc(F)cc1,aromatic_chloro,0.47684294151593015,0.5509263977096905,443.1275195039999,409.16649185599994,5.444400000000004,4.791000000000005,1,1,3,3,True
C1=C(C(=CC=C1C3(CCN(CCCC(C2=CC=C(F)C=C2)=O)CC3)O)Cl)C(F)(F)F,O=C(CCCN1CCC(O)(c2ccc(Cl)c(C(F)(F)F)c2)CC1)c1ccccc1,fluoro_aromatic,0.47684294151593015,0.6378468793527521,443.1275195039999,425.136941316,5.444400000000004,5.305300000000004,1,1,3,3,True
C1=C(Cl)C=CC3=C1\C(C2=C(C=CC=C2)S3)=C/CCN4CCN(CCO)CC4,OCCN1CCN(CCC=C2c3ccccc3Sc3ccccc32)CC1,aromatic_chloro,0.6926572562952834,0.7466012977114355,400.1376121,366.176584452,4.236300000000004,3.582900000000002,1,1,4,4,True
C1=C(Cl)C=CC3=C1\C(C2=C(C=CC=C2)S3)=C/CCN4CCN(CCO)CC4,[H]CN1CCN(CC/C=C2/c3ccccc3Sc3ccc(Cl)cc32)CC1,hydroxyl,0.6926572562952834,0.6487555217403909,400.1376121,370.12704741600004,4.236300000000004,4.8738000000000055,1,0,4,3,True
C1=CC=CC4=C1C(N(CCCN3CCN(C2=CC(=CC=C2)Cl)CC3)C(N4)=O)=O,O=c1[nH]c2ccccc2c(=O)n1CCCN1CCN(c2ccccc2)CC1,aromatic_chloro,0.7171275679850825,0.7512166187103287,398.150953656,364.189926008,2.5555000000000003,1.9021000000000001,1,1,5,5,True
C1=C(C(=CC(=C1)Cl)Cl)OCCCN(CC#C)C,C#CCN(C)CCCOc1ccc(Cl)cc1,aromatic_chloro,0.5814960359844334,0.5572897710913245,271.05306946,237.092041812,3.327300000000001,2.6739000000000006,0,0,2,2,True
C3=C(C(C2CCN(CCCC(C1=CC=C(F)C=C1)=O)CC2)=O)C=CC(=C3)Cl,O=C(CCCN1CCC(C(=O)c2ccccc2)CC1)c1ccc(F)cc1,aromatic_chloro,0.6246016403211508,0.6932272090631749,387.140134876,353.17910722799996,5.036900000000005,4.383500000000004,0,0,3,3,True
C3=C(C(C2CCN(CCCC(C1=CC=C(F)C=C1)=O)CC2)=O)C=CC(=C3)Cl,O=C(CCCN1CCC(C(=O)c2ccc(Cl)cc2)CC1)c1ccccc1,fluoro_aromatic,0.6246016403211508,0.6513540800279592,387.140134876,369.14955668799996,5.036900000000005,4.897800000000005,0,0,3,3,True
C1=C(Cl)C=CC4=C1C(N2CCN(C)CC2)CC3=C(C=CC=C3)S4,CN1CCN(C2Cc3ccccc3Sc3ccccc32)CC1,aromatic_chloro,0.7596425241383091,0.7931492910047605,344.11139735200004,310.15036970399996,4.335800000000003,3.682400000000003,0,0,3,3,True
C1=C(CC)SC2=C1C(=NCC(N2C)=O)C3=CC=CC=C3Cl,CCc1cc2c(s1)N(C)C(=O)CN=C2c1ccccc1,aromatic_chloro,0.8291279321976416,0.8336607904668678,318.05936178,284.098334132,3.777700000000003,3.1243000000000016,0,0,3,3,True
CNC(=O)CCN1CCN(CCC=C2c3ccccc3Sc3ccc(cc23)Cl)CC1,CNC(=O)CCN1CCN(CCC=C2c3ccccc3Sc3ccccc32)CC1,aromatic_chloro,0.6153280932074596,0.6754648194326726,441.16416119599995,407.203133548,4.380100000000004,3.726700000000003,1,1,4,4,True
C(O)C(=O)C4(O)C3(C(C2C(C1(C(=CC(=O)CC1)CC2)C)CC3)CC4)C,[H]C(=O)C1(O)CCC2C3CCC4=CC(=O)CCC4(C)C3CCC21C,hydroxyl,0.8061621758945989,0.7539038418737358,346.21440944,316.203844756,2.8108000000000013,3.4483000000000024,2,1,4,3,True
CC2(CC(OC(C1NC(=O)CC1)=O)CC(C2)C)C,[H]CCCC(=O)OC1CC(C)CC(C)(C)C1,amide,0.7659940949938319,0.6687337096496694,253.167793596,212.177630008,2.0229999999999997,3.544500000000003,1,0,3,2,True
C(C2(C1=CCCCC1)C(NC(=O)NC2=O)=O)C,[H]C(CC)(C(=O)NC=O)C1=CCCCC1,amide,0.5593503134569083,0.5487687137148985,236.116092372,195.125928784,1.2491999999999999,1.7855999999999996,2,1,3,2,True
C1=CC=CC3=C1C(C2=C(C=CC=C2)CC3)C(N)=O,[H]C1c2ccccc2CCc2ccccc21,amide,0.8127878381475434,0.602842456036423,237.1153641,194.109550448,2.4023999999999996,3.376000000000002,1,0,1,0,True
C1=CC(=CC=C1C23C(C(=O)NC2=O)C3)Cl,O=C1NC(=O)C2(c3ccccc3)CC12,aromatic_chloro,0.7260038021243039,0.6542754723468922,221.024356176,187.063328528,1.2540999999999998,0.6007,1,1,2,2,True
C1=CC(=CC=C1C23C(C(=O)NC2=O)C3)Cl,[H]C1CC1(C=O)c1ccc(Cl)cc1,amide,0.7260038021243039,0.6397838092370981,221.024356176,180.034192588,1.2540999999999998,2.570500000000001,1,0,2,1,True
C1=CC(=CC=C1C(C2=NCCN2)(C3=NC=CC=C3)O)Cl,OC(C1=NCCN1)(c1ccccc1)c1ccccn1,aromatic_chloro,0.907388183732892,0.8670426519255277,287.082539748,253.1215121,1.9725999999999995,1.3191999999999997,2,2,4,4,True
C1=C(C(N)=O)C=C(C(=C1OC)OCCCCCCCCCC)OC,[H]c1cc(OC)c(OCCCCCCCCCC)c(OC)c1,amide,0.5441005297062502,0.49438005199297713,337.225308472,294.21949482,4.322200000000004,5.2233000000000045,1,0,4,3,True
C3=C(C1=C2C(=NC(=O)CN1O)C=CC(=C2)Cl)C=CC=C3,O=C1CN(O)C(c2ccccc2)=c2ccccc2=N1,aromatic_chloro,0.8608432096663471,0.8122965170976635,286.050905272,252.089877624,1.3474999999999997,0.6940999999999993,1,1,3,3,True
C1=NC(=NC2=C1N=C[N]2COCCO)N,[H]COCn1cnc2cnc(N)nc21,hydroxyl,0.6505777796577457,0.7021887680126828,209.091274592,179.080709908,-0.6251000000000002,0.012399999999999856,2,1,7,6,True
C1=C(Cl)C=C(C(=C1C(NCCN(CC)CC)=O)OC)Cl,CCN(CC)CCNC(=O)c1cccc(Cl)c1OC,aromatic_chloro,0.8396593956031922,0.8360132812968628,318.09018324,284.129155592,3.0736000000000017,2.4202000000000004,1,1,3,3,True
C4=C(C(C1=CC=C(C=C1)F)CCCN3CCN(CCNC2=CC=CC=C2)CC3)C=CC(=C4)F,Fc1ccc(C(CCCN2CCN(CCNc3ccccc3)CC2)c2ccccc2)cc1,fluoro_aromatic,0.4342575792274068,0.45935530851289147,449.26425449600004,431.273676308,5.606600000000006,5.467500000000006,1,1,3,3,True
[C@@]24(F)C1(C(=CC(=O)C=C1)[C@@H](F)CC2C3C(C([C@@H](C3)C)C(=O)CO)(CC4O)C)C,[H]C(=O)C1[C@H](C)CC2C3C[C@H](F)C4=CC(=O)C=CC4(C)[C@@]3(F)C(O)CC21C,hydroxyl,0.7553196363126068,0.7260773078219365,394.19556581599994,364.185001132,2.7288000000000014,3.3663000000000025,2,1,4,3,True
O=C2N1C(NC(=O)C1)CC2,[H]CN1CCCC1=O,amide,0.47203054760518326,0.4256862105726386,140.058577496,99.068413908,-0.9353000000000005,0.2385999999999998,1,0,2,1,True
C(C1(OC(COC(N)=O)CO1)C)CCCCCCCC,[H]OCC1COC(C)(CCCCCCCCC)O1,amide,0.62540520594809,0.6327292397184401,287.209658408,244.203844756,3.354000000000002,3.251000000000002,1,1,4,3,True
[C@H]2(N(C1=CC=C(C(=C1)Cl)Cl)C(CC)=O)[C@@H](CCC2)N(C)C,CCC(=O)N(c1cccc(Cl)c1)[C@@H]1CCC[C@H]1N(C)C,aromatic_chloro,0.8256683925739744,0.8474709133078695,328.110918684,294.14989103600004,4.219100000000004,3.5657000000000023,0,0,2,2,True
C1=CC(=CC3=C1\C(C2=CC=CC=C2N3)=C/CN(CC)CC)Cl,CCN(CC)CC=C1c2ccccc2Nc2ccccc21,aromatic_chloro,0.7146048194272808,0.7546857169063301,312.139326352,278.178298704,5.170500000000004,4.517100000000004,1,1,2,2,True
C1=C(Cl)C=CC2=C1C(=NCC(N2CC[S](CC)(=O)=O)=O)C3=CC=CC=C3F,CCS(=O)(=O)CCN1C(=O)CN=C(c2ccccc2F)c2ccccc21,aromatic_chloro,0.7630476683089963,0.8073626662027523,408.07106933599994,374.110041688,3.097800000000002,2.444400000000001,0,0,4,4,True
C1=C(Cl)C=CC2=C1C(=NCC(N2CC[S](CC)(=O)=O)=O)C3=CC=CC=C3F,CCS(=O)(=O)CCN1C(=O)CN=C(c2ccccc2)c2cc(Cl)ccc21,fluoro_aromatic,0.7630476683089963,0.787789806833817,408.07106933599994,390.08049114799996,3.097800000000002,2.958700000000001,0,0,4,4,True
C1=C(C2=C(C=C1)C=CO2)N5CCN(CC3=CC=C([NH]3)C4=CC=C(C=C4)F)CC5,c1ccc(-c2ccc(CN3CCN(c4cccc5ccoc45)CC3)[nH]2)cc1,fluoro_aromatic,0.5516287804201054,0.572387966578119,375.174690544,357.184112356,4.889200000000003,4.750100000000003,1,1,3,3,True
C1=C(C=CC=C1C(CNC(CCCO)=O)(CC)CC)OC,[H]CCC(=O)NCC(CC)(CC)c1cccc(OC)c1,hydroxyl,0.7356411194584682,0.8195527998470558,293.199093724,263.18852904,2.641700000000001,3.279200000000002,2,1,3,2,True
C3=C(C2=CC=C(N1CCC(O)CC1)N=N2)C(=CC(=C3)Cl)Cl,OC1CCN(c2ccc(-c3ccc(Cl)cc3)nn2)CC1,aromatic_chloro,0.9196193132420847,0.923460374320132,323.05921746,289.098189812,3.411500000000002,2.7581000000000007,1,1,4,4,True
C3=C(OC2C1(NC(=O)C(O1)C)CCCC2)C=CC=C3Cl,CC1OC2(CCCCC2Oc2ccccc2)NC1=O,aromatic_chloro,0.9124470307894,0.8878117780877076,295.097521116,261.136493468,2.8926000000000007,2.2391999999999994,1,1,3,3,True
C3=C(OC2C1(NC(=O)C(O1)C)CCCC2)C=CC=C3Cl,[H]C(C)OC1CCCCC1Oc1cccc(Cl)c1,amide,0.9124470307894,0.8065767616237557,295.097521116,254.107357528,2.8926000000000007,4.066500000000003,1,0,3,2,True
C1=C(Cl)C=CC3=C1C(C2=CC=CC=C2)SC(=N3)NCC,CCNC1=Nc2ccccc2C(c2ccccc2)S1,aromatic_chloro,0.8636140216866924,0.8856830184445454,302.06444716000004,268.103419512,4.773200000000004,4.119800000000003,1,1,3,3,True
C(C(N1C(CCC1)=O)C(N)=O)C,[H]C(CC)N1CCCC1=O,amide,0.6410492145588487,0.5419857978580079,170.105527688,127.099714036,-0.12730000000000036,1.0188000000000001,1,0,2,1,True
C1=C(C=CC=C1N3CCN(CCCN2C(N(C(=N2)CC)CC)=O)CC3)Cl,CCc1nn(CCCN2CCN(c3ccccc3)CC2)c(=O)n1CC,aromatic_chloro,0.7433399319224391,0.7695687338566162,377.1982381959999,343.23721054799995,2.4928,1.8393999999999995,0,0,6,6,True
[C@H]1(NC(=O)CC1)C(=O)N2CCCCC2,[H]CC[CH]C(=O)N1CCCCC1,amide,0.6544625184182418,0.5914607557763434,196.121177752,154.123189132,0.2774999999999992,1.61319,1,0,2,1,True
C2=C(C1(C(N(CC(COCCCC)OC(N)=O)C(=O)NC1=O)=O)CC)C=CC=C2,[H]OC(COCCCC)CN1C(=O)NC(=O)C(CC)(c2ccccc2)C1=O,amide,0.45029722176689513,0.5136935961344212,405.189985584,362.184171932,1.6934000000000005,1.5903999999999994,2,2,6,5,True
C1=C(C(COC(N)=O)COC(N)=O)C=CC=C1,[H]OCC(COC(N)=O)c1ccccc1,amide,0.796471019540729,0.747883385109342,238.095356928,195.089543276,0.9607999999999999,0.8578000000000002,2,2,4,3,True
C1=CC(=CC=C1C(CCCN3CCN(C(OC2CCCCC2)=O)CC3)=O)F,O=C(CCCN1CCN(C(=O)OC2CCCCC2)CC1)c1ccccc1,fluoro_aromatic,0.7073195651423048,0.7271232300992301,376.21622100799993,358.2256428199999,3.8755000000000033,3.7364000000000033,0,0,4,4,True
C2=C(\C(NCCCC)=C\1C=C(Cl)C=CC1=O)C(=CC=C2)Cl,CCCCN/C(=C1/C=C(Cl)C=CC1=O)c1ccccc1,aromatic_chloro,0.6286024229486968,0.6537785128281253,321.068719524,287.107691876,4.702400000000003,4.049000000000003,1,1,2,2,True
C2=C(C1(C(C(=O)NC1=O)CC)C)C=CC=C2,[H]C(CC)C(C)(C=O)c1ccccc1,amide,0.7651592430861017,0.6445100074749713,217.11027872,176.120115132,1.6268999999999998,2.9433000000000016,1,0,2,1,True
C1=C(C(=CC=C1OCC2=NCCN2)Cl)Cl,Clc1ccc(OCC2=NCCN2)cc1,aromatic_chloro,0.8863838416754268,0.8244806842094499,244.0170183,210.055990652,2.3739,1.7205,1,1,3,3,True
C1=CC=CC=C1C2C(NC(=O)CO2)C,[H]COC(CC)c1ccccc1,amide,0.7254108603598849,0.6434076070739552,191.094628656,150.104465068,1.2626,2.7841000000000014,1,0,2,1,True
C1=C(C=CC=C1NC(NC2=NC(=O)CN2C)=O)Cl,CN1CC(=O)N=C1NC(=O)Nc1ccccc1,aromatic_chloro,0.8043595179065506,0.7456737857457416,266.057053272,232.096025624,1.2895000000000003,0.6361,2,2,3,3,True
C1=CC(=CC=C1C(CC(C)(C)O)(C)O)Cl,CC(C)(O)CC(C)(O)c1ccccc1,aromatic_chloro,0.835367212312348,0.772828454155567,228.091707464,194.130679816,2.7085000000000012,2.0551,2,2,2,2,True
C3=C(C1=NC(=N[N]1C)C2=CC=CN=C2)C(=CC=C3)CO,[H]c1ccccc1-c1nc(-c2cccnc2)nn1C,hydroxyl,0.7875671368938264,0.6864135495584869,266.116761068,236.106196384,2.0364,2.5441000000000003,1,0,5,4,True
C1=C4C(=CC(=C1)CN3CCN(C(COC2=CC=C(Cl)C=C2)=O)CC3)OCO4,O=C(COc1ccccc1)N1CCN(Cc2ccc3c(c2)OCO3)CC1,aromatic_chloro,0.7879645861429155,0.823431493251469,388.11898483199997,354.15795718399994,2.7919,2.1384999999999996,0,0,5,5,True
C1=C(C(CNC(C)(C)C)O)C(=CC=C1)F,CC(C)(C)NCC(O)c1ccccc1,fluoro_aromatic,0.8033431633971991,0.7702589225208505,211.137242416,193.146664228,2.2472000000000003,2.1081000000000003,2,2,2,2,True
C1=C(C(=CC=C1[S](N)(=O)=O)OC)C(NCC3N(CC2=CC=C(F)C=C2)CCC3)=O,[H]c1ccc(OC)c(C(=O)NCC2CCCN2Cc2ccc(F)cc2)c1,sulfonamide,0.7107948514769201,0.8762842656283569,421.147155468,342.17435619599996,1.8760999999999997,3.2287000000000017,2,1,5,3,True
C1=C(C(=CC=C1[S](N)(=O)=O)OC)C(NCC3N(CC2=CC=C(F)C=C2)CCC3)=O,COc1ccc(S(N)(=O)=O)cc1C(=O)NCC1CCCN1Cc1ccccc1,fluoro_aromatic,0.7107948514769201,0.7331878524842923,421.147155468,403.15657728,1.8760999999999997,1.7369999999999999,2,2,5,5,True
[C@@]23(Cl)C1(C(=CC(=O)C=C1)[C@@H](F)CC2C5C(CC3Cl)([C@]4(C(=O)CO)OC(O[C@@H]4C5)(C)C)C)C,[H]C(=O)[C@@]12OC(C)(C)O[C@@H]1CC1C3C[C@H](F)C4=CC(=O)C=CC4(C)[C@@]3(Cl)C(Cl)CC12C,hydroxyl,0.5990285726675203,0.42937884248138564,486.13760760799994,456.12704292399997,3.8826000000000027,4.520100000000004,1,0,5,4,True
C1=C(F)C=CC2=C1NC(=C3C(=N2)SC(=C3)C)N4CCN(CC4)C,Cc1cc2c(s1)=Nc1ccccc1NC=2N1CCN(C)CC1,fluoro_aromatic,0.8661974574356659,0.8701892005334667,330.13144582800004,312.14086764,1.88552,1.74642,1,1,5,5,True
C1=CC(=CC=C1[S](CC)(=O)=O)F,CCS(=O)(=O)c1ccccc1,fluoro_aromatic,0.6607494955019171,0.6733595881824134,188.030728748,170.04015056,1.6193000000000002,1.4802000000000002,0,0,2,2,True
C1=CC=CC3=C1N(CCCN2CCC(OCCO)CC2)C4=C(S3)C=CC(=C4)C(F)(F)F,[H]COC1CCN(CCCN2c3ccccc3Sc3ccc(C(F)(F)F)cc32)CC1,hydroxyl,0.6271479514920877,0.6040523643409076,452.17453376400005,422.16396908,5.171500000000005,5.809000000000005,1,0,5,4,True
C1=CC=CC=C1N2C5(C(NC2)=O)CCN(CCCC(C3=CC=C(C=C3)F)C4=CC=C(C=C4)F)CC5,O=C1NCN(c2ccccc2)C12CCN(CCCC(c1ccccc1)c1ccc(F)cc1)CC2,fluoro_aromatic,0.5034442668970902,0.531966839366083,475.243519052,457.252940864,5.305400000000005,5.166300000000005,1,1,3,3,True
C1=C(Cl)C=CC2=C1C3(N(CC(=O)N2CCO)CCO3)C4=CC=CC=C4F,O=C1CN2CCOC2(c2ccccc2F)c2ccccc2N1CCO,aromatic_chloro,0.8931096040475427,0.9224835893485295,376.09899833599997,342.13797068800005,2.3513,1.6979000000000002,1,1,4,4,True
C1=C(Cl)C=CC2=C1C3(N(CC(=O)N2CCO)CCO3)C4=CC=CC=C4F,O=C1CN2CCOC2(c2ccccc2)c2cc(Cl)ccc2N1CCO,fluoro_aromatic,0.8931096040475427,0.9136816046845272,376.09899833599997,358.108420148,2.3513,2.2122,1,1,4,4,True
C1=C(Cl)C=CC2=C1C3(N(CC(=O)N2CCO)CCO3)C4=CC=CC=C4F,[H]CN1C(=O)CN2CCOC2(c2ccccc2F)c2cc(Cl)ccc21,hydroxyl,0.8931096040475427,0.7955199573229749,376.09899833599997,346.08843365200005,2.3513,2.9888000000000012,1,0,4,3,True
CN2C(=O)C(O)N=C(c1ccccc1F)c3cc(Cl)ccc23,CN1C(=O)C(O)N=C(c2ccccc2F)c2ccccc21,aromatic_chloro,0.8784655827246939,0.8699999309555799,318.057133524,284.096105876,2.611300000000001,1.9578999999999995,1,1,3,3,True
CN2C(=O)C(O)N=C(c1ccccc1F)c3cc(Cl)ccc23,CN1C(=O)C(O)N=C(c2ccccc2)c2cc(Cl)ccc21,fluoro_aromatic,0.8784655827246939,0.879421465403288,318.057133524,300.066555336,2.611300000000001,2.4722,1,1,3,3,True
C1=C(C(F)(F)F)C=CC3=C1N(C2=C(SC=C2)S3)CCCN4CCN(CCO)CC4,[H]CN1CCN(CCCN2c3cc(C(F)(F)F)ccc3Sc3sccc32)CC1,hydroxyl,0.7164270977397647,0.6969626608661158,443.13128904800004,413.1207243640001,4.369600000000004,5.007100000000005,1,0,6,5,True
C1=C(C(OCC)=O)[N](C=N1)C(C)C2=CC=C(C=C2)F,CCOC(=O)c1cncn1C(C)c1ccccc1,fluoro_aromatic,0.7957287192938972,0.776550261358108,262.11175594,244.121177752,2.808200000000001,2.669100000000001,0,0,4,4,True
[C@@H](O)(/C=C/C1=C(C2=C([N]1C(C)C)C=CC=C2)C3=CC=C(F)C=C3)C[C@H](O)CC(=O)O,[H]C[C@@H](O)C[C@H](O)/C=C/c1c(-c2ccc(F)cc2)c2ccccc2n1C(C)C,carboxylic_acid,0.5047877346321322,0.6309739751456122,411.1845865319999,367.194757292,4.628100000000004,5.173300000000005,3,2,4,3,True
[C@@H](O)(/C=C/C1=C(C2=C([N]1C(C)C)C=CC=C2)C3=CC=C(F)C=C3)C[C@H](O)CC(=O)O,CC(C)n1c(/C=C/[C@@H](O)C[C@H](O)CC(=O)O)c(-c2ccccc2)c2ccccc21,fluoro_aromatic,0.5047877346321322,0.5265822047315405,411.1845865319999,393.19400834399994,4.628100000000004,4.489000000000004,3,3,4,4,True
C1=CC(=CC2=C1N(C(CN=C2C3=CC=CC=C3)=O)C[P](C)(C)=O)Cl,CP(C)(=O)CN1C(=O)CN=C(c2ccccc2)c2ccccc21,aromatic_chloro,0.7734846767657694,0.8112656833934966,360.07944212599995,326.118414478,4.104200000000003,3.450800000000002,0,0,3,3,True
C1=CC=CC=C1C3(C2=CC=CC=C2)C(N(CO[P](O)(O)=O)C(N3)=O)=O,[H]N(COP(=O)(O)O)C(=O)C(c1ccccc1)c1ccccc1,amide,0.5489342308438097,0.5585243117374061,362.06677282999993,321.07660924199996,1.5487999999999993,2.0015,3,3,4,3,True
C1=C(C(F)(F)F)C=CC3=C1N(C2=C(C=CC=C2)S3)C(CCN4CCN(CCO)CC4)=O,[H]CN1CCN(CCC(=O)N2c3ccccc3Sc3ccc(C(F)(F)F)cc32)CC1,hydroxyl,0.7488316383941791,0.7306807842832064,451.154132668,421.1435679840001,3.8347000000000033,4.472200000000004,1,0,5,4,True
C1=C(Cl)C=CC3=C1N(C2=C(C=CC=C2)S3)CCCN5CCC(C4C(OCC4)=O)(O)CC5,O=C1OCCC1C1(O)CCN(CCCN2c3ccccc3Sc3ccccc32)CC1,aromatic_chloro,0.6539365188084245,0.7305753878211292,458.14309140399996,424.1820637559999,4.722800000000005,4.069400000000003,1,1,6,6,True
C1=NC(=NC(=C1CN(C(=C(SSCC2CCCO2)\CCO)/C)C=O)N)C,[H]C/C(SSCC1CCCO1)=C(/C)N(C=O)Cc1cnc(C)nc1N,hydroxyl,0.4578231017069752,0.5574262591859938,398.14463269199996,368.13406800800004,2.4999199999999995,3.1374200000000005,2,1,8,7,True
C1=NC(=C(C2=C1[NH]C3=C2C(=CC=C3)OC4=CC=C(C=C4)Cl)COC)C(OC(C)C)=O,COCc1c(C(=O)OC(C)C)ncc2[nH]c3cccc(Oc4ccccc4)c3c12,aromatic_chloro,0.3914480843314437,0.45701633293961114,424.11898483199997,390.1579571839999,5.873400000000005,5.220000000000005,1,1,5,5,True
C1=C(F)C=CC2=C1C3=C([NH]2)CCN(C3)CCCC4=CN=CC=C4,c1cncc(CCCN2CCc3[nH]c4ccccc4c3C2)c1,fluoro_aromatic,0.7968114726398023,0.7968698225393286,309.16412586,291.17354767200004,3.6929000000000025,3.5538000000000025,1,1,2,2,True
C1=C(OC)C(=CC2=C1C(=NN=C(C2)C)C3=CC=CC(=C3)Cl)OC,COc1cc2c(cc1OC)C(c1ccccc1)=NN=C(C)C2,aromatic_chloro,0.8499846885063544,0.8695836091263375,328.097855464,294.136827816,4.126600000000003,3.473200000000002,0,0,4,4,True
[C@H]23C(Cl)([C@@]1(C(=CC(=O)C=C1)[C@@H](F)C2)C)[C@@H](F)C[C@]4([C@H]3C[C@H]([C@@H]4C(=O)CO)C)C,[H]C(=O)[C@H]1[C@H](C)C[C@H]2[C@@H]3C[C@H](F)C4=CC(=O)C=C[C@]4(C)C3(Cl)[C@@H](F)C[C@@]21C,hydroxyl,0.6979103622237994,0.48980885494748755,412.16167884399994,382.15111415999996,3.9753000000000034,4.6128000000000045,1,0,3,2,True
C1=CC(=CC4=C1N(C3CCN(CCNC(C2=CC=C(F)C=C2)=O)CC3)C(N4)=O)Cl,O=C(NCCN1CCC(n2c(=O)[nH]c3ccccc32)CC1)c1ccc(F)cc1,aromatic_chloro,0.670707936295545,0.7124966217170784,416.141531844,382.180504196,3.189000000000001,2.5355999999999996,2,2,4,4,True
C1=CC(=CC4=C1N(C3CCN(CCNC(C2=CC=C(F)C=C2)=O)CC3)C(N4)=O)Cl,O=C(NCCN1CCC(n2c(=O)[nH]c3cc(Cl)ccc32)CC1)c1ccccc1,fluoro_aromatic,0.670707936295545,0.6935576205276339,416.141531844,398.150953656,3.189000000000001,3.049900000000001,2,2,4,4,True
C1=C(Br)C=CC3=C1C2(N(CCO2)CC(=O)N3)C4=C(C=CC=C4)F,O=C1CN2CCOC2(c2ccccc2)c2cc(Br)ccc2N1,fluoro_aromatic,0.8308262076876867,0.851457814462673,376.022268008,358.03168982000005,3.0736000000000008,2.9345000000000008,1,1,3,3,True
C1=C(Br)C=CC3=C1C2(N(CCO2)CC(=O)N3)C4=C(C=CC=C4)F,[H]CN1CCOC1(c1cccc(Br)c1)c1ccccc1F,amide,0.8308262076876867,0.8281995621464254,376.022268008,335.03210442000005,3.0736000000000008,3.7513000000000023,1,0,3,2,True
C3=C2N(C1=CC=CC=C1C=CC2=CC=C3)CCCN4C=CN(CC=C4)CCO,[H]CN1C=CN(CCCN2c3ccccc3C=Cc3ccccc32)C=CC1,hydroxyl,0.817961247968899,0.7791200818869697,373.215412484,343.20484780000004,4.2934000000000045,4.930900000000005,1,0,4,3,True
C(C(C(C)C)(C(N)=O)Br)C,[H]C(Br)(CC)C(C)C,amide,0.7040477106854527,0.5516034760664869,207.025876168,164.020062516,1.6714,2.815900000000001,1,0,1,0,True
C1=C(Cl)C=CC2=C1C(=NCC(N2CCOCC3CC3)=O)C4=CC=CC=C4,O=C1CN=C(c2ccccc2)c2ccccc2N1CCOCC1CC1,aromatic_chloro,0.7243004964545943,0.7607977419512282,368.129155592,334.168127944,3.950600000000003,3.297200000000002,0,0,3,3,True
C1=C(Cl)C=CC3=C1N(C2=C(C=CC=C2)S3)CCCN5CCN(CCN4C(N(C)CC4)=O)CC5,CN1CCN(CCN2CCN(CCCN3c4ccccc4Sc4ccccc43)CC2)C1=O,aromatic_chloro,0.5830532655234673,0.6416826018109041,485.20160932400006,451.24058167600003,4.317800000000004,3.6644000000000023,0,0,5,5,True
C2=C(N1C(N(CCN(C)C)CC1)=O)C=CC=C2Cl,CN(C)CCN1CCN(c2ccccc2)C1=O,aromatic_chloro,0.8357568014153244,0.7874889774989022,267.113839876,233.152812228,2.1436,1.4902,0,0,2,2,True
C1=CC(=CC2=C1[N](C(=C2CC(O)=O)C)C(C3=CC=C(Cl)C=C3)=O)OC,COc1ccc2c(c1)c(CC(=O)O)c(C)n2C(=O)c1ccccc1,aromatic_chloro,0.7678065120522065,0.7998699475784063,357.0767856719999,323.115758024,3.9273200000000035,3.273920000000002,1,1,4,4,True
C1=CC(=CC2=C1[N](C(=C2CC(O)=O)C)C(C3=CC=C(Cl)C=C3)=O)OC,[H]Cc1c(C)n(C(=O)c2ccc(Cl)cc2)c2ccc(OC)cc12,carboxylic_acid,0.7678065120522065,0.6915946874345253,357.0767856719999,313.086956432,3.9273200000000035,4.608640000000003,1,0,4,3,True
C1=CC(=CC=C1OCC(NNC(C)C)=O)Cl,CC(C)NNC(=O)COc1ccccc1,aromatic_chloro,0.7738369433969671,0.7122097603239215,242.0822054,208.121177752,1.7479999999999998,1.0946000000000002,2,2,3,3,True
CSC1=C(N=C(N=C1N2CCN(C)CC2)NC(C)C)Cl,CSc1cnc(NC(C)C)nc1N1CCN(C)CC1,aromatic_chloro,0.6798513507801957,0.8487173876224277,315.128444384,281.167416736,2.4240000000000004,1.7705999999999995,1,1,6,6,True
C(C(C1(CCC2C4C(C(CC12C)O)(F)C3(C=CC(C=C3CC4)=O)C)O)=O)O,[H]C(=O)C1(O)CCC2C3CCC4=CC(=O)C=CC4(C)C3(F)C(O)CC21C,hydroxyl,0.679213941811703,0.713188504775641,378.18425218399994,348.17368749999997,1.6496999999999993,2.287200000000001,3,2,5,4,True
C1=C(Cl)C=CC2=C1C3(N(CC(=O)N2C)C(C=C(O3)C)=O)C4=CC=CC=C4,CC1=CC(=O)N2CC(=O)N(C)c3ccccc3C2(c2ccccc2)O1,aromatic_chloro,0.7757860152597906,0.80545962105498,368.092770084,334.131742436,3.280100000000002,2.6267000000000014,0,0,3,3,True
C1=CC=NC(=N1)N3CCN(CCCC[N]2C=C(Cl)C=N2)CC3,c1cnc(N2CCN(CCCCn3cccn3)CC2)nc1,aromatic_chloro,0.7612236840859332,0.7486904571538118,320.15162235200006,286.190594704,1.9288999999999998,1.2754999999999999,0,0,6,6,True
C1=C(Cl)C=CC3=C1N(C2=CC=CC=C2)C(CCN3)=O,O=C1CCNc2ccccc2N1c1ccccc1,aromatic_chloro,0.8558552442805425,0.8272330829468226,272.071640716,238.110613068,3.820300000000003,3.166900000000001,1,1,2,2,True
C1=C(C2=C(C(=C1)OC)CCCC2N(C)C)Cl,COc1cccc2c1CCCC2N(C)C,aromatic_chloro,0.7854666778169448,0.7356238353022172,239.107691876,205.146664228,3.287600000000002,2.6342000000000008,0,0,2,2,True
C3=C(C1=NC(C(=O)NC2=C1N=C(Cl)C=C2)O)C(=CC=C3)Cl,O=C1Nc2cccnc2C(c2ccccc2Cl)=NC1O,aromatic_chloro,0.7923111503218595,0.8403045108342583,321.00718188800005,287.04615424,2.4963000000000006,1.8429,2,2,4,4,True
C3=C(C1=NC(C(=O)NC2=C1N=C(Cl)C=C2)O)C(=CC=C3)Cl,[H]C(O)N=C(c1cccc(Cl)n1)c1ccccc1Cl,amide,0.7923111503218595,0.6934035396591941,321.00718188800005,280.0170183,2.4963000000000006,3.175600000000001,2,1,4,3,True
C1=CC(=CC4=C1N2C(=NC(/C2=O)=C\N3CCN(C)CC3)CN=C4C5=C(C=CC=C5)Cl)[N+](=O)[O-],CN1CCN(/C=C2\N=C3CN=C(c4ccccc4)c4cc([N+](=O)[O-])ccc4N3C2=O)CC1,aromatic_chloro,0.395190296065005,0.42303627155677515,464.13636621200004,430.175338564,2.9331000000000014,2.2797,0,0,7,7,True
C1=CC(=CC2=C1C(C3=C(CC2)C=CC=N3)=C4CCN(C(OCC)=O)CC4)Cl,CCOC(=O)N1CCC(=C2c3ccccc3CCc3cccnc32)CC1,aromatic_chloro,0.7048857984659845,0.7742284053648992,382.14480565599996,348.18377800799993,4.887800000000005,4.2344000000000035,0,0,3,3,True
C1=C(Cl)C=CC2=C1C(=NC(O)C(N2C)=O)C3=CC=CC=C3Cl,CN1C(=O)C(O)N=C(c2ccccc2Cl)c2ccccc21,aromatic_chloro,0.8705347056850515,0.8794214654032879,334.027582984,300.066555336,3.1256000000000013,2.472200000000001,1,1,3,3,True
[C@@]123OC4=C(C(C1CN(CC2)C)CC(=O)N3)C=C(Cl)C=C4,CN1CC[C@]23NC(=O)CC(c4ccccc4O2)C3C1,aromatic_chloro,0.7949552401916228,0.7630815282897927,292.097855464,258.136827816,1.9838999999999998,1.3304999999999998,1,1,3,3,True
[C@@]123OC4=C(C(C1CN(CC2)C)CC(=O)N3)C=C(Cl)C=C4,[H]CC1c2cc(Cl)ccc2O[C]2CCN(C)CC21,amide,0.7949552401916228,0.7004923002914153,292.097855464,250.099866844,1.9838999999999998,3.3195900000000016,1,0,3,2,True
C2=C(C(C1C(=CC(O1)=O)OC)O)C(=CC=C2)Cl,COC1=CC(=O)OC1C(O)c1ccccc1,aromatic_chloro,0.8364429105085268,0.7768903679273971,254.034586512,220.073558864,1.8291,1.1757,1,1,4,4,True
C1=C(Cl)C=CC2=C1C(=NC3=C(O2)C=CC=C3)N4CCN(CC4)C,CN1CCN(C2=Nc3ccccc3Oc3ccccc32)CC1,aromatic_chloro,0.7369928778519518,0.7468405657069901,327.11383987600004,293.152812228,3.7714000000000034,3.118000000000002,0,0,4,4,True
C1=CC(=CC2=C1C(=NCC(N2C)CNC(C3=COC=C3)=O)C4=CC=CC=C4)F,CN1c2ccccc2C(c2ccccc2)=NCC1CNC(=O)c1ccoc1,fluoro_aromatic,0.757074903835714,0.7770145514297627,377.15395509999996,359.163376912,3.504500000000002,3.365400000000002,1,1,4,4,True
C1=CC=CC2=C1C(N3C2=NCC3)(C4=CC=C(C=C4)Cl)O,OC1(c2ccccc2)c2ccccc2C2=NCCN21,aromatic_chloro,0.8737077174467991,0.8394596842730833,284.071640716,250.110613068,2.6092000000000017,1.9558000000000004,1,1,3,3,True
[C@H]2(N=C(C1=C(C=CC(=C1)[N+](=O)[O-])NC2=O)C3=CC=CC=C3Cl)C,C[C@@H]1N=C(c2ccccc2)c2cc([N+](=O)[O-])ccc2NC1=O,aromatic_chloro,0.6762936072282917,0.6825525174190228,329.056718924,295.095691276,3.4262000000000015,2.772800000000001,1,1,4,4,True
[C@H]2(N=C(C1=C(C=CC(=C1)[N+](=O)[O-])NC2=O)C3=CC=CC=C3Cl)C,[H]C(C)N=C(c1cccc([N+](=O)[O-])c1)c1ccccc1Cl,amide,0.6762936072282917,0.48288365668861083,329.056718924,288.066555336,3.4262000000000015,4.105500000000003,1,0,4,3,True
C1=CC(=CC=C1C(CCCN2CCC(C)CC2)=O)F,CC1CCN(CCCC(=O)c2ccccc2)CC1,fluoro_aromatic,0.7575355295986882,0.7411745768223322,263.168542544,245.177964356,3.520500000000003,3.381400000000002,0,0,2,2,True
C1=C(C(=CC=C1)OC)OCC2CNC(O2)=O,[H]OC(C)COc1ccccc1OC,amide,0.8323729571689008,0.7656357094769232,223.084457896,182.094294308,1.1823999999999995,1.4547999999999994,1,1,4,3,True
C1=C(C(C(C)(C)O)(C)O)C=CC=C1Cl,CC(C)(O)C(C)(O)c1ccccc1,aromatic_chloro,0.7934888151509781,0.7263834630881576,214.0760574,180.115029752,2.3184000000000005,1.6649999999999998,2,2,2,2,True
C1=C([S](C)(=O)=O)C=CC3=C1N(C2=C(C=CC=C2)S3)CCCN4CCC(C(N)=O)CC4,[H]C1CCN(CCCN2c3ccccc3Sc3ccc(S(C)(=O)=O)cc32)CC1,amide,0.7346739996322457,0.7327178066231008,445.149383724,402.14357007200005,3.2802000000000007,4.568800000000004,1,0,6,5,True
C1=C(Cl)C=CC3=C1C2(N(C(C)CO2)CC(=O)N3)C4=CC=CC=C4Cl,CC1COC2(c3ccccc3Cl)c3ccccc3NC(=O)CN12,aromatic_chloro,0.8365371134072822,0.8736609010062515,362.058883112,328.097855464,3.867300000000003,3.2139000000000015,1,1,3,3,True
C1=C(Cl)C=CC3=C1C2(N(C(C)CO2)CC(=O)N3)C4=CC=CC=C4Cl,[H]CN1C(C)COC1(c1cccc(Cl)c1)c1ccccc1Cl,amide,0.8365371134072822,0.8044311995757043,362.058883112,321.068719524,3.867300000000003,4.5450000000000035,1,0,3,2,True
CSC2=C(N1CCN(C)CC1)N=C(NC)N=C2Cl,CNc1ncc(SC)c(N2CCN(C)CC2)n1,aromatic_chloro,0.6735886628014633,0.8106337535458356,287.097144256,253.13611660799998,1.6454,0.9919999999999998,1,1,6,6,True
C1=C(C=CC(=C1Cl)COC(C[N]2C=NC=C2)C3=C(C=C(C=C3)Cl)Cl)Cl,Clc1ccc(C(Cn2ccnc2)OCc2ccccc2Cl)c(Cl)c1,aromatic_chloro,0.46169062079354367,0.5391871956552778,413.986023788,380.02499614000004,6.454800000000002,5.801400000000003,0,0,3,3,True
C2=C(C(NCCN1CCOCC1)=O)C=CC(=C2)Cl,O=C(NCCN1CCOCC1)c1ccccc1,aromatic_chloro,0.8976306233197456,0.8355340633873874,268.097855464,234.136827816,1.4019999999999997,0.7485999999999997,1,1,3,3,True
C2=C(C(C1=CC=CC=C1)[S](CC(N)=O)=O)C=CC=C2,[H]CS(=O)C(c1ccccc1)c1ccccc1,amide,0.9055446265663241,0.7913007963739725,273.08234972,230.076536068,2.01,3.1545000000000014,1,0,2,1,True
C1=C(Cl)C=CC5=C1N(CCCN4CCC3(N2C(CCCC2)NC3=O)CC4)C6=C(CC5)C=CC=C6,O=C1NC2CCCCN2C12CCN(CCCN1c3ccccc3CCc3ccccc31)CC2,aromatic_chloro,0.6882879826916413,0.771058463236364,478.24993942,444.28891177199995,4.743200000000004,4.089800000000003,1,1,4,4,True
C1=C(Cl)C=CC5=C1N(CCCN4CCC3(N2C(CCCC2)NC3=O)CC4)C6=C(CC5)C=CC=C6,[H]C1(N2CCCCC2)CCN(CCCN2c3ccccc3CCc3ccc(Cl)cc32)CC1,amide,0.6882879826916413,0.5745762698333614,478.24993942,437.259775832,4.743200000000004,5.917100000000007,1,0,4,3,True
Fc5ccc4c(CCCN1CCC(CC1)n2c(=O)[nH]c3ccccc23)noc4c5,O=c1[nH]c2ccccc2n1C1CCN(CCCc2noc3ccccc23)CC1,fluoro_aromatic,0.5578596598327606,0.5761462896788739,394.180504196,376.189926008,3.8796000000000026,3.7405000000000017,1,1,5,5,True
C1=CC(=CC=C1N3CCN(CCC(NC(C2=CC=CN=C2)=O)C)CC3)F,CC(CCN1CCN(c2ccccc2)CC1)NC(=O)c1cccnc1,fluoro_aromatic,0.8641997232146928,0.8786861976179301,356.20123964,338.21066145199995,2.5513000000000003,2.4122000000000003,1,1,4,4,True
C(C1=CN=CC=C1)(=O)N,[H]c1cccnc1,amide,0.5772627921564857,0.4531479654842905,122.048012812,79.04219916,0.1805,1.0816,1,0,2,1,True
C(C(COC(N)=O)(C(CC)C)C)OC(NC(C)C)=O,[H]OCC(C)(COC(=O)NC(C)C)C(C)CC,amide,0.7447011306261556,0.7362111777220804,274.189257312,231.18344366,2.2687,2.1657,2,2,4,3,True
[C@H]12C([C@@](O)(CC1)C#C)(CC[C@H]3C2CCC4=CC5=C(CC34C)C=N[N]5C6=CC=C(F)C=C6)C,C#C[C@]1(O)CC[C@H]2C3CCC4=Cc5c(cnn5-c5ccccc5)CC4(C)[C@H]3CCC21C,fluoro_aromatic,0.6018837739782165,0.6353734681259358,430.2420418320001,412.25146364400007,5.557800000000006,5.418700000000005,1,1,3,3,True
C1=C(Cl)C=CC2=C1C(=NCC(=O)N2)C3=CCCCC3,O=C1CN=C(C2=CCCCC2)c2ccccc2N1,aromatic_chloro,0.835465213651998,0.8052825166626892,274.08729078000005,240.126263132,3.5816000000000017,2.9282000000000012,1,1,2,2,True
C1=C(Cl)C=CC2=C1C(=NCC(=O)N2)C3=CCCCC3,[H]CN=C(C1=CCCCC1)c1cccc(Cl)c1,amide,0.835465213651998,0.6772396565047643,274.08729078000005,233.097127192,3.5816000000000017,4.259300000000002,1,0,2,1,True
C1=C(Cl)C=CC3=C1\C(C2=C(C=CC=C2)S3)=C\C4C5CCN(C4)CC5,C(=C1c2ccccc2Sc2ccccc21)C1CN2CCC1CC2,aromatic_chloro,0.5615999358752685,0.6258176188066501,353.10049832,319.139470672,5.5781000000000045,4.924700000000004,0,0,2,2,True
C1=CC(=CC2=C1C(=NO2)C5CCN(CCC3=C(N=C4N(C3=O)C=CC=C4C)C)CC5)F,Cc1nc2c(C)cccn2c(=O)c1CCN1CCC(c2noc3ccccc23)CC1,fluoro_aromatic,0.4991313083426707,0.5184345650563833,420.19615426,402.205576072,4.013740000000003,3.874640000000003,0,0,6,6,True
[C@H]2([C@H](CN(CC(C1=CC=C(F)C=C1)=O)CC2)COC4=CC3=C(OCO3)C=C4)C5=CC=C(F)C=C5,O=C(CN1CC[C@H](c2ccc(F)cc2)[C@@H](COc2ccc3c(c2)OCO3)C1)c1ccccc1,fluoro_aromatic,0.45671765477211246,0.48130937923419764,465.17516472,447.18458653199997,5.0609000000000055,4.921800000000005,0,0,5,5,True
C1=CC=CC3=C1N(C2=C(C=CC=C2)CC3=O)C(N)=O,[H]N1c2ccccc2CC(=O)c2ccccc21,amide,0.7829578147216556,0.7216336163606567,252.089877624,209.084063972,2.6422,3.1690000000000014,1,1,2,2,True
C(N1CC(O)CC1=O)C(N)=O,[H]CN1CC(O)CC1=O,amide,0.49031399166066975,0.44915127642560404,158.06914218,115.063328528,-1.9350999999999994,-0.7906000000000002,2,1,3,2,True
C1=C(O)C=CC2=C1C(=C[NH]2)CC(C(O)=O)N,[H]C(N)Cc1c[nH]c2ccc(O)cc12,carboxylic_acid,0.61514071449147,0.6468452624532928,220.084792244,176.094963004,0.8278999999999999,1.3747,4,3,3,2,True
C4=C3C(N(C1=CC=C2C(=N1)N=C(Cl)C=C2)C(=O)C3=CC=C4)CC(CCC(C)C)=O,CC(C)CCC(=O)CC1c2ccccc2C(=O)N1c1ccc2cccnc2n1,aromatic_chloro,0.5143744231422801,0.6267158105537364,407.14005462399996,373.179026976,5.380100000000004,4.726700000000005,0,0,4,4,True
C3=C(C(NC1C2CCN(C1)CC2)=O)C(=CC(=C3Cl)N)OCC4CC4,Nc1ccc(C(=O)NC2CN3CCC2CC3)c(OCC2CC2)c1,aromatic_chloro,0.8015268924231373,0.8142837207026274,349.15570468799996,315.19467704,2.535,1.8815999999999993,2,2,4,4,True
[C@@H]3([C@H](COC1=CC=C2C(=C1)OCO2)CNCC3)C4=CC=C(C=C4)F,c1ccc([C@@H]2CCNC[C@H]2COc2ccc3c(c2)OCO3)cc1,fluoro_aromatic,0.9339413767145557,0.9411612066593473,329.14272172,311.152143532,3.326500000000002,3.187400000000002,1,1,4,4,True
C1=CC=CC2=C1C(N(C2=O)C3=NC4=C(C=C3)C=CC(=N4)Cl)CC(=O)N6CCC5(OCCO5)CC6,O=C(CC1c2ccccc2C(=O)N1c1ccc2cccnc2n1)N1CCC2(CC1)OCCO2,aromatic_chloro,0.5330429897948785,0.6173303902293455,478.14078289599996,444.17975524799994,3.740300000000002,3.086900000000001,0,0,6,6,True
C(C1(COC(C(Cl)(Cl)Cl)OC1)CO)O,[H]C1(CO)COC(C(Cl)(Cl)Cl)OC1,hydroxyl,0.7218154823443413,0.6972411816321501,263.972291872,233.961727188,0.7004999999999999,1.338,2,1,4,3,True
C1=C(Cl)C=CC3=C1N(C2=C(C=CC=C2)S3)CCCN4CCN(CCO)CC4,OCCN1CCN(CCCN2c3ccccc3Sc3ccccc32)CC1,aromatic_chloro,0.788661093377196,0.844132502624845,403.148511132,369.187483484,3.942700000000003,3.2893000000000017,1,1,5,5,True
C1=C(Cl)C=CC3=C1N(C2=C(C=CC=C2)S3)CCCN4CCN(CCO)CC4,[H]CN1CCN(CCCN2c3ccccc3Sc3ccc(Cl)cc32)CC1,hydroxyl,0.788661093377196,0.7751246622951559,403.148511132,373.1379464480001,3.942700000000003,4.580200000000004,1,0,5,4,True
C1(=CC=CC=C1)OC2=CC=CC=C2C(=O)[O-],[H]c1ccccc1Oc1ccccc1,carboxylic_acid,0.7811984092904954,0.6700363845267113,213.05571772791,170.07316494,1.8423999999999994,3.478900000000001,0,0,3,1,True
C1=CC=CC=C1C3(C2=CC=CC=C2)NC(=O)NC3=O,[H]NC(=O)C(c1ccccc1)c1ccccc1,amide,0.8001945345367881,0.8313067916821418,252.089877624,211.099714036,1.7695999999999994,2.3037999999999994,2,1,2,1,True
C1=CC=CC=C1N2C(C(C(NC2=O)=O)(CC)CC)=O,[H]C(CC)(CC)C(=O)N(C=O)c1ccccc1,amide,0.8459680909150492,0.7137389929293472,260.116092372,219.125928784,2.0758,2.6122000000000005,1,0,3,2,True
C1=C(C(C)=O)C=CC3=C1N(C2=C(C=CC=C2)S3)CCCN4CCC(CCO)CC4,[H]CC1CCN(CCCN2c3ccccc3Sc3ccc(C(C)=O)cc32)CC1,hydroxyl,0.6525728569553441,0.6287706437076942,410.2027992,380.1922345160001,4.976400000000005,5.613900000000005,1,0,5,4,True
C(N1C(CCC1)=O)C(N)=O,[H]CN1CCCC1=O,amide,0.5423834786401206,0.4256862105726386,142.07422756,99.068413908,-0.9059000000000004,0.23859999999999992,1,0,2,1,True
C1=CC=CC=C1C(C2=CC=CC=C2)(CCN4CCC(N3CCCCC3)(C(N)=O)CC4)C#N,[H]C1(N2CCCCC2)CCN(CCC(C#N)(c2ccccc2)c2ccccc2)CC1,amide,0.7270325196238634,0.7106253312627113,430.273261708,387.26744805600003,3.6921800000000013,4.836680000000005,1,0,4,3,True
C1=C(Cl)C=CC2=C1C(=NC(C(=O)N2)OC(C(C)(C)C)=O)C3=CC=CC=C3,CC(C)(C)C(=O)OC1N=C(c2ccccc2)c2ccccc2NC1=O,aromatic_chloro,0.8108490011106948,0.8548666139121784,370.108420148,336.1473925,4.044900000000002,3.3915000000000024,1,1,4,4,True
C1=C(Cl)C=CC2=C1C(=NC(C(=O)N2)OC(C(C)(C)C)=O)C3=CC=CC=C3,[H]C(N=C(c1ccccc1)c1cccc(Cl)c1)OC(=O)C(C)(C)C,amide,0.8108490011106948,0.6008093959915928,370.108420148,329.11825656,4.044900000000002,4.724200000000003,1,0,4,3,True
C1=CC=CC=C1C3(CC2CCCCN2)C(NC(=O)NC3=O)=O,[H]C(CC1CCCCN1)(C(=O)NC=O)c1ccccc1,amide,0.7214791423362665,0.7901735013837504,301.14264146799997,260.15247788,0.8225999999999998,1.5749999999999997,3,2,4,3,True
C(C(C3(C(CC4C2CCC1=CC(C=CC1(C)C2C(CC34C)O)=O)=C)O)=O)O,[H]C(=O)C1(O)C(=C)CC2C3CCC4=CC(=O)C=CC4(C)C3C(O)CC21C,hydroxyl,0.6418402177877373,0.5666042267159512,372.19367399599986,342.183109312,1.7237,2.3612000000000006,3,2,5,4,True
C(C(OC4CC3=CCC2C1C(C(CC1)C(C)=O)(CCC2C3(CC4)C)C)=O)CC(O)=O,[H]CCC(=O)OC1CCC2(C)C(=CCC3C2CCC2(C)C(C(C)=O)CCC32)C1,carboxylic_acid,0.5075442255173991,0.4867840470786777,416.2562742519999,372.266445012,4.9310000000000045,5.476200000000006,1,0,4,3,True
C(C(C1CCCCC1)OC(N)=O)C,[H]OC(CC)C1CCCCC1,amide,0.7337887831639445,0.6270972191794709,185.141578848,142.135765196,2.4406000000000008,2.3376,1,1,2,1,True
C1=C(Cl)C=CC2=C1C(=NCC(N2CC(CO)O)=O)C3=CC=CC=C3F,O=C1CN=C(c2ccccc2F)c2ccccc2N1CC(O)CO,aromatic_chloro,0.8735534306072876,0.8900580176409791,362.08334827199997,328.12232062400005,2.0162999999999998,1.3629000000000002,2,2,4,4,True
C1=C(Cl)C=CC2=C1C(=NCC(N2CC(CO)O)=O)C3=CC=CC=C3F,O=C1CN=C(c2ccccc2)c2cc(Cl)ccc2N1CC(O)CO,fluoro_aromatic,0.8735534306072876,0.8890469506275627,362.08334827199997,344.092770084,2.0162999999999998,1.8771999999999998,2,2,4,4,True
C2=C(\C(NCCCC(=O)N)=C/1C=C(F)C=CC1=O)C=CC(=C2)Cl,NC(=O)CCCN/C(=C1\C=C(F)C=CC1=O)c1ccccc1,aromatic_chloro,0.6203632977477191,0.6249487934285911,334.088433652,300.127406004,2.898500000000001,2.2451,2,2,3,3,True
C2=C(\C(NCCCC(=O)N)=C/1C=C(F)C=CC1=O)C=CC(=C2)Cl,[H]CCCN/C(=C1\C=C(F)C=CC1=O)c1ccc(Cl)cc1,amide,0.6203632977477191,0.8482830608196371,334.088433652,291.08262,2.898500000000001,4.043000000000003,2,1,3,2,True
C(C1OC(C(C)C)(C(C)C)OC1)O,[H]C1COC(C(C)C)(C(C)C)O1,hydroxyl,0.7273181273393281,0.6119703896679136,188.1412445,158.130679816,1.4023999999999999,2.0415,1,0,3,2,True
C1=CC(=CC=C1C(CCCN3CCC(N2CCCCC2)(CC3)C(CC)=O)=O)F,CCC(=O)C1(N2CCCCC2)CCN(CCCC(=O)c2ccccc2)CC1,fluoro_aromatic,0.629189850109134,0.6498565380339129,388.25260651599996,370.26202832799993,4.088200000000003,3.949100000000003,0,0,4,4,True
C1=C(C(=C(C(=N1)C)O)CO)CSSCC2=CN=C(C(=C2CO)O)C,[H]c1c(CSSCc2cnc(C)c(O)c2CO)cnc(C)c1O,hydroxyl,0.4363432612666716,0.5509675465715329,368.08644911999994,338.075884436,2.5708400000000013,3.078540000000003,4,3,8,7,True
C1=CC=CC3=C1C(=NC2=CC=CC=C2S3)N4CCN(CCOCCO)CC4,[H]COCCN1CCN(C2=Nc3ccccc3Sc3ccccc32)CC1,hydroxyl,0.8048695029648196,0.8443035259026712,383.16674803999996,353.156183356,2.8560000000000008,3.493500000000002,1,0,6,5,True
C1=CC(=CC3=C1N(C2=NC(=O)CO2)CCN=C3C4=CC=CC=C4Cl)Cl,O=C1COC(N2CCN=C(c3ccccc3Cl)c3ccccc32)=N1,aromatic_chloro,0.7671185875059905,0.8023926309347565,373.038482016,339.07745436799996,3.5636000000000028,2.9102000000000015,0,0,4,4,True
C1=CC(=CC(=C1NC(OCC)=O)N)NCC2=CC=C(C=C2)F,CCOC(=O)Nc1ccc(NCc2ccccc2)cc1N,fluoro_aromatic,0.7377751534580852,0.7353539770947909,303.13830503599996,285.147726848,3.588400000000001,3.449300000000001,3,3,4,4,True
C2=C([N]1C(=NC(=N1)C(N(C)C)=O)CNC(CN)=O)C(=CC(=C2)Cl)C(C3=C(C=CC=C3)Cl)=O,CN(C)C(=O)c1nc(CNC(=O)CN)n(-c2ccccc2C(=O)c2ccccc2Cl)n1,aromatic_chloro,0.5047993416914205,0.5355198475018447,474.09739385999995,440.136366212,2.0818000000000003,1.428400000000001,2,2,7,7,True
C1=CC=CC=C1C2=NCC(NC3=C2[N](N=C3C)CC)=O,[H]CN=C(c1ccccc1)c1cc(C)nn1CC,amide,0.9052564350716658,0.7413764666082857,268.132411132,227.14224754399999,2.00092,2.6786200000000013,1,0,4,3,True
[C@@H]3(N(C1CCC1)C2CCC2)CC4=C(OC3)C(=CC=C4C(=O)N)F,NC(=O)c1cccc2c1C[C@@H](N(C1CCC1)C1CCC1)CO2,fluoro_aromatic,0.928319884888158,0.9292311421937391,318.174356196,300.183778008,2.6351000000000004,2.496,1,1,3,3,True
[C@@H]3(N(C1CCC1)C2CCC2)CC4=C(OC3)C(=CC=C4C(=O)N)F,[H]c1ccc(F)c2c1C[C@@H](N(C1CCC1)C1CCC1)CO2,amide,0.928319884888158,0.8363751274962967,318.174356196,275.168542544,2.6351000000000004,3.5362000000000027,1,0,3,2,True
[C@H]23[C@@]([C@@]1(O[C@@H](O[C@@H]1C2)CCC)C(=O)CO)(C[C@H](O)[C@@]4(F)[C@H]3C[C@H](F)C5=CC(=O)CC[C@]45C)C,[H]C(=O)[C@@]12O[C@H](CCC)O[C@@H]1C[C@H]1[C@@H]3C[C@H](F)C4=CC(=O)CC[C@]4(C)[C@@]3(F)[C@@H](O)C[C@@]12C,hydroxyl,0.6591289923360497,0.6817398988132253,468.232345248,438.221780564,2.980900000000001,3.618400000000003,2,1,6,5,True
C1=C(C(=CC=C1C2CNC(C2)=O)OC)OC3CCCC3,[H]CC(C)c1ccc(OC)c(OC2CCCC2)c1,amide,0.9185493295282857,0.7791528502227414,275.152143532,234.161979944,2.6201000000000008,4.140000000000003,1,0,3,2,True
[C@@H]25C(=C[C@@H](CN1CC(NC(C1)=O)=O)CN2C)C3=CC=CC4=C3C(=C[NH]4)C5,[H]CN(CC=O)C[C@@H]1C=C2c3cccc4[nH]cc(c34)C[C@H]2N(C)C1,amide,0.79310360138024,0.8799532788499809,350.174275944,309.184112356,0.9960000000000007,2.1682999999999995,2,1,4,3,True
C1=C(C(=C(C=C1)Br)NC2=NCCN2)F,Brc1ccccc1NC1=NCCN1,fluoro_aromatic,0.8073771743981657,0.7850264986308697,256.996387608,239.00580942,1.9592999999999998,1.8201999999999994,2,2,3,3,True
C2=C(C1=C(NC(C1)=O)C=C2)CCN(CCC)CCC,[H]Cc1ccccc1CCN(CCC)CCC,amide,0.8173315946878694,0.6762362252513168,260.188863388,219.19869979999999,2.845700000000001,3.659520000000003,1,0,2,1,True
C1=CC(=CC=C1C(CCCN3CCC2(C(N(C)C(C2)=O)=O)CC3)=O)F,CN1C(=O)CC2(CCN(CCCC(=O)c3ccccc3)CC2)C1=O,fluoro_aromatic,0.6061338718824869,0.613573633699844,346.169270816,328.17869262799996,2.2595,2.1204,0,0,4,4,True
[C@@H]2(OC1=C(C=CC=C1)CO)O[C@@H]([C@@H](O)[C@@H]([C@H]2O)O)CO,[H]c1ccccc1O[C@@H]1O[C@H](CO)[C@@H](O)[C@H](O)[C@H]1O,hydroxyl,0.4499934043405802,0.5456992480000844,286.105252916,256.094688232,-1.6424,-1.1347000000000005,5,4,7,6,True
C(C1=CC=CC=C1O)(=O)N,[H]c1ccccc1O,amide,0.5912712208356958,0.514729544768675,137.047678464,94.041864812,0.4910999999999999,1.3922,2,1,2,1,True
C1=CC=CC(=C1OC(C2=C(C=CC=C2)O)=O)C(O)=O,[H]c1ccccc1OC(=O)c1ccccc1O,carboxylic_acid,0.6515507183057149,0.6170368785141781,258.05282342000004,214.06299418,2.3096,2.611400000000001,2,1,4,3,True
C3=C(C1=C([N]2C(=N1)C=CC=C2)CN(C(CCC)=O)C)C=CC(=C3)Cl,CCCC(=O)N(C)Cc1c(-c2ccccc2)nc2ccccn12,aromatic_chloro,0.6888435792188432,0.7195247578550192,341.12948994,307.168462292,4.413200000000004,3.759800000000003,0,0,3,3,True
C2=C(C1=C(C=CC(=C1)Cl)[N]2C3=CC=C(C=C3)F)C5CCN(CCN4C(NCC4)=O)CC5,O=C1NCCN1CCN1CCC(c2cn(-c3ccc(F)cc3)c3ccccc23)CC1,aromatic_chloro,0.6281222024796649,0.6964824083331611,440.17791735200007,406.21688970400004,4.627600000000005,3.9742000000000024,1,1,3,3,True
C2=C(C1=C(C=CC(=C1)Cl)[N]2C3=CC=C(C=C3)F)C5CCN(CCN4C(NCC4)=O)CC5,O=C1NCCN1CCN1CCC(c2cn(-c3ccccc3)c3ccc(Cl)cc23)CC1,fluoro_aromatic,0.6281222024796649,0.6577357443678489,440.17791735200007,422.18733916400004,4.627600000000005,4.488500000000005,1,1,3,3,True
C2=C(C1=C(C=CC(=C1)Cl)[N]2C3=CC=C(C=C3)F)C5CCN(CCN4C(NCC4)=O)CC5,[H]N(CC)CCN1CCC(c2cn(-c3ccc(F)cc3)c3ccc(Cl)cc23)CC1,amide,0.6281222024796649,0.5738139394054846,440.17791735200007,399.1877537640001,4.627600000000005,5.211900000000005,1,1,3,3,True
C1=CC(=CC=C1C2(C(CC(C)C)N(C)C)CCC2)Cl,CC(C)CC(N(C)C)C1(c2ccccc2)CCC1,aromatic_chloro,0.7525599819436474,0.7551430217456542,279.175377512,245.21434986399998,4.738000000000005,4.084600000000004,0,0,1,1,True
C1=CC=CC=C1N2C4(C(NC2)=O)CCN(CCCC(C3=CC=C(F)C=C3)=O)CC4,O=C(CCCN1CCC2(CC1)C(=O)NCN2c1ccccc1)c1ccccc1,fluoro_aromatic,0.7634482407563192,0.7863569090764602,395.20090529199996,377.210327104,3.217100000000001,3.078000000000001,1,1,4,4,True
C1=CC=CC=C1N2C4(C(NC2)=O)CCN(CCCC(C3=CC=C(F)C=C3)=O)CC4,[H]C1(N(C)c2ccccc2)CCN(CCCC(=O)c2ccc(F)cc2)CC1,amide,0.7634482407563192,0.6891561349162952,395.20090529199996,354.210741704,3.217100000000001,4.389400000000004,1,0,4,3,True
[C@]24(C[C@@H]([C@@H](N(C(CC1=CC(=C(Cl)C=C1)Cl)=O)C)CC2)N3CCCC3)CCCO4,CN(C(=O)Cc1ccc(Cl)cc1)[C@H]1CC[C@@]2(CCCO2)C[C@@H]1N1CCCC1,aromatic_chloro,0.709221975110803,0.7809757271199013,424.16843356,390.207405912,4.560400000000004,3.9070000000000036,0,0,3,3,True
C4=C(N1C3(C(NC1)=O)CCN(CCCOC2=CC=C(C=C2)F)CC3)C=CC=C4,O=C1NCN(c2ccccc2)C12CCN(CCCOc1ccccc1)CC2,fluoro_aromatic,0.7791989010413751,0.7998164548154585,383.20090529199996,365.210327104,3.023100000000002,2.8840000000000012,1,1,4,4,True
C4=C(N1C3(C(NC1)=O)CCN(CCCOC2=CC=C(C=C2)F)CC3)C=CC=C4,[H]C1(N(C)c2ccccc2)CCN(CCCOc2ccc(F)cc2)CC1,amide,0.7791989010413751,0.7016722766072552,383.20090529199996,342.210741704,3.023100000000002,4.195400000000004,1,0,4,3,True
C1=CC=CC=C1N2C4(C(NC2)=O)CCN(CC\C=C(C3=CC=C(F)C=C3)\C)CC4,C/C(=C/CCN1CCC2(CC1)C(=O)NCN2c1ccccc1)c1ccccc1,fluoro_aromatic,0.8325706487119399,0.8606684080303685,393.221640736,375.231062548,4.047600000000004,3.9085000000000027,1,1,3,3,True
C1=CC=CC=C1N2C4(C(NC2)=O)CCN(CC\C=C(C3=CC=C(F)C=C3)\C)CC4,[H]C1(N(C)c2ccccc2)CCN(CC/C=C(/C)c2ccc(F)cc2)CC1,amide,0.8325706487119399,0.7031275854333129,393.221640736,352.231477148,4.047600000000004,5.219900000000005,1,0,3,2,True
C3=C(N2C(C(C1=CC=CC=C1)CC2=O)=O)C(=CC(=C3)[S](N)(=O)=O)Cl,NS(=O)(=O)c1ccc(N2C(=O)CC(c3ccccc3)C2=O)cc1,aromatic_chloro,0.8423733361793316,0.8597218833637451,364.028455576,330.067427928,2.0345,1.3811,1,1,4,4,True
C3=C(N2C(C(C1=CC=CC=C1)CC2=O)=O)C(=CC(=C3)[S](N)(=O)=O)Cl,[H]c1ccc(N2C(=O)CC(c3ccccc3)C2=O)c(Cl)c1,sulfonamide,0.8423733361793316,0.793321663980056,364.028455576,285.055656304,2.0345,3.387100000000002,1,0,4,2,True
C1=C(C(=CC=C1[S](N)(=O)=O)OC)C(NCC2N(CCC2)C)=O,[H]c1ccc(OC)c(C(=O)NCC2CCCN2C)c1,sulfonamide,0.8023618334919592,0.87807920286846,327.125277152,248.15247788,0.16660000000000008,1.5191999999999999,2,1,5,3,True
C1=CC(=CC=C1N2[S](CCCC2)(=O)=O)[S](N)(=O)=O,[H]c1ccc(N2CCCCS2(=O)=O)cc1,sulfonamide,0.8446185744476145,0.7074936674797442,290.03949892799994,211.066699656,0.26400000000000035,1.6166,1,0,4,2,True
C4=C(N2C(C1=C(SCCS1)C2=O)OC(N3CCN(C(CC)=O)CC3)=O)N=C5C(=C4)C=CC(=N5)Cl,CCC(=O)N1CCN(C(=O)OC2C3=C(SCCS3)C(=O)N2c2ccc3cccnc3n2)CC1,aromatic_chloro,0.5696643939803865,0.6549095595863523,519.080173864,485.11914621600005,3.338300000000002,2.6849000000000007,0,0,8,8,True
C4=C(N2C(C1=C(SCCS1)C2=O)OC(N3CCN(C)CC3)=O)N=C5C(=C4)C=CC(=N5)Cl,CN1CCN(C(=O)OC2C3=C(SCCS3)C(=O)N2c2ccc3cccnc3n2)CC1,aromatic_chloro,0.6105975432991555,0.7001577924975304,477.06960918000004,443.1085815320001,3.031500000000001,2.3781,0,0,8,8,True
C1=C(C=CC=C1C2=NN(C)C(N2C)=S)F,Cn1nc(-c2ccccc2)n(C)c1=S,fluoro_aromatic,0.6921868751363388,0.6657050000702202,223.05794654,205.067368352,2.2941899999999995,2.1550899999999995,0,0,4,4,True
[C@@H]2(C3=C([C@H](C1=CC=C(C=C1)F)C2)C=CC(=C3)C(F)(F)F)N4CCN(CCO)CC4,OCCN1CCN([C@@H]2C[C@@H](c3ccccc3)c3ccc(C(F)(F)F)cc32)CC1,fluoro_aromatic,0.7742443056065689,0.8581015894114353,408.182476268,390.19189808000004,4.031100000000004,3.892000000000003,1,1,3,3,True
[C@@H]2(C3=C([C@H](C1=CC=C(C=C1)F)C2)C=CC(=C3)C(F)(F)F)N4CCN(CCO)CC4,[H]CN1CCN([C@@H]2C[C@@H](c3ccc(F)cc3)c3ccc(C(F)(F)F)cc32)CC1,hydroxyl,0.7742443056065689,0.7011047257786692,408.182476268,378.1719115840001,4.031100000000004,4.668600000000005,1,0,3,2,True
C1=C(C(F)(F)F)C=CC3=C1C(C2=C(C=C(F)C=C2)S3)CCCN4CCN(CCO)CC4,OCCN1CCN(CCCC2c3ccccc3Sc3ccc(C(F)(F)F)cc32)CC1,fluoro_aromatic,0.6328299845411147,0.7107297071700301,454.17019733200004,436.17961914400007,4.831100000000006,4.692000000000006,1,1,4,4,True
C1=C(C(F)(F)F)C=CC3=C1C(C2=C(C=C(F)C=C2)S3)CCCN4CCN(CCO)CC4,[H]CN1CCN(CCCC2c3ccc(F)cc3Sc3ccc(C(F)(F)F)cc32)CC1,hydroxyl,0.6328299845411147,0.6013486290866227,454.17019733200004,424.1596326480001,4.831100000000006,5.468600000000006,1,0,4,3,True
C2=C(C1C(NCCN1)=O)SC=C2,[H]C(NCC)c1cccs1,amide,0.6640932441200813,0.6771479967940521,182.05138394,141.061220352,0.5085999999999997,1.8576,2,1,3,2,True
C3=C(C1=CCN(CCC)CC1)C2=CC(=CC=C2[NH]3)Cl,CCCN1CC=C(c2c[nH]c3ccccc23)CC1,aromatic_chloro,0.8830917620147134,0.8670049283537027,274.123676288,240.16264864,4.320400000000003,3.6670000000000025,1,1,1,1,True
C1=CC=CC2=C1CC3(CC2)NC(=O)NC3=O,[H]NC(=O)C1CCc2ccccc2C1,amide,0.6287295701223106,0.6860301478513379,216.089877624,175.099714036,0.7534999999999998,1.2768,2,1,2,1,True
C1=CC=CC3=C1C(N(C2C(NC(=O)CC2)=O)C3=O)=O,[H]C(CCC=O)N1C(=O)c2ccccc2C1=O,amide,0.7233587999857974,0.43317632774736403,258.0640568,217.073893212,0.08779999999999971,1.2617,1,0,4,3,True
C(C2(C1CCCC=C1)C(NC(=S)NC2=O)=O)C=C,[H]C(CC=C)(C(=O)NC=S)C1C=CCCC1,amide,0.4604969807918296,0.5731674813011756,264.093248752,223.103085164,1.4361,2.6084000000000005,2,1,3,2,True
C1=C(Cl)C=CC3=C1N(C2=C(C=CC=C2)S3)CCCN4CCN(CCOC(C)=O)CC4,CC(=O)OCCN1CCN(CCCN2c3ccccc3Sc3ccccc32)CC1,aromatic_chloro,0.583225643500821,0.6441435661603838,445.159075816,411.19804816799996,4.513500000000004,3.8601000000000028,0,0,6,6,True
[C@@H]3(CN(CCC=C(C1=C(C=CS1)C)C2=C(C=CS2)C)CCC3)C(O)=O,[H]C1CCCN(CCC=C(c2sccc2C)c2sccc2C)C1,carboxylic_acid,0.7683688060325684,0.6756083515381957,375.13267104,331.14284180000004,5.044840000000004,5.734140000000005,1,0,4,3,True
C1=CC(=CC2=C1C(C3=C(N(C)[S]2(=O)=O)C=CC=C3)NCCCCCCC(O)=O)Cl,CN1c2ccccc2C(NCCCCCCC(=O)O)c2ccccc2S1(=O)=O,aromatic_chloro,0.6055890008979126,0.6597403703015636,436.12235596,402.16132831199997,4.192600000000003,3.539200000000002,2,2,4,4,True
C1=CC(=CC2=C1C(C3=C(N(C)[S]2(=O)=O)C=CC=C3)NCCCCCCC(O)=O)Cl,[H]CCCCCCNC1c2ccccc2N(C)S(=O)(=O)c2cc(Cl)ccc21,carboxylic_acid,0.6055890008979126,0.7222004743228534,436.12235596,392.13252672000004,4.192600000000003,4.7378000000000045,2,1,4,3,True
C1=C(F)C=CC2=C1N4C(CN=C2C3=CC=CS3)CN(C)CC4,CN1CCN2c3ccccc3C(c3cccs3)=NCC2C1,fluoro_aromatic,0.8057155456405761,0.8057962560364867,315.120546796,297.129968608,2.858600000000001,2.719500000000001,0,0,4,4,True
C1=CC=CC4=C1N(C3CCN(CCCC(C2=CC=C(F)C=C2)=O)CC3)C(N4)=S,O=C(CCCN1CCC(n2c(=S)[nH]c3ccccc32)CC1)c1ccccc1,fluoro_aromatic,0.46259089779264356,0.4839980457855589,397.16241160799996,379.17183342,5.137990000000005,4.998890000000004,1,1,4,4,True
C2=C(N1C(SCC1)=N)C(=CC(=C2)Cl)N,N=C1SCCN1c1ccccc1N,aromatic_chloro,0.7248826288234071,0.6680845025048427,227.028396,193.067368352,2.41017,1.75677,2,2,3,3,True
C1=C(Cl)C=CC2=C1C(=NCC(N2CC[S](C3=CC=C(C)C=C3)(=O)=O)=O)C4=CC=CC=C4Cl,Cc1ccc(S(=O)(=O)CCN2C(=O)CN=C(c3ccccc3Cl)c3ccccc32)cc1,aromatic_chloro,0.5111684842859714,0.5790445994611287,486.05716885999993,452.0961412119999,4.959720000000004,4.306320000000004,0,0,4,4,True
[C@@]23([C@H]([C@H]1[C@H](OC(O1)(C)C)CO2)OC(O3)(C)C)CO[S](N)(=O)=O,[H]OC[C@@]12OC[C@H]3OC(C)(C)O[C@H]3[C@@H]1OC(C)(C)O2,sulfonamide,0.7386170940393365,0.7348306549838537,339.098787632,260.12598836,-0.39539999999999814,0.3767999999999996,1,1,8,6,True
N[C@@H](CC1=C[NH]C2=CC=CC=C12)C(=O)O,[H]C(N)Cc1c[nH]c2ccccc12,carboxylic_acid,0.7005840997557369,0.6890236514433123,204.089877624,160.100048384,1.1223000000000003,1.6691,3,2,2,1,True
C1=C(Cl)C=CC2=C1C(=NCC(=N2)NOCC=C)C3=CC=CC=C3Cl,C=CCONC1=Nc2ccccc2C(c2ccccc2Cl)=NC1,aromatic_chloro,0.49280554222298256,0.5257364150849373,359.05921746,325.098189812,4.581600000000003,3.928200000000003,1,1,4,4,True
C(C(C(N)=O)(CCC)CCC)CC,[H]C(CCC)(CCC)CCC,amide,0.6508396737329992,0.5255086598522993,185.177964356,142.172150704,2.8584000000000014,4.002900000000003,1,0,1,0,True
[C@@H](N)(C(OCC(OC[N]1C2=C(N=C1)C(=O)N=C(N2)N)CO)=O)C(C)C,[H]C(COC(=O)[C@@H](N)C(C)C)OCn1cnc2c(=O)nc(N)[nH]c21,hydroxyl,0.41429377068433654,0.44214276395859164,354.16516780399996,324.15460312000005,-1.4366999999999985,-0.797599999999999,4,3,10,9,True
C1=C([S](N)(=O)=O)C=C(C(=C1C(NCC2N(CCC2)CC=C)=O)OC)OC,[H]c1cc(OC)c(OC)c(C(=O)NCC2CCCN2CC=C)c1,sulfonamide,0.6404695987510074,0.7837363421463839,383.15149189999994,304.178692628,0.7314000000000005,2.0839999999999996,2,1,6,4,True
OCCCN4CCN(CCCC2c1ccccc1Sc3ccc(Cl)cc23)CC4,OCCCN1CCN(CCCC2c3ccccc3Sc3ccccc32)CC1,aromatic_chloro,0.7061803030334681,0.781085314244562,416.168912228,382.20788458,4.716700000000004,4.0633000000000035,1,1,4,4,True
OCCCN4CCN(CCCC2c1ccccc1Sc3ccc(Cl)cc23)CC4,[H]CCN1CCN(CCCC2c3ccccc3Sc3ccc(Cl)cc32)CC1,hydroxyl,0.7061803030334681,0.6830025893242629,416.168912228,386.158347544,4.716700000000004,5.354200000000006,1,0,4,3,True
C1=CC(=CC=C1CNC(C(C)C)CCCCCC(O)=O)F,[H]CCCCCC(NCc1ccc(F)cc1)C(C)C,carboxylic_acid,0.6419979393469061,0.6697652599262173,295.194757292,251.20492805199999,3.9750000000000023,4.5202000000000035,2,1,2,1,True
C1=CC(=CC=C1CNC(C(C)C)CCCCCC(O)=O)F,CC(C)C(CCCCCC(=O)O)NCc1ccccc1,fluoro_aromatic,0.6419979393469061,0.6388792784911559,295.194757292,277.204179104,3.9750000000000023,3.8359000000000023,2,2,2,2,True
C1=C(C=CC=C1N3C(N(CCN2CC(C)(C)C2)CC3)=O)Cl,CC1(C)CN(CCN2CCN(c3ccccc3)C2=O)C1,aromatic_chloro,0.8549074905932432,0.8411558200185177,307.145140004,273.184112356,2.9238000000000017,2.2704000000000004,0,0,2,2,True
C1=CC=CC2=C1C(=NS2)N5CCN(CCC4=CC3=C(NC(C3)=O)C=C4Cl)CC5,O=C1Cc2cc(CCN3CCN(c4nsc5ccccc45)CC3)ccc2N1,aromatic_chloro,0.7074872979003035,0.7576772948580159,412.112459972,378.151432324,3.809000000000002,3.1556000000000015,1,1,5,5,True
C1=CC=CC2=C1C(=NS2)N5CCN(CCC4=CC3=C(NC(C3)=O)C=C4Cl)CC5,[H]Cc1ccc(Cl)c(CCN2CCN(c3nsc4ccccc34)CC2)c1,amide,0.7074872979003035,0.6664925647588007,412.112459972,371.12229638400004,3.809000000000002,4.622820000000004,1,0,5,4,True
C1=CC=CC(=C1C2=NCC(N(C3=C2C(=N[N]3C)C)C)=O)F,Cc1nn(C)c2c1C(c1ccccc1)=NCC(=O)N2C,fluoro_aromatic,0.8006190285580513,0.7874820761679198,286.12298932000004,268.132411132,1.68142,1.54232,0,0,4,4,True
C4=C(C3=C(CCN2CCN(C1=C(C=CC=C1)OC)CC2)OC(N3)=O)C=CC(=C4)F,COc1ccccc1N1CCN(CCc2oc(=O)[nH]c2-c2ccccc2)CC1,fluoro_aromatic,0.6924623140122532,0.7134042704762263,397.180169848,379.18959166,3.1473000000000013,3.0082000000000013,1,1,5,5,True
C1=C(Cl)C=CC2=C1C(=NO2)C([N]3C=CN=C3)C,CC(c1noc2ccccc12)n1ccnc1,aromatic_chloro,0.697993777693833,0.6568680555597728,247.05123962,213.090211972,3.2870000000000017,2.6336000000000004,0,0,4,4,True
C1=CC(=CN=C1N2C(C3=C(C2=O)N=CC=N3)OC(N4CCN(C)CC4)=O)Cl,CN1CCN(C(=O)OC2c3nccnc3C(=O)N2c2ccccn2)CC1,aromatic_chloro,0.7705081180627317,0.7915364880724245,388.10506608400004,354.144038436,1.5679999999999998,0.9146000000000001,0,0,7,7,True
C1=C(Cl)C=CC2=C1C(=CC3=C(S2)C=CC=C3)OCCN(C)C,CN(C)CCOC1=Cc2ccccc2Sc2ccccc21,aromatic_chloro,0.791816501252693,0.8378137958210145,331.079762876,297.11873522800005,4.880900000000004,4.2275000000000045,0,0,3,3,True
C1=CC(=CC3=C1[N]2C(=NN=C2CN(C)C)CN=C3C4=CC=CC=C4)Cl,CN(C)Cc1nnc2n1-c1ccccc1C(c1ccccc1)=NC2,aromatic_chloro,0.7267502579317812,0.7459646044484295,351.12507325599995,317.164045608,3.333300000000002,2.679900000000001,0,0,5,5,True
C3=C(C1=C([N]2C(=N1)C=CC(=C2)Cl)CC(N(CCC)CCC)=O)C=CC(=C3)Cl,CCCN(CCC)C(=O)Cc1c(-c2ccc(Cl)cc2)nc2ccccn12,aromatic_chloro,0.521626059864426,0.5968588146267697,403.12181771599995,369.160790068,5.499200000000004,4.845800000000005,0,0,3,3,True
C1=CC(=NC2=C1C(C(=CN2CC)C(O)=O)=O)CC3=CC=CC=C3,[H]c1cn(CC)c2nc(Cc3ccccc3)ccc2c1=O,carboxylic_acid,0.8040855587838347,0.7285641309498693,308.116092372,264.126263132,2.705400000000001,3.007200000000002,1,0,4,3,True
C1=CC(=CC=C1C2(C(NC(=O)CC2)=O)CC)N,[H]C(CC)(CCC=O)c1ccc(N)cc1,amide,0.596936217611897,0.5741086619005097,232.121177752,191.131014164,1.3532000000000002,2.7415000000000003,2,1,3,2,True
C1=CC(=CC=C1C3(CCN(CCCC(C2=CC=C(F)C=C2)=O)CC3)C(N(C)C)=O)Cl,CN(C)C(=O)C1(c2ccccc2)CCN(CCCC(=O)c2ccc(F)cc2)CC1,aromatic_chloro,0.6042296823109917,0.6665031630924089,430.18233403599993,396.22130638799996,4.5640000000000045,3.910600000000003,0,0,3,3,True
C1=CC(=CC=C1C3(CCN(CCCC(C2=CC=C(F)C=C2)=O)CC3)C(N(C)C)=O)Cl,CN(C)C(=O)C1(c2ccc(Cl)cc2)CCN(CCCC(=O)c2ccccc2)CC1,fluoro_aromatic,0.6042296823109917,0.6316265535774515,430.18233403599993,412.191755848,4.5640000000000045,4.424900000000004,0,0,3,3,True
C1=C(Cl)C=CC2=C1C(=NC3=C(O2)C=CC=C3)N4CCNCC4,c1ccc2c(c1)N=C(N1CCNCC1)c1ccccc1O2,aromatic_chloro,0.8093498766353517,0.8053982583786713,313.09818981200004,279.137162164,3.4292000000000016,2.775800000000001,1,1,4,4,True
C3=C(N2CCN(CCCC(C1=CC=C(F)C=C1)O)CC2)C(=CC=C3)OC,COc1ccccc1N1CCN(CCCC(O)c2ccccc2)CC1,fluoro_aromatic,0.8221552534405213,0.838608300531385,358.20565632399996,340.21507813599993,3.470100000000002,3.331000000000002,1,1,4,4,True
C1=C(Cl)C=CC3=C1N(C2=CC=CC=C2)C(CCN3C(OCC)=O)=O,CCOC(=O)N1CCC(=O)N(c2ccccc2)c2ccccc21,aromatic_chloro,0.8123329412973188,0.8491945229703636,344.09277008399994,310.1317424359999,4.371300000000004,3.717900000000003,0,0,3,3,True
C1=CC=CC=C1C(C(OC2CC3N(C)C(C2)CC3)=O)CO,[H]C(C(=O)OC1CC2CCC(C1)N2C)c1ccccc1,hydroxyl,0.8605899449393155,0.7806574231309205,289.167793596,259.157228912,1.9308999999999998,2.397500000000001,1,0,4,3,True
C1=CC=CC=C1C3(C(N(C(C2=CC=CC=C2)=O)C(=O)NC3=O)=O)CC,[H]N(C(=O)c1ccccc1)C(=O)C(C=O)(CC)c1ccccc1,amide,0.6881977550663423,0.6806371898712832,336.11100699199994,295.120843404,2.2532000000000005,2.4899000000000004,1,1,4,3,True
[C@@H]3(N(C1=C(C=CC=C1)F)C(COC)=O)[C@@H](CN(CCN2C(N(CC)N=N2)=O)CC3)C,CCn1nnn(CCN2CC[C@H](N(C(=O)COC)c3ccccc3)[C@H](C)C2)c1=O,fluoro_aromatic,0.6332122819263579,0.6508068727983718,420.2285170080001,402.23793882,0.9888000000000001,0.8497000000000003,0,0,8,8,True
C1=CC=CC4=C1N(CCCN3CCC(N2CCCCC2)(CC3)C(N)=O)C5=C(CC4)C=CC=C5,[H]C1(N2CCCCC2)CCN(CCCN2c3ccccc3CCc3ccccc32)CC1,amide,0.7253072770707405,0.6738140085021229,446.304561836,403.29874818400003,4.119200000000002,5.263700000000005,1,0,4,3,True
C1=C(F)C=CC2=C1C3=C([NH]2)CCN(C3)CCC4=CC=NC=C4,c1ccc2c3c([nH]c2c1)CCN(CCc1ccncc1)C3,fluoro_aromatic,0.8037238211544504,0.7971867142028609,295.148475796,277.15789760800004,3.302800000000002,3.1637000000000013,1,1,2,2,True
C3=C(C(N1CCN(C)CC1)C2=CC=CC=C2)C=CC(=C3)Cl,CN1CCN(C(c2ccccc2)c2ccccc2)CC1,aromatic_chloro,0.853074635255455,0.8423419819869499,300.139326352,266.178298704,3.6768000000000027,3.0234000000000023,0,0,2,2,True
C1=CC(=CC=C1OCC(COC(N)=O)O)Cl,NC(=O)OCC(O)COc1ccccc1,aromatic_chloro,0.8160595704353587,0.7435225878367822,245.045485544,211.084457896,1.1749999999999998,0.5216000000000001,2,2,4,4,True
C1=CC(=CC=C1OCC(COC(N)=O)O)Cl,[H]OCC(O)COc1ccc(Cl)cc1,amide,0.8160595704353587,0.768217152385319,245.045485544,202.039671892,1.1749999999999998,1.0719999999999998,2,2,4,3,True
C2=C(C(C1=CC=CC=C1)(OCCN(C)C)C)C=CC(=C2)Cl,CN(C)CCOC(C)(c1ccccc1)c1ccccc1,aromatic_chloro,0.7934887989018062,0.7952027498479047,303.138992004,269.177964356,4.181700000000004,3.5283000000000024,0,0,2,2,True
C1=C2C(=CC=C1)OC(CCCl)NC2=O,[H]c1ccccc1OCCCCl,amide,0.7575631429217322,0.4988892279101983,211.04000624,170.049842652,1.7637999999999996,2.6943,1,0,2,1,True
C1=CC=CC2=C1C(C3=NCCCN23)(C4=CC=CC(=C4)Cl)O,OC1(c2ccccc2)C2=NCCCN2c2ccccc21,aromatic_chloro,0.8774322566217464,0.8588941831840368,298.08729078,264.126263132,3.1981000000000024,2.544700000000001,1,1,3,3,True
C1=CC=CC=C1C4(C3CCN(C\C=C\C2=CC=CC=C2)CC3)C(NC(=O)CC4)=O,[H]C(CCC=O)(c1ccccc1)C1CCN(C/C=C/c2ccccc2)CC1,amide,0.7931859603518998,0.6136936200577787,388.21507813599993,347.22491454799996,3.786400000000002,5.174700000000005,1,0,3,2,True
C1=C(C(=C(C=C1\C=C\C(N)=O)OC)OC)OC,[H]C=Cc1cc(OC)c(OC)c(OC)c1,amide,0.781275937515686,0.7359736547108835,237.10010796,194.094294308,1.2108999999999999,2.3553999999999995,1,0,4,3,True
C3=C(N2CCN(CCCC(C1=CC=C(F)C=C1)=O)CC2)N=CC4=CC=CC=C34,O=C(CCCN1CCN(c2cc3ccccc3cn2)CC1)c1ccccc1,fluoro_aromatic,0.6046467514325075,0.6230310182645554,377.190340608,359.19976242,4.159000000000004,4.019900000000003,0,0,4,4,True
C1=CC(=CC3=C1C(C2=CC=C(F)C=C2)(OC3)CCCN(C)C)C#N,CN(C)CCCC1(c2ccccc2)OCc2cc(C#N)ccc21,fluoro_aromatic,0.8388667572429986,0.845316819511218,324.16379151200005,306.173213324,3.8129800000000023,3.6738800000000023,0,0,3,3,True
C1=CC=CC3=C1C(C2=C(C=CC=C2)C=C3)C(N)=O,[H]C1c2ccccc2C=Cc2ccccc21,amide,0.8110719662438038,0.5084360098713973,235.099714036,192.093900384,2.7876000000000003,3.7612000000000023,1,0,1,0,True
C1=C(Cl)C=CC4=C1C3C2=CC=CC=C2CCN3CC(=O)N4C,CN1C(=O)CN2CCc3ccccc3C2c2ccccc21,aromatic_chloro,0.7452224527940338,0.7393318036054828,312.10294084400005,278.14191319599996,3.263900000000003,2.610500000000001,0,0,2,2,True
C1=CC=CC(=C1)C(C(CN(C)C)O)C2=CC=C(C=C2)Cl,CN(C)CC(O)C(c1ccccc1)c1ccccc1,aromatic_chloro,0.9118828878163242,0.8877387845531135,289.12334194,255.162314292,3.394400000000002,2.7410000000000014,1,1,2,2,True
C1=CC(=CC3=C1[N]2C(=CN=C2C)CN=C3C4=CC=CC=C4Cl)Cl,Cc1ncc2n1-c1ccccc1C(c1ccccc1Cl)=NC2,aromatic_chloro,0.6224214046569357,0.6629076511051774,341.04865277600004,307.087625128,4.838520000000003,4.185120000000003,0,0,3,3,True
C1=CC(=CC=C1OCC(NCCN(CC)CC)=O)Cl,CCN(CC)CCNC(=O)COc1ccccc1,aromatic_chloro,0.795478445623375,0.7603927774530449,284.129155592,250.168127944,2.1768,1.5233999999999999,1,1,3,3,True
C1=C(Cl)C=CC3=C1C(C2=C(C=CC=C2)N3)CCCN(C)C,CN(C)CCCC1c2ccccc2Nc2ccccc21,aromatic_chloro,0.8662663446746822,0.8911232346082478,300.139326352,266.178298704,4.870700000000005,4.217300000000003,1,1,2,2,True
CN1CCC(CC1)=C3c2ccccc2Oc4ccc(Cl)cc34,CN1CCC(=C2c3ccccc3Oc3ccccc32)CC1,aromatic_chloro,0.5807467488111467,0.606525734066728,311.107691876,277.146664228,4.973200000000004,4.319800000000003,0,0,2,2,True
C1=C(Cl)C=CC2=C1C(=NC3=C(S2)C=CC=C3)N4CCN(CC4)C,CN1CCN(C2=Nc3ccccc3Sc3ccccc32)CC1,aromatic_chloro,0.7163896237621907,0.7423447125524636,343.09099625600004,309.129968608,4.1303000000000045,3.476900000000003,0,0,4,4,True
C1=C(Cl)C=CC3=C1C2(OCCN2CC(=O)N3)C4=C(Cl)C=CC=C4,O=C1CN2CCOC2(c2ccccc2Cl)c2ccccc2N1,aromatic_chloro,0.8571752049582556,0.8798070291105186,348.043233048,314.0822054,3.4788000000000014,2.825400000000001,1,1,3,3,True
C1=C(Cl)C=CC3=C1C2(OCCN2CC(=O)N3)C4=C(Cl)C=CC=C4,[H]CN1CCOC1(c1cccc(Cl)c1)c1ccccc1Cl,amide,0.8571752049582556,0.8259142276319876,348.043233048,307.05306946,3.4788000000000014,4.156500000000003,1,0,3,2,True
C1=C(Cl)C=NC2=C1SC4=C(N2CCCN3CCN(CCO)CC3)C=CC=C4,OCCN1CCN(CCCN2c3ccccc3Sc3cccnc32)CC1,aromatic_chloro,0.7960682401674561,0.8433617462191566,404.1437601,370.182732452,3.3377000000000017,2.6843000000000012,1,1,6,6,True
C1=C(Cl)C=NC2=C1SC4=C(N2CCCN3CCN(CCO)CC3)C=CC=C4,[H]CN1CCN(CCCN2c3ccccc3Sc3cc(Cl)cnc32)CC1,hydroxyl,0.7960682401674561,0.804878267952966,404.1437601,374.13319541600004,3.3377000000000017,3.9752000000000027,1,0,6,5,True
C4=C(C2=C3C(=NC(=NCC1CC1)CN2O)C=CC(=C3)Cl)C=CC=C4,ON1CC(=NCC2CC2)N=c2ccccc2=C1c1ccccc1,aromatic_chloro,0.9341408092037142,0.9423674018449377,339.113839876,305.152812228,2.6294000000000013,1.976,1,1,3,3,True
C1=CC=CC2=C1N(C(=O)N2)CCCN4CCC(C(C3=CC=C(F)C=C3)=O)CC4,O=C(c1ccccc1)C1CCN(CCCn2c(=O)[nH]c3ccccc32)CC1,fluoro_aromatic,0.6655634984188271,0.6837208174921425,381.18525522799996,363.19467704,3.453700000000002,3.314600000000002,1,1,4,4,True
C1=C(Cl)C=CC2=C1C(=NCC(N2)=O)C3=CC=CC=C3Cl,O=C1CN=C(c2ccccc2Cl)c2ccccc2N1,aromatic_chloro,0.8555651223791705,0.8498120203195162,304.0170183,270.05599065200005,3.7829000000000015,3.129500000000002,1,1,2,2,True
C1=C(Cl)C=CC2=C1C(=NCC(N2)=O)C3=CC=CC=C3Cl,[H]CN=C(c1cccc(Cl)c1)c1ccccc1Cl,amide,0.8555651223791705,0.7098962541433341,304.0170183,263.026854712,3.7829000000000015,4.460600000000002,1,0,2,1,True
C1=C(C=CC=C1OC2CN(C(N)=O)C2)C(F)(F)F,[H]N1CC(Oc2cccc(C(F)(F)F)c2)C1,amide,0.8817687903772349,0.8182005672586068,260.077262252,217.0714486,1.8471,2.056,1,1,2,2,True
C2=C(C1[S](CCC(N1C)=O)(=O)=O)C=CC(=C2Cl)Cl,CN1C(=O)CCS(=O)(=O)C1c1cccc(Cl)c1,aromatic_chloro,0.7995050890542754,0.7812058854471292,306.98366957200005,273.022641924,2.2689000000000004,1.6155000000000002,0,0,3,3,True
C1=CC(=CC3=C1C(C2=CC(=C(Cl)C=C2)Cl)CN(C)C3)OC,COc1ccc2c(c1)CN(C)CC2c1ccc(Cl)cc1,aromatic_chloro,0.8023551276667946,0.8298150834268424,321.06871952399996,287.107691876,4.579300000000004,3.925900000000004,0,0,2,2,True
Clc1ccc(cc1)C(OCCN2CCOCC2)c3ccccc3,c1ccc(C(OCCN2CCOCC2)c2ccccc2)cc1,aromatic_chloro,0.8037823118727081,0.8174806247995444,331.13390662399996,297.17287897600005,3.7782000000000027,3.1248000000000022,0,0,3,3,True
[C@]23([C@H]([C@H]1[C@]([C@](C(CO)=O)(C)[C@@H](C1)C)(C)C[C@@H]2O)CCC4=CC(=O)C=C[C@]34C)F,[H]C(=O)[C@@]1(C)[C@H](C)C[C@H]2[C@@H]3CCC4=CC(=O)C=C[C@]4(C)[C@@]3(F)[C@@H](O)C[C@@]21C,hydroxyl,0.7594940922043283,0.7236589648290405,390.22063769199997,360.210073008,3.1709000000000023,3.8084000000000033,2,1,4,3,True
C1=C(C(=CC=C1Cl)N(C(CNCC(C)=C)=O)C)C(C2=CC=CC=C2)=O,C=C(C)CNCC(=O)N(C)c1ccccc1C(=O)c1ccccc1,aromatic_chloro,0.6075627009585827,0.6294937994932533,356.129155592,322.16812794399993,3.699500000000003,3.046100000000002,1,1,3,3,True
C1=CC=CC2=C1C(C(N2CC(N)=O)=O)C3=CC=CC=C3,[H]CN1C(=O)C(c2ccccc2)c2ccccc21,amide,0.9177274253200479,0.7276167667622883,266.105527688,223.099714036,1.6504000000000003,2.794900000000001,1,0,2,1,True
C1=C(Cl)C=CC2=C1C(=NC(O)C(N2CCO)=O)C3=CC=CC=C3F,O=C1C(O)N=C(c2ccccc2F)c2ccccc2N1CCO,aromatic_chloro,0.8904019253267631,0.8972650421718563,348.06769820799997,314.10667056000005,1.9737999999999998,1.3204,2,2,4,4,True
C1=C(Cl)C=CC2=C1C(=NC(O)C(N2CCO)=O)C3=CC=CC=C3F,O=C1C(O)N=C(c2ccccc2)c2cc(Cl)ccc2N1CCO,fluoro_aromatic,0.8904019253267631,0.9015103105961141,348.06769820799997,330.07712002,1.9737999999999998,1.8346999999999996,2,2,4,4,True
C3=C(C2(C1=CC=CC=C1)C(NCN2)=O)C=CC=C3,[H]C(NC)(c1ccccc1)c1ccccc1,amide,0.8341960200523303,0.797235464576871,238.110613068,197.12044948,1.6071,2.995400000000001,2,1,2,1,True
[C@H]23C([C@@]1(OC(O[C@@H]1C2)(C)C)C(=O)CO)(C[C@H](O)[C@@]4(F)C3CCC5C4(CCC(=O)C5)C)C,[H]C(=O)[C@@]12OC(C)(C)O[C@@H]1C[C@H]1C3CCC4CC(=O)CCC4(C)[C@@]3(F)[C@@H](O)CC12C,hydroxyl,0.6887374114045545,0.6738052402656267,438.24176706000003,408.231202376,2.7227000000000006,3.3602000000000025,2,1,6,5,True
C1=C(C(=CC=C1Cl)N(C(CN(CCO)CCO)=O)C)C(C2=C(C=CC=C2)Cl)=O,CN(C(=O)CN(CCO)CCO)c1ccccc1C(=O)c1ccccc1Cl,aromatic_chloro,0.6038080202519241,0.6382260319643522,424.09566254399994,390.134634896,2.4738000000000007,1.8203999999999996,2,2,5,5,True
C1=C(C(=CC=C1Cl)N(C(CN(CCO)CCO)=O)C)C(C2=C(C=CC=C2)Cl)=O,[H]CN(CCO)CC(=O)N(C)c1ccc(Cl)cc1C(=O)c1ccccc1Cl,hydroxyl,0.6038080202519241,0.7323587604993556,424.09566254399994,394.08509786,2.4738000000000007,3.1113000000000017,2,1,5,4,True
C1=CC=CC(=C1N3CCN(CCC2=C[N](C)N=C2)CC3)Cl,Cn1cc(CCN2CCN(c3ccccc3)CC2)cn1,aromatic_chloro,0.8669559753478354,0.8462797394314704,304.145474352,270.184446704,2.4382,1.7847999999999997,0,0,4,4,True
C1=CC(=CC=C1C(NCCCN2CCOCC2)=O)Cl,O=C(NCCCN1CCOCC1)c1ccccc1,aromatic_chloro,0.8374759906991261,0.7944930329385277,282.113505528,248.15247788,1.7920999999999998,1.1386999999999998,1,1,3,3,True
C1=CC=CC=C1C2C(N(CC)C(N2)=O)=O,[H]N(CC)C(=O)Cc1ccccc1,amide,0.7380128478007799,0.7159421298545311,204.089877624,163.099714036,1.2993999999999999,1.3652,1,1,2,1,True
C1=C(Cl)C=CC2=C1C(=NC(C(=O)N2)C(OCC)=O)C3=CC=CC=C3F,CCOC(=O)C1N=C(c2ccccc2F)c2ccccc2NC1=O,aromatic_chloro,0.6747919479809409,0.6960815264698885,360.06769820799997,326.10667056000005,3.2003000000000013,2.546900000000001,1,1,4,4,True
C1=C(Cl)C=CC2=C1C(=NC(C(=O)N2)C(OCC)=O)C3=CC=CC=C3F,CCOC(=O)C1N=C(c2ccccc2)c2cc(Cl)ccc2NC1=O,fluoro_aromatic,0.6747919479809409,0.6882192200233134,360.06769820799997,342.07712002,3.2003000000000013,3.0612000000000013,1,1,4,4,True
C1=C(Cl)C=CC2=C1C(=NC(C(=O)N2)C(OCC)=O)C3=CC=CC=C3F,[H]C(N=C(c1cccc(Cl)c1)c1ccccc1F)C(=O)OCC,amide,0.6747919479809409,0.619423900686472,360.06769820799997,319.07753462,3.2003000000000013,3.8796000000000026,1,0,4,3,True
C1=C(SC2=C1C(=NCC3=NN=C([N]23)C)C4=CC=CC=C4Cl)CC,CCc1cc2c(s1)-n1c(C)nnc1CN=C2c1ccccc1,aromatic_chloro,0.6999722373289552,0.726371078089894,342.07059516000004,308.109567512,4.2040200000000025,3.550620000000002,0,0,5,5,True
C1=C(Cl)C=CC2=C1C(=NCCN2CC(F)(F)F)C3=CC=CC=C3F,Fc1ccccc1C1=NCCN(CC(F)(F)F)c2ccccc21,aromatic_chloro,0.7121599941242313,0.7618890222269452,356.070338976,322.109311328,4.698800000000003,4.0454000000000025,0,0,2,2,True
C1=C(Cl)C=CC2=C1C(=NCCN2CC(F)(F)F)C3=CC=CC=C3F,FC(F)(F)CN1CCN=C(c2ccccc2)c2cc(Cl)ccc21,fluoro_aromatic,0.7121599941242313,0.7834576436320416,356.070338976,338.079760788,4.698800000000003,4.559700000000003,0,0,2,2,True
C1=CC=CC(=C1N3CCN(CCCC(C2=CC=C(F)C=C2)=O)CC3)OC,COc1ccccc1N1CCN(CCCC(=O)c2ccccc2)CC1,fluoro_aromatic,0.7096273467096594,0.7237718413875694,356.19000625999996,338.19942807199993,3.6194000000000024,3.4803000000000024,0,0,4,4,True
CN(C)C3CCc2[nH]c1c(F)cc(F)cc1c2C3,CN(C)C1CCc2[nH]c3ccc(F)cc3c2C1,fluoro_aromatic,0.8242273056090227,0.8006621941990834,250.128154952,232.137576764,2.865000000000001,2.725900000000001,1,1,1,1,True
C1=CC(=CC=C1N3CCN(CC(O)COC2(CCCCC2)C#C)CC3)F,C#CC1(OCC(O)CN2CCN(c3ccccc3)CC2)CCCCC1,fluoro_aromatic,0.7915282529586751,0.8061308307411567,360.221306388,342.2307282,2.6613000000000007,2.5222000000000007,1,1,4,4,True
C1=C(Cl)C=CC2=C1C(=NCC(=O)N2C)C3=CC=CC=C3F,CN1C(=O)CN=C(c2ccccc2F)c2ccccc21,aromatic_chloro,0.7953754116327587,0.7822380522979056,302.062218904,268.101191256,3.2929000000000013,2.639500000000001,0,0,2,2,True
C1=C(Cl)C=CC2=C1C(=NCC(=O)N2C)C3=CC=CC=C3F,CN1C(=O)CN=C(c2ccccc2)c2cc(Cl)ccc21,fluoro_aromatic,0.7953754116327587,0.7916453362348699,302.062218904,284.07164071600005,3.2929000000000013,3.1538000000000013,0,0,2,2,True
[C@H]24[C@H]1[C@@]([C@@H](C(CO)=O)[C@@H](C1)C)(C[C@@H]([C@@H]2[C@@]3(C(=CC(=O)C=C3)[C@H](C4)F)C)O)C,[H]C(=O)[C@H]1[C@H](C)C[C@H]2[C@@H]3C[C@H](F)C4=CC(=O)C=C[C@]4(C)[C@H]3[C@@H](O)C[C@@]21C,hydroxyl,0.7769741500122379,0.7415359625050183,376.20498762799997,346.194422944,2.636700000000001,3.274200000000002,2,1,4,3,True
C1=CC=CC3=C1C(=NC2=C(C=CC(=C2)F)C3)N4CCN(C)CC4,CN1CCN(C2=Nc3ccccc3Cc3ccccc32)CC1,fluoro_aromatic,0.7446866867853986,0.7430194240185352,309.16412586,291.17354767200004,3.055600000000001,2.916500000000001,0,0,3,3,True
C1=C(F)C=CC3=C1C=C(SCCNC)C2=CC=CC=C2O3,CNCCSC1=Cc2ccccc2Oc2ccccc21,fluoro_aromatic,0.8467042499074373,0.8478890921035089,301.09366335199996,283.103085164,4.382100000000004,4.243000000000003,1,1,3,3,True
C1=CC(=CC=C1N2C4(C(NC2)=O)CCN(CCCC(C3=CC=C(F)C=C3)=O)CC4)F,O=C(CCCN1CCC2(CC1)C(=O)NCN2c1ccccc1)c1ccc(F)cc1,fluoro_aromatic,0.7383068832147756,0.7634482407563192,413.19148348,395.20090529199996,3.356200000000002,3.217100000000001,1,1,4,4,True
C1=CC(=CC=C1N2C4(C(NC2)=O)CCN(CCCC(C3=CC=C(F)C=C3)=O)CC4)F,[H]C1(N(C)c2ccc(F)cc2)CCN(CCCC(=O)c2ccc(F)cc2)CC1,amide,0.7383068832147756,0.6674417780180358,413.19148348,372.201319892,3.356200000000002,4.528500000000005,1,0,4,3,True
C1=C(Cl)C=CC2=C1C(=NCC(N2CC3CC3)=O)C4=CC=CC=C4F,O=C1CN=C(c2ccccc2F)c2ccccc2N1CC1CC1,aromatic_chloro,0.8270962173053391,0.8549081867419909,342.093519032,308.132491384,4.073100000000003,3.4197000000000024,0,0,2,2,True
C1=C(Cl)C=CC2=C1C(=NCC(N2CC3CC3)=O)C4=CC=CC=C4F,O=C1CN=C(c2ccccc2)c2cc(Cl)ccc2N1CC1CC1,fluoro_aromatic,0.8270962173053391,0.8415175711014194,342.093519032,324.10294084400005,4.073100000000003,3.934000000000003,0,0,2,2,True
C1=C(Cl)C=CC2=C1C(=NCC(=O)N2CC(F)(F)F)C3=CC=CC=C3,O=C1CN=C(c2ccccc2)c2ccccc2N1CC(F)(F)F,aromatic_chloro,0.8010325134858471,0.8347799347308474,352.059025344,318.097997696,4.086300000000002,3.432900000000002,0,0,2,2,True
C(C2(C1=CCCCCC1)C(NC(=O)NC2=O)=O)C,[H]C(CC)(C(=O)NC=O)C1=CCCCCC1,amide,0.5775654158834148,0.5694806029053133,250.131742436,209.141578848,1.6392999999999998,2.1757,2,1,3,2,True
C1=CC(=CC=C1C(N2CCN(C)CCC2)C3=CC=CC=C3)Cl,CN1CCCN(C(c2ccccc2)c2ccccc2)CC1,aromatic_chloro,0.8424641571336473,0.8498506144366116,314.154976416,280.193948768,4.066900000000003,3.4135000000000026,0,0,2,2,True
C1=C(C(F)(F)F)C=CC3=C1N(C2=C(C=CC=C2)S3)CCCN4CCN(CCO)CCC4,[H]CN1CCCN(CCCN2c3ccccc3Sc3ccc(C(F)(F)F)cc32)CC1,hydroxyl,0.6880555398652798,0.6593249830065921,451.190518176,421.1799534920001,4.698200000000004,5.335700000000005,1,0,5,4,True
C2=C(C1(C(NC(=O)CN1)=O)CC)C=CC=C2,[H]C(CC)(NCC=O)c1ccccc1,amide,0.7121600169157926,0.6961431538566323,218.105527688,177.1153641,0.5378999999999992,1.9262,2,1,3,2,True
[C@H](CC1=CC(=C(C=C1)O)O)(C(O)=O)N,[H]C(N)Cc1ccc(O)c(O)c1,carboxylic_acid,0.5125069246930146,0.544872838506118,197.068807832,153.078978592,0.05219999999999997,0.5989999999999999,4,3,4,3,True
[C@H]5(CN(C(C3=C2C1=CC(=CC=C1CCN2C(=O)C(=C3)C4=CC=CC=C4)Cl)=O)CC5)OCC,CCO[C@H]1CCN(C(=O)c2cc(-c3ccccc3)c(=O)n3c2-c2ccccc2CC3)C1,aromatic_chloro,0.5837372098849201,0.6487218853026695,448.15537033999993,414.1943426919999,4.642800000000005,3.9894000000000034,0,0,4,4,True
C1=CC(=NN=C1C2=C(Cl)C=CC=C2)N3CCC(O)CC3,OC1CCN(c2ccc(-c3ccccc3)nn2)CC1,aromatic_chloro,0.923460374320132,0.8925328011793744,289.098189812,255.137162164,2.7581000000000007,2.1047,1,1,4,4,True
C3=C(N2CCN(C\C=C\C1=CC=CC=C1)CC2)N=NC(=C3)Cl,C(=C/c1ccccc1)\CN1CCN(c2cccnn2)CC1,aromatic_chloro,0.8682663031738055,0.8600819178531358,314.129824288,280.16879664,2.9654000000000016,2.3120000000000003,0,0,4,4,True
C1=CC(=CC(=C1\C(=C\[N]2C=NC=N2)Cl)Cl)Cl,Cl/C(=C\n1cncn1)c1ccccc1Cl,aromatic_chloro,0.8341906734476934,0.8067865013978912,272.96273023199996,239.001702584,3.779300000000001,3.1259000000000006,0,0,3,3,True
[C@@H]1([C@H]3[C@@H](CC2=C1C=C(Cl)C=C2)CN(C3)C)C4=CC=CC=C4,CN1C[C@@H]2Cc3ccccc3[C@@H](c3ccccc3)[C@@H]2C1,aromatic_chloro,0.7621434513640858,0.7602630959543635,297.12842732,263.167399672,4.2058000000000035,3.5524000000000022,0,0,1,1,True
C1=CC(=CC(=C1OC)OC)CCN2CCN(CC2)C3=CC(=CC=C3)Cl,COc1ccc(CCN2CCN(c3ccccc3)CC2)cc1OC,aromatic_chloro,0.7834238428719575,0.814411628456433,360.16045572,326.199428072,3.7219000000000024,3.068500000000001,0,0,4,4,True
C2=C(C1(C(N(C)C(N1)=O)=O)CC)C=CC=C2,[H]N(C)C(=O)C(CC)c1ccccc1,amide,0.7641313182304031,0.7505689931575461,218.105527688,177.1153641,1.4735,1.9262,1,1,2,1,True
C2=C(C1(C(N(C(NC1=O)=O)C)=O)CC)C=CC=C2,[H]N(C)C(=O)C(C=O)(CC)c1ccccc1,amide,0.7928342464339936,0.5942069600966413,246.100442308,205.11027872,1.0425999999999997,1.2792999999999997,1,1,3,2,True
C1=C(C=CC=C1N3CCN(CCC2=N[NH]C(=C2)C)CC3)Cl,Cc1cc(CCN2CCN(c3ccccc3)CC2)n[nH]1,aromatic_chloro,0.9431320336745311,0.9236416820862959,304.145474352,270.184446704,2.736220000000001,2.08282,1,1,3,3,True
C1=C(Br)C=CC2=C1C(=NCC(N2C)COC)C3=CC=CC=C3Cl,COCC1CN=C(c2ccccc2)c2cc(Br)ccc2N1C,aromatic_chloro,0.7716639937345974,0.8339347777013405,392.029102976,358.068075328,4.404700000000004,3.7513000000000023,0,0,3,3,True
C1=C(C=C(C=C1OCC2CNC(O2)=O)C)C,[H]OC(C)COc1cc(C)cc(C)c1,amide,0.8460710155484403,0.7711542977593382,221.10519334,180.115029752,1.79064,2.06304,1,1,3,2,True
C1=CC=CC=C1C2(N(C(=O)NC2=O)C)CC,[H]N(C)C(C=O)(CC)c1ccccc1,amide,0.7641313182304031,0.7092727222617735,218.105527688,177.1153641,1.4735,1.7102,1,1,2,2,True
C1=CC=CC=C1/C=C/C2C(NC(O2)(C)C)=O,[H]C(/C=C/c1ccccc1)OC(C)C,amide,0.8218863548914898,0.6845116976538892,217.11027872,176.120115132,1.9509,3.1248000000000022,1,0,2,1,True
[C@H]24[C@H]1[C@@]([C@](C(COC(CCC(O)=O)=O)=O)(O)CC1)(C[C@@H]([C@@H]2[C@@]3(C(=CC(=O)C=C3)[C@H](C4)C)C)O)C,[H]CCC(=O)OCC(=O)[C@@]1(O)CC[C@H]2[C@@H]3C[C@H](C)C4=CC(=O)C=C[C@]4(C)[C@H]3[C@@H](O)C[C@@]21C,carboxylic_acid,0.4983304096149554,0.6653863108331135,474.22536804799995,430.235538808,2.2192999999999996,2.764500000000001,3,2,7,6,True
C1=CC(=CC3=C1[N]2C(=CN=C2C)CN=C3C4=CC=CC=C4F)Cl,Cc1ncc2n1-c1ccccc1C(c1ccccc1F)=NC2,aromatic_chloro,0.654885085071007,0.6725322563667039,325.07820331600004,291.117175668,4.324220000000002,3.6708200000000026,0,0,3,3,True
C1=CC(=CC3=C1[N]2C(=CN=C2C)CN=C3C4=CC=CC=C4F)Cl,Cc1ncc2n1-c1ccc(Cl)cc1C(c1ccccc1)=NC2,fluoro_aromatic,0.654885085071007,0.6629076511051774,325.07820331600004,307.087625128,4.324220000000002,4.185120000000002,0,0,3,3,True
C1=CC(=CC2=C1N(C(=O)N2)CCCN4CCC(C(C3=CC=C(F)C=C3)=O)CC4)Cl,O=C(c1ccc(F)cc1)C1CCN(CCCn2c(=O)[nH]c3ccccc32)CC1,aromatic_chloro,0.6162794698714226,0.6655634984188271,415.146282876,381.18525522799996,4.1071000000000035,3.453700000000002,1,1,4,4,True
C1=CC(=CC2=C1N(C(=O)N2)CCCN4CCC(C(C3=CC=C(F)C=C3)=O)CC4)Cl,O=C(c1ccccc1)C1CCN(CCCn2c(=O)[nH]c3cc(Cl)ccc32)CC1,fluoro_aromatic,0.6162794698714226,0.6401212172859229,415.146282876,397.15570468799996,4.1071000000000035,3.9680000000000026,1,1,4,4,True
C1=CC(=CC2=C1C(=C([NH]2)C)C4CCN(CCCC(C3=CC=C(F)C=C3)=O)CC4)OC,COc1ccc2c(C3CCN(CCCC(=O)c4ccccc4)CC3)c(C)[nH]c2c1,fluoro_aromatic,0.5276695520117025,0.5548904526758711,408.22130638799996,390.23072819999993,5.4665200000000045,5.3274200000000045,1,1,3,3,True
C1=C(CC\C(CN)=C/F)C=CC(=C1)F,NC/C(=C/F)CCc1ccccc1,fluoro_aromatic,0.7883179071013513,0.7543686504375324,197.101605856,179.111027668,2.570400000000001,2.4313000000000002,1,1,1,1,True
[C@H]2(NC(=O)C1=C(OC)C=C(NC)C(=C1)Cl)[C@H](N(CC2)CC3=CC=CC=C3)C,CNc1ccc(C(=O)N[C@@H]2CCN(Cc3ccccc3)[C@@H]2C)c(OC)c1,aromatic_chloro,0.79150224995823,0.8377462838762085,387.171354752,353.210327104,3.783100000000003,3.1297000000000015,2,2,4,4,True
C1=CC(=CC=C1C(CCCN2CC3CCC(C2)CC3)=O)F,O=C(CCCN1CC2CCC(CC2)C1)c1ccccc1,fluoro_aromatic,0.7659741642516837,0.7597694050794664,289.184192608,271.19361442,3.910600000000003,3.771500000000003,0,0,2,2,True
C3=C(N(C2CCN(CCC1=CC=CC=C1)CC2)C(COC)=O)C(=CC=C3)F,COCC(=O)N(c1ccccc1)C1CCN(CCc2ccccc2)CC1,fluoro_aromatic,0.7477063414194253,0.7658386536240344,370.20565632399996,352.21507813599993,3.5122000000000027,3.3731000000000027,0,0,3,3,True
C1=CC=CC2=C1N(C3=C(C=C2)C=CC=C3)CCCN4CCN(CCO)CC4,[H]CN1CCN(CCCN2c3ccccc3C=Cc3ccccc32)CC1,hydroxyl,0.8528457561397796,0.8388070377692364,363.231062548,333.22049786400004,3.308500000000002,3.9460000000000033,1,0,4,3,True
O1CCCCC1C(=O)N,[H]C1CCCCO1,amide,0.5431401972672874,0.42994002180165675,129.078978592,86.07316494,0.04080000000000006,1.1869,1,0,2,1,True
[C@@]12(C3=C(NC(CN1C[C@H](O2)C)=O)C=CC(=C3)Cl)C4=CC=CC=C4,C[C@@H]1CN2CC(=O)Nc3ccccc3[C@]2(c2ccccc2)O1,aromatic_chloro,0.8736609010062515,0.8786403450479835,328.097855464,294.136827816,3.2139000000000015,2.5605,1,1,3,3,True
[C@@]12(C3=C(NC(CN1C[C@H](O2)C)=O)C=CC(=C3)Cl)C4=CC=CC=C4,[H]CN1C[C@@H](C)O[C@@]1(c1ccccc1)c1cccc(Cl)c1,amide,0.8736609010062515,0.8307243192178229,328.097855464,287.10769187600005,3.2139000000000015,3.891600000000003,1,0,3,2,True
C1=CC=CC2=C1N(C(CO2)=O)CC(N)=O,[H]CN1C(=O)COc2ccccc21,amide,0.7337785290614999,0.5715847853282346,206.06914218,163.063328528,-0.1026999999999999,1.0417999999999998,1,0,3,2,True
C1=NC2=C([N]1CCC(CO)CO)NC(=NC2=O)N,[H]C(CO)CCn1cnc2c(=O)nc(N)[nH]c21,hydroxyl,0.5232780259906573,0.6036563337928309,253.11748934,223.106924656,-1.307299999999999,-0.5257000000000003,4,3,7,6,True
C1=C(C(C(C)(C)O)(C)O)C=CC(=C1)Cl,CC(C)(O)C(C)(O)c1ccccc1,aromatic_chloro,0.7934888151509781,0.7263834630881576,214.0760574,180.115029752,2.3184000000000005,1.6649999999999998,2,2,2,2,True
C1=C(Cl)C=CC2=C1C(=NCC(N2CC#C)=O)C3=CC=CC=C3,C#CCN1C(=O)CN=C(c2ccccc2)c2ccccc21,aromatic_chloro,0.7844421215880344,0.7744420424442173,308.07164071600005,274.11061306799996,3.1572000000000013,2.503800000000001,0,0,2,2,True
C1=C([S](N(C)C)(=O)=O)C=CC3=C1N(C2=C(C=CC=C2)S3)CCCN4CCC(CCO)CC4,[H]CC1CCN(CCCN2c3ccccc3Sc3ccc(S(=O)(=O)N(C)C)cc32)CC1,hydroxyl,0.6221224017291513,0.6469221988508236,475.19633391600007,445.1857692320001,4.024100000000003,4.661600000000004,1,0,6,5,True
C1=C2C(=C([N]1C)C)C(=NCC(N2)=O)C3=CC=CC=C3,[H]CN=C(c1ccccc1)c1ccn(C)c1C,amide,0.8310589777253272,0.6810799109947274,253.1215121,212.131348512,2.1230200000000004,2.800720000000001,1,0,3,2,True
C1=C(C(=CC=C1C#N)OC)C(NCCN3CCC(C(C2=CC=C(F)C=C2)=O)CC3)=O,COc1ccc(C#N)cc1C(=O)NCCN1CCC(C(=O)c2ccccc2)CC1,fluoro_aromatic,0.7111039893603885,0.7341082239795081,409.18016984799993,391.18959165999996,3.030680000000001,2.891580000000001,1,1,5,5,True
C1=C([S](N)(=O)=O)C=CC(=C1C(NCC2N(CCC2)CCC)=O)OC,[H]c1ccc(OC)c(C(=O)NCC2CCCN2CCC)c1,sulfonamide,0.7580345185836945,0.8665737612388911,355.15657727999996,276.183778008,0.9467999999999994,2.2994000000000003,2,1,5,3,True
C1=C(Cl)C(=C(C=C1)C)NC(=O)/C=C/2SCC(=O)N2C,Cc1ccccc1NC(=O)/C=C1\SCC(=O)N1C,aromatic_chloro,0.8536611537445756,0.829104007966762,296.03862633600005,262.077598688,2.6335200000000007,1.9801199999999997,1,1,3,3,True
C1=C(Cl)C=CC\3=C1C=C(N2CCN(C)CC2)C4=C(C3=C/C#N)C=CC=C4,CN1CCN(C2=Cc3ccccc3/C(=C\C#N)c3ccccc32)CC1,aromatic_chloro,0.7070669820150317,0.7482729271206282,361.13457532,327.17354767200004,4.354180000000004,3.7007800000000026,0,0,3,3,True
C1=C(C(N)=O)N=N[N]1CC2=C(C=CC=C2F)F,NC(=O)c1cn(Cc2ccccc2F)nn1,fluoro_aromatic,0.8549954528788273,0.8210151737611404,238.066617316,220.076039128,0.7034999999999997,0.5643999999999996,1,1,4,4,True
C1=C(C(N)=O)N=N[N]1CC2=C(C=CC=C2F)F,[H]c1cn(Cc2c(F)cccc2F)nn1,amide,0.8549954528788273,0.7282983643525315,238.066617316,195.060803664,0.7034999999999997,1.6046,1,0,4,3,True
C1=CC=CC2=C1N=C(S2)N(C4CCN(CC(COC3=CC=C(C=C3)F)O)CC4)C,CN(c1nc2ccccc2s1)C1CCN(CC(O)COc2ccccc2)CC1,fluoro_aromatic,0.6365323006108387,0.6596522922001117,415.17297629199993,397.18239810399996,3.7759000000000027,3.636800000000002,1,1,6,6,True
C4=C(C(C3CCN(CCC1=C(N=C2N(C1=O)CCS2)C)CC3)=O)C=CC(=C4)F,Cc1nc2n(c(=O)c1CCN1CCC(C(=O)c3ccccc3)CC1)CCS2,fluoro_aromatic,0.5696076288710257,0.5870079130369915,401.15732622799993,383.16674803999996,2.9339200000000014,2.7948200000000014,0,0,6,6,True
C3=C(C2=C(N=C(N1CCN(C)CC1)N=C2)N)C(=C(C=C3Cl)Cl)Cl,CN1CCN(c2ncc(-c3cc(Cl)cc(Cl)c3)c(N)n2)CC1,aromatic_chloro,0.8184083751963472,0.9124992748226496,371.047128552,337.08610090400003,3.437800000000002,2.7843999999999998,1,1,5,5,True
[C@@H]3(C1=CC=C(Cl)C=C1)[C@H]2CC[C@@H](C2)C34CCC(=N4)N5CCOCC5,c1ccc([C@@H]2[C@H]3CC[C@@H](C3)C23CCC(N2CCOCC2)=N3)cc1,aromatic_chloro,0.7652645503039648,0.7933166333227721,344.1655411,310.20451345199996,4.116800000000003,3.463400000000002,0,0,3,3,True
C1=CC=CC=C1N2C5(C(NC2)=O)CCN(CC4OC3=C(C=CC=C3)OC4)CC5,[H]C1(N(C)c2ccccc2)CCN(CC2COc3ccccc3O2)CC1,amide,0.8866479533158794,0.8526766143494123,379.18959165999996,338.199428072,2.2549,3.427200000000002,1,0,5,4,True
C1=C(Cl)C=CC2=C1C(=NCC(=S)N2C)C3=CC=CC=C3,CN1C(=S)CN=C(c2ccccc2)c2ccccc21,aromatic_chloro,0.7410345270078036,0.73597727827426,300.04879709600004,266.087769448,3.954600000000003,3.3012000000000015,0,0,2,2,True
C1=C([S](=O)(=O)N)C=CC(=C1C(NCC2N(CC)CCC2)=O)OC,[H]c1ccc(OC)c(C(=O)NCC2CCCN2CC)c1,sulfonamide,0.7869434425499666,0.8810487309637481,341.14092721599997,262.168127944,0.5566999999999995,1.9093,2,1,5,3,True
C1=CC=CC3=C1C(N(C2C(NCCC2)=O)[S]3(=O)=O)=O,[H]C(CCC)N1C(=O)c2ccccc2S1(=O)=O,amide,0.7910901674027226,0.8052113607661692,280.051777864,239.061614276,0.10970000000000013,1.6312,1,0,4,3,True
C1=C(Cl)C=CC2=C1C(=NCC(=O)N2C)C3=CCCCC3,CN1C(=O)CN=C(C2=CCCCC2)c2ccccc21,aromatic_chloro,0.7768984685193911,0.7580461587624636,288.10294084400005,254.141913196,3.605900000000002,2.9525000000000015,0,0,2,2,True
C1=C4C(=C2C(=C1F)SC=C2C)C3=C(CCN(C3)CC)[NH]4,CCN1CCc2[nH]c3ccc4scc(C)c4c3c2C1,fluoro_aromatic,0.7104950812197967,0.705993300558151,288.10964776400004,270.119069576,4.208120000000003,4.069020000000004,1,1,2,2,True
C2=C(N1CC(CO)OC1=O)C=CC=C2C,[H]C1CN(c2cccc(C)c2)C(=O)O1,hydroxyl,0.7950896625084042,0.6557682382311124,207.089543276,177.078978592,1.31252,1.9516200000000001,1,0,3,2,True
C1=C2C(=CC=C1)N(C(Cl)(CN=C2C3=CC=CC=C3Cl)CO)C,CN1c2ccccc2C(c2ccccc2)=NCC1(Cl)CO,aromatic_chloro,0.6729183149517022,0.6836466293479936,334.06396849199996,300.102940844,3.5546000000000024,2.901200000000001,1,1,3,3,True
C1=C2C(=CC=C1)N(C(Cl)(CN=C2C3=CC=CC=C3Cl)CO)C,[H]C1(Cl)CN=C(c2ccccc2Cl)c2ccccc2N1C,hydroxyl,0.6729183149517022,0.5695336170862653,334.06396849199996,304.05340380800004,3.5546000000000024,4.192100000000003,1,0,3,2,True
C(C(C(N)=O)(CC)CC)C=C,[H]C(CC)(CC)CC=C,amide,0.6048437562860928,0.49030798944753773,155.131014164,112.12520051199999,1.8541999999999996,2.9987000000000013,1,0,1,0,True
C(C(C(CC)C)C(N)=O)C,[H]C(CC)C(C)CC,amide,0.6370448180759507,0.5112703489666591,143.131014164,100.12520051199999,1.544,2.832600000000001,1,0,1,0,True
C(C(CCC)C(N)=O)CC,[H]C(CCC)CCC,amide,0.6248985838851518,0.47630987365330063,143.131014164,100.12520051199999,1.6881,2.976700000000002,1,0,1,0,True
C3=C(C1=NCCN=C2N(NC(=C12)C)C)C=CC=C3Cl,CC1=C2C(c3ccccc3)=NCCN=C2N(C)N1,aromatic_chloro,0.8533462701720145,0.8098346997781743,274.09852416,240.13749651199998,2.2652,1.6118000000000001,1,1,4,4,True
C1=C(Cl)C(=C(C2=C1NC(=O)C(N2)=O)[N+](=O)[O-])Cl,O=c1[nH]c2ccc(Cl)c([N+](=O)[O-])c2[nH]c1=O,aromatic_chloro,0.4660748393991463,0.43664202201995705,274.95006093600006,240.989033288,1.4314000000000002,0.7779999999999998,2,2,4,4,True
[C@H]3([N]2C1=C(C(=NC=N1)N)N=C2)[C@@H]([C@@H]([C@H](O3)C[S+](CC[C@@H](C([O-])=O)N)C)O)O,[H]C(N)CC[S+](C)C[C@H]1O[C@@H](n2cnc3c(N)ncnc32)[C@H](O)[C@@H]1O,carboxylic_acid,0.34496993620130284,0.46413366010563684,398.1372388039999,355.15468601608995,-3.2568999999999964,-1.3753999999999977,4,4,11,9,True
