smiles,Class,original_smiles,original_label,counterfactual_label,label_change,modification_type,modification_description
Cc1ccccc1-c1ccc2nc(N)c(C[C@@H](C)C(=O)N[C@@H]3CCOC(C)(C)C3)cc2c1,1,O1CC[C@@H](NC(=O)[C@@H](Cc2cc3cc(ccc3nc2N)-c2ccccc2C)C)CC1(C)C,1,1,0,Exmol_based,Generated using exmol-based algorithm
Cc1ccccc1-c1cc(Br)c2nc(N)c(C[C@@H](C)C(=O)N[C@@H]3CCOC(C)(C)C3)cc2c1,1,O1CC[C@@H](NC(=O)[C@@H](Cc2cc3cc(ccc3nc2N)-c2ccccc2C)C)CC1(C)C,1,1,0,Exmol_based,Generated using exmol-based algorithm
CC[C@H](CC(C)C)NC(=O)[C@H](C)Cc1cc2cc(-c3ccccc3C)ccc2nc1N,1,O1CC[C@@H](NC(=O)[C@@H](Cc2cc3cc(ccc3nc2N)-c2ccccc2C)C)CC1(C)C,1,1,0,Exmol_based,Generated using exmol-based algorithm
CCCO[C@H]1C[NH2+][C@@H]([C@@H](O)[C@H](Cc2cc(F)cc(F)c2)NC(=O)[C@H](CCc2ccccc2)N2CC[C@@](CC(C)C)(NC(=O)C=O)C2=O)C1,1,Fc1cc(cc(F)c1)C[C@H](NC(=O)[C@@H](N1CC[C@](NC(=O)C)(CC(C)C)C1=O)CCc1ccccc1)[C@H](O)[C@@H]1[NH2+]C[C@H](OCCC)C1,1,1,0,Exmol_based,Generated using exmol-based algorithm
CCCO[C@H]1C[NH2+][C@@H]([C@@H](O)[C@H](Cc2cc(F)cc(F)c2)NC(=O)[C@H](C)N2CC[C@@](CC(C)C)(NC(C)=O)C2=O)C1.Cc1ccccc1,1,Fc1cc(cc(F)c1)C[C@H](NC(=O)[C@@H](N1CC[C@](NC(=O)C)(CC(C)C)C1=O)CCc1ccccc1)[C@H](O)[C@@H]1[NH2+]C[C@H](OCCC)C1,1,1,0,Exmol_based,Generated using exmol-based algorithm
CC(C)C.CCCO[C@H]1C[NH2+][C@@H]([C@@H](O)[C@H](Cc2cc(F)cc(F)c2)NC(=O)[C@H](CCc2ccccc2)N2CC[C](NC(C)=O)C2=O)C1,1,Fc1cc(cc(F)c1)C[C@H](NC(=O)[C@@H](N1CC[C@](NC(=O)C)(CC(C)C)C1=O)CCc1ccccc1)[C@H](O)[C@@H]1[NH2+]C[C@H](OCCC)C1,1,1,0,Exmol_based,Generated using exmol-based algorithm
CCc1cn2c3c(cc(C(=O)N[C@@H](Cc4ccccc4)[C@H](O)C[SH2+]Cc4cccc(OC)c4)cc13)N(C)S(=O)(=O)CC2,1,S1(=O)(=O)N(c2cc(cc3c2n(cc3CC)CC1)C(=O)N[C@H]([C@H](O)C[NH2+]Cc1cc(OC)ccc1)Cc1ccccc1)C,1,1,0,Exmol_based,Generated using exmol-based algorithm
CCc1cn2c3c(cccc13)N(C)S(=O)(=O)CC2.COc1cccc(C[NH2+]C[C@@H](O)[C@H](Cc2ccccc2)NC=O)c1,1,S1(=O)(=O)N(c2cc(cc3c2n(cc3CC)CC1)C(=O)N[C@H]([C@H](O)C[NH2+]Cc1cc(OC)ccc1)Cc1ccccc1)C,1,1,0,Exmol_based,Generated using exmol-based algorithm
CCc1cn2c3c(cc(C(=O)N[C@@H](Cc4ccccc4)[C@H](O)C[NH2+]Cc4cccc(OC)c4)cc13)N(C)S(=O)(=O)CC2,1,S1(=O)(=O)N(c2cc(cc3c2n(cc3CC)CC1)C(=O)N[C@H]([C@H](O)C[NH2+]Cc1cc(OC)ccc1)Cc1ccccc1)C,1,1,0,Exmol_based,Generated using exmol-based algorithm
CCOC[C@@H](Oc1cc(C[C@@H]2CS(=O)(=O)C[C@H]([NH2+]Cc3cccc(C(C)(C)C)c3)[C@H]2F)cc(F)c1N)C(F)(F)F,1,S1(=O)(=O)C[C@@H](Cc2cc(O[C@H](COCC)C(F)(F)F)c(N)c(F)c2)[C@H](O)[C@@H]([NH2+]Cc2cc(ccc2)C(C)(C)C)C1,1,1,0,Exmol_based,Generated using exmol-based algorithm
CCOC[C@@H](Oc1cc(C[C@H]2[CH][C@@H]([NH2+]Cc3cccc(C(C)(C)C)c3)CS(=O)(=O)C2)cc(F)c1N)C(F)(F)F,1,S1(=O)(=O)C[C@@H](Cc2cc(O[C@H](COCC)C(F)(F)F)c(N)c(F)c2)[C@H](O)[C@@H]([NH2+]Cc2cc(ccc2)C(C)(C)C)C1,1,1,0,Exmol_based,Generated using exmol-based algorithm
CCOC[C@@H](Oc1cc(C[C@@H]2CS(=O)(=O)C[C@H]([NH2+]Cc3cccc(C(C)(C)C)c3)[C@H]2O)cc(F)c1NCl)C(F)(F)F,1,S1(=O)(=O)C[C@@H](Cc2cc(O[C@H](COCC)C(F)(F)F)c(N)c(F)c2)[C@H](O)[C@@H]([NH2+]Cc2cc(ccc2)C(C)(C)C)C1,1,1,0,Exmol_based,Generated using exmol-based algorithm
CCc1cn2c3c(cc(C(=O)N[C@H]([CH]C[NH2+]Cc4cccc(C(F)(F)F)c4)Cc4ccccc4)cc13)N(C)S(=O)(=O)CC2.O,1,S1(=O)(=O)N(c2cc(cc3c2n(cc3CC)CC1)C(=O)N[C@H]([C@H](O)C[NH2+]Cc1cc(ccc1)C(F)(F)F)Cc1ccccc1)C,1,1,0,Exmol_based,Generated using exmol-based algorithm
CCc1cn2c3c(cc(C(=O)N[C@@H](Cc4ccccc4)[C@H](O)C[NH2+]Cc4cccc(C(F)(F)F)c4)cc13)N(C)S(=O)(=O)CC2,1,S1(=O)(=O)N(c2cc(cc3c2n(cc3CC)CC1)C(=O)N[C@H]([C@H](O)C[NH2+]Cc1cc(ccc1)C(F)(F)F)Cc1ccccc1)C,1,1,0,Exmol_based,Generated using exmol-based algorithm
CCc1cn2c3c(cc(C(=O)N[C@@H](Cc4ccccc4)[C@H](O)C[NH2+]Cc4cccc(C(F)(F)F)c4)cc13)N(C)S(=O)(=S)CC2,1,S1(=O)(=O)N(c2cc(cc3c2n(cc3CC)CC1)C(=O)N[C@H]([C@H](O)C[NH2+]Cc1cc(ccc1)C(F)(F)F)Cc1ccccc1)C,1,1,0,Exmol_based,Generated using exmol-based algorithm
CC(C)(C)c1cccc(C2[NH2+][C@H]3CS(=O)C[C@@H](C2c2cc(F)c(N)c(OC(C(F)(F)F)C(F)(F)F)c2)[C@@H]3O)c1,1,S1(=O)C[C@@H](Cc2cc(OC(C(F)(F)F)C(F)(F)F)c(N)c(F)c2)[C@H](O)[C@@H]([NH2+]Cc2cc(ccc2)C(C)(C)C)C1,1,1,0,Exmol_based,Generated using exmol-based algorithm
CC(C)(C)c1cccc(C[NH2+])c1.CS(=O)C[C@H]([CH]O)Cc1cc(F)c(N)c(OC(C(F)(F)F)C(F)(F)F)c1,1,S1(=O)C[C@@H](Cc2cc(OC(C(F)(F)F)C(F)(F)F)c(N)c(F)c2)[C@H](O)[C@@H]([NH2+]Cc2cc(ccc2)C(C)(C)C)C1,1,1,0,Exmol_based,Generated using exmol-based algorithm
CC(C)(C)c1cccc(C[NH2+][C@H]2CS(=O)C[C@@H](Cc3cc(F)c(N)c(OC(C(F)F)C(F)(F)F)c3)[C@@H]2O)c1,1,S1(=O)C[C@@H](Cc2cc(OC(C(F)(F)F)C(F)(F)F)c(N)c(F)c2)[C@H](O)[C@@H]([NH2+]Cc2cc(ccc2)C(C)(C)C)C1,1,1,0,Exmol_based,Generated using exmol-based algorithm
CCCCCS(=O)(=O)C[C@@H](N)C(=O)N[C@@H](Cc1cc(F)cc(F)c1)[C@H](O)C[NH2+]Cc1cccc(CC)c1.O.c1ccncc1,1,S(=O)(=O)(CCCCC)C[C@@H](NC(=O)c1cccnc1)C(=O)N[C@H]([C@H](O)C[NH2+]Cc1cc(ccc1)CC)Cc1cc(F)cc(F)c1,1,1,0,Exmol_based,Generated using exmol-based algorithm
CCCCCS(=O)(=O)C[CH]C(=O)N[C@@H](Cc1cc(F)cc(F)c1)[C@H](O)C[NH2+]Cc1cccc(CC)c1.O=Cc1cccnc1,1,S(=O)(=O)(CCCCC)C[C@@H](NC(=O)c1cccnc1)C(=O)N[C@H]([C@H](O)C[NH2+]Cc1cc(ccc1)CC)Cc1cc(F)cc(F)c1,1,1,0,Exmol_based,Generated using exmol-based algorithm
C.CCCCCS(=O)(=O)C[C@@H](NC(=O)c1cccnc1)C(=O)N[C@@H](Cc1cc(F)cc(F)c1)[C@H](O)C[NH2+]Cc1cccc(C)c1,1,S(=O)(=O)(CCCCC)C[C@@H](NC(=O)c1cccnc1)C(=O)N[C@H]([C@H](O)C[NH2+]Cc1cc(ccc1)CC)Cc1cc(F)cc(F)c1,1,1,0,Exmol_based,Generated using exmol-based algorithm
CC#Cc1cncc(-c2cccc([C@@]3(c4cc(C)c(=O)n(CC)c4)[NH+]=C(N)c4c3ccpc4F)c2)c1,1,Fc1c2c(ccc1)[C@@]([NH+]=C2N)(C=1C=C(C)C(=O)N(C=1)CC)c1cc(ccc1)-c1cc(cnc1)C#CC,1,1,0,Exmol_based,Generated using exmol-based algorithm
CCn1cc([C@]2(c3cccc(-c4cncc(C#CN)c4)c3)[NH+]=C(N)c3c(F)cccc32)cc(C)c1=O,1,Fc1c2c(ccc1)[C@@]([NH+]=C2N)(C=1C=C(C)C(=O)N(C=1)CC)c1cc(ccc1)-c1cc(cnc1)C#CC,1,1,0,Exmol_based,Generated using exmol-based algorithm
CC#Cc1cncc(-c2cccc([C@@]([NH+])(c3cccc(F)c3)c3cc(C)c(=O)n(CC)c3)c2)c1.N,1,Fc1c2c(ccc1)[C@@]([NH+]=C2N)(C=1C=C(C)C(=O)N(C=1)CC)c1cc(ccc1)-c1cc(cnc1)C#CC,1,1,0,Exmol_based,Generated using exmol-based algorithm
CCc1ccc2c(c1)[CH]CC1(CCC1)O2.C[C@@H](O)[C@@H]1Cc2cccc(c2)CCCCn2cc(ccc2=O)C(=O)N1,1,O1c2c(cc(cc2)CC)[C@@H]([NH2+]C[C@@H](O)[C@H]2NC(=O)C=3C=CC(=O)N(CCCCc4cc(C2)ccc4)C=3)CC12CCC2,1,1,0,Exmol_based,Generated using exmol-based algorithm
CCc1ccc2c(c1)[C@@H]([NH2+]C[C@@H](O)[C@@H](N)Cc1cccc(CCCCn3cc(C=O)ccc3=O)c1)CC1(CCC1)O2,1,O1c2c(cc(cc2)CC)[C@@H]([NH2+]C[C@@H](O)[C@H]2NC(=O)C=3C=CC(=O)N(CCCCc4cc(C2)ccc4)C=3)CC12CCC2,1,1,0,Exmol_based,Generated using exmol-based algorithm
CCc1ccc(O)c([C@H](CC2CCC2)[NH2+]C[C@@H](O)[C@@H]2Cc3cccc(c3)CCCCn3cc(ccc3=O)C(=O)N2)c1,1,O1c2c(cc(cc2)CC)[C@@H]([NH2+]C[C@@H](O)[C@H]2NC(=O)C=3C=CC(=O)N(CCCCc4cc(C2)ccc4)C=3)CC12CCC2,1,1,0,Exmol_based,Generated using exmol-based algorithm
CC(C)([C@H]1CCC[C@@H](C(=O)N[C@@H](Cc2ccccc2)[C@H](O)C[NH2+])C1)N1CCCCC1=O.CC(C)c1ccccc1,1,O=C1N(CCCC1)C(C)(C)[C@@H]1C[C@@H](CCC1)C(=O)N[C@H]([C@H](O)C[NH2+]Cc1cc(ccc1)C(C)C)Cc1ccccc1,1,1,0,Exmol_based,Generated using exmol-based algorithm
CC(C)c1cccc(C[NH2+]C[C@@H](O)[C@H](Cc2ccccc2)NC(=O)[C@@H]2CCC[C@H](C(C)(C)N3CCCCC3=O)C2)c1,1,O=C1N(CCCC1)C(C)(C)[C@@H]1C[C@@H](CCC1)C(=O)N[C@H]([C@H](O)C[NH2+]Cc1cc(ccc1)C(C)C)Cc1ccccc1,1,1,0,Exmol_based,Generated using exmol-based algorithm
CCC[C@H](C[CH]C(C)(C)N1CCCCC1=O)C(=O)N[C@@H](Cc1ccccc1)[C@H](O)C[NH2+]Cc1cccc(C(C)C)c1,1,O=C1N(CCCC1)C(C)(C)[C@@H]1C[C@@H](CCC1)C(=O)N[C@H]([C@H](O)C[NH2+]Cc1cc(ccc1)C(C)C)Cc1ccccc1,1,1,0,Exmol_based,Generated using exmol-based algorithm
CCCN(CCF)C(=O)c1cc(C)cc(C(=O)N[C@@H](Cc2cc(F)cc(F)c2)[C@H](O)[C@H]2C[C@@H](Oc3ccccc3)C[NH2+]2)c1,1,Fc1cc(cc(F)c1)C[C@H](NC(=O)c1cc(cc(c1)C)C(=O)N(CCC)CCC)[C@H](O)[C@@H]1[NH2+]C[C@H](Oc2ccccc2)C1,1,1,0,Exmol_based,Generated using exmol-based algorithm
CCCN(CCC)C(=O)c1cc(C)cc(C(=O)N[C@@H](Cc2cccc(F)c2)[C@H](O)[C@H]2C[C@@H](Oc3ccccc3)C[NH2+]2)c1,1,Fc1cc(cc(F)c1)C[C@H](NC(=O)c1cc(cc(c1)C)C(=O)N(CCC)CCC)[C@H](O)[C@@H]1[NH2+]C[C@H](Oc2ccccc2)C1,1,1,0,Exmol_based,Generated using exmol-based algorithm
CCCN(CCC)C(=O)c1cc(C)cc(C(=O)N[C@@H](Cc2cc(F)cc(Br)c2)[C@H](O)[C@H]2C[C@@H](Oc3ccccc3)C[NH2+]2)c1,1,Fc1cc(cc(F)c1)C[C@H](NC(=O)c1cc(cc(c1)C)C(=O)N(CCC)CCC)[C@H](O)[C@@H]1[NH2+]C[C@H](Oc2ccccc2)C1,1,1,0,Exmol_based,Generated using exmol-based algorithm
CCCN(CCC)C(=O)c1cc(C)cc(CN[C@@H](Cc2cc(F)cc(F)c2)[C@H](O)[C@@H]2[NH2+]CCN(Cc3ccccc3)C2=O)c1.O,1,Fc1cc(cc(F)c1)C[C@H](NC(=O)c1cc(cc(c1)C)C(=O)N(CCC)CCC)[C@H](O)[C@@H]1[NH2+]CCN(Cc2ccccc2)C1=O,1,1,0,Exmol_based,Generated using exmol-based algorithm
CCCN(CSC)C(=O)c1cc(C)cc(C(=O)N[C@@H](Cc2cc(F)cc(F)c2)[C@H](O)[C@@H]2[NH2+]CCN(Cc3ccccc3)C2=O)c1,1,Fc1cc(cc(F)c1)C[C@H](NC(=O)c1cc(cc(c1)C)C(=O)N(CCC)CCC)[C@H](O)[C@@H]1[NH2+]CCN(Cc2ccccc2)C1=O,1,1,0,Exmol_based,Generated using exmol-based algorithm
CCCN(CCC)Cc1cc(C)cc(C(=O)N[C@@H](Cc2cc(F)cc(F)c2)[C@H](O)[C@@H]2[NH2+]CCN(Cc3ccccc3)C2=O)c1.O,1,Fc1cc(cc(F)c1)C[C@H](NC(=O)c1cc(cc(c1)C)C(=O)N(CCC)CCC)[C@H](O)[C@@H]1[NH2+]CCN(Cc2ccccc2)C1=O,1,1,0,Exmol_based,Generated using exmol-based algorithm
CCNc1cc(C(=O)N[C@@H](Cc2cccnc2)[C@H](O)C[NH2+]Cc2cccc(C(F)(F)F)c2)cc(N2CCCCS2(=O)=O)c1,1,S1(=O)(=O)N(CCCC1)c1cc(cc(NCC)c1)C(=O)N[C@H]([C@H](O)C[NH2+]Cc1cc(ccc1)C(F)(F)F)Cc1ccccc1,1,1,0,Exmol_based,Generated using exmol-based algorithm
CCCS(=O)(=O)N(C)c1cc(NCC)cc(C(=O)N[C@@H](Cc2ccccc2)[C@H](O)C[NH2+]Cc2cccc(C(F)(F)F)c2)c1,1,S1(=O)(=O)N(CCCC1)c1cc(cc(NCC)c1)C(=O)N[C@H]([C@H](O)C[NH2+]Cc1cc(ccc1)C(F)(F)F)Cc1ccccc1,1,1,0,Exmol_based,Generated using exmol-based algorithm
CCNc1cc(C(=O)N[C@@H](Cc2ccccc2)[C@H](O)C[NH2+]Cc2cncc(C(F)(F)F)c2)cc(N2CCCCS2(=O)=O)c1,1,S1(=O)(=O)N(CCCC1)c1cc(cc(NCC)c1)C(=O)N[C@H]([C@H](O)C[NH2+]Cc1cc(ccc1)C(F)(F)F)Cc1ccccc1,1,1,0,Exmol_based,Generated using exmol-based algorithm
CCNc1cc(C(=O)N[C@@H](Cc2ccccc2)[C@H](O)C[NH2+][C@@H](C)C(=O)NC2CCCCC2)cc(N(c2ccccc2)S(C)(=O)=O)c1,1,S(=O)(=O)(N(c1cc(cc(NCC)c1)C(=O)N[C@H]([C@H](O)C[NH2+][C@H](C(=O)NC1CCCCC1)C)Cc1ccccc1)c1ccccc1)C,1,1,0,Exmol_based,Generated using exmol-based algorithm
CCNc1cc(C(=O)N[CH][C@H](O)C[NH2+][C@@H](C)C(=O)NC2CCCCC2)cc(N(c2ccccc2)S(C)(=O)=O)c1.Cc1ccccc1,1,S(=O)(=O)(N(c1cc(cc(NCC)c1)C(=O)N[C@H]([C@H](O)C[NH2+][C@H](C(=O)NC1CCCCC1)C)Cc1ccccc1)c1ccccc1)C,1,1,0,Exmol_based,Generated using exmol-based algorithm
CCNc1cc(C(=O)N[C@@H](Cc2ccccc2)[C@H](O)C[NH2+][C@@H](C)C(=O)NC2CCCCS2)cc(N(c2ccccc2)S(C)(=O)=O)c1,1,S(=O)(=O)(N(c1cc(cc(NCC)c1)C(=O)N[C@H]([C@H](O)C[NH2+][C@H](C(=O)NC1CCCCC1)C)Cc1ccccc1)c1ccccc1)C,1,1,0,Exmol_based,Generated using exmol-based algorithm
COC[C@@H](Oc1cc2cc(F)c1NC1[C@H]([NH2+]Cc3cccc(C(C)(C)C)c3)[C@@H](O)[C@H](C2)CS1=O)C(F)(F)F,1,S1(=O)C[C@@H](Cc2cc(O[C@H](COC)C(F)(F)F)c(N)c(F)c2)[C@H](O)[C@@H]([NH2+]Cc2cc(ccc2)C(C)(C)C)C1,1,1,0,Exmol_based,Generated using exmol-based algorithm
COC[C@@H](Oc1cc(C[C@@H]2CS(=O)C(=N)[C@H]([NH2+]Cc3cccc(C(C)(C)C)c3)[C@H]2O)cc(F)c1N)C(F)(F)F,1,S1(=O)C[C@@H](Cc2cc(O[C@H](COC)C(F)(F)F)c(N)c(F)c2)[C@H](O)[C@@H]([NH2+]Cc2cc(ccc2)C(C)(C)C)C1,1,1,0,Exmol_based,Generated using exmol-based algorithm
COC[C@@H](Oc1cc(C[C@@H]2CS(=O)C[C@H]([NH2+]Cc3cccc(C(C)(C)C)c3)[C@H]2C)cc(F)c1N)C(F)(F)F,1,S1(=O)C[C@@H](Cc2cc(O[C@H](COC)C(F)(F)F)c(N)c(F)c2)[C@H](O)[C@@H]([NH2+]Cc2cc(ccc2)C(C)(C)C)C1,1,1,0,Exmol_based,Generated using exmol-based algorithm
CCCN(CCC)C(=O)c1cc(C)cc(C(=O)N[C@@H](Cc2cc(C)cc(F)c2)[C@H](O)C[NH2+]Cc2cccc(OC)c2)c1,1,Fc1cc(cc(F)c1)C[C@H](NC(=O)c1cc(cc(c1)C)C(=O)N(CCC)CCC)[C@H](O)C[NH2+]Cc1cc(OC)ccc1,1,1,0,Exmol_based,Generated using exmol-based algorithm
CCCN(CCC)C(=O)c1cc(C)cc(C(=O)N[C@@H](Cc2cc(F)cc(F)c2)[C@H](O)C[NH2+]Cc2ccc(C)c(OC)c2)c1,1,Fc1cc(cc(F)c1)C[C@H](NC(=O)c1cc(cc(c1)C)C(=O)N(CCC)CCC)[C@H](O)C[NH2+]Cc1cc(OC)ccc1,1,1,0,Exmol_based,Generated using exmol-based algorithm
CCCN(CCC)Cc1cc(C)cc(C(=O)N[C@@H](Cc2cc(F)cc(F)c2)[C@H](O)C[NH2+]Cc2cccc(OC)c2)c1.O,1,Fc1cc(cc(F)c1)C[C@H](NC(=O)c1cc(cc(c1)C)C(=O)N(CCC)CCC)[C@H](O)C[NH2+]Cc1cc(OC)ccc1,1,1,0,Exmol_based,Generated using exmol-based algorithm
CCCN(CCC)C(=O)c1cc(C)cc(C(=O)N[C@@H](Cc2cc(C)cc(F)c2)[C@H](O)[C@H]2C[C@@H](OCc3ccccc3)C[NH2+]2)c1,1,Fc1cc(cc(F)c1)C[C@H](NC(=O)c1cc(cc(c1)C)C(=O)N(CCC)CCC)[C@H](O)[C@@H]1[NH2+]C[C@H](OCc2ccccc2)C1,1,1,0,Exmol_based,Generated using exmol-based algorithm
CCCN(CCC)C(=O)c1cc(C)cc(C(=O)N[C@@H](Cc2cc(F)cc(F)c2)[C@H](O)[C@H]2C[C@@H](OCc3ccccc3)C[NH2+]2)c1,1,Fc1cc(cc(F)c1)C[C@H](NC(=O)c1cc(cc(c1)C)C(=O)N(CCC)CCC)[C@H](O)[C@@H]1[NH2+]C[C@H](OCc2ccccc2)C1,1,1,0,Exmol_based,Generated using exmol-based algorithm
CCCN(CCC)C(=O)c1cc(C)cc(C(=O)N[C@@H](Cc2cc(F)cc(F)c2)[C@H](O)[C@H]2C[C@@H](OCc3ccccc3)C(C)[NH2+]2)c1,1,Fc1cc(cc(F)c1)C[C@H](NC(=O)c1cc(cc(c1)C)C(=O)N(CCC)CCC)[C@H](O)[C@@H]1[NH2+]C[C@H](OCc2ccccc2)C1,1,1,0,Exmol_based,Generated using exmol-based algorithm
CCCNCCC.Cc1cc(C=O)cc(C(=O)N[C@@H](Cc2cc(F)cc(F)c2)[C@H](O)C[NH2+]Cc2cccc(I)c2)c1,1,Ic1cc(ccc1)C[NH2+]C[C@@H](O)[C@@H](NC(=O)c1cc(cc(c1)C)C(=O)N(CCC)CCC)Cc1cc(F)cc(F)c1,1,1,0,Exmol_based,Generated using exmol-based algorithm
CCCN(CCC)C(=O)c1cc(C)cc(C(=O)N[C@@H](Cc2cc(F)cc(F)c2)[C@H](O)C[NH2+]Cc2cccc(I)c2C)c1,1,Ic1cc(ccc1)C[NH2+]C[C@@H](O)[C@@H](NC(=O)c1cc(cc(c1)C)C(=O)N(CCC)CCC)Cc1cc(F)cc(F)c1,1,1,0,Exmol_based,Generated using exmol-based algorithm
C.CCCN(C)C(=O)c1cc(C)cc(C(=O)N[C@@H](Cc2cc(F)cc(F)c2)[C@H](O)C[NH2+]Cc2cccc(I)c2)c1,1,Ic1cc(ccc1)C[NH2+]C[C@@H](O)[C@@H](NC(=O)c1cc(cc(c1)C)C(=O)N(CCC)CCC)Cc1cc(F)cc(F)c1,1,1,0,Exmol_based,Generated using exmol-based algorithm
CCCN(CCC)C(=O)c1cc(C)cc(C(=O)N[C@@H](Cc2cc(F)cc(F)c2)[C@H](O)[CH]C(=O)N(C)Cc2ccccc2)c1,1,Fc1cc(cc(F)c1)C[C@H](NC(=O)c1cc(cc(c1)C)C(=O)N(CCC)CCC)[C@H](O)[C@@H]1[NH2+]CN(Cc2ccccc2)C1=O,1,1,0,Exmol_based,Generated using exmol-based algorithm
CCCN(CCC)C(=O)c1cccc(C(=O)N[C@@H](Cc2cc(F)cc(F)c2)[C@H](O)[C@@H]2[NH2+]CN(Cc3ccccc3)C2=O)c1,1,Fc1cc(cc(F)c1)C[C@H](NC(=O)c1cc(cc(c1)C)C(=O)N(CCC)CCC)[C@H](O)[C@@H]1[NH2+]CN(Cc2ccccc2)C1=O,1,1,0,Exmol_based,Generated using exmol-based algorithm
CCCN(CCC)C(=O)c1cc(C)cc(C(=O)N[C@@H](Cc2cc(F)cc(F)c2)[C@H](O)[CH]C(=O)N(C[NH2+])Cc2ccccc2)c1,1,Fc1cc(cc(F)c1)C[C@H](NC(=O)c1cc(cc(c1)C)C(=O)N(CCC)CCC)[C@H](O)[C@@H]1[NH2+]CN(Cc2ccccc2)C1=O,1,1,0,Exmol_based,Generated using exmol-based algorithm
CCCN(CCC)C(=O)c1cc(C)cc(C(=O)N[C@@H](CC2=CC(F)=CS(F)=C2)[C@H](O)[C@H]2CN(S(=O)(=O)c3ccccc3)CC[NH2+]2)c1,1,S(=O)(=O)(N1C[C@@H]([NH2+]CC1)[C@@H](O)[C@@H](NC(=O)c1cc(cc(c1)C)C(=O)N(CCC)CCC)Cc1cc(F)cc(F)c1)c1ccccc1,1,1,0,Exmol_based,Generated using exmol-based algorithm
CCCN(CCC)C(=O)c1cc(C=N)cc(C(=O)N[C@@H](Cc2cc(F)cc(F)c2)[C@H](O)[C@H]2CN(S(=O)(=O)c3ccccc3)CC[NH2+]2)c1,1,S(=O)(=O)(N1C[C@@H]([NH2+]CC1)[C@@H](O)[C@@H](NC(=O)c1cc(cc(c1)C)C(=O)N(CCC)CCC)Cc1cc(F)cc(F)c1)c1ccccc1,1,1,0,Exmol_based,Generated using exmol-based algorithm
CCCN(CCC)Cc1cc(C)cc(C(=O)N[C@@H](Cc2cc(F)cc(F)c2)[C@H](O)[C@H]2CN(S(=O)(=O)c3ccccc3)CC[NH2+]2)c1.O,1,S(=O)(=O)(N1C[C@@H]([NH2+]CC1)[C@@H](O)[C@@H](NC(=O)c1cc(cc(c1)C)C(=O)N(CCC)CCC)Cc1cc(F)cc(F)c1)c1ccccc1,1,1,0,Exmol_based,Generated using exmol-based algorithm
CC(C)(C)Cc1cnc2c(c1)[C@@H]([NH2+]C[C@@H](O)[CH]Cc1ccc(F)cc1)CC1(CCC1)O2.CC=O,1,Fc1ccc(cc1)C[C@H](NC(=O)C)[C@H](O)C[NH2+][C@H]1CC2(Oc3ncc(cc13)CC(C)(C)C)CCC2,1,1,0,Exmol_based,Generated using exmol-based algorithm
CCC1C[C@H]([NH2+]C[C@@H](O)[C@H](Cc2ccc(F)cc2)NC(C)=O)c2cc(CC(C)(C)C)cnc2O1,1,Fc1ccc(cc1)C[C@H](NC(=O)C)[C@H](O)C[NH2+][C@H]1CC2(Oc3ncc(cc13)CC(C)(C)C)CCC2,1,1,0,Exmol_based,Generated using exmol-based algorithm
C.CC(=O)N[C@@H](Cc1ccc(F)cc1)[C@H](O)C[NH2+][C@H]1CC2(CCC2)Oc2ncc(CC(C)C)cc21,1,Fc1ccc(cc1)C[C@H](NC(=O)C)[C@H](O)C[NH2+][C@H]1CC2(Oc3ncc(cc13)CC(C)(C)C)CCC2,1,1,0,Exmol_based,Generated using exmol-based algorithm
CC[C@@H]1CC(c2ccccc2)[C@@H]([C@H](O)C[NH2+]Cc2cccc(OC)c2)NC(=O)[C@H](CCc2ccccc2)N2CC[C@@]1(NC(C)=O)C2=O,1,O(C)c1cc(ccc1)C[NH2+]C[C@@H](O)[C@@H](NC(=O)[C@@H](N1CC[C@](NC(=O)C)([C@H](CC)C)C1=O)CCc1ccccc1)Cc1ccccc1,1,1,0,Exmol_based,Generated using exmol-based algorithm
CC[C@H](C)[C@@]1(NC(C)=O)CCN([C@@H](CCc2ccccc2)C(=O)N[C@@H](Cc2ccccc2)[C@H](O)P[NH2+]Cc2cccc(OC)c2)C1=O,1,O(C)c1cc(ccc1)C[NH2+]C[C@@H](O)[C@@H](NC(=O)[C@@H](N1CC[C@](NC(=O)C)([C@H](CC)C)C1=O)CCc1ccccc1)Cc1ccccc1,1,1,0,Exmol_based,Generated using exmol-based algorithm
CCN[C@]1([C@@H](C)CC)CCN([C@@H](CCc2ccccc2)C(=O)N[C@@H](Cc2ccccc2)[C@H](O)C[NH2+]Cc2cccc(OC)c2)C1=O,1,O(C)c1cc(ccc1)C[NH2+]C[C@@H](O)[C@@H](NC(=O)[C@@H](N1CC[C@](NC(=O)C)([C@H](CC)C)C1=O)CCc1ccccc1)Cc1ccccc1,1,1,0,Exmol_based,Generated using exmol-based algorithm
CO[C@H](C)C(=O)N[C@@H](Cc1cccc(-c2nccs2)c1)[C@H](O)C[NH2+][C@H]1CC2(CCC2)Oc2ncc(CC(C)(C)O)cc21,1,s1ccnc1-c1cc(ccc1)C[C@H](NC(=O)[C@H](OC)C)[C@H](O)C[NH2+][C@H]1CC2(Oc3ncc(cc13)CC(C)(C)C)CCC2,1,1,0,Exmol_based,Generated using exmol-based algorithm
CO[C@H](C)C(=O)N[C@H]1Cc2cccc(c2)-c2ncc(s2)CC(C)(C)Cc2cnc3c(c2)[C@H](CC2(CCC2)O3)[NH2+]C[C@H]1O,1,s1ccnc1-c1cc(ccc1)C[C@H](NC(=O)[C@H](OC)C)[C@H](O)C[NH2+][C@H]1CC2(Oc3ncc(cc13)CC(C)(C)C)CCC2,1,1,0,Exmol_based,Generated using exmol-based algorithm
CC(C)(C)Cc1cnc2c(c1)[C@@H]([NH2+]C[CH]O)CC1(CCC1)O2.CO[C@H](C)C(=O)N[CH]Cc1cccc(-c2nccs2)c1,1,s1ccnc1-c1cc(ccc1)C[C@H](NC(=O)[C@H](OC)C)[C@H](O)C[NH2+][C@H]1CC2(Oc3ncc(cc13)CC(C)(C)C)CCC2,1,1,0,Exmol_based,Generated using exmol-based algorithm
CC(C)C(=O)N[C@H](C(=O)NCc1ccccc1)C(C)C.C[C@@H](NC(=O)c1cc(C(=O)N[C@H]([CH]O)COCc2cc(F)cc(F)c2)cc(N(C)S(C)(=O)=O)c1)c1ccccc1,1,S(=O)(=O)(N(C)c1cc(cc(c1)C(=O)N[C@H]([C@@H](O)C[C@H](C(=O)N[C@@H](C(C)C)C(=O)NCc1ccccc1)C)COCc1cc(F)cc(F)c1)C(=O)N[C@H](C)c1ccccc1)C,1,1,0,Exmol_based,Generated using exmol-based algorithm
C[CH]NC(=O)c1cc(C(=O)N[C@@H](COCc2cc(F)cc(F)c2)[C@@H](O)C[C@@H](C)C(=O)N[C@H](C(=O)NCc2ccccc2)C(C)C)cc(N(C)S(C)(=O)=O)c1.c1ccccc1,1,S(=O)(=O)(N(C)c1cc(cc(c1)C(=O)N[C@H]([C@@H](O)C[C@H](C(=O)N[C@@H](C(C)C)C(=O)NCc1ccccc1)C)COCc1cc(F)cc(F)c1)C(=O)N[C@H](C)c1ccccc1)C,1,1,0,Exmol_based,Generated using exmol-based algorithm
CC(C)[C@H](NC(=O)[C@H](C)C[C@H](O)[C@H](COCc1cc(F)cc(F)c1)NC(=O)c1cc(C(=O)N[C@H](C)c2ccccc2)cc(N(C)S(C)(=O)=O)c1)C(=O)NCc1ccccc1,1,S(=O)(=O)(N(C)c1cc(cc(c1)C(=O)N[C@H]([C@@H](O)C[C@H](C(=O)N[C@@H](C(C)C)C(=O)NCc1ccccc1)C)COCc1cc(F)cc(F)c1)C(=O)N[C@H](C)c1ccccc1)C,1,1,0,Exmol_based,Generated using exmol-based algorithm
CCCN(CC)C(=O)c1cc(C)cc(C(=O)N[C@@H](Cc2cc(F)cc(F)c2)[C@H](O)[C@H]2C[C@@H](OCC)CC[NH2+]2)c1,1,Fc1cc(cc(F)c1)C[C@H](NC(=O)c1cc(cc(c1)C)C(=O)N(CCC)CCC)[C@H](O)[C@@H]1[NH2+]CC[C@H](OCC)C1,1,1,0,Exmol_based,Generated using exmol-based algorithm
C.CCCN(C)C(=O)c1cc(C)cc(C(=O)N[C@@H](Cc2cc(F)cc(F)c2)[C@H](O)[C@H]2C[C@@H](OCC)CC[NH2+]2)c1,1,Fc1cc(cc(F)c1)C[C@H](NC(=O)c1cc(cc(c1)C)C(=O)N(CCC)CCC)[C@H](O)[C@@H]1[NH2+]CC[C@H](OCC)C1,1,1,0,Exmol_based,Generated using exmol-based algorithm
CCCN(CCC)C(=O)c1cc(C)cc(C(=O)N[C@@H](Cc2cccc(F)c2)[C@H](O)[C@H]2C[C@@H](OCC)CC[NH2+]2)c1.F,1,Fc1cc(cc(F)c1)C[C@H](NC(=O)c1cc(cc(c1)C)C(=O)N(CCC)CCC)[C@H](O)[C@@H]1[NH2+]CC[C@H](OCC)C1,1,1,0,Exmol_based,Generated using exmol-based algorithm
CC(C)C(S)NC(=O)[C@H](C)[NH2+]C[C@H](Cc1ccccc1)NC(=O)c1cc(C(=O)N[C@H](C)c2ccc(F)cc2)cc(N(C)S(C)(=O)=O)c1,1,S(=O)(=O)(N(C)c1cc(cc(c1)C(=O)N[C@@H](Cc1ccccc1)C[NH2+][C@H](C(=O)NCC(C)C)C)C(=O)N[C@H](C)c1ccc(F)cc1)C,1,1,0,Exmol_based,Generated using exmol-based algorithm
CC(C)C.C[C@H]([NH2+]C[C@H](Cc1ccccc1)NC(=O)c1cc(C(=O)N[C@H](C)c2ccc(F)cc2)cc(N(C)S(C)(=O)=O)c1)C(N)=O,1,S(=O)(=O)(N(C)c1cc(cc(c1)C(=O)N[C@@H](Cc1ccccc1)C[NH2+][C@H](C(=O)NCC(C)C)C)C(=O)N[C@H](C)c1ccc(F)cc1)C,1,1,0,Exmol_based,Generated using exmol-based algorithm
CC(C)CNC(=O)[C@H](C)[NH2+]C[C@H](Cc1ccccc1)NC(=O)c1cc(N(C)S(C)(=O)=O)cc(C(=O)N[C@H](C)c2ccc(F)cc2)c1P,1,S(=O)(=O)(N(C)c1cc(cc(c1)C(=O)N[C@@H](Cc1ccccc1)C[NH2+][C@H](C(=O)NCC(C)C)C)C(=O)N[C@H](C)c1ccc(F)cc1)C,1,1,0,Exmol_based,Generated using exmol-based algorithm
CCC[C@H]([CH]C[C@H](NC1=[NH+]C(C)(C)Cc2cc(Cl)ccc21)C(=O)[O-])SC.c1cn[nH]c1,1,Clc1cc2CC([NH+]=C(N[C@@H](C[C@H]3[C@H](SC=C3c3cn[nH]c3)CCC)C(=O)[O-])c2cc1)(C)C,1,1,0,Exmol_based,Generated using exmol-based algorithm
CCC[C@@H]1[C@@H]2C[C@@H](C(=O)[O-])NC3=[NH+]C(C)(C)Cc4cc(Cl)cc(c43)[SH]1C=C2c1cn[nH]c1,1,Clc1cc2CC([NH+]=C(N[C@@H](C[C@H]3[C@H](SC=C3c3cn[nH]c3)CCC)C(=O)[O-])c2cc1)(C)C,1,1,0,Exmol_based,Generated using exmol-based algorithm
C.CC[C@H]1SC=C(c2cn[nH]c2)[C@H]1C[C@H](NC1=[NH+]C(C)(C)Cc2cc(Cl)ccc21)C(=O)[O-],1,Clc1cc2CC([NH+]=C(N[C@@H](C[C@H]3[C@H](SC=C3c3cn[nH]c3)CCC)C(=O)[O-])c2cc1)(C)C,1,1,0,Exmol_based,Generated using exmol-based algorithm
CC(C=O)COc1ccc2c(c1)[C@]1(COC(N)=N1)c1cc(-c3cncnc3)ccc1O2,1,O1C[C@]2(N=C1N)c1cc(ccc1Oc1c2cc(OCC(C)C)cc1)-c1cncnc1,1,1,0,Exmol_based,Generated using exmol-based algorithm
C.CCCOc1ccc2c(c1)[C@]1(COC(N)=N1)c1cc(-c3cncnc3)ccc1O2,1,O1C[C@]2(N=C1N)c1cc(ccc1Oc1c2cc(OCC(C)C)cc1)-c1cncnc1,1,1,0,Exmol_based,Generated using exmol-based algorithm
CC(C)COc1ccc2c(c1)[C@](N)(COCN)c1cc(-c3cncnc3)ccc1O2,1,O1C[C@]2(N=C1N)c1cc(ccc1Oc1c2cc(OCC(C)C)cc1)-c1cncnc1,1,1,0,Exmol_based,Generated using exmol-based algorithm
CC(=O)N[C@]1(CC(C)C)CCN([C@@H](CCc2ccccc2)C(=O)N[C@@H](Cc2cc(F)cc(F)c2)[C@H](O)[C@H]2Cc3ccccc3C[NH2+]2)C1=O,1,Fc1cc(cc(F)c1)C[C@H](NC(=O)[C@@H](N1CC[C@](NC(=O)C)(CC(C)C)C1=O)CCc1ccccc1)[C@H](O)[C@@H]1[NH2+]Cc2c(C1)cccc2,1,1,0,Exmol_based,Generated using exmol-based algorithm
CC(=O)N[C@]1(CC(C)C)CCN([C@@H](CCc2ccccc2)C(=O)N[CH]Cc2cc(F)cc(F)c2)C1=O.O[CH][C@H]1Cc2ccccc2C[NH2+]1,1,Fc1cc(cc(F)c1)C[C@H](NC(=O)[C@@H](N1CC[C@](NC(=O)C)(CC(C)C)C1=O)CCc1ccccc1)[C@H](O)[C@@H]1[NH2+]Cc2c(C1)cccc2,1,1,0,Exmol_based,Generated using exmol-based algorithm
CC(=O)N[C@]1(C)CCN([C@@H](CCc2ccccc2)C(=O)N[C@@H](Cc2cc(F)cc(F)c2)[C@H](O)[C@H]2Cc3ccccc3C[NH2+]2)C1=O.CCC,1,Fc1cc(cc(F)c1)C[C@H](NC(=O)[C@@H](N1CC[C@](NC(=O)C)(CC(C)C)C1=O)CCc1ccccc1)[C@H](O)[C@@H]1[NH2+]Cc2c(C1)cccc2,1,1,0,Exmol_based,Generated using exmol-based algorithm
CC(=O)N[C@H]([CH]C[NH2+][C@H]1CC(C)(C)Oc2sc(CC(C)(C)C)cc21)Cc1ccccc1,1,s1c2OC(C[C@H]([NH2+]C[C@@H](O)[C@@H](NC(=O)C)Cc3ccccc3)c2cc1CC(C)(C)C)(C)C,1,1,0,Exmol_based,Generated using exmol-based algorithm
CC(=O)N[C@@H](Cc1cccnc1)[C@H](O)C[NH2+][C@H]1CC(C)(C)Oc2sc(CC(C)(C)C)cc21,1,s1c2OC(C[C@H]([NH2+]C[C@@H](O)[C@@H](NC(=O)C)Cc3ccccc3)c2cc1CC(C)(C)C)(C)C,1,1,0,Exmol_based,Generated using exmol-based algorithm
C.CC(C)(C)Cc1cc2c(s1)OC(C)(C)C[C@@H]2[NH2+]C[C@@H](O)[C@H](Cc1ccccc1)NC=O,1,s1c2OC(C[C@H]([NH2+]C[C@@H](O)[C@@H](NC(=O)C)Cc3ccccc3)c2cc1CC(C)(C)C)(C)C,1,1,0,Exmol_based,Generated using exmol-based algorithm
CCCC[NH2+]C(=O)[C@@H](NC(=O)[C@@H]1CC(=O)C[C@H]1[C@H](O)[C@H](CC(C)N)NC(=O)[C@H](CCSC)NC(=O)[C@H](CC(C)C)NC(C)=O)C(C)C,1,S(CC[C@H](NC(=O)[C@@H](NC(=O)C)CC(C)C)C(=O)N[C@H]([C@@H](O)[C@@H]1CC(=O)C[C@H]1C(=O)N[C@@H](C(C)C)C(=O)[NH2+]CCCC)CC(C)C)C,1,1,0,Exmol_based,Generated using exmol-based algorithm
CCCC[NH2+]C(=O)[C@@H](NC(=O)[CH]CC(=O)C[CH][C@H](O)[C@H](CC(C)C)NC(=O)[C@H](CCSC)NC(=O)[C@H](CC(C)C)NC(C)=O)C(C)C,1,S(CC[C@H](NC(=O)[C@@H](NC(=O)C)CC(C)C)C(=O)N[C@H]([C@@H](O)[C@@H]1CC(=O)C[C@H]1C(=O)N[C@@H](C(C)C)C(=O)[NH2+]CCCC)CC(C)C)C,1,1,0,Exmol_based,Generated using exmol-based algorithm
C.CCC[NH2+]C(=O)[C@@H](NC(=O)[C@@H]1CC(=O)C[C@H]1[C@H](O)[C@H](CC(C)C)NC(=O)[C@H](CCSC)NC(=O)[C@H](CC(C)C)NC(C)=O)C(C)C,1,S(CC[C@H](NC(=O)[C@@H](NC(=O)C)CC(C)C)C(=O)N[C@H]([C@@H](O)[C@@H]1CC(=O)C[C@H]1C(=O)N[C@@H](C(C)C)C(=O)[NH2+]CCCC)CC(C)C)C,1,1,0,Exmol_based,Generated using exmol-based algorithm
CCCC[C@H]([NH3+])[C@H](C)NC(=O)c1cc(NC[C@H]2C[C@@H]2C)nc(N(C)S(C)(=O)=O)c1.c1ccsc1,1,s1cc(cc1)C[C@H](NC(=O)c1cc(nc(NC[C@H]2C[C@@H]2C)c1)N(S(=O)(=O)C)C)[C@@H]([NH3+])CCCC,1,1,0,Exmol_based,Generated using exmol-based algorithm
CCCC[C@H]([NH3+])[C@H](CC1=CS(=P)C=C1)NC(=O)c1cc(NC[C@H]2C[C@@H]2C)nc(N(C)S(C)(=O)=O)c1,1,s1cc(cc1)C[C@H](NC(=O)c1cc(nc(NC[C@H]2C[C@@H]2C)c1)N(S(=O)(=O)C)C)[C@@H]([NH3+])CCCC,1,1,0,Exmol_based,Generated using exmol-based algorithm
CCCC[C@H]([NH3+])[CH]Cc1ccsc1.C[C@H]1C[C@@H]1CNc1cc(C(N)=O)cc(N(C)S(C)(=O)=O)n1,1,s1cc(cc1)C[C@H](NC(=O)c1cc(nc(NC[C@H]2C[C@@H]2C)c1)N(S(=O)(=O)C)C)[C@@H]([NH3+])CCCC,1,1,0,Exmol_based,Generated using exmol-based algorithm
C.CCCN(CCC)C(=O)c1cc(C(N)=O)cc(C(=O)N[C@@H](Cc2cc(F)cc(F)c2)[C@H](O)C[NH2+]Cc2cccc(O)c2)c1,1,Fc1cc(cc(F)c1)C[C@H](NC(=O)c1cc(cc(c1)C(=O)N)C(=O)N(CCC)CCC)[C@H](O)C[NH2+]Cc1cc(OC)ccc1,1,1,0,Exmol_based,Generated using exmol-based algorithm
C=C(N[C@@H](Cc1cc(F)cc(F)c1)[C@H](O)C[NH2+]Cc1cccc(OC)c1)c1cc(C(N)=O)cc(C(=O)N(CCC)CCC)c1,1,Fc1cc(cc(F)c1)C[C@H](NC(=O)c1cc(cc(c1)C(=O)N)C(=O)N(CCC)CCC)[C@H](O)C[NH2+]Cc1cc(OC)ccc1,1,1,0,Exmol_based,Generated using exmol-based algorithm
CCCN(CCC)C(=O)c1cc(C(N)=O)cc(C(=O)N[C@@H](Cc2cc(F)cc(F)c2)[C@@H](C[NH2+]Cc2cccc(OC)c2)OC)c1,1,Fc1cc(cc(F)c1)C[C@H](NC(=O)c1cc(cc(c1)C(=O)N)C(=O)N(CCC)CCC)[C@H](O)C[NH2+]Cc1cc(OC)ccc1,1,1,0,Exmol_based,Generated using exmol-based algorithm
Cc1ccccc1-c1ccc2nc(N)c(C[C@@H](CCBr)C(=O)NCC3CCCCC3)cc2c1,1,O=C(NCC1CCCCC1)[C@@H](Cc1cc2cc(ccc2nc1N)-c1ccccc1C)CCC,1,1,0,Exmol_based,Generated using exmol-based algorithm
Cc1ccccc1-c1ccc2nc(N)c(C[C@@H](CCCl)C(=O)NCC3CCCCC3)cc2c1,1,O=C(NCC1CCCCC1)[C@@H](Cc1cc2cc(ccc2nc1N)-c1ccccc1C)CCC,1,1,0,Exmol_based,Generated using exmol-based algorithm
CCCCCCNC(=O)[C@H](CCC)Cc1cc2cc(-c3ccccc3C)ccc2nc1N,1,O=C(NCC1CCCCC1)[C@@H](Cc1cc2cc(ccc2nc1N)-c1ccccc1C)CCC,1,1,0,Exmol_based,Generated using exmol-based algorithm
C[C](Cc1ccccc1)c1nnc(-c2cc(C(=O)N[C@H](C)c3ccc(F)cc3)cc(N(C)S(C)(=O)=O)c2)o1.[NH3+],1,S(=O)(=O)(N(C)c1cc(cc(c1)C(=O)N[C@H](C)c1ccc(F)cc1)-c1oc(nn1)[C@]([NH3+])(Cc1ccccc1)C)C,1,1,0,Exmol_based,Generated using exmol-based algorithm
C.C[C@@H](NC(=O)c1cc(-c2nnc([C]([NH3+])Cc3ccccc3)o2)cc(N(C)S(C)(=O)=O)c1)c1ccc(F)cc1,1,S(=O)(=O)(N(C)c1cc(cc(c1)C(=O)N[C@H](C)c1ccc(F)cc1)-c1oc(nn1)[C@]([NH3+])(Cc1ccccc1)C)C,1,1,0,Exmol_based,Generated using exmol-based algorithm
C[C@@H](NC(=O)c1cc(NS(C)(=O)=O)cc(-c2nnc([C@](C)([NH3+])Cc3ccccc3)o2)c1)c1ccc(F)cc1,1,S(=O)(=O)(N(C)c1cc(cc(c1)C(=O)N[C@H](C)c1ccc(F)cc1)-c1oc(nn1)[C@]([NH3+])(Cc1ccccc1)C)C,1,1,0,Exmol_based,Generated using exmol-based algorithm
C.COc1ccc([C@@]2(c3cccc(-c4cncnc4)c3)N=C(C)C(N)=[NH+]2)cc1C,1,O(C)c1c(cc(cc1C)[C@@]1([NH+]=C(N)C(=N1)C)c1cc(ccc1)-c1cncnc1)C,1,1,0,Exmol_based,Generated using exmol-based algorithm
C.CC1=N[C@](c2cccc(-c3cncnc3)c2)(c2cc(C)c(O)c(C)c2)[NH+]=C1N,1,O(C)c1c(cc(cc1C)[C@@]1([NH+]=C(N)C(=N1)C)c1cc(ccc1)-c1cncnc1)C,1,1,0,Exmol_based,Generated using exmol-based algorithm
COc1ccc([C@@]2(c3cccc(-c4cncnc4)c3)N=C(C)C(N)=[NH+]2)cc1C,1,O(C)c1c(cc(cc1C)[C@@]1([NH+]=C(N)C(=N1)C)c1cc(ccc1)-c1cncnc1)C,1,1,0,Exmol_based,Generated using exmol-based algorithm
CC(=O)N[C@@H](Cc1cc(F)cc(F)c1O)[C@H](O)C[NH2+][C@@]1(c2cccc(C(C)(C)C)c2)CCc2n[nH]cc2C1,1,Fc1cc(cc(F)c1)C[C@H](NC(=O)C)[C@H](O)C[NH2+][C@]1(CCc2n[nH]cc2C1)c1cc(ccc1)C(C)(C)C,1,1,0,Exmol_based,Generated using exmol-based algorithm
CC(=O)N[C@@H](Cc1cc(F)cc(F)c1)[C@H](O)C[NH2+][C@@]1(c2cccc(C(C)(C)CF)c2)CCc2n[nH]cc2C1,1,Fc1cc(cc(F)c1)C[C@H](NC(=O)C)[C@H](O)C[NH2+][C@]1(CCc2n[nH]cc2C1)c1cc(ccc1)C(C)(C)C,1,1,0,Exmol_based,Generated using exmol-based algorithm
CC[C@@](Cc1cn[nH]c1)([NH2+]C[C@@H](O)[C@H](Cc1cc(F)cc(F)c1)NC(C)=O)c1cccc(C(C)(C)C)c1,1,Fc1cc(cc(F)c1)C[C@H](NC(=O)C)[C@H](O)C[NH2+][C@]1(CCc2n[nH]cc2C1)c1cc(ccc1)C(C)(C)C,1,1,0,Exmol_based,Generated using exmol-based algorithm
C[C@@]1(c2cc(NC(=O)c3ccc(C#N)cn3)ccc2F)C[C@@H](C(F)F)OC(N)=N1.F,1,Fc1ccc(NC(=O)c2ncc(cc2)C#N)cc1[C@]1(N=C(O[C@@H](C1)C(F)(F)F)N)C,1,1,0,Exmol_based,Generated using exmol-based algorithm
C[C@@]1(c2cc(NC(=O)c3ccc(C#N)cn3)ccc2F)C[C@@H](C(F)F)OC(N)=N1.F,1,Fc1ccc(NC(=O)c2ncc(cc2)C#N)cc1[C@]1(N=C(O[C@@H](C1)C(F)(F)F)N)C,1,1,0,Exmol_based,Generated using exmol-based algorithm
C[C@@]1(c2cc(N)ccc2F)C[C@@H](C(F)(F)F)OC(N)=N1.N#Cc1cccnc1.O,1,Fc1ccc(NC(=O)c2ncc(cc2)C#N)cc1[C@]1(N=C(O[C@@H](C1)C(F)(F)F)N)C,1,1,0,Exmol_based,Generated using exmol-based algorithm
CCNc1cc(C(=O)N[C@@H](Cc2ccccc2)[C@H](O)C[NH2+][C@@H](C)C(=O)NC2CCCCC2)cc(N(C)C(=O)CC)c1,1,O=C1N(CCC1)c1cc(cc(NCC)c1)C(=O)N[C@H]([C@H](O)C[NH2+][C@H](C(=O)NC1CCCCC1)C)Cc1ccccc1,1,1,0,Exmol_based,Generated using exmol-based algorithm
CCCCC(C)NC(=O)[C@H](C)[NH2+]C[C@@H](O)[C@H](Cc1ccccc1)NC(=O)c1cc(NCC)cc(N2CCCC2=O)c1,1,O=C1N(CCC1)c1cc(cc(NCC)c1)C(=O)N[C@H]([C@H](O)C[NH2+][C@H](C(=O)NC1CCCCC1)C)Cc1ccccc1,1,1,0,Exmol_based,Generated using exmol-based algorithm
CCNc1cc(C(=O)N[C@@H](Cc2ccccc2)[C@H](O)C[NH2+][C@@H](C)C(=O)NC2CCCCC2)cc(N2CCCC2=S)c1,1,O=C1N(CCC1)c1cc(cc(NCC)c1)C(=O)N[C@H]([C@H](O)C[NH2+][C@H](C(=O)NC1CCCCC1)C)Cc1ccccc1,1,1,0,Exmol_based,Generated using exmol-based algorithm
C[C@]1(c2cc(NC(=O)c3ccc(C#N)cn3)ccc2F)N=C(N)O[S@H](C(F)(F)F)[C@@H]1F,1,Fc1ccc(NC(=O)c2ncc(cc2)C#N)cc1[C@]1(N=C(O[C@H](C(F)(F)F)[C@@H]1F)N)C,1,1,0,Exmol_based,Generated using exmol-based algorithm
C#C[C@]1(c2cc(NC(=O)c3ccc(C#N)cn3)ccc2F)N=C(N)O[C@H](C(F)(F)F)[C@@H]1F,1,Fc1ccc(NC(=O)c2ncc(cc2)C#N)cc1[C@]1(N=C(O[C@H](C(F)(F)F)[C@@H]1F)N)C,1,1,0,Exmol_based,Generated using exmol-based algorithm
C[C@@](N)(c1cc(NC(=O)c2ccc(C#N)cn2)ccc1F)[C@@H](F)[C@H](OCN)C(F)(F)F,1,Fc1ccc(NC(=O)c2ncc(cc2)C#N)cc1[C@]1(N=C(O[C@H](C(F)(F)F)[C@@H]1F)N)C,1,1,0,Exmol_based,Generated using exmol-based algorithm
C/C=C\C=C\C[C@H]1CC[NH2+][C@@H]([C@@H](O)[C@H](Cc2cccc(F)c2)NC(=O)c2cc(C)cc(C(=O)N(CCC)CCC)c2)C1,1,Fc1cc(cc(F)c1)C[C@H](NC(=O)c1cc(cc(c1)C)C(=O)N(CCC)CCC)[C@H](O)[C@@H]1[NH2+]CC[C@@H](C1)C\C=C\C=C/C,1,1,0,Exmol_based,Generated using exmol-based algorithm
C/C=C\C=C\C[C@H]1CC[NH2+][C@@H]([C@@H](O)[C@H](Cc2cc(F)cc(F)c2)NC(=O)c2cc(C)pc(C(=O)N(CCC)CCC)c2)C1,1,Fc1cc(cc(F)c1)C[C@H](NC(=O)c1cc(cc(c1)C)C(=O)N(CCC)CCC)[C@H](O)[C@@H]1[NH2+]CC[C@@H](C1)C\C=C\C=C/C,1,1,0,Exmol_based,Generated using exmol-based algorithm
C/C=C\C=C\C[C@H]1CC[NH2+][C@@H]([C@@H](O)[C@H](Cc2cc(F)cc(F)c2)NC(=O)c2cc(C)cc(C(=O)N(C)CCC)c2)C1.CC,1,Fc1cc(cc(F)c1)C[C@H](NC(=O)c1cc(cc(c1)C)C(=O)N(CCC)CCC)[C@H](O)[C@@H]1[NH2+]CC[C@@H](C1)C\C=C\C=C/C,1,1,0,Exmol_based,Generated using exmol-based algorithm
NC1=N[C@](c2ccc(OC(F)F)cc2)(c2ccc(F)c(C#CCCCF)c2)C(=O)N1Br,1,Fc1ccc(cc1C#CCCCF)[C@]1(N=C(N)N(C)C1=O)c1ccc(OC(F)F)cc1,1,1,0,Exmol_based,Generated using exmol-based algorithm
CN1C(=O)[C@@](c2ccc(OCF)cc2)(c2ccc(F)c(C#CCCCF)c2)N=C1N.F,1,Fc1ccc(cc1C#CCCCF)[C@]1(N=C(N)N(C)C1=O)c1ccc(OC(F)F)cc1,1,1,0,Exmol_based,Generated using exmol-based algorithm
CN1C(=O)[C@@](c2ccc(OC(F)Cl)cc2)(c2ccc(F)c(C#CCCCF)c2)N=C1N,1,Fc1ccc(cc1C#CCCCF)[C@]1(N=C(N)N(C)C1=O)c1ccc(OC(F)F)cc1,1,1,0,Exmol_based,Generated using exmol-based algorithm
CN(c1cc(C(=O)N[CH]c2ccccc2)cc(C(=O)N[C@@H](Cc2ccccc2)[C@H](O)C[NH2+]C2CC2)c1)S(C)(=O)=O,1,S(=O)(=O)(N(C)c1cc(cc(c1)C(=O)N[C@H]([C@H](O)C[NH2+]C1CC1)Cc1ccccc1)C(=O)N[C@H](C)c1ccccc1)C,1,1,0,Exmol_based,Generated using exmol-based algorithm
C.C[C@@H](NC(=O)c1cccc(C(=O)N[C@@H](Cc2ccccc2)[C@H](O)C[NH2+]C2CC2)c1)c1ccccc1.C[SH](=O)=O,1,S(=O)(=O)(N(C)c1cc(cc(c1)C(=O)N[C@H]([C@H](O)C[NH2+]C1CC1)Cc1ccccc1)C(=O)N[C@H](C)c1ccccc1)C,1,1,0,Exmol_based,Generated using exmol-based algorithm
C[CH]NC(=O)c1cc(C(=O)N[C@@H](Cc2ccccc2)[C@H](O)C[NH2+]C2CC2)cc(N(C)S(C)(=O)=O)c1.c1ccccc1,1,S(=O)(=O)(N(C)c1cc(cc(c1)C(=O)N[C@H]([C@H](O)C[NH2+]C1CC1)Cc1ccccc1)C(=O)N[C@H](C)c1ccccc1)C,1,1,0,Exmol_based,Generated using exmol-based algorithm
CCCCCCNC(=O)[C@H](C)[NH2+]C[C@@H](O)[C@H](Cc1ccccc1)NC(=O)c1cccc(N(c2ccccc2)S(C)(=O)=O)c1,1,S(=O)(=O)(N(c1cc(ccc1)C(=O)N[C@H]([C@H](O)C[NH2+][C@H](C(=O)NC1CCCCC1)C)Cc1ccccc1)c1ccccc1)C,1,1,0,Exmol_based,Generated using exmol-based algorithm
C[C@H]([NH2+]C[C@@H](O)[C@H](Cc1cc2ccc1-2)NC(=O)c1cccc(N(c2ccccc2)S(C)(=O)=O)c1)C(=O)NC1CCCCC1,1,S(=O)(=O)(N(c1cc(ccc1)C(=O)N[C@H]([C@H](O)C[NH2+][C@H](C(=O)NC1CCCCC1)C)Cc1ccccc1)c1ccccc1)C,1,1,0,Exmol_based,Generated using exmol-based algorithm
C[C@H]([NH2+]C(S)[C@@H](O)[C@H](Cc1ccccc1)NC(=O)c1cccc(N(c2ccccc2)S(C)(=O)=O)c1)C(=O)NC1CCCCC1,1,S(=O)(=O)(N(c1cc(ccc1)C(=O)N[C@H]([C@H](O)C[NH2+][C@H](C(=O)NC1CCCCC1)C)Cc1ccccc1)c1ccccc1)C,1,1,0,Exmol_based,Generated using exmol-based algorithm
CO[C@H](C)C(=O)N[C@@H](Cc1ccc2c(c1)OCO2)[P@H](O)C[NH2+][C@H]1CC2(CCC2)Oc2ncc(CC(C)(C)C)cc21,1,O1c2ncc(cc2[C@@H]([NH2+]C[C@@H](O)[C@@H](NC(=O)[C@H](OC)C)Cc2cc3OCOc3cc2)CC12CCC2)CC(C)(C)C,1,1,0,Exmol_based,Generated using exmol-based algorithm
C.CO[C@H](C)C(=O)N[C@@H](Cc1ccc2c(c1)OCO2)[C@H](O)C[NH2+][C@H]1CC2(CCC2)Oc2ncc(CC(C)C)cc21,1,O1c2ncc(cc2[C@@H]([NH2+]C[C@@H](O)[C@@H](NC(=O)[C@H](OC)C)Cc2cc3OCOc3cc2)CC12CCC2)CC(C)(C)C,1,1,0,Exmol_based,Generated using exmol-based algorithm
CO[C@H](C)C(=O)N[C@@H](Cc1ccc2c(c1)OCO2)[C@H](O)C[NH2+][C@H]1CC2(CCC2)Oc2ncc(CC(C)(C)C)c(Cl)c21,1,O1c2ncc(cc2[C@@H]([NH2+]C[C@@H](O)[C@@H](NC(=O)[C@H](OC)C)Cc2cc3OCOc3cc2)CC12CCC2)CC(C)(C)C,1,1,0,Exmol_based,Generated using exmol-based algorithm
COCc1cc(NCCCCO)cc(C(=O)N[C@@H](Cc2ccccc2)[C@H](O)C[NH2+]C2(c3cccc(C(C)C)c3)CC2)c1,1,O1CCCCNc2cc(cc(c2)C(=O)N[C@@H](Cc2cc1ccc2)[C@H](O)C[NH2+]C1(CC1)c1cc(ccc1)C(C)C)COC,1,1,0,Exmol_based,Generated using exmol-based algorithm
COCc1cc2cc(c1)C(=O)N[C@H]1Cc3cccc(c3)OCCCC(N2)C([NH2+]C2(c3cccc(C(C)C)c3)CC2)[C@H]1O,1,O1CCCCNc2cc(cc(c2)C(=O)N[C@@H](Cc2cc1ccc2)[C@H](O)C[NH2+]C1(CC1)c1cc(ccc1)C(C)C)COC,1,1,0,Exmol_based,Generated using exmol-based algorithm
COCc1cc2cc(c1)C(=O)N[C@H]([C@H](O)C[NH2+]C1(c3cccc(C(C)C)c3)CC1)Cc1cccc(c1)OCCCC(P)N2,1,O1CCCCNc2cc(cc(c2)C(=O)N[C@@H](Cc2cc1ccc2)[C@H](O)C[NH2+]C1(CC1)c1cc(ccc1)C(C)C)COC,1,1,0,Exmol_based,Generated using exmol-based algorithm
CCCCc1cccc(C[C@H](NC(C)=O)[C@H](O)C[NH2+][C@H]2CC3(CCC3)Oc3ccc(CC)cc32)c1,1,O1c2c(cc(cc2)CC)[C@@H]([NH2+]C[C@@H](O)[C@H]2NC(=O)CCCCCCc3cc(C2)ccc3)CC12CCC2,1,1,0,Exmol_based,Generated using exmol-based algorithm
Cc1ccc2c(c1)[C@@H]([NH2+]C[C@@H](O)[C@@H]1Cc3cccc(c3)CCCCCCC(=O)N1)CC1(CCC1)O2,1,O1c2c(cc(cc2)CC)[C@@H]([NH2+]C[C@@H](O)[C@H]2NC(=O)CCCCCCc3cc(C2)ccc3)CC12CCC2,1,1,0,Exmol_based,Generated using exmol-based algorithm
CCc1ccc2c(c1)[C@@H]([NH2+])CC1(CCC1)O2.C[C@@H](O)[C@@H]1Cc2cccc(c2)CCCCCCC(=O)N1,1,O1c2c(cc(cc2)CC)[C@@H]([NH2+]C[C@@H](O)[C@H]2NC(=O)CCCCCCc3cc(C2)ccc3)CC12CCC2,1,1,0,Exmol_based,Generated using exmol-based algorithm
CCCCN(C)C(=O)n1cc(C(=O)N[C@@H](Cc2cc(F)cc(F)c2)[C@H](O)C[NH2+]Cc2cccc(OC)c2)c2cc(C#N)ccc21,1,Fc1cc(cc(F)c1)C[C@H](NC(=O)c1c2cc(ccc2n(c1)C(=O)N(CCCC)C)C#N)[C@H](O)C[NH2+]Cc1cc(OC)ccc1,1,1,0,Exmol_based,Generated using exmol-based algorithm
CCCCNC.COc1cccc(C[NH2+]C[C@@H](O)[C@H](Cc2cc(F)cc(F)c2)NC(=O)c2cn(C=O)c3ccc(C#N)cc23)c1,1,Fc1cc(cc(F)c1)C[C@H](NC(=O)c1c2cc(ccc2n(c1)C(=O)N(CCCC)C)C#N)[C@H](O)C[NH2+]Cc1cc(OC)ccc1,1,1,0,Exmol_based,Generated using exmol-based algorithm
CCCCNC.COc1cccc(C[NH2+]C[C@@H](O)[C@H](Cc2cc(F)cc(F)c2)NC(=O)c2cn(C=O)c3ccc(C#N)cc23)c1,1,Fc1cc(cc(F)c1)C[C@H](NC(=O)c1c2cc(ccc2n(c1)C(=O)N(CCCC)C)C#N)[C@H](O)C[NH2+]Cc1cc(OC)ccc1,1,1,0,Exmol_based,Generated using exmol-based algorithm
N#Cc1ccc(C(=O)Nc2ccc(F)c([C@]3(CF)C[C@@H](C(F)(F)F)OC(N)=[N+]3[O-])c2)nc1,1,Fc1ccc(NC(=O)c2ncc(cc2)C#N)cc1[C@]1(N=C(O[C@@H](C1)C(F)(F)F)N)CF,1,1,0,Exmol_based,Generated using exmol-based algorithm
N#Cc1ccc(C(=O)Nc2ccc(F)c([C@]3(CF)C[C@@H](C(F)(F)F)PC(N)=N3)c2)nc1,1,Fc1ccc(NC(=O)c2ncc(cc2)C#N)cc1[C@]1(N=C(O[C@@H](C1)C(F)(F)F)N)CF,1,1,0,Exmol_based,Generated using exmol-based algorithm
CF.C[C@H](OC(=N)N)C(F)(F)F.N#Cc1ccc(C(=O)Nc2ccc(F)cc2)nc1,1,Fc1ccc(NC(=O)c2ncc(cc2)C#N)cc1[C@]1(N=C(O[C@@H](C1)C(F)(F)F)N)CF,1,1,0,Exmol_based,Generated using exmol-based algorithm
CCNc1cc(C(=O)N[C@@H](Cc2ccccc2)[C@H](P)C[NH2+]Cc2cccc(OC)c2)cc2c1CCCS(=O)(=O)N2C,1,S1(=O)(=O)N(c2c(CCC1)c(NCC)cc(c2)C(=O)N[C@H]([C@H](O)C[NH2+]Cc1cc(OC)ccc1)Cc1ccccc1)C,1,1,0,Exmol_based,Generated using exmol-based algorithm
CCNc1cc(C(=O)N[C@@H](Cc2ccccc2)[C@H](O)C[NH2+]Cc2ccpc(OC)c2)cc2c1CCCS(=O)(=O)N2C,1,S1(=O)(=O)N(c2c(CCC1)c(NCC)cc(c2)C(=O)N[C@H]([C@H](O)C[NH2+]Cc1cc(OC)ccc1)Cc1ccccc1)C,1,1,0,Exmol_based,Generated using exmol-based algorithm
CCNc1cc(C(=O)N[C@H]([CH]O)Cc2ccccc2)cc2c1CCCS(=O)(=O)N2C.COc1cccc(C[NH2+])c1,1,S1(=O)(=O)N(c2c(CCC1)c(NCC)cc(c2)C(=O)N[C@H]([C@H](O)C[NH2+]Cc1cc(OC)ccc1)Cc1ccccc1)C,1,1,0,Exmol_based,Generated using exmol-based algorithm
C.NC1=N[C@](c2ccc(OC(F)(F)F)cc2)(c2ccc(F)c(-c3cncnc3)c2)C(=O)N1,1,Fc1ccc(cc1-c1cncnc1)[C@]1(N=C(N)N(C)C1=O)c1ccc(OC(F)(F)F)cc1,1,1,0,Exmol_based,Generated using exmol-based algorithm
CN1C(=O)[C@@](c2ccc(OC(F)(F)F)cc2)(c2ccc(F)c(-c3cnnnc3)c2)N=C1N,1,Fc1ccc(cc1-c1cncnc1)[C@]1(N=C(N)N(C)C1=O)c1ccc(OC(F)(F)F)cc1,1,1,0,Exmol_based,Generated using exmol-based algorithm
CNC(=O)[C@@](N=CN)(c1ccc(OC(F)(F)F)cc1)c1ccc(F)c(-c2cncnc2)c1,1,Fc1ccc(cc1-c1cncnc1)[C@]1(N=C(N)N(C)C1=O)c1ccc(OC(F)(F)F)cc1,1,1,0,Exmol_based,Generated using exmol-based algorithm
CN1C(=O)[C@@](c2ccncc2)(c2cccc(-c3cc(F)ccc3Cl)c2)N=C1N,1,Fc1ccc(F)cc1-c1cc(ccc1)[C@]1(N=C(N)N(C)C1=O)c1ccncc1,1,1,0,Exmol_based,Generated using exmol-based algorithm
CN1C(=O)[C@@](c2ccncc2)(c2cccc(-c3cc(F)ccc3F)c2)N=C1N,1,Fc1ccc(F)cc1-c1cc(ccc1)[C@]1(N=C(N)N(C)C1=O)c1ccncc1,1,1,0,Exmol_based,Generated using exmol-based algorithm
CN1C(=O)[C@@](c2ccncc2)(c2cccc(-c3c(F)ccc(F)c3N)c2)N=C1N,1,Fc1ccc(F)cc1-c1cc(ccc1)[C@]1(N=C(N)N(C)C1=O)c1ccncc1,1,1,0,Exmol_based,Generated using exmol-based algorithm
CCn1ccc2c(N3CCC(N)C3=O)cc(C(=O)N[C@@H](CC3=CC=CCC3)[C@H](O)C[NH2+]Cc3cccc(OC)c3)cc21,1,O(C)c1cc(ccc1)C[NH2+]C[C@@H](O)[C@@H](NC(=O)c1cc(N2CCCC2=O)c2c(n(cc2)CC)c1)CC=1CCC=CC=1,1,1,0,Exmol_based,Generated using exmol-based algorithm
CC=CCC.CCn1ccc2c(N3CCCC3=O)cc(C(=O)N[C@@H](C)[C@H](O)C[NH2+]Cc3cccc(OC)c3)cc21,1,O(C)c1cc(ccc1)C[NH2+]C[C@@H](O)[C@@H](NC(=O)c1cc(N2CCCC2=O)c2c(n(cc2)CC)c1)CC=1CCC=CC=1,1,1,0,Exmol_based,Generated using exmol-based algorithm
CCC=CC=CC[C@H](NC(=O)c1cc(N2CCCC2=O)c2ccn(CC)c2c1)[C@H](O)C[NH2+]Cc1cccc(OC)c1,1,O(C)c1cc(ccc1)C[NH2+]C[C@@H](O)[C@@H](NC(=O)c1cc(N2CCCC2=O)c2c(n(cc2)CC)c1)CC=1CCC=CC=1,1,1,0,Exmol_based,Generated using exmol-based algorithm
N#Cc1ccc(C(=O)Nc2ccc(F)c([C]3N=C(N)OCC3(F)F)c2)nc1,1,Fc1ccc(NC(=O)c2ncc(cc2)C#N)cc1[C@]1(N=C(OCC1(F)F)N)C,1,1,0,Exmol_based,Generated using exmol-based algorithm
C[C@]1(c2cc(NC(=O)c3ccc(C#N)cn3)ccc2F)P=C(N)OCC1(F)F,1,Fc1ccc(NC(=O)c2ncc(cc2)C#N)cc1[C@]1(N=C(OCC1(F)F)N)C,1,1,0,Exmol_based,Generated using exmol-based algorithm
C.N#Cc1ccc(C(=O)Nc2ccc(F)cc2)nc1.N=C(N)OCC(F)F,1,Fc1ccc(NC(=O)c2ncc(cc2)C#N)cc1[C@]1(N=C(OCC1(F)F)N)C,1,1,0,Exmol_based,Generated using exmol-based algorithm
CC1(C)C[C@@]2(N=C(N)N(Cl)C2=O)c2cc(-c3cccc(Cl)c3)ccc2O1,1,Clc1cc(ccc1)-c1cc2c(OC(C[C@@]23N=C(N)N(C)C3=O)(C)C)cc1,1,1,0,Exmol_based,Generated using exmol-based algorithm
CN1C(=O)[C@]2(CC(C)(C)Pc3ccc(-c4cccc(Cl)c4)cc32)N=C1N,1,Clc1cc(ccc1)-c1cc2c(OC(C[C@@]23N=C(N)N(C)C3=O)(C)C)cc1,1,1,0,Exmol_based,Generated using exmol-based algorithm
CN(C=O)C(N)=N[C]1CC(C)(C)Oc2ccc(-c3cccc(Cl)c3)cc21,1,Clc1cc(ccc1)-c1cc2c(OC(C[C@@]23N=C(N)N(C)C3=O)(C)C)cc1,1,1,0,Exmol_based,Generated using exmol-based algorithm
CCN1CCN2CCS(=O)(=O)N(C)c3cc(C(=O)N[C@@H](Cc4ccccc4)[C@H](O)C[NH2+]Cc4cccc(OC)c4)cc1c32,1,S1(=O)(=O)N(c2cc(cc3N(CCN(CC1)c23)CC)C(=O)N[C@H]([C@H](O)C[NH2+]Cc1cc(OC)ccc1)Cc1ccccc1)C,1,1,0,Exmol_based,Generated using exmol-based algorithm
CCN1CCN2CCS(=O)(=O)N(C)c3cc(C(=O)N[C@H]([CH]O)Cc4ccccc4)cc1c32.C[NH2+]Cc1cccc(OC)c1,1,S1(=O)(=O)N(c2cc(cc3N(CCN(CC1)c23)CC)C(=O)N[C@H]([C@H](O)C[NH2+]Cc1cc(OC)ccc1)Cc1ccccc1)C,1,1,0,Exmol_based,Generated using exmol-based algorithm
CCN1CCN2CCS(=O)(=O)Nc3cc(C(=O)N[C@@H](Cc4ccccc4)[C@H](O)C[NH2+]Cc4cccc(OC)c4)cc1c32,1,S1(=O)(=O)N(c2cc(cc3N(CCN(CC1)c23)CC)C(=O)N[C@H]([C@H](O)C[NH2+]Cc1cc(OC)ccc1)Cc1ccccc1)C,1,1,0,Exmol_based,Generated using exmol-based algorithm
CCCC(CC)CC[C@]1(CC2CCCCC2)NC(=N)N(Cc2ccc(CN3C[C@H](CCC)NC3=O)cc2)C1=O,1,O=C1N(Cc2ccc(cc2)CN2C[C@@H](NC2=O)CCC)C(N[C@@]1(CC1CCCCC1)CCC1CCCCC1)=N,1,1,0,Exmol_based,Generated using exmol-based algorithm
CCC[C@H]1CNC(=O)N1.N=C1N[C@](CCC2CCCCC2)(CC2CCCCC2)C(=O)N1Cc1ccccc1,1,O=C1N(Cc2ccc(cc2)CN2C[C@@H](NC2=O)CCC)C(N[C@@]1(CC1CCCCC1)CCC1CCCCC1)=N,1,1,0,Exmol_based,Generated using exmol-based algorithm
CCCCCC[C@@]1(CCC2CCCCC2)NC(=N)N(Cc2ccc(CN3C[C@H](CCC)NC3=O)cc2)C1=O,1,O=C1N(Cc2ccc(cc2)CN2C[C@@H](NC2=O)CCC)C(N[C@@]1(CC1CCCCC1)CCC1CCCCC1)=N,1,1,0,Exmol_based,Generated using exmol-based algorithm
C[C@@]1([NH3+])Cc2cccc(c2)CC[C@H](c2ccccc2)NC(=O)c2cc(c3c(-c4ccccc4C#N)c2-3)COC1=O,1,O1Cc2cc(cc(c2)C(=O)N[C@H](CCc2cc(C[C@]([NH3+])(C)C1=O)ccc2)c1ccccc1)-c1ccccc1C#N,1,1,0,Exmol_based,Generated using exmol-based algorithm
C[C@@]1([NH3+])Cc2cccc(c2)CC[C@H](c2ccccc2)NC(=O)c2cc(cc(-c3ccccc3C#N)c2)CNC1=O,1,O1Cc2cc(cc(c2)C(=O)N[C@H](CCc2cc(C[C@]([NH3+])(C)C1=O)ccc2)c1ccccc1)-c1ccccc1C#N,1,1,0,Exmol_based,Generated using exmol-based algorithm
C[C@@]1([NH3+])Cc2cccc(c2)CC[C@H](c2ccccc2)NC(=O)c2cc(cc(-c3cc(O)ccc3C#N)c2)COC1=O,1,O1Cc2cc(cc(c2)C(=O)N[C@H](CCc2cc(C[C@]([NH3+])(C)C1=O)ccc2)c1ccccc1)-c1ccccc1C#N,1,1,0,Exmol_based,Generated using exmol-based algorithm
C.CN(c1cc(COC(=O)[C@](C)([NH3+])Cc2ccccc2)cc(C(N)=O)c1)S(C)(=O)=O.Fc1ccccc1,1,S(=O)(=O)(N(C)c1cc(cc(c1)COC(=O)[C@]([NH3+])(Cc1ccccc1)C)C(=O)N[C@H](C)c1ccc(F)cc1)C,1,1,0,Exmol_based,Generated using exmol-based algorithm
C[C@@H](NC(=O)c1cc(COC(=O)[C@@]([NH3+])(Br)Cc2ccccc2)cc(N(C)S(C)(=O)=O)c1)c1ccc(F)cc1,1,S(=O)(=O)(N(C)c1cc(cc(c1)COC(=O)[C@]([NH3+])(Cc1ccccc1)C)C(=O)N[C@H](C)c1ccc(F)cc1)C,1,1,0,Exmol_based,Generated using exmol-based algorithm
C[C@@H](NC(=O)c1cc(COC(=O)[C@](C)([NH3+])Cc2ccccc2)cc(N(C)S(C)(=O)=O)c1)c1ccc(F)cc1,1,S(=O)(=O)(N(C)c1cc(cc(c1)COC(=O)[C@]([NH3+])(Cc1ccccc1)C)C(=O)N[C@H](C)c1ccc(F)cc1)C,1,1,0,Exmol_based,Generated using exmol-based algorithm
C.C.C[C@@H]1CCCCCCCCC(=O)N(C)[C@@H](C)C(=O)N[C@H]([C@H](O)C[NH2+]Cc2ccccc2)C1,1,O=C1N[C@@H](C[C@@H](CCCCCCCCC(=O)N(C)[C@H]1C)C)[C@H](O)C[NH2+]Cc1cc(ccc1)C(C)C,1,1,0,Exmol_based,Generated using exmol-based algorithm
CC(C)c1cccc(C[NH2+]C[CH][C@@H]2C[C@H](C)CCCCCCCCC(=O)N(C)[C@@H](C)C(=O)N2)c1.O,1,O=C1N[C@@H](C[C@@H](CCCCCCCCC(=O)N(C)[C@H]1C)C)[C@H](O)C[NH2+]Cc1cc(ccc1)C(C)C,1,1,0,Exmol_based,Generated using exmol-based algorithm
CC(C)c1cccc(C[NH2+]C[C@@H](O)[C@@H]2C[C@H](C)CCCCCCCCC(=O)N(C)[C@@H](C)C(=O)N2)c1,1,O=C1N[C@@H](C[C@@H](CCCCCCCCC(=O)N(C)[C@H]1C)C)[C@H](O)C[NH2+]Cc1cc(ccc1)C(C)C,1,1,0,Exmol_based,Generated using exmol-based algorithm
C[C@@]1(c2cc(NC(=O)c3ccc(C#N)cn3)ccc2F)[CH]COC(N)=N1,1,Fc1ccc(NC(=O)c2ncc(cc2)C#N)cc1[C@]1(N=C(OC[C@@H]1F)N)C,1,1,0,Exmol_based,Generated using exmol-based algorithm
C[C@]1(c2cc(NCc3ccc(C#N)cn3)ccc2F)N=C(N)OC[C@@H]1F.O,1,Fc1ccc(NC(=O)c2ncc(cc2)C#N)cc1[C@]1(N=C(OC[C@@H]1F)N)C,1,1,0,Exmol_based,Generated using exmol-based algorithm
C[C@]1(c2cc(NC=O)ccc2F)N=C(N)OC[C@@H]1F.N#Cc1cccnc1,1,Fc1ccc(NC(=O)c2ncc(cc2)C#N)cc1[C@]1(N=C(OC[C@@H]1F)N)C,1,1,0,Exmol_based,Generated using exmol-based algorithm
CC1CCc2cc([C@]3(c4cccc(-c5cncnc5)c4)N=C(N)N(C)C3=O)cc1n2,1,O=C1N(C)C(=N[C@]1(c1cc(nc(c1)CC)CC)c1cc(ccc1)-c1cncnc1)N,1,1,0,Exmol_based,Generated using exmol-based algorithm
CCc1cc([C@]2(c3cccc(-c4cncnc4)c3)N=C(N)N(C)C2=S)cc(CC)n1,1,O=C1N(C)C(=N[C@]1(c1cc(nc(c1)CC)CC)c1cc(ccc1)-c1cncnc1)N,1,1,0,Exmol_based,Generated using exmol-based algorithm
C.CCc1cc([C@]2(c3cccc(-c4cncnc4)c3)N=C(N)N(C)C2=O)ccn1,1,O=C1N(C)C(=N[C@]1(c1cc(nc(c1)CC)CC)c1cc(ccc1)-c1cncnc1)N,1,1,0,Exmol_based,Generated using exmol-based algorithm
CCNc1cc(C(=O)N[C@@H](Cc2ccccc2)[C@H](O)C[NH2+]C(C)(C)CCCC(C)C)cc(N2CCCC2=O)c1,1,O=C1N(CCC1)c1cc(cc(NCC)c1)C(=O)N[C@H]([C@H](O)C[NH2+]C(CCCC(C)C)(C)C)Cc1ccccc1,1,1,0,Exmol_based,Generated using exmol-based algorithm
C.CCCCCC(C)(C)[NH2+]C[C@@H](O)[C@H](Cc1ccccc1)NC(=O)c1cc(NCC)cc(N2CCCC2=O)c1,1,O=C1N(CCC1)c1cc(cc(NCC)c1)C(=O)N[C@H]([C@H](O)C[NH2+]C(CCCC(C)C)(C)C)Cc1ccccc1,1,1,0,Exmol_based,Generated using exmol-based algorithm
CCCCCC(C)(C)[NH2+]C[C@@H](O)[C@H](Cc1ccccc1)NC(=O)c1cc(NCC)cc(N2CCCC2=O)c1,1,O=C1N(CCC1)c1cc(cc(NCC)c1)C(=O)N[C@H]([C@H](O)C[NH2+]C(CCCC(C)C)(C)C)Cc1ccccc1,1,1,0,Exmol_based,Generated using exmol-based algorithm
CNc1ccc2c(c1)[C@@H]([NH2+]C[C@@H](O)[C@@H]1Cc3cccc(c3)CCCCCCCC(=O)N1)CC1(CCC1)O2,1,O1c2c(cc(cc2)CC)[C@@H]([NH2+]C[C@@H](O)[C@H]2NC(=O)CCCCCCCc3cc(C2)ccc3)CC12CCC2,1,1,0,Exmol_based,Generated using exmol-based algorithm
CCc1cccc([C@H](CC2CCC2)[NH2+]C[C@@H](O)[C@@H]2Cc3cccc(c3)CCCCCCCC(=O)N2)c1,1,O1c2c(cc(cc2)CC)[C@@H]([NH2+]C[C@@H](O)[C@H]2NC(=O)CCCCCCCc3cc(C2)ccc3)CC12CCC2,1,1,0,Exmol_based,Generated using exmol-based algorithm
CCc1ccc2c(c1)[C@@H]([NH2+]C[C@@H](O)[C@@H]1Cc3cccc(c3)CCCCCCPC(=O)N1)CC1(CCC1)O2,1,O1c2c(cc(cc2)CC)[C@@H]([NH2+]C[C@@H](O)[C@H]2NC(=O)CCCCCCCc3cc(C2)ccc3)CC12CCC2,1,1,0,Exmol_based,Generated using exmol-based algorithm
C.CC[C@H](NC(=O)C[C@H](O)[C@H](COc1cc(F)cc(F)c1)NC(=O)c1cc(C(=O)N[C@H](C)c2ccccc2)cc(N(C)S(C)(=O)=O)c1)C(=O)Nc1cc(C(=O)[O-])cc(C(=O)[O-])c1,1,S(=O)(=O)(N(C)c1cc(cc(c1)C(=O)N[C@H]([C@@H](O)CC(=O)N[C@@H](C(C)C)C(=O)Nc1cc(cc(c1)C(=O)[O-])C(=O)[O-])COc1cc(F)cc(F)c1)C(=O)N[C@H](C)c1ccccc1)C,1,1,0,Exmol_based,Generated using exmol-based algorithm
CC(C)[C@H](NC(=O)C[C@H](O)[C@H](COc1cc(F)cc(F)c1)NC(=O)c1cc(C(=O)N[C@H](C)c2cc3ccc2=3)cc(N(C)S(C)(=O)=O)c1)C(=O)Nc1cc(C(=O)[O-])cc(C(=O)[O-])c1,1,S(=O)(=O)(N(C)c1cc(cc(c1)C(=O)N[C@H]([C@@H](O)CC(=O)N[C@@H](C(C)C)C(=O)Nc1cc(cc(c1)C(=O)[O-])C(=O)[O-])COc1cc(F)cc(F)c1)C(=O)N[C@H](C)c1ccccc1)C,1,1,0,Exmol_based,Generated using exmol-based algorithm
[C-]C(=O)c1cc(NC(=O)[C@@H](NC(=O)C[C@H](O)[C@H](COc2cc(F)cc(F)c2)NC(=O)c2cc(C(=O)N[C@H](C)c3ccccc3)cc(N(C)S(C)(=O)=O)c2)C(C)C)cc(C(=O)[O-])c1,1,S(=O)(=O)(N(C)c1cc(cc(c1)C(=O)N[C@H]([C@@H](O)CC(=O)N[C@@H](C(C)C)C(=O)Nc1cc(cc(c1)C(=O)[O-])C(=O)[O-])COc1cc(F)cc(F)c1)C(=O)N[C@H](C)c1ccccc1)C,1,1,0,Exmol_based,Generated using exmol-based algorithm
CC(C)C[C@H](NC(=O)[C@H](CC(N)=O)NC(=O)[C@@H](NC(=O)[C@@H]([NH3+])CCC([O-])=P)C(C)C)[C@@H](O)[C@@H]1CCC[C@H]1C(=O)N[C@@H](C)C(=O)[O-],1,O=C(N[C@H](C(=O)[O-])C)[C@@H]1CCC[C@H]1[C@H](O)[C@@H](NC(=O)[C@@H](NC(=O)[C@@H](NC(=O)[C@@H]([NH3+])CCC(=O)[O-])C(C)C)CC(=O)N)CC(C)C,1,1,0,Exmol_based,Generated using exmol-based algorithm
CC(C)C[C@H](NC(=O)[C@H](CC(N)=O)NC(=O)[C@@H](NC=O)C(C)C)[C@@H](O)[C@@H]1CCC[C@H]1C(=O)N[C@@H](C)C(=O)[O-].[NH3+][CH]CCC(=O)[O-],1,O=C(N[C@H](C(=O)[O-])C)[C@@H]1CCC[C@H]1[C@H](O)[C@@H](NC(=O)[C@@H](NC(=O)[C@@H](NC(=O)[C@@H]([NH3+])CCC(=O)[O-])C(C)C)CC(=O)N)CC(C)C,1,1,0,Exmol_based,Generated using exmol-based algorithm
CC(C)C[C@H](NC(=O)[C@H](CC(N)=O)NC(=O)[C@@H](NC(=O)[C@@H]([NH3+])CCC(=O)[O-])C(C)C)[C@@H](O)[C@@H]1CCC[C@H]1C(=O)N[P@@H](C)C(=O)[O-],1,O=C(N[C@H](C(=O)[O-])C)[C@@H]1CCC[C@H]1[C@H](O)[C@@H](NC(=O)[C@@H](NC(=O)[C@@H](NC(=O)[C@@H]([NH3+])CCC(=O)[O-])C(C)C)CC(=O)N)CC(C)C,1,1,0,Exmol_based,Generated using exmol-based algorithm
CCNc1cc(C(=O)N[C@@H](Cc2ccccc2)[C@H](O)C[NH2+]Cc2cccc(C(F)(F)F)c2)cc(N2CCCC2)c1,1,FC(F)(F)c1cc(ccc1)C[NH2+]C[C@@H](O)[C@@H](NC(=O)c1cc(N2CCCC2=O)cc(NCC)c1)Cc1ccccc1,1,1,0,Exmol_based,Generated using exmol-based algorithm
CCNc1cc(C(=O)N[C@H]([CH]C[NH2+]Cc2cccc(C(F)(F)F)c2)Cc2ccccc2)cc(N2CCCC2=O)c1.O,1,FC(F)(F)c1cc(ccc1)C[NH2+]C[C@@H](O)[C@@H](NC(=O)c1cc(N2CCCC2=O)cc(NCC)c1)Cc1ccccc1,1,1,0,Exmol_based,Generated using exmol-based algorithm
CCCNc1cc(NCC)cc(C(=O)N[C@@H](Cc2ccccc2)[C@H](O)C[NH2+]Cc2cccc(C(F)(F)F)c2)c1.O,1,FC(F)(F)c1cc(ccc1)C[NH2+]C[C@@H](O)[C@@H](NC(=O)c1cc(N2CCCC2=O)cc(NCC)c1)Cc1ccccc1,1,1,0,Exmol_based,Generated using exmol-based algorithm
COc1ccc([C](C(=O)N(C)C(=N)N)c2cccc(-c3cccnc3)c2)cc1C,1,O(C)c1ccc(cc1C)[C@@]1(N=C(N)N(C)C1=O)c1cc(ccc1)-c1cccnc1,1,1,0,Exmol_based,Generated using exmol-based algorithm
CN(C=O)C(=N)N.COc1ccccc1C.c1ccc(-c2cccnc2)cc1,1,O(C)c1ccc(cc1C)[C@@]1(N=C(N)N(C)C1=O)c1cc(ccc1)-c1cccnc1,1,1,0,Exmol_based,Generated using exmol-based algorithm
COc1ccc([C@]2(c3cccc(-c4cccnc4)c3)N=CN(C)C2=O)cc1C,1,O(C)c1ccc(cc1C)[C@@]1(N=C(N)N(C)C1=O)c1cc(ccc1)-c1cccnc1,1,1,0,Exmol_based,Generated using exmol-based algorithm
N#Cc1ccc(C(=O)Nc2ccc(F)c([C]3N=C(N)O[C@@H](C(F)(F)F)[C@@H]3F)c2)nc1,1,Fc1ccc(NC(=O)c2ncc(cc2)C#N)cc1[C@]1(N=C(O[C@@H](C(F)(F)F)[C@@H]1F)N)C,1,1,0,Exmol_based,Generated using exmol-based algorithm
C[C@]1(C2=CS(NC(=O)c3ccc(C#N)cn3)=CC=C2F)N=C(N)O[C@@H](C(F)(F)F)[C@@H]1F,1,Fc1ccc(NC(=O)c2ncc(cc2)C#N)cc1[C@]1(N=C(O[C@@H](C(F)(F)F)[C@@H]1F)N)C,1,1,0,Exmol_based,Generated using exmol-based algorithm
C[C@]1(c2cc(NC(=O)c3ccc(C#N)c(F)n3)ccc2F)N=C(N)O[C@@H](C(F)(F)F)[C@@H]1F,1,Fc1ccc(NC(=O)c2ncc(cc2)C#N)cc1[C@]1(N=C(O[C@@H](C(F)(F)F)[C@@H]1F)N)C,1,1,0,Exmol_based,Generated using exmol-based algorithm
COc1cccc(-c2cccc([C@@]3(c4ccncc4)[NH+]=C(N)N4CC(F)(F)CN=C43)c2)c1F,1,Fc1c(cccc1OC)-c1cc(ccc1)[C@]1([NH+]=C(N2CC(F)(F)CN=C12)N)c1ccncc1,1,1,0,Exmol_based,Generated using exmol-based algorithm
COc1cccc(-c2cccc([C@@]3(c4ccncc4)[NH+]=C(N)NC3=NCC(C)(F)F)c2)c1F,1,Fc1c(cccc1OC)-c1cc(ccc1)[C@]1([NH+]=C(N2CC(F)(F)CN=C12)N)c1ccncc1,1,1,0,Exmol_based,Generated using exmol-based algorithm
COc1cccc(-c2cccc([C@@]([NH+]=CN)(C3=NCC(F)(F)CN3)c3ccncc3)c2)c1F,1,Fc1c(cccc1OC)-c1cc(ccc1)[C@]1([NH+]=C(N2CC(F)(F)CN=C12)N)c1ccncc1,1,1,0,Exmol_based,Generated using exmol-based algorithm
CC(=O)N[C@@H](Cc1ccccc1)[C@H](O)C[NH2+][C@H]1CC(C)(O)Cc2nn(CC(C)(C)C)cc21,1,O=C(N[C@H]([C@H](O)C[NH2+][C@H]1CC(Cc2nn(cc12)CC(C)(C)C)(C)C)Cc1ccccc1)C,1,1,0,Exmol_based,Generated using exmol-based algorithm
CCN[C@@H](Cc1ccccc1)[C@H](O)C[NH2+][C@H]1CC(C)(C)Cc2nn(CC(C)(C)C)cc21,1,O=C(N[C@H]([C@H](O)C[NH2+][C@H]1CC(Cc2nn(cc12)CC(C)(C)C)(C)C)Cc1ccccc1)C,1,1,0,Exmol_based,Generated using exmol-based algorithm
CC(=O)N[C@@H](C(C)c1ccccc1)[C@H](O)C[NH2+][C@H]1CC(C)(C)Cc2nn(CC(C)(C)C)cc21,1,O=C(N[C@H]([C@H](O)C[NH2+][C@H]1CC(Cc2nn(cc12)CC(C)(C)C)(C)C)Cc1ccccc1)C,1,1,0,Exmol_based,Generated using exmol-based algorithm
CC(=O)Nc1c(Cl)cc(CNC(=N)NCCn2ccc3ccc(C#N)cc32)cc1Cl,1,Clc1cc(cc(Cl)c1NC(=O)C)CNC(NC(=O)Cn1c2cc(ccc2cc1)C#N)=N,1,1,0,Exmol_based,Generated using exmol-based algorithm
CC(=O)Nc1c(Cl)cc(CNC(=N)NC(=O)Cn2ccc3c(F)cc(C#N)cc32)cc1Cl,1,Clc1cc(cc(Cl)c1NC(=O)C)CNC(NC(=O)Cn1c2cc(ccc2cc1)C#N)=N,1,1,0,Exmol_based,Generated using exmol-based algorithm
CC(=O)Nc1c(Cl)cc(CN(P)C(=N)NC(=O)Cn2ccc3ccc(C#N)cc32)cc1Cl,1,Clc1cc(cc(Cl)c1NC(=O)C)CNC(NC(=O)Cn1c2cc(ccc2cc1)C#N)=N,1,1,0,Exmol_based,Generated using exmol-based algorithm
CC(=O)N[C@@H](Cc1cc(F)cc(F)c1)[C@H](O)C[NH2+]C1(c2cccc(C(C)(C)C)c2)CCCCO1,1,Fc1cc(cc(F)c1)C[C@H](NC(=O)C)[C@H](O)C[NH2+]C1(CCCCC1)c1cc(ccc1)C(C)(C)C,1,1,0,Exmol_based,Generated using exmol-based algorithm
CC(=O)N[C@@H](Cc1cc(F)cc(F)c1)[C@H](O)C[NH2+].CC(C)(C)c1ccccc1.CCCCC,1,Fc1cc(cc(F)c1)C[C@H](NC(=O)C)[C@H](O)C[NH2+]C1(CCCCC1)c1cc(ccc1)C(C)(C)C,1,1,0,Exmol_based,Generated using exmol-based algorithm
C.CC(=O)N[C@@H](Cc1cc(F)cc(F)c1)[C@H](O)C[NH2+]C1(c2cccc(C(C)C)c2)CCCCC1,1,Fc1cc(cc(F)c1)C[C@H](NC(=O)C)[C@H](O)C[NH2+]C1(CCCCC1)c1cc(ccc1)C(C)(C)C,1,1,0,Exmol_based,Generated using exmol-based algorithm
CC(C)Cc1ccc(-c2cncnc2)cc1[C]1N=C(N)N(C)C1=O,1,O=C1N(C)C(=N[C@@]12CC(Cc1c2cc(cc1)-c1cncnc1)(C)C)N,1,1,0,Exmol_based,Generated using exmol-based algorithm
CC1(C)Cc2ccc(-c3cncnc3)cc2[C@@]2(C1)N=C(N)N(S)C2=O,1,O=C1N(C)C(=N[C@@]12CC(Cc1c2cc(cc1)-c1cncnc1)(C)C)N,1,1,0,Exmol_based,Generated using exmol-based algorithm
C.C.Cc1ccc(-c2cncnc2)cc1[C@@]1(C)N=C(N)N(C)C1=O,1,O=C1N(C)C(=N[C@@]12CC(Cc1c2cc(cc1)-c1cncnc1)(C)C)N,1,1,0,Exmol_based,Generated using exmol-based algorithm
COC(=O)[C@H]1CCCN1C(=O)[C@@H](Cc1ccccc1)NC(=O)[C@H](C)NC(=O)[C@H](CC(C)C)NC(=O)C[C@H](O)[C@H](Cc1ccccc1)NC(=O)[C@H](CCC(N)=O)N(C)C(=O)[C@@H](NC(=O)OC(C)(C)C)C(C)C,1,O(C(C)(C)C)C(=O)N[C@@H](C(C)C)C(=O)N([C@@H](CCC(=O)N)C(=O)N[C@H]([C@@H](O)CC(=O)N[C@@H](CC(C)C)C(=O)N[C@H](C(=O)N([C@H](Cc1ccccc1)C(=O)N1CCC[C@@H]1C(OC)=O)C)C)Cc1ccccc1)C,1,1,0,Exmol_based,Generated using exmol-based algorithm
CC(C)(C)O.COC(=O)[C@H]1CCCN1C(=O)[C@@H](Cc1ccccc1)N(C)C(=O)[C@H](C)NC(=O)[C@H](CC(C)C)NC(=O)C[C@H](O)[C@H](Cc1ccccc1)NC(=O)[C@H](CCC(N)=O)N(C)C(=O)[C@@H](N)C(C)C.O,1,O(C(C)(C)C)C(=O)N[C@@H](C(C)C)C(=O)N([C@@H](CCC(=O)N)C(=O)N[C@H]([C@@H](O)CC(=O)N[C@@H](CC(C)C)C(=O)N[C@H](C(=O)N([C@H](Cc1ccccc1)C(=O)N1CCC[C@@H]1C(OC)=O)C)C)Cc1ccccc1)C,1,1,0,Exmol_based,Generated using exmol-based algorithm
CC(C)[C@H](NC(=O)OC(C)(C)C)C(=O)N(C)[C@@H](CCC(N)=O)C(=O)N[C@@H](Cc1ccccc1)[C@@H](O)CC=O.COC(=O)[C@H]1CCCN1C(=O)[C@@H](Cc1ccccc1)N(C)C(=O)[C@H](C)NC(=O)[CH]CC(C)C,1,O(C(C)(C)C)C(=O)N[C@@H](C(C)C)C(=O)N([C@@H](CCC(=O)N)C(=O)N[C@H]([C@@H](O)CC(=O)N[C@@H](CC(C)C)C(=O)N[C@H](C(=O)N([C@H](Cc1ccccc1)C(=O)N1CCC[C@@H]1C(OC)=O)C)C)Cc1ccccc1)C,1,1,0,Exmol_based,Generated using exmol-based algorithm
CC(C)(C)c1cccc(C[NH2+][C@H]2CS(=O)(=O)C[C@@H](Cc3ccc(N)c(C[C@H](O)C(F)(F)F)c3)[C@@H]2O)c1.F,1,S1(=O)(=O)C[C@@H](Cc2cc(C[C@H](O)C(F)(F)F)c(N)c(F)c2)[C@H](O)[C@@H]([NH2+]Cc2cc(ccc2)C(C)(C)C)C1,1,1,0,Exmol_based,Generated using exmol-based algorithm
CC(C)(Cl)c1cccc(C[NH2+][C@H]2CS(=O)(=O)C[C@@H](Cc3cc(F)c(N)c(C[C@H](O)C(F)(F)F)c3)[C@@H]2O)c1,1,S1(=O)(=O)C[C@@H](Cc2cc(C[C@H](O)C(F)(F)F)c(N)c(F)c2)[C@H](O)[C@@H]([NH2+]Cc2cc(ccc2)C(C)(C)C)C1,1,1,0,Exmol_based,Generated using exmol-based algorithm
CC(C)(C)c1cccc(C[NH2+][C@@H](C[SH](=O)=O)[C@@H](O)[CH]Cc2cc(F)c(N)c(C[C@H](O)C(F)(F)F)c2)c1,1,S1(=O)(=O)C[C@@H](Cc2cc(C[C@H](O)C(F)(F)F)c(N)c(F)c2)[C@H](O)[C@@H]([NH2+]Cc2cc(ccc2)C(C)(C)C)C1,1,1,0,Exmol_based,Generated using exmol-based algorithm
N#Cc1ccc(C(=O)Nc2ccc(F)c([P@@]3(CF)N=C(N)OCC3(F)F)c2)nc1,1,Fc1ccc(NC(=O)c2ncc(cc2)C#N)cc1[C@]1(N=C(OCC1(F)F)N)CF,1,1,0,Exmol_based,Generated using exmol-based algorithm
N#Cc1ccc(C(=O)Nc2ccc(F)c([C@@]3(CF)N=C(N)OCC3(F)F)c2)nc1,1,Fc1ccc(NC(=O)c2ncc(cc2)C#N)cc1[C@]1(N=C(OCC1(F)F)N)CF,1,1,0,Exmol_based,Generated using exmol-based algorithm
CF.N#Cc1ccc(C(=O)Nc2ccc(F)c([C]3N=C(N)OCC3(F)F)c2)nc1,1,Fc1ccc(NC(=O)c2ncc(cc2)C#N)cc1[C@]1(N=C(OCC1(F)F)N)CF,1,1,0,Exmol_based,Generated using exmol-based algorithm
C[C@@]1(c2ccccc2F)CCOC(N)=N1.N#Cc1ccc(C(N)=O)nc1,1,Fc1ccc(NC(=O)c2ncc(cc2)C#N)cc1[C@]1(N=C(OCC1)N)C,1,1,0,Exmol_based,Generated using exmol-based algorithm
C[C@@]1(c2cc(NC(=O)c3ccc(C#N)pn3)ccc2F)CCOC(N)=N1,1,Fc1ccc(NC(=O)c2ncc(cc2)C#N)cc1[C@]1(N=C(OCC1)N)C,1,1,0,Exmol_based,Generated using exmol-based algorithm
CCOC(N)=N[C](C)c1cc(NC(=O)c2ccc(C#N)cn2)ccc1F,1,Fc1ccc(NC(=O)c2ncc(cc2)C#N)cc1[C@]1(N=C(OCC1)N)C,1,1,0,Exmol_based,Generated using exmol-based algorithm
CCCNC(=O)[C@H](C)C[C@H](O)[C@H](CC(C)C)NC(=O)[C@H](CCSC)NC(=O)[C@H](CC(C)C)NC(C)=O,1,S(CC[C@H](NC(=O)[C@@H](NC(=O)C)CC(C)C)C(=O)N[C@H]([C@@H](O)C[C@H](C(=O)NCCCC)C)CC(C)C)C,1,1,0,Exmol_based,Generated using exmol-based algorithm
CCCCNC(=O)[C@H](C)C[C@H](O)[C@H](CC(C)C)NC[C@H](CCSC)NC(=O)[C@H](CC(C)C)NC(C)=O,1,S(CC[C@H](NC(=O)[C@@H](NC(=O)C)CC(C)C)C(=O)N[C@H]([C@@H](O)C[C@H](C(=O)NCCCC)C)CC(C)C)C,1,1,0,Exmol_based,Generated using exmol-based algorithm
CCCCNC(=O)[C@H](C)C[C@H](O)[C@H](CC(C)Br)NC(=O)[C@H](CCSC)NC(=O)[C@H](CC(C)C)NC(C)=O,1,S(CC[C@H](NC(=O)[C@@H](NC(=O)C)CC(C)C)C(=O)N[C@H]([C@@H](O)C[C@H](C(=O)NCCCC)C)CC(C)C)C,1,1,0,Exmol_based,Generated using exmol-based algorithm
N#Cc1ccc(C(=O)NC2=CC=S(F)C([C@]3(C(F)F)CCOC(N)=N3)=C2)nc1,1,Fc1ccc(NC(=O)c2ncc(cc2)C#N)cc1[C@]1(N=C(OCC1)N)C(F)F,1,1,0,Exmol_based,Generated using exmol-based algorithm
C#N.NC1=N[C@@](c2cc(NC(=O)c3ccccn3)ccc2F)(C(F)F)CCO1,1,Fc1ccc(NC(=O)c2ncc(cc2)C#N)cc1[C@]1(N=C(OCC1)N)C(F)F,1,1,0,Exmol_based,Generated using exmol-based algorithm
N#Cc1ccc(C(=O)Nc2ccc(F)c([C@@](N)(CCOCN)C(F)F)c2)nc1,1,Fc1ccc(NC(=O)c2ncc(cc2)C#N)cc1[C@]1(N=C(OCC1)N)C(F)F,1,1,0,Exmol_based,Generated using exmol-based algorithm
CCC.CCC[N@H+]1CCC[C@@]12CCN([C@@H](C)C(=O)N[C@@H](Cc1ccccc1)[C@H](O)C[NH2+]Cc1ccccc1)C2=O,1,O=C1N(CC[C@]12[N@H+](CCC2)CCC)[C@H](C(=O)N[C@H]([C@H](O)C[NH2+]Cc1cc(ccc1)C(C)C)Cc1ccccc1)C,1,1,0,Exmol_based,Generated using exmol-based algorithm
CCC[NH+]CCC[C]1CCN([C@@H](C)C(=O)N[C@@H](Cc2ccccc2)[C@H](O)C[NH2+]Cc2cccc(C(C)C)c2)C1=O,1,O=C1N(CC[C@]12[N@H+](CCC2)CCC)[C@H](C(=O)N[C@H]([C@H](O)C[NH2+]Cc1cc(ccc1)C(C)C)Cc1ccccc1)C,1,1,0,Exmol_based,Generated using exmol-based algorithm
CCC[N@H+]1CC(P)C[C@@]12CCN([C@@H](C)C(=O)N[C@@H](Cc1ccccc1)[C@H](O)C[NH2+]Cc1cccc(C(C)C)c1)C2=O,1,O=C1N(CC[C@]12[N@H+](CCC2)CCC)[C@H](C(=O)N[C@H]([C@H](O)C[NH2+]Cc1cc(ccc1)C(C)C)Cc1ccccc1)C,1,1,0,Exmol_based,Generated using exmol-based algorithm
CC(C)(C)c1cccc(C[NH2+][CH]CS(=O)(=O)C[CH]Cc2ccc3[nH]cc(CC(F)F)c3c2)c1.O,1,S1(=O)(=O)C[C@@H](Cc2cc3c([nH]cc3CC(F)F)cc2)[C@H](O)[C@@H]([NH2+]Cc2cc(ccc2)C(C)(C)C)C1,1,1,0,Exmol_based,Generated using exmol-based algorithm
CC(C)(C)c1cccc(C[NH2+][C@H]2CS(=O)(=O)C[C@@H](Cc3ccc4[nH]cc(CC(F)F)c4c3)[C@@H]2OBr)c1,1,S1(=O)(=O)C[C@@H](Cc2cc3c([nH]cc3CC(F)F)cc2)[C@H](O)[C@@H]([NH2+]Cc2cc(ccc2)C(C)(C)C)C1,1,1,0,Exmol_based,Generated using exmol-based algorithm
CC(C)(C)c1cccc(C[NH2+][C@@H]2[CH][C@H](Cc3ccc4[nH]cc(CC(F)F)c4c3)CS(=O)(=O)C2)c1.O,1,S1(=O)(=O)C[C@@H](Cc2cc3c([nH]cc3CC(F)F)cc2)[C@H](O)[C@@H]([NH2+]Cc2cc(ccc2)C(C)(C)C)C1,1,1,0,Exmol_based,Generated using exmol-based algorithm
C.CNc1cc(C(=O)N[C@@H](Cc2ccccc2)[C@@H](O)CC(=O)N[C@@H](CC(C)C)C(=O)N[C@@H](C)C(=O)N(C)[C@H](Cc2ccccc2)C(=O)N2CCC[C@H]2C(=O)OC)cc(C(=O)N[C@H](C)c2ccccc2)c1.O.O,1,S(=O)(=O)(N(C)c1cc(cc(c1)C(=O)N[C@H]([C@@H](O)CC(=O)N[C@@H](CC(C)C)C(=O)N[C@H](C(=O)N([C@H](Cc1ccccc1)C(=O)N1CCC[C@H]1C(OC)=O)C)C)Cc1ccccc1)C(=O)N[C@H](C)c1ccccc1)C,1,1,0,Exmol_based,Generated using exmol-based algorithm
C.CNc1cc(C(=O)N[C@@H](Cc2ccccc2)[C@@H](O)CC(=O)N[C@@H](CC(C)C)C(=O)N[C@@H](C)C(=O)N(C)[C@H](Cc2ccccc2)C(=O)N2CCC[C@H]2C(=O)OC)cc(C(=O)N[C@H](C)c2ccccc2)c1.O.O,1,S(=O)(=O)(N(C)c1cc(cc(c1)C(=O)N[C@H]([C@@H](O)CC(=O)N[C@@H](CC(C)C)C(=O)N[C@H](C(=O)N([C@H](Cc1ccccc1)C(=O)N1CCC[C@H]1C(OC)=O)C)C)Cc1ccccc1)C(=O)N[C@H](C)c1ccccc1)C,1,1,0,Exmol_based,Generated using exmol-based algorithm
CC(=O)N[C@@H](Cc1cccc(F)c1)[C@H](O)C[NH2+]C1(c2cccc(-n3cccn3)c2)CCCCC1.F,1,Fc1cc(cc(F)c1)C[C@H](NC(=O)C)[C@H](O)C[NH2+]C1(CCCCC1)c1cc(-n2nccc2)ccc1,1,1,0,Exmol_based,Generated using exmol-based algorithm
CC(=O)N[C@H]([CH]C[NH2+]C1(c2cccc(-n3cccn3)c2)CCCCC1)Cc1cc(F)cc(F)c1,1,Fc1cc(cc(F)c1)C[C@H](NC(=O)C)[C@H](O)C[NH2+]C1(CCCCC1)c1cc(-n2nccc2)ccc1,1,1,0,Exmol_based,Generated using exmol-based algorithm
CC(=O)N[CH][C@H](O)C[NH2+]C1(c2cccc(-n3cccn3)c2)CCCCC1.Cc1cc(F)cc(F)c1,1,Fc1cc(cc(F)c1)C[C@H](NC(=O)C)[C@H](O)C[NH2+]C1(CCCCC1)c1cc(-n2nccc2)ccc1,1,1,0,Exmol_based,Generated using exmol-based algorithm
CN1C[C@@](c2ccncc2)(c2cccc(-c3cccnc3)c2)N=C1N,1,O=C1N(C)C(=N[C@@]1(c1cc(ccc1)-c1cccnc1)c1ccncc1)N,1,1,0,Exmol_based,Generated using exmol-based algorithm
CN1C(=O)[C@@](c2ccncc2)(c2ccnc(-c3cccnc3)c2)N=C1N,1,O=C1N(C)C(=N[C@@]1(c1cc(ccc1)-c1cccnc1)c1ccncc1)N,1,1,0,Exmol_based,Generated using exmol-based algorithm
CN1C(=O)[P@@](c2ccncc2)(c2cccc(-c3cccnc3)c2)N=C1N,1,O=C1N(C)C(=N[C@@]1(c1cc(ccc1)-c1cccnc1)c1ccncc1)N,1,1,0,Exmol_based,Generated using exmol-based algorithm
CN1C[C@@](c2ccsc2)(c2cccc(-c3cccnc3)c2)N=C1N.O,1,s1cc(cc1)[C@@]1(N=C(N)N(C)C1=O)c1cc(ccc1)-c1cccnc1,1,1,0,Exmol_based,Generated using exmol-based algorithm
CN1C(=O)[C@@](c2ccsc2)(c2cccc(-c3cncc(Br)c3)c2)N=C1N,1,s1cc(cc1)[C@@]1(N=C(N)N(C)C1=O)c1cc(ccc1)-c1cccnc1,1,1,0,Exmol_based,Generated using exmol-based algorithm
CN1C(=O)[C@@](c2ccsc2)(c2cc(-c3cccnc3)ccc2Cl)N=C1N,1,s1cc(cc1)[C@@]1(N=C(N)N(C)C1=O)c1cc(ccc1)-c1cccnc1,1,1,0,Exmol_based,Generated using exmol-based algorithm
C[C@@H](NC(=O)c1cc(C(=O)N[C@@H](C(P)c2ccccc2)[C@H](O)[C@@H]2[NH2+]C(C)(C)N(C)C2=O)cc(N(C)S(C)(=O)=O)c1)c1ccc(F)cc1,1,S(=O)(=O)(N(C)c1cc(cc(c1)C(=O)N[C@H]([C@H](O)[C@@H]1[NH2+]C(N(C)C1=O)(C)C)Cc1ccccc1)C(=O)N[C@H](C)c1ccc(F)cc1)C,1,1,0,Exmol_based,Generated using exmol-based algorithm
C[C@@H](NC(=O)c1cc(C(=O)N[C@@H](Cc2ccccc2)[C@H](O)[CH][NH2+]C(C)(C)N(C)C=O)cc(N(C)S(C)(=O)=O)c1)c1ccc(F)cc1,1,S(=O)(=O)(N(C)c1cc(cc(c1)C(=O)N[C@H]([C@H](O)[C@@H]1[NH2+]C(N(C)C1=O)(C)C)Cc1ccccc1)C(=O)N[C@H](C)c1ccc(F)cc1)C,1,1,0,Exmol_based,Generated using exmol-based algorithm
CN1C(=O)[C@H]([C@@H](O)[C@H](Cc2ccccc2)NC(=O)c2cccc(N(C)S(C)(=O)=O)c2)[NH2+]C1(C)C.C[C@@H](NC=O)c1ccc(F)cc1,1,S(=O)(=O)(N(C)c1cc(cc(c1)C(=O)N[C@H]([C@H](O)[C@@H]1[NH2+]C(N(C)C1=O)(C)C)Cc1ccccc1)C(=O)N[C@H](C)c1ccc(F)cc1)C,1,1,0,Exmol_based,Generated using exmol-based algorithm
CC(C)C[C@H](NC(=O)C[C@H](O)[C@H](CC1CCCCC1)NC(=O)[C@H](CCC(N)=O)N(C=P)C(=O)[C@@H](NC(=O)[C@H](C)O)C(C)C)C(=O)N[C@@H](C)C(=O)N(C)[C@H](CC1CCCCC1)C(=O)[O-],1,O=C(N)CC[C@H](N(C(=O)[C@@H](NC(=O)[C@@H](O)C)C(C)C)C)C(=O)N[C@H]([C@@H](O)CC(=O)N[C@@H](CC(C)C)C(=O)N[C@H](C(=O)N([C@H](CC1CCCCC1)C(=O)[O-])C)C)CC1CCCCC1,1,1,0,Exmol_based,Generated using exmol-based algorithm
CCC[C@H](NC(=O)C[C@H](O)[C@H](CC1CCCCC1)NC(=O)[C@H](CCC(N)=O)N(C)C(=O)[C@@H](NC(=O)[C@H](C)O)C(C)C)C(=O)N[C@@H](C)C(=O)N(C)[C@H](CC1CCCCC1)C(=O)[O-],1,O=C(N)CC[C@H](N(C(=O)[C@@H](NC(=O)[C@@H](O)C)C(C)C)C)C(=O)N[C@H]([C@@H](O)CC(=O)N[C@@H](CC(C)C)C(=O)N[C@H](C(=O)N([C@H](CC1CCCCC1)C(=O)[O-])C)C)CC1CCCCC1,1,1,0,Exmol_based,Generated using exmol-based algorithm
C.CCC[C@H](NC(=O)C[C@H](O)[C@H](CC1CCCCC1)NC(=O)[C@H](CCC(N)=O)N(C)C(=O)[C@@H](NC(=O)[C@H](C)O)C(C)C)C(=O)N[C@@H](C)C(=O)N(C)[C@H](CC1CCCCC1)C(=O)[O-],1,O=C(N)CC[C@H](N(C(=O)[C@@H](NC(=O)[C@@H](O)C)C(C)C)C)C(=O)N[C@H]([C@@H](O)CC(=O)N[C@@H](CC(C)C)C(=O)N[C@H](C(=O)N([C@H](CC1CCCCC1)C(=O)[O-])C)C)CC1CCCCC1,1,1,0,Exmol_based,Generated using exmol-based algorithm
Cc1ccccc1-c1ccc2nc(N)c(CCCNC3CCCCC3)cc2c1,1,O=C(NC1CCCCC1)CCc1cc2cc(ccc2nc1N)-c1ccccc1C,1,1,0,Exmol_based,Generated using exmol-based algorithm
CCC(CC)NC(=O)CCc1cc2cc(-c3ccccc3C)ccc2nc1N,1,O=C(NC1CCCCC1)CCc1cc2cc(ccc2nc1N)-c1ccccc1C,1,1,0,Exmol_based,Generated using exmol-based algorithm
C.Nc1nc2ccc(-c3ccccc3)cc2cc1CCC(=O)NC1CCCCC1,1,O=C(NC1CCCCC1)CCc1cc2cc(ccc2nc1N)-c1ccccc1C,1,1,0,Exmol_based,Generated using exmol-based algorithm
O=C(N[C@@H](Cc1ccccc1)[C@H](O)C[NH2+]Cc1cccc(C(F)F)c1)c1cc(N2CCCC2=O)c(=O)n(C2CCCC2)c1,1,FC(F)(F)c1cc(ccc1)C[NH2+]C[C@@H](O)[C@@H](NC(=O)C=1C=C(N2CCCC2=O)C(=O)N(C=1)C1CCCC1)Cc1ccccc1,1,1,0,Exmol_based,Generated using exmol-based algorithm
C[C@@H](O)[C@H](Cc1ccccc1)NC(=O)c1cc(N2CCCC2=O)c(=O)n(C2CCCC2)c1.[NH2+]Cc1cccc(C(F)(F)F)c1,1,FC(F)(F)c1cc(ccc1)C[NH2+]C[C@@H](O)[C@@H](NC(=O)C=1C=C(N2CCCC2=O)C(=O)N(C=1)C1CCCC1)Cc1ccccc1,1,1,0,Exmol_based,Generated using exmol-based algorithm
Cc1ccccc1.NC(=O)c1cc(N2CCCC2=O)c(=O)n(C2CCCC2)c1.O[CH]C[NH2+]Cc1cccc(C(F)(F)F)c1,1,FC(F)(F)c1cc(ccc1)C[NH2+]C[C@@H](O)[C@@H](NC(=O)C=1C=C(N2CCCC2=O)C(=O)N(C=1)C1CCCC1)Cc1ccccc1,1,1,0,Exmol_based,Generated using exmol-based algorithm
CF.N#Cc1ccc(C(=O)Nc2ccc(F)cc2)nc1.N=C(N)OC[CH]F,1,Fc1ccc(NC(=O)c2ncc(cc2)C#N)cc1[C@]1(N=C(OC[C@@H]1F)N)CF,1,1,0,Exmol_based,Generated using exmol-based algorithm
F.N#Cc1ccc(C(=O)Nc2ccc(F)c([C]3N=C(N)OC[C@@H]3F)c2)nc1,1,Fc1ccc(NC(=O)c2ncc(cc2)C#N)cc1[C@]1(N=C(OC[C@@H]1F)N)CF,1,1,0,Exmol_based,Generated using exmol-based algorithm
N#Cc1cnc(C(=O)Nc2ccc(F)c([C@@]3(CF)N=C(N)OC[C@@H]3F)c2)cn1,1,Fc1ccc(NC(=O)c2ncc(cc2)C#N)cc1[C@]1(N=C(OC[C@@H]1F)N)CF,1,1,0,Exmol_based,Generated using exmol-based algorithm
COCC#Cc1cccc([C@@]2(c3ccccc3)[NH+]=C(N)N3CC(F)(F)CN=C32)c1.OC(F)F,1,FC1(F)CN2C(=NC1)[C@]([NH+]=C2N)(c1cc(ccc1)C#CCOC)c1ccc(OC(F)F)cc1,1,1,0,Exmol_based,Generated using exmol-based algorithm
COCC#Cc1cccc([C@@]2(c3ccc(OCF)cc3)[NH+]=C(N)N3CC(F)(F)CN=C32)c1,1,FC1(F)CN2C(=NC1)[C@]([NH+]=C2N)(c1cc(ccc1)C#CCOC)c1ccc(OC(F)F)cc1,1,1,0,Exmol_based,Generated using exmol-based algorithm
COCC#Cc1cccc([C@@]2(c3ccc(OC(F)F)cc3)[NH+]=C(N)N3CC(C)(F)CN=C32)c1,1,FC1(F)CN2C(=NC1)[C@]([NH+]=C2N)(c1cc(ccc1)C#CCOC)c1ccc(OC(F)F)cc1,1,1,0,Exmol_based,Generated using exmol-based algorithm
C=CC[C@@H]([NH2+][C@H](O)c1cc(C)cc(C(=O)N[C@@H](CO)[C@H](O)C[NH2+]Cc2cccc(C(C)C)c2)c1)c1ccccc1,1,O1C[C@H](NC(=O)c2cc(cc(c2)[C@@H](O)[NH2+][C@H](C\C=C\C1)c1ccccc1)C)[C@H](O)C[NH2+]Cc1cc(ccc1)C(C)C,1,1,0,Exmol_based,Generated using exmol-based algorithm
Cc1cc2cc(c1)[C@@H](O)[NH2+][C@@H](c1ccccc1)C/C=C/COC[C@@H]([C@H](O)C[NH2+]Cc1cccc(C(C)C)c1)NC2=O,1,O1C[C@H](NC(=O)c2cc(cc(c2)[C@@H](O)[NH2+][C@H](C\C=C\C1)c1ccccc1)C)[C@H](O)C[NH2+]Cc1cc(ccc1)C(C)C,1,1,0,Exmol_based,Generated using exmol-based algorithm
C.C.Cc1cc2cc(c1)[C@@H](O)[NH2+][C@@H](c1ccccc1)C/C=C/COC[C@@H]([C@H](O)C[NH2+]Cc1ccccc1)NC2=O,1,O1C[C@H](NC(=O)c2cc(cc(c2)[C@@H](O)[NH2+][C@H](C\C=C\C1)c1ccccc1)C)[C@H](O)C[NH2+]Cc1cc(ccc1)C(C)C,1,1,0,Exmol_based,Generated using exmol-based algorithm
CC#Cc1cncc(-c2cccc([C@]3(C4CC4)N=C(C)C(N)=[NH+]3)c2)p1,1,[NH+]=1[C@](N=C(C)C=1N)(C1CC1)c1cc(ccc1)-c1cc(cnc1)C#CC,1,1,0,Exmol_based,Generated using exmol-based algorithm
CC#Cc1cncc(-c2cccc([C@]3(C4CC4)N=C(C=N)C(N)=[NH+]3)c2)c1,1,[NH+]=1[C@](N=C(C)C=1N)(C1CC1)c1cc(ccc1)-c1cc(cnc1)C#CC,1,1,0,Exmol_based,Generated using exmol-based algorithm
CC#Cc1cncc(-c2cccc([C@@]([NH+])(N=C(C)CN)C3CC3)c2)c1,1,[NH+]=1[C@](N=C(C)C=1N)(C1CC1)c1cc(ccc1)-c1cc(cnc1)C#CC,1,1,0,Exmol_based,Generated using exmol-based algorithm
CCn1cc([C@]2(c3cccc(-c4cncnc4)c3)N=C(N)NC2=O)cn1,1,O=C1N(C)C(=N[C@@]1(c1cc(ccc1)-c1cncnc1)c1cn(nc1)CC)N,1,1,0,Exmol_based,Generated using exmol-based algorithm
CCn1cc([C@]2(c3cccc(-c4cncnc4N)c3)N=C(N)N(C)C2=O)cn1,1,O=C1N(C)C(=N[C@@]1(c1cc(ccc1)-c1cncnc1)c1cn(nc1)CC)N,1,1,0,Exmol_based,Generated using exmol-based algorithm
CCn1cc([C@]2(c3cc4cc(c3)-c3ncc-4cn3)N=C(N)N(C)C2=O)cn1,1,O=C1N(C)C(=N[C@@]1(c1cc(ccc1)-c1cncnc1)c1cn(nc1)CC)N,1,1,0,Exmol_based,Generated using exmol-based algorithm
C#CC1(C)C[C@@]2(N=C(N)N(C)C2=O)c2cc(-c3cccc(C#N)c3)ccc2O1,1,O1c2c(cc(cc2)-c2cc(ccc2)C#N)[C@]2(N=C(N)N(C)C2=O)CC1(C)C,1,1,0,Exmol_based,Generated using exmol-based algorithm
Cc1cccc(-c2ccc3c(c2)[C@@]2(CC(C)(C)O3)N=C(N)N(C)C2=O)c1,1,O1c2c(cc(cc2)-c2cc(ccc2)C#N)[C@]2(N=C(N)N(C)C2=O)CC1(C)C,1,1,0,Exmol_based,Generated using exmol-based algorithm
CN1C(=O)[C@]2(N=C1N)c1cc(-c3cccc(C#N)c3)ccc1OC(C)(C)C2S,1,O1c2c(cc(cc2)-c2cc(ccc2)C#N)[C@]2(N=C(N)N(C)C2=O)CC1(C)C,1,1,0,Exmol_based,Generated using exmol-based algorithm
CCCCN(CCSC)C(=O)n1cc(C(=O)N[C@@H](Cc2ccccc2)[C@H](O)C[NH2+]Cc2cccc(OC)c2)c2ccccc21,1,O(C)c1cc(ccc1)C[NH2+]C[C@@H](O)[C@@H](NC(=O)c1c2c(n(c1)C(=O)N(CCCC)CCCC)cccc2)Cc1ccccc1,1,1,0,Exmol_based,Generated using exmol-based algorithm
CCCCN(CCCC)C(=O)n1cc(C(=O)N[C@@H](Cc2ccccc2)[C@H](O)C[NH2+]Cc2cccc(OC)c2)c2c(S)cccc21,1,O(C)c1cc(ccc1)C[NH2+]C[C@@H](O)[C@@H](NC(=O)c1c2c(n(c1)C(=O)N(CCCC)CCCC)cccc2)Cc1ccccc1,1,1,0,Exmol_based,Generated using exmol-based algorithm
CCC.CCCCNC(=O)n1cc(C(=O)N[C@@H](Cc2ccccc2)[C@H](O)C[NH2+]Cc2cccc(OC)c2)c2ccccc21,1,O(C)c1cc(ccc1)C[NH2+]C[C@@H](O)[C@@H](NC(=O)c1c2c(n(c1)C(=O)N(CCCC)CCCC)cccc2)Cc1ccccc1,1,1,0,Exmol_based,Generated using exmol-based algorithm
C[C@@]1(c2cc(NC(=O)c3ccc(Cl)cn3)ccc2P)C[C@@H]2C[C@@H]2C(N)=[NH+]1,1,Clc1ccc(nc1)C(=O)Nc1cc([C@]2([NH+]=C(N)[C@@H]3[C@H](C2)C3)C)c(F)cc1,1,1,0,Exmol_based,Generated using exmol-based algorithm
NC1=[NH+][C](c2cc(NC(=O)c3ccc(Cl)cn3)ccc2F)C[C@@H]2C[C@H]12,1,Clc1ccc(nc1)C(=O)Nc1cc([C@]2([NH+]=C(N)[C@@H]3[C@H](C2)C3)C)c(F)cc1,1,1,0,Exmol_based,Generated using exmol-based algorithm
C[C@@]1(c2cc([N+](=[N-])C(=O)c3ccc(Cl)cn3)ccc2F)C[C@@H]2C[C@@H]2C(N)=[NH+]1,1,Clc1ccc(nc1)C(=O)Nc1cc([C@]2([NH+]=C(N)[C@@H]3[C@H](C2)C3)C)c(F)cc1,1,1,0,Exmol_based,Generated using exmol-based algorithm
CN(c1cc(C=O)cc(C(=O)c2ccccc2)c1)S(C)(=O)=O.O[C@@H]([CH]Cc1ccccc1)C[NH2+]C1CC1,1,S(=O)(=O)(N(C)c1cc(cc(c1)C(=O)N[C@H]([C@H](O)C[NH2+]C1CC1)Cc1ccccc1)C(=O)c1ccccc1)C,1,1,0,Exmol_based,Generated using exmol-based algorithm
CN(c1cccc(C(=O)c2ccccc2)c1)S(C)(=O)=O.N[C@@H](Cc1ccccc1)[C@H](O)C[NH2+]C1CC1.O,1,S(=O)(=O)(N(C)c1cc(cc(c1)C(=O)N[C@H]([C@H](O)C[NH2+]C1CC1)Cc1ccccc1)C(=O)c1ccccc1)C,1,1,0,Exmol_based,Generated using exmol-based algorithm
CN(c1cc(C(=O)N[C@@H](Cc2ccccc2)[C@H](O)C[NH2+]C2CS2)cc(C(=O)c2ccccc2)c1)S(C)(=O)=O,1,S(=O)(=O)(N(C)c1cc(cc(c1)C(=O)N[C@H]([C@H](O)C[NH2+]C1CC1)Cc1ccccc1)C(=O)c1ccccc1)C,1,1,0,Exmol_based,Generated using exmol-based algorithm
C.C.C[C@H]1C[C@]2(CC[N@@H+]1Cc1ccc(O)c(O)c1)CN(C)S(=O)(=O)N2c1cccc(F)c1,1,S1(=O)(=O)N([C@]2(C[C@@H]([N@H+](CC2)Cc2cc(OC(C)C)c(O)cc2)C)CN1C)c1cc(F)ccc1,1,1,0,Exmol_based,Generated using exmol-based algorithm
CC(N)Oc1cc(C[N@H+]2CC[C@@]3(C[C@@H]2C)CN(C)S(=O)(=O)N3c2cccc(F)c2)ccc1O,1,S1(=O)(=O)N([C@]2(C[C@@H]([N@H+](CC2)Cc2cc(OC(C)C)c(O)cc2)C)CN1C)c1cc(F)ccc1,1,1,0,Exmol_based,Generated using exmol-based algorithm
CC(C)Oc1cc(C[N@H+]2CC[C@@]3(C[C@@H]2C)CN(C)S(=O)N3c2cccc(F)c2)ccc1O,1,S1(=O)(=O)N([C@]2(C[C@@H]([N@H+](CC2)Cc2cc(OC(C)C)c(O)cc2)C)CN1C)c1cc(F)ccc1,1,1,0,Exmol_based,Generated using exmol-based algorithm
Nc1cccc(Cn2c(-c3ccccc3)ccc2-c2ccccc2Cl)n1.c1cncnc1,1,Clc1ccccc1-c1n(Cc2nc(N)ccc2)c(cc1)-c1ccc(Oc2cncnc2)cc1,1,1,0,Exmol_based,Generated using exmol-based algorithm
Cc1ncncc1Oc1ccc(-c2ccc(-c3ccccc3Cl)n2Cc2cccc(N)n2)cc1,1,Clc1ccccc1-c1n(Cc2nc(N)ccc2)c(cc1)-c1ccc(Oc2cncnc2)cc1,1,1,0,Exmol_based,Generated using exmol-based algorithm
Nc1cccc(Cn2c(-c3ccc(Oc4cncnc4)cc3)ccc2-c2ccccc2Cl)n1,1,Clc1ccccc1-c1n(Cc2nc(N)ccc2)c(cc1)-c1ccc(Oc2cncnc2)cc1,1,1,0,Exmol_based,Generated using exmol-based algorithm
CCCC(CCC)S(=O)(=O)C[C@@H](NC(=O)OCc1ccccc1)C(=O)N[C@@H](CS1=CC=CC=C1)[C@H](O)C[NH2+]Cc1cccc(OC)c1,0,S(=O)(=O)(C(CCC)CCC)C[C@@H](NC(OCc1ccccc1)=O)C(=O)N[C@H]([C@H](O)C[NH2+]Cc1cc(OC)ccc1)Cc1ccccc1,0,0,0,Exmol_based,Generated using exmol-based algorithm
CCCC(CCC)S(=O)(=O)C[C@@H](NC(=O)OCc1ccccc1)C(=O)N[C@@H](Cc1ccccc1)[S@H](O)C[NH2+]Cc1cccc(OC)c1,0,S(=O)(=O)(C(CCC)CCC)C[C@@H](NC(OCc1ccccc1)=O)C(=O)N[C@H]([C@H](O)C[NH2+]Cc1cc(OC)ccc1)Cc1ccccc1,0,0,0,Exmol_based,Generated using exmol-based algorithm
CCCC(CCC)S(=O)(=O)C[C@@H](NC(=O)OCc1ccccc1)C(=O)N[C@H]([CH]O)Cc1ccccc1.COc1cccc(C[NH2+])c1,0,S(=O)(=O)(C(CCC)CCC)C[C@@H](NC(OCc1ccccc1)=O)C(=O)N[C@H]([C@H](O)C[NH2+]Cc1cc(OC)ccc1)Cc1ccccc1,0,0,0,Exmol_based,Generated using exmol-based algorithm
CCCN(CCC)C(=O)c1cc(C)cc(C(N)=O)c1.O[C@@H]([CH]Cc1cc(F)cc(F)c1)[C@H]1C[N@@H+](Cc2ccccc2)CC[NH2+]1,0,Fc1cc(cc(F)c1)C[C@H](NC(=O)c1cc(cc(c1)C)C(=O)N(CCC)CCC)[C@H](O)[C@@H]1[NH2+]CC[N@@H+](C1)Cc1ccccc1,0,0,0,Exmol_based,Generated using exmol-based algorithm
CCC.CCC.Cc1cc(C=O)cc(C(=O)N[C@@H](Cc2cc(F)cc(F)c2)[C@H](O)[C@H]2C[N@@H+](Cc3ccccc3)CC[NH2+]2)c1,0,Fc1cc(cc(F)c1)C[C@H](NC(=O)c1cc(cc(c1)C)C(=O)N(CCC)CCC)[C@H](O)[C@@H]1[NH2+]CC[N@@H+](C1)Cc1ccccc1,0,0,0,Exmol_based,Generated using exmol-based algorithm
CCCN(CCC)C(=O)c1cc(C)cc(C(=O)N[C@H]([CH][C@H]2C[N@@H+](Cc3ccccc3)CC[NH2+]2)Cc2cc(F)cc(F)c2)c1,0,Fc1cc(cc(F)c1)C[C@H](NC(=O)c1cc(cc(c1)C)C(=O)N(CCC)CCC)[C@H](O)[C@@H]1[NH2+]CC[N@@H+](C1)Cc1ccccc1,0,0,0,Exmol_based,Generated using exmol-based algorithm
C.C.C.O=S1(=O)C[C@@H](Cc2cc(F)c3c(c2)C2(CCC(F)(F)CC2)CN3)[C@H](O)[C@@H]([NH2+]Cc2ccccc2)C1,0,S1(=O)(=O)C[C@@H](Cc2cc(F)c3NCC4(CCC(F)(F)CC4)c3c2)[C@H](O)[C@@H]([NH2+]Cc2cc(ccc2)C(C)(C)C)C1,0,0,0,Exmol_based,Generated using exmol-based algorithm
CC(C)(C)c1cccc(C[NH2+][C@H]([CH]O)CS(=O)(=O)C[CH]Cc2cc(F)c3c(c2)C2(CCC(F)(F)CC2)CN3)c1,0,S1(=O)(=O)C[C@@H](Cc2cc(F)c3NCC4(CCC(F)(F)CC4)c3c2)[C@H](O)[C@@H]([NH2+]Cc2cc(ccc2)C(C)(C)C)C1,0,0,0,Exmol_based,Generated using exmol-based algorithm
CC(C)(C)c1cccc(C[NH2+][C@@H]2[CH][C@H](Cc3cc(F)c4c(c3)C3(CCC(F)(F)CC3)CN4)CS(=O)(=O)C2)c1,0,S1(=O)(=O)C[C@@H](Cc2cc(F)c3NCC4(CCC(F)(F)CC4)c3c2)[C@H](O)[C@@H]([NH2+]Cc2cc(ccc2)C(C)(C)C)C1,0,0,0,Exmol_based,Generated using exmol-based algorithm
N=C1CN(C(=O)[C@@H]2C[NH2+]C[C@]23CCCc2ccccc23)[C@H](c2ccccc2)C[C@@H]1c1ccccc1,0,O=C(N1CC[C@H](C[C@H]1c1ccccc1)c1ccccc1)[C@@H]1C[NH2+]C[C@]12CCCc1c2cccc1,0,0,0,Exmol_based,Generated using exmol-based algorithm
O=C([C@@H]1C[NH2+]C[C@]12CCCc1ccccc12)N1CC2c3ccc(cc3)[C@@H]1C[C@@H]2c1ccccc1,0,O=C(N1CC[C@H](C[C@H]1c1ccccc1)c1ccccc1)[C@@H]1C[NH2+]C[C@]12CCCc1c2cccc1,0,0,0,Exmol_based,Generated using exmol-based algorithm
O=C([C@@H]1C[NH2+]C[C@]12CCCc1ccccc12)N1CC[C@@H](c2ccccc2)C[C@H]1c1ccccc1,0,O=C(N1CC[C@H](C[C@H]1c1ccccc1)c1ccccc1)[C@@H]1C[NH2+]C[C@]12CCCc1c2cccc1,0,0,0,Exmol_based,Generated using exmol-based algorithm
CC(C)c1cccc(C[NH2+])c1.CCCN1C(=O)OC[C@@H]1Cc1cc(C[C@@H]([CH]O)CS(C)(=O)=O)ccc1O,0,S1(=O)(=O)C[C@@H](Cc2cc(C[C@@H]3N(CCC)C(OC3)=O)c(O)cc2)[C@H](O)[C@@H]([NH2+]Cc2cc(ccc2)C(C)C)C1,0,0,0,Exmol_based,Generated using exmol-based algorithm
CCCN1C(=O)OC[C@@H]1Cc1cc(C[CH]CS(=O)(=O)C[CH][NH2+]Cc2cccc(C(C)C)c2)ccc1O.O,0,S1(=O)(=O)C[C@@H](Cc2cc(C[C@@H]3N(CCC)C(OC3)=O)c(O)cc2)[C@H](O)[C@@H]([NH2+]Cc2cc(ccc2)C(C)C)C1,0,0,0,Exmol_based,Generated using exmol-based algorithm
CCCN1C(=O)OC[C@@H]1Cc1cc(C[CH]CS(=O)(=O)C[CH][NH2+]Cc2cccc(C(C)C)c2)ccc1O.O,0,S1(=O)(=O)C[C@@H](Cc2cc(C[C@@H]3N(CCC)C(OC3)=O)c(O)cc2)[C@H](O)[C@@H]([NH2+]Cc2cc(ccc2)C(C)C)C1,0,0,0,Exmol_based,Generated using exmol-based algorithm
C/C=C/CSC[C@H](NC(=O)[C@H](C)NC(=O)[C@H](CS)NC(=O)OC(C)(C)C)[C@@H](O)C[C@@H](C)C(=O)N[C@H](C(=O)NCCCC)C(C)C,0,S1C[C@H](NC(OC(C)(C)C)=O)C(=O)N[C@@H](C)C(=O)N[C@@H](CSC\C=C\C1)[C@@H](O)C[C@H](C(=O)N[C@@H](C(C)C)C(=O)NCCCC)C,0,0,0,Exmol_based,Generated using exmol-based algorithm
CCCCNC(=O)[C@@H](NC(=O)[C@H](C)C[C@H](O)[C@H](CSC/C=C/CSC[C@@H](C=O)NC(=O)OC(C)(C)C)NC(=O)[C@H](C)N)C(C)C,0,S1C[C@H](NC(OC(C)(C)C)=O)C(=O)N[C@@H](C)C(=O)N[C@@H](CSC\C=C\C1)[C@@H](O)C[C@H](C(=O)N[C@@H](C(C)C)C(=O)NCCCC)C,0,0,0,Exmol_based,Generated using exmol-based algorithm
C.CCCCNC(=O)[C@@H](NC(=O)[C@H](C)C[C@H](O)[C@@H]1CSC/C=C/CSC[C@H](NC(=O)OC(C)C)C(=O)N[C@@H](C)C(=O)N1)C(C)C,0,S1C[C@H](NC(OC(C)(C)C)=O)C(=O)N[C@@H](C)C(=O)N[C@@H](CSC\C=C\C1)[C@@H](O)C[C@H](C(=O)N[C@@H](C(C)C)C(=O)NCCCC)C,0,0,0,Exmol_based,Generated using exmol-based algorithm
COc1ccc([C@]2(C34CC5CC(CC(S)(C5)C3)C4)N=C(N)N(C)C2=O)cc1C,0,O(C)c1ccc(cc1C)[C@@]1(N=C(N)N(C)C1=O)C12CC3CC(C1)CC(C2)C3,0,0,0,Exmol_based,Generated using exmol-based algorithm
COc1ccc([C@]2(C3(C)CC(C)CC(C)C3)N=C(N)N(C)C2=O)cc1C,0,O(C)c1ccc(cc1C)[C@@]1(N=C(N)N(C)C1=O)C12CC3CC(C1)CC(C2)C3,0,0,0,Exmol_based,Generated using exmol-based algorithm
COc1ccc2cc1C=C1C3CC4CC1CC(C4)(C3)[C@]21N=C(N)N(C)C1=O,0,O(C)c1ccc(cc1C)[C@@]1(N=C(N)N(C)C1=O)C12CC3CC(C1)CC(C2)C3,0,0,0,Exmol_based,Generated using exmol-based algorithm
CC1(C)Cc2cc(Cl)ccc2C(N[C@@H](Cc2ccccc2)c2nc3ccncc3c(=O)[nH]2)=[NH+]1,0,Clc1cc2CC([NH+]=C(N[C@@H](Cc3ccccc3)C=3NC(=O)c4c(N=3)ccnc4)c2cc1)(C)C,0,0,0,Exmol_based,Generated using exmol-based algorithm
CC(C)Cc1cc(Cl)ccc1C(=[NH+])N[C@@H](Cc1ccccc1)c1nc2ccncc2c(=O)[nH]1,0,Clc1cc2CC([NH+]=C(N[C@@H](Cc3ccccc3)C=3NC(=O)c4c(N=3)ccnc4)c2cc1)(C)C,0,0,0,Exmol_based,Generated using exmol-based algorithm
C.CC1Cc2cc(Cl)ccc2C(N[C@@H](Cc2ccccc2)c2nc3ccncc3c(=O)[nH]2)=[NH+]1,0,Clc1cc2CC([NH+]=C(N[C@@H](Cc3ccccc3)C=3NC(=O)c4c(N=3)ccnc4)c2cc1)(C)C,0,0,0,Exmol_based,Generated using exmol-based algorithm
CC.Nc1cc(C(=O)N[C@@H](Cc2ccccc2)[C@H](O)C[NH2+]C2CCCCC2)cc(N2CCCC2=O)c1,0,O=C1N(CCC1)c1cc(cc(NCC)c1)C(=O)N[C@H]([C@H](O)C[NH2+]C1CCCCC1)Cc1ccccc1,0,0,0,Exmol_based,Generated using exmol-based algorithm
CCCC(C)[NH2+]C[C@@H](O)[C@H](Cc1ccccc1)NC(=O)c1cc(NCC)cc(N2CCCC2=O)c1,0,O=C1N(CCC1)c1cc(cc(NCC)c1)C(=O)N[C@H]([C@H](O)C[NH2+]C1CCCCC1)Cc1ccccc1,0,0,0,Exmol_based,Generated using exmol-based algorithm
CCNc1cc(C(=O)N[C@@H](Cc2ccccc2)[C@H](O)C[NH2+]C2CCCCC2)cc(N2CCCC2=O)c1,0,O=C1N(CCC1)c1cc(cc(NCC)c1)C(=O)N[C@H]([C@H](O)C[NH2+]C1CCCCC1)Cc1ccccc1,0,0,0,Exmol_based,Generated using exmol-based algorithm
CCOc1ccc(C(N)=O)nc1.C[C@]1(c2ccccc2F)N=C(N)OCC1(F)F,0,Fc1ccc(NC(=O)c2ncc(OCC)cc2)cc1[C@]1(N=C(OCC1(F)F)N)C,0,0,0,Exmol_based,Generated using exmol-based algorithm
CCOc1ccc(C(=O)Nc2ccc(F)c([C@@]3(C)N=C(N)OCC3F)c2)nc1.F,0,Fc1ccc(NC(=O)c2ncc(OCC)cc2)cc1[C@]1(N=C(OCC1(F)F)N)C,0,0,0,Exmol_based,Generated using exmol-based algorithm
CCOc1ccc(C(=O)Nc2ccc(F)c([C](C)C(F)(F)COC(=N)N)c2)nc1,0,Fc1ccc(NC(=O)c2ncc(OCC)cc2)cc1[C@]1(N=C(OCC1(F)F)N)C,0,0,0,Exmol_based,Generated using exmol-based algorithm
COC(=O)[C@@H]1CCCN1C(=O)[C@@H](CC1CCCCC1)N(C)C(=O)[C@H](C)NC(=O)[C@H](CC(C)C)NC(=O)C[C@H](O)[C@H](CC1CCCCC1)NC(=O)[C@H](CCC(N)=O)N(C)C[C@@H](NC(=O)[C@H](C)O)C(C)C,0,O(C(=O)[C@H]1N(CCC1)C(=O)[C@H](N(C(=O)[C@@H](NC(=O)[C@@H](NC(=O)C[C@H](O)[C@@H](NC(=O)[C@@H](N(C(=O)[C@@H](NC(=O)[C@@H](O)C)C(C)C)C)CCC(=O)N)CC1CCCCC1)CC(C)C)C)C)CC1CCCCC1)C,0,0,0,Exmol_based,Generated using exmol-based algorithm
COC(=O)[C@@H]1CCCN1C(=O)[C@@H](CC1CCCCC1)N(C)C(=O)[C@H](C)NC(=O)[C@H](CC(C)C)NC(=O)C[C@H](O)[C@H](CC1CCCCC1)NC(=O)[C@H](CCC(N)=O)N(C)C[C@@H](NC(=O)[C@H](C)O)C(C)C,0,O(C(=O)[C@H]1N(CCC1)C(=O)[C@H](N(C(=O)[C@@H](NC(=O)[C@@H](NC(=O)C[C@H](O)[C@@H](NC(=O)[C@@H](N(C(=O)[C@@H](NC(=O)[C@@H](O)C)C(C)C)C)CCC(=O)N)CC1CCCCC1)CC(C)C)C)C)CC1CCCCC1)C,0,0,0,Exmol_based,Generated using exmol-based algorithm
COC(=O)[C@@H]1CCCN1C(=O)[C@@H](CC1CCCCC1)N(C)C(=O)[C@H](C)NC(=O)[C@H](CC(C)C)NC(=O)C[C@H](O)[C@H](CC1CCCCC1)NC(=O)[C@H](CCC=O)N(C)C(=O)[C@@H](NC(=O)[C@H](C)O)C(C)C,0,O(C(=O)[C@H]1N(CCC1)C(=O)[C@H](N(C(=O)[C@@H](NC(=O)[C@@H](NC(=O)C[C@H](O)[C@@H](NC(=O)[C@@H](N(C(=O)[C@@H](NC(=O)[C@@H](O)C)C(C)C)C)CCC(=O)N)CC1CCCCC1)CC(C)C)C)C)CC1CCCCC1)C,0,0,0,Exmol_based,Generated using exmol-based algorithm
CCCCNC(=O)[C@H](C)C[C@H](O)[C@H](CSCC)NC(=O)[C@H](C)NC(=O)[C@@H]1[NH2+]CCC[C@@H]1SCC,0,S1C[C@H](NC(=O)[C@@H](NC(=O)[C@@H]2[NH2+]CCC[C@@H]2SC\C=C\C1)C)[C@@H](O)C[C@H](C(=O)NCCCC)C,0,0,0,Exmol_based,Generated using exmol-based algorithm
CCCCNC(=O)[C@H](C)C[C@H](O)[C@@H]1CSC/C=C/CP[C@H]2CCC[NH2+][C@H]2C(=O)N[C@@H](C)C(=O)N1,0,S1C[C@H](NC(=O)[C@@H](NC(=O)[C@@H]2[NH2+]CCC[C@@H]2SC\C=C\C1)C)[C@@H](O)C[C@H](C(=O)NCCCC)C,0,0,0,Exmol_based,Generated using exmol-based algorithm
C.CCCCNC(=O)[CH]C[C@H](O)[C@@H]1CSC/C=C/CS[C@H]2CCC[NH2+][C@H]2C(=O)N[C@@H](C)C(=O)N1,0,S1C[C@H](NC(=O)[C@@H](NC(=O)[C@@H]2[NH2+]CCC[C@@H]2SC\C=C\C1)C)[C@@H](O)C[C@H](C(=O)NCCCC)C,0,0,0,Exmol_based,Generated using exmol-based algorithm
CCCN(CCC)C(=O)c1cccc2c1-c1cccc(c1)C[C@@H]([C@H](O)C[NH2+]Cc1cccc(OC)c1)NC2=O,0,O(C)c1cc(ccc1)C[NH2+]C[C@@H](O)[C@@H](NC(=O)c1cc(ccc1)C(=O)N(CCC)CCC)Cc1ccccc1,0,0,0,Exmol_based,Generated using exmol-based algorithm
C.CCCN(CC)C(=O)c1cccc(C(=O)N[C@@H](Cc2ccccc2)[C@H](O)C[NH2+]Cc2cccc(OC)c2)c1,0,O(C)c1cc(ccc1)C[NH2+]C[C@@H](O)[C@@H](NC(=O)c1cc(ccc1)C(=O)N(CCC)CCC)Cc1ccccc1,0,0,0,Exmol_based,Generated using exmol-based algorithm
C.CCCN(CCC)C(=O)c1cccc(C(=O)N[C@@H](Cc2ccccc2)[C@H](O)C[NH2+]Cc2ccccc2)c1,0,O(C)c1cc(ccc1)C[NH2+]C[C@@H](O)[C@@H](NC(=O)c1cc(ccc1)C(=O)N(CCC)CCC)Cc1ccccc1,0,0,0,Exmol_based,Generated using exmol-based algorithm
CC(Cl)C[C@H](NC(=O)[C@@H](NC(=O)[C@@H]([NH3+])CNC(=O)c1nnn[n-]1)C(C)C)C(=O)NC[C@](O)(CCc1ccccc1)C(=O)Nc1cccc(C(=O)[O-])c1,0,O=C(NC[C@H]([NH3+])C(=O)N[C@@H](C(C)C)C(=O)N[C@@H](CC(C)C)C(=O)NC[C@](O)(CCc1ccccc1)C(=O)Nc1cc(ccc1)C(=O)[O-])c1nnn[n-]1,0,0,0,Exmol_based,Generated using exmol-based algorithm
CC(C)C[C@H](NC(=O)[C@@H](NC(=O)[C@@H]([NH3+])CNC(=O)c1nnn[n-]1)C(C)Br)C(=O)NC[C@](O)(CCc1ccccc1)C(=O)Nc1cccc(C(=O)[O-])c1,0,O=C(NC[C@H]([NH3+])C(=O)N[C@@H](C(C)C)C(=O)N[C@@H](CC(C)C)C(=O)NC[C@](O)(CCc1ccccc1)C(=O)Nc1cc(ccc1)C(=O)[O-])c1nnn[n-]1,0,0,0,Exmol_based,Generated using exmol-based algorithm
CC(C)C.CC(C)[C@H](NC(=O)[C@@H]([NH3+])CNC(=O)c1nnn[n-]1)C(N)=O.O=CNC[C@](O)(CCc1ccccc1)C(=O)Nc1cccc(C(=O)[O-])c1,0,O=C(NC[C@H]([NH3+])C(=O)N[C@@H](C(C)C)C(=O)N[C@@H](CC(C)C)C(=O)NC[C@](O)(CCc1ccccc1)C(=O)Nc1cc(ccc1)C(=O)[O-])c1nnn[n-]1,0,0,0,Exmol_based,Generated using exmol-based algorithm
NC1=[NH+][C@](c2ccnc(C(F)(F)F)c2)(c2ccc(F)c(-c3cccnc3)c2)c2cccc(F)c21,0,Fc1ccc(cc1-c1cncnc1)[C@]1([NH+]=C(N)c2c1cccc2F)c1cc(ncc1)C(F)(F)F,0,0,0,Exmol_based,Generated using exmol-based algorithm
NC1=[NH+][C@](c2ccnc(C(O)(F)F)c2)(c2ccc(F)c(-c3cncnc3)c2)c2cccc(F)c21,0,Fc1ccc(cc1-c1cncnc1)[C@]1([NH+]=C(N)c2c1cccc2F)c1cc(ncc1)C(F)(F)F,0,0,0,Exmol_based,Generated using exmol-based algorithm
NC1=[NH+][C@](c2ccnc(C(F)(F)F)c2)(c2ccc(F)c(-c3cncnc3)c2)c2cccc(F)c21,0,Fc1ccc(cc1-c1cncnc1)[C@]1([NH+]=C(N)c2c1cccc2F)c1cc(ncc1)C(F)(F)F,0,0,0,Exmol_based,Generated using exmol-based algorithm
COc1cccc(-c2cccc(OC[C@]3(C)CC(=O)N(C)C(N)=N3)c2)c1,0,O(C)c1cc(ccc1)-c1cc(ccc1)CC[C@]1(N=C(N)N(C)C(=O)C1)C,0,0,0,Exmol_based,Generated using exmol-based algorithm
CN1C(=O)C[C@@](C)(CCc2ccccc2)N=C1N.COc1ccccc1,0,O(C)c1cc(ccc1)-c1cc(ccc1)CC[C@]1(N=C(N)N(C)C(=O)C1)C,0,0,0,Exmol_based,Generated using exmol-based algorithm
C.CC(=O)N(C)C(=N)N.CCc1cccc(-c2cccc(OC)c2)c1,0,O(C)c1cc(ccc1)-c1cc(ccc1)CC[C@]1(N=C(N)N(C)C(=O)C1)C,0,0,0,Exmol_based,Generated using exmol-based algorithm
C[C@@H](NCc1cc(C(=O)OC[C@@]([NH3+])(CO)Cc2ccccc2)cc(N(C)S(C)(=O)=O)c1)c1ccc(F)cc1,0,S(=O)(=O)(N(C)c1cc(cc(c1)C(OC[C@]([NH3+])(Cc1ccccc1)CO)=O)C(=O)N[C@H](C)c1ccc(F)cc1)C,0,0,0,Exmol_based,Generated using exmol-based algorithm
C[C@@H](NC(=O)S1=CC(C(=O)OC[C@@]([NH3+])(CO)Cc2ccccc2)=CC(N(C)S(C)(=O)=O)=C1)c1ccc(F)cc1,0,S(=O)(=O)(N(C)c1cc(cc(c1)C(OC[C@]([NH3+])(Cc1ccccc1)CO)=O)C(=O)N[C@H](C)c1ccc(F)cc1)C,0,0,0,Exmol_based,Generated using exmol-based algorithm
C[C@@H](NC(=O)c1cc(C(=O)OC[C]([NH3+])Cc2ccccc2)cc(N(C)S(C)(=O)=O)c1)c1ccc(F)cc1.O,0,S(=O)(=O)(N(C)c1cc(cc(c1)C(OC[C@]([NH3+])(Cc1ccccc1)CO)=O)C(=O)N[C@H](C)c1ccc(F)cc1)C,0,0,0,Exmol_based,Generated using exmol-based algorithm
CCc1ccnc2c(N3CCCC3)cc(C(=O)N[C@@H](Cc3ccccc3)[C@H](O)C[NH2+]Cc3cccc(C(F)(F)F)c3)cc12,0,FC(F)(F)c1cc(ccc1)C[NH2+]C[C@@H](O)[C@@H](NC(=O)c1cc(N2CCCC2=O)c2nccc(c2c1)CC)Cc1ccccc1,0,0,0,Exmol_based,Generated using exmol-based algorithm
O=C1CCCN1c1cc2cc3c(ccnc13)CCN([C@@H](Cc1ccccc1)[C@H](O)C[NH2+]Cc1cccc(C(F)(F)F)c1)C2=O,0,FC(F)(F)c1cc(ccc1)C[NH2+]C[C@@H](O)[C@@H](NC(=O)c1cc(N2CCCC2=O)c2nccc(c2c1)CC)Cc1ccccc1,0,0,0,Exmol_based,Generated using exmol-based algorithm
CCc1ccnc2c(N3CCCC3=O)cc(C(=O)N[CH]Cc3ccccc3)cc12.O[CH]C[NH2+]Cc1cccc(C(F)(F)F)c1,0,FC(F)(F)c1cc(ccc1)C[NH2+]C[C@@H](O)[C@@H](NC(=O)c1cc(N2CCCC2=O)c2nccc(c2c1)CC)Cc1ccccc1,0,0,0,Exmol_based,Generated using exmol-based algorithm
COc1ccc2c(c1)[C@]1(COC(N)=N1)c1cc(-c3cc(Cl)ccc3F)cc(S)c1O2,0,Clc1cc(-c2cc3c(Oc4c(cc(OC)cc4)[C@@]34N=C(OC4)N)cc2)c(F)cc1,0,0,0,Exmol_based,Generated using exmol-based algorithm
CNc1ccc2c(c1)[C@]1(COC(N)=N1)c1cc(-c3cc(Cl)ccc3F)ccc1O2,0,Clc1cc(-c2cc3c(Oc4c(cc(OC)cc4)[C@@]34N=C(OC4)N)cc2)c(F)cc1,0,0,0,Exmol_based,Generated using exmol-based algorithm
COc1ccc2c(c1)[C@]1(COC(N)=N1)c1cc(-c3cccc(Cl)c3)ccc1O2,0,Clc1cc(-c2cc3c(Oc4c(cc(OC)cc4)[C@@]34N=C(OC4)N)cc2)c(F)cc1,0,0,0,Exmol_based,Generated using exmol-based algorithm
CC(C)(Cc1cccc(Cl)c1)[NH+]=CN[C@@H](Cc1cscc1Br)C(=O)[O-],0,Brc1cscc1C[C@H](NC1=[NH+]C(Cc2c1ccc(Cl)c2)(C)C)C(=O)[O-],0,0,0,Exmol_based,Generated using exmol-based algorithm
C.CC1Cc2cc(Cl)ccc2C(N[C@@H](Cc2cscc2Br)C(=O)[O-])=[NH+]1,0,Brc1cscc1C[C@H](NC1=[NH+]C(Cc2c1ccc(Cl)c2)(C)C)C(=O)[O-],0,0,0,Exmol_based,Generated using exmol-based algorithm
CC1(C)Cc2ccccc2C(N[C@@H](Cc2cscc2Br)C(=O)[O-])=[NH+]1.Cl,0,Brc1cscc1C[C@H](NC1=[NH+]C(Cc2c1ccc(Cl)c2)(C)C)C(=O)[O-],0,0,0,Exmol_based,Generated using exmol-based algorithm
C[C](C(=O)N(C)CC(=[NH+])N)c1cccc(NC(=O)c2ccc(Cl)cn2)c1,0,Clc1ccc(nc1)C(=O)Nc1cc(ccc1)[C@]1([NH+]=C(N)CN(C)C1=O)C,0,0,0,Exmol_based,Generated using exmol-based algorithm
CN1CC(N)=[NH+][C@](C)(c2cccc(NC(=O)c3ccc(Cl)pn3)c2)C1=O,0,Clc1ccc(nc1)C(=O)Nc1cc(ccc1)[C@]1([NH+]=C(N)CN(C)C1=O)C,0,0,0,Exmol_based,Generated using exmol-based algorithm
C.CN1CC(N)=[NH+][C](c2cccc(NC(=O)c3ccc(Cl)cn3)c2)C1=O,0,Clc1ccc(nc1)C(=O)Nc1cc(ccc1)[C@]1([NH+]=C(N)CN(C)C1=O)C,0,0,0,Exmol_based,Generated using exmol-based algorithm
COc1cccc(-c2cccc([C@]3(C)CC(=O)N(C)C(N)=N3)c2)c1,0,O(C)c1cc(ccc1)-c1cc(ccc1)[C@]1(N=C(N)N(C)C(=O)C1)C,0,0,0,Exmol_based,Generated using exmol-based algorithm
CN1C(=O)C[C@@](C)(c2cccc(-c3cccc(O)c3)c2)N=C1N,0,O(C)c1cc(ccc1)-c1cc(ccc1)[C@]1(N=C(N)N(C)C(=O)C1)C,0,0,0,Exmol_based,Generated using exmol-based algorithm
C.CN1C(=O)C[C@@](C)(c2cccc(-c3cccc(O)c3)c2)N=C1N,0,O(C)c1cc(ccc1)-c1cc(ccc1)[C@]1(N=C(N)N(C)C(=O)C1)C,0,0,0,Exmol_based,Generated using exmol-based algorithm
C/C=C/COC[C@H](NC(=O)c1cc(C(=O)N[CH]c2ccccc2)cc(N(C)S(C)(=O)=O)c1)[C@H](O)C[NH2+]Cc1cccc(C(C)C)c1,0,S(=O)(=O)(N(C)c1cc2cc(c1)C(=O)N[C@@H](COC\C=C\C[C@H](NC2=O)c1ccccc1)[C@H](O)C[NH2+]Cc1cc(ccc1)C(C)C)C,0,0,0,Exmol_based,Generated using exmol-based algorithm
C/C=C/COC[C@H](NC(=O)c1cc(C(=O)N[CH]c2ccccc2)cc(N(C)S(C)(=O)=O)c1)[C@H](O)C[NH2+]Cc1cccc(C(C)C)c1,0,S(=O)(=O)(N(C)c1cc2cc(c1)C(=O)N[C@@H](COC\C=C\C[C@H](NC2=O)c1ccccc1)[C@H](O)C[NH2+]Cc1cc(ccc1)C(C)C)C,0,0,0,Exmol_based,Generated using exmol-based algorithm
CC(C)c1cccc(C[NH2+]C[S@@H](O)[C@@H]2COC/C=C/C[C@@H](c3ccccc3)NC(=O)c3cc(cc(N(C)S(C)(=O)=O)c3)C(=O)N2)c1,0,S(=O)(=O)(N(C)c1cc2cc(c1)C(=O)N[C@@H](COC\C=C\C[C@H](NC2=O)c1ccccc1)[C@H](O)C[NH2+]Cc1cc(ccc1)C(C)C)C,0,0,0,Exmol_based,Generated using exmol-based algorithm
N#CCCCOc1ccc2c(c1)-c1cccc(c1Cl)-c1ccc-2n1Cc1cccc(N)n1,0,Clc1ccccc1-c1n(Cc2nc(N)ccc2)c(cc1)-c1ccc(OCCCC#N)cc1,0,0,0,Exmol_based,Generated using exmol-based algorithm
N#CCCCOc1ccc(-c2ccc(-c3ccccc3Cl)n2Cc2cccc(N)n2)cc1,0,Clc1ccccc1-c1n(Cc2nc(N)ccc2)c(cc1)-c1ccc(OCCCC#N)cc1,0,0,0,Exmol_based,Generated using exmol-based algorithm
N#CCCCOc1ccc(-c2cnc(-c3ccccc3Cl)n2Cc2cccc(N)n2)cc1,0,Clc1ccccc1-c1n(Cc2nc(N)ccc2)c(cc1)-c1ccc(OCCCC#N)cc1,0,0,0,Exmol_based,Generated using exmol-based algorithm
C[C@@H](F)[C@](C)(N=C(N)O)c1cc(NC(=O)c2ccc(C#N)cn2)ccc1F,0,Fc1ccc(NC(=O)c2ncc(cc2)C#N)cc1[C@]1(N=C(OC[C@H]1F)N)C,0,0,0,Exmol_based,Generated using exmol-based algorithm
C[C@]1(c2cc(NC(=O)c3ccc(C#N)cn3)ccc2F)N=C(N)OC[C@H]1F,0,Fc1ccc(NC(=O)c2ncc(cc2)C#N)cc1[C@]1(N=C(OC[C@H]1F)N)C,0,0,0,Exmol_based,Generated using exmol-based algorithm
C[C@]1(c2cc(NC(=O)c3ccc(C#N)cn3)ccc2F)N=C(N)OC[C@H]1F,0,Fc1ccc(NC(=O)c2ncc(cc2)C#N)cc1[C@]1(N=C(OC[C@H]1F)N)C,0,0,0,Exmol_based,Generated using exmol-based algorithm
CC1(C)Cc2cc(Cl)ccc2C(N[C@@H](Cc2cscc2-c2cn[nH]c2)C(=O)[O-])=[NH+]1,0,Clc1cc2CC([NH+]=C(N[C@@H](Cc3cscc3-c3cn[nH]c3)C(=O)[O-])c2cc1)(C)C,0,0,0,Exmol_based,Generated using exmol-based algorithm
CC1(C)Cc2cc(Cl)ccc2C(N[CH]Cc2cscc2-c2cn[nH]c2)=[NH+]1.O.[O-],0,Clc1cc2CC([NH+]=C(N[C@@H](Cc3cscc3-c3cn[nH]c3)C(=O)[O-])c2cc1)(C)C,0,0,0,Exmol_based,Generated using exmol-based algorithm
CC1Cc2cc(Cl)ccc2C(N[C@@H](Cc2cscc2-c2cn[nH]c2)C(=O)[O-])=[NH+]1,0,Clc1cc2CC([NH+]=C(N[C@@H](Cc3cscc3-c3cn[nH]c3)C(=O)[O-])c2cc1)(C)C,0,0,0,Exmol_based,Generated using exmol-based algorithm
CC1(C)Cc2cc(Cl)ccc2C=[NH+]1.N#Cc1cnc([C@@H](N)Cc2ccccc2)[nH]c1=O,0,Clc1cc2CC([NH+]=C(N[C@@H](Cc3ccccc3)C=3NC(=O)C(=CN=3)C#N)c2cc1)(C)C,0,0,0,Exmol_based,Generated using exmol-based algorithm
CC1Cc2cc(Cl)ccc2C(N[C@@H](Cc2ccccc2)c2ncc(C#N)c(=O)[nH]2)=[NH+]1,0,Clc1cc2CC([NH+]=C(N[C@@H](Cc3ccccc3)C=3NC(=O)C(=CN=3)C#N)c2cc1)(C)C,0,0,0,Exmol_based,Generated using exmol-based algorithm
Cc1cnc([C@H](Cc2ccccc2)NC2=[NH+]C(C)(C)Cc3cc(Cl)ccc32)[nH]c1=O,0,Clc1cc2CC([NH+]=C(N[C@@H](Cc3ccccc3)C=3NC(=O)C(=CN=3)C#N)c2cc1)(C)C,0,0,0,Exmol_based,Generated using exmol-based algorithm
C.CC(=O)N[C@@H](Cc1cc(F)cc(F)c1)[C@H](O)C[NH2+]C1(c2cc(CC(C)C)cs2)CC1,0,s1cc(cc1C1([NH2+]C[C@@H](O)[C@@H](NC(=O)C)Cc2cc(F)cc(F)c2)CC1)CC(C)(C)C,0,0,0,Exmol_based,Generated using exmol-based algorithm
CC(=O)N[C@@H](Cc1cc(F)cc(F)c1)[C@H](P)C[NH2+]C1(c2cc(CC(C)(C)C)cs2)CC1,0,s1cc(cc1C1([NH2+]C[C@@H](O)[C@@H](NC(=O)C)Cc2cc(F)cc(F)c2)CC1)CC(C)(C)C,0,0,0,Exmol_based,Generated using exmol-based algorithm
CC(=O)N(N)[C@@H](Cc1cc(F)cc(F)c1)[C@H](O)C[NH2+]C1(c2cc(CC(C)(C)C)cs2)CC1,0,s1cc(cc1C1([NH2+]C[C@@H](O)[C@@H](NC(=O)C)Cc2cc(F)cc(F)c2)CC1)CC(C)(C)C,0,0,0,Exmol_based,Generated using exmol-based algorithm
CCCCNC(=O)[C@H](C)C[C@H](O)[C@H](CC(C)C)NC(=O)[C@H](CCSC)NC(=O)CCC(C)C,0,S(CC[C@H](NC(=O)CCC(C)C)C(=O)N[C@H]([C@@H](O)C[C@H](C(=O)NCCCC)C)CC(C)C)C,0,0,0,Exmol_based,Generated using exmol-based algorithm
CCCCNC(=O)[C@H](C)C[C@H](O)[C@H](CC(C)C)NC(=O)[C@H](CCNC)NC(=O)CCC(C)C,0,S(CC[C@H](NC(=O)CCC(C)C)C(=O)N[C@H]([C@@H](O)C[C@H](C(=O)NCCCC)C)CC(C)C)C,0,0,0,Exmol_based,Generated using exmol-based algorithm
CCCCNC(=O)[C@H](C)C[C@H](O)[C@H](CC(C)C)NC(=O)[C@H](CCSC)NC(=O)CCC(C)C=O,0,S(CC[C@H](NC(=O)CCC(C)C)C(=O)N[C@H]([C@@H](O)C[C@H](C(=O)NCCCC)C)CC(C)C)C,0,0,0,Exmol_based,Generated using exmol-based algorithm
CCCOc1ccc(-c2csc(-c3ccccc3Cl)c2C)cc1.NC(=[NH2+])NC=O,0,Clc1ccccc1-c1scc(-c2ccc(OCCC)cc2)c1CC(=O)NC(=[NH2+])N,0,0,0,Exmol_based,Generated using exmol-based algorithm
CCCOc1ccc(-c2csc(-c3ccccc3)c2CC(=O)NC(N)=[NH2+])cc1.Cl,0,Clc1ccccc1-c1scc(-c2ccc(OCCC)cc2)c1CC(=O)NC(=[NH2+])N,0,0,0,Exmol_based,Generated using exmol-based algorithm
CCCOc1ccc2cc1-c1ccc(Cl)c(c1)-c1scc-2c1CC(=O)NC(N)=[NH2+],0,Clc1ccccc1-c1scc(-c2ccc(OCCC)cc2)c1CC(=O)NC(=[NH2+])N,0,0,0,Exmol_based,Generated using exmol-based algorithm
CCCCCC(=O)N[C@@H](C)C(=O)N[C@@H](CC(C)C)[C@@H](O)C[C@@H](C)C(=O)NCCCC,0,O=C1N[C@@H](C[C@@H](CCCCCCCC(=O)N[C@H]1C)C)[C@@H](O)C[C@H](C(=O)NCCCC)C,0,0,0,Exmol_based,Generated using exmol-based algorithm
CCCCNC(=O)[C@H](C)C[C@H](O)[C@@H]1C[C@H](C)CCCCCCCCN[C@@H](C)C(=O)N1,0,O=C1N[C@@H](C[C@@H](CCCCCCCC(=O)N[C@H]1C)C)[C@@H](O)C[C@H](C(=O)NCCCC)C,0,0,0,Exmol_based,Generated using exmol-based algorithm
CCCCNC(=O)[C@H](C)C[C@H](O)[C@@H]1C[C@H](C)CCSCCCCC(=O)N[C@@H](C)C(=O)N1,0,O=C1N[C@@H](C[C@@H](CCCCCCCC(=O)N[C@H]1C)C)[C@@H](O)C[C@H](C(=O)NCCCC)C,0,0,0,Exmol_based,Generated using exmol-based algorithm
NC(=[NH2+])NC(=O)Cn1c(-c2ccc(S)cc2)ccc1-c1ccc(NC(=O)c2cccc(Br)c2)cc1,0,Brc1cc(ccc1)C(=O)Nc1ccc(cc1)-c1n(CC(=O)NC(=[NH2+])N)c(cc1)-c1ccccc1,0,0,0,Exmol_based,Generated using exmol-based algorithm
[NH2+]=C(P)NC(=O)Cn1c(-c2ccccc2)ccc1-c1ccc(NC(=O)c2cccc(Br)c2)cc1,0,Brc1cc(ccc1)C(=O)Nc1ccc(cc1)-c1n(CC(=O)NC(=[NH2+])N)c(cc1)-c1ccccc1,0,0,0,Exmol_based,Generated using exmol-based algorithm
NC(=[NH2+])NC(=O)Cn1c(-c2ccc(NC(=O)c3cccc(Br)c3)cc2)ccc1-c1cccnc1,0,Brc1cc(ccc1)C(=O)Nc1ccc(cc1)-c1n(CC(=O)NC(=[NH2+])N)c(cc1)-c1ccccc1,0,0,0,Exmol_based,Generated using exmol-based algorithm
CCCOc1cc(C(=O)N[C@@H](Cc2ccccc2)[C@H](O)C[NH2+][C@@H](C)C(=O)NC2CCCCC2)cc(N(C)C(C)=O)c1,0,O(CCC)c1cc(cc(N2CCCC2=O)c1)C(=O)N[C@H]([C@H](O)C[NH2+][C@H](C(=O)NC1CCCCC1)C)Cc1ccccc1,0,0,0,Exmol_based,Generated using exmol-based algorithm
CCOc1cc(C(=O)N[C@@H](Cc2ccccc2)[C@H](O)C[NH2+][C@@H](C)C(=O)NC2CCCCC2)cc(N2CCCC2=O)c1,0,O(CCC)c1cc(cc(N2CCCC2=O)c1)C(=O)N[C@H]([C@H](O)C[NH2+][C@H](C(=O)NC1CCCCC1)C)Cc1ccccc1,0,0,0,Exmol_based,Generated using exmol-based algorithm
C[CH][NH2+]C[C@@H](O)[C@H](Cc1ccccc1)NC(=O)c1cc(OCCC)cc(N2CCCC2=O)c1.O=CNC1CCCCC1,0,O(CCC)c1cc(cc(N2CCCC2=O)c1)C(=O)N[C@H]([C@H](O)C[NH2+][C@H](C(=O)NC1CCCCC1)C)Cc1ccccc1,0,0,0,Exmol_based,Generated using exmol-based algorithm
C.N=C1NC(=O)[C@@](CCC2CCCCC2)(CC2CCCCC2)N1,0,O=C1N(C)C(N[C@@]1(CC1CCCCC1)CCC1CCCCC1)=N,0,0,0,Exmol_based,Generated using exmol-based algorithm
CCC(CC)C[C@@]1(CCC2CCCCC2)NC(=N)N(C)C1=O,0,O=C1N(C)C(N[C@@]1(CC1CCCCC1)CCC1CCCCC1)=N,0,0,0,Exmol_based,Generated using exmol-based algorithm
CN1C(=N)N[C@](CCC2CCC3CC23)(CC2CCCCC2)C1=O,0,O=C1N(C)C(N[C@@]1(CC1CCCCC1)CCC1CCCCC1)=N,0,0,0,Exmol_based,Generated using exmol-based algorithm
CCCc1cscc1C[C@@H](C[O-])NC1=[NH+]C(C)(C)Cc2cc(Cl)ccc21,0,Clc1cc2CC([NH+]=C(N[C@@H](Cc3cscc3CCC)C(=O)[O-])c2cc1)(C)C,0,0,0,Exmol_based,Generated using exmol-based algorithm
CC1(C)Cc2cc(Cl)ccc2C=[NH+]1.CCCc1cscc1C[CH]C(=O)[O-],0,Clc1cc2CC([NH+]=C(N[C@@H](Cc3cscc3CCC)C(=O)[O-])c2cc1)(C)C,0,0,0,Exmol_based,Generated using exmol-based algorithm
CCCc1cscc1C[C@H](NC(=[NH+]C(C)C)c1ccc(Cl)cc1)C(=O)[O-],0,Clc1cc2CC([NH+]=C(N[C@@H](Cc3cscc3CCC)C(=O)[O-])c2cc1)(C)C,0,0,0,Exmol_based,Generated using exmol-based algorithm
Cc1nc2c(s1)[C@@](c1ccc(O)cc1)(c1cccc(-c3cncnc3)c1)[NH+]=C2N,0,s1c2c(nc1C)C(=[NH+][C@@]2(c1cc(ccc1)-c1cncnc1)c1ccc(OC)cc1)N,0,0,0,Exmol_based,Generated using exmol-based algorithm
COc1ccc([C@]2(c3cc(-c4cncnc4)ccc3F)[NH+]=C(N)c3nc(C)sc32)cc1,0,s1c2c(nc1C)C(=[NH+][C@@]2(c1cc(ccc1)-c1cncnc1)c1ccc(OC)cc1)N,0,0,0,Exmol_based,Generated using exmol-based algorithm
C.Cc1nc2c(s1)[C@@](c1ccccc1)(c1cccc(-c3cncnc3)c1)[NH+]=C2N,0,s1c2c(nc1C)C(=[NH+][C@@]2(c1cc(ccc1)-c1cncnc1)c1ccc(OC)cc1)N,0,0,0,Exmol_based,Generated using exmol-based algorithm
CC(=O)c1ccc(Oc2ccc(-c3ccc(-c4ccccc4Cl)n3CC(=O)NC(N)=[NH2+])cc2)cc1,0,Clc1ccccc1-c1n(CC(=O)NC(=[NH2+])N)c(cc1)-c1ccc(Oc2ccc(cc2)C(=O)C)cc1,0,0,0,Exmol_based,Generated using exmol-based algorithm
CC(=O)c1ccc(Oc2ccc(-c3ccc(-c4ccccc4Cl)n3CCNC(N)=[NH2+])cc2)cc1.O,0,Clc1ccccc1-c1n(CC(=O)NC(=[NH2+])N)c(cc1)-c1ccc(Oc2ccc(cc2)C(=O)C)cc1,0,0,0,Exmol_based,Generated using exmol-based algorithm
CC(=O)c1ccc(Oc2ccc(-c3ccc(-c4ccccc4Cl)n3C)cc2)cc1.NC(N)=[NH2+].O,0,Clc1ccccc1-c1n(CC(=O)NC(=[NH2+])N)c(cc1)-c1ccc(Oc2ccc(cc2)C(=O)C)cc1,0,0,0,Exmol_based,Generated using exmol-based algorithm
CC12Cc3cc(Cl)ccc3C(=[NH+]1)N[C@H](c1noc(=O)[n-]1)C(c1ccccc1)C2,0,Clc1cc2CC([NH+]=C(N[C@@H](Cc3ccccc3)C3=NOC(=O)[N-]3)c2cc1)(C)C,0,0,0,Exmol_based,Generated using exmol-based algorithm
CC1Cc2cc(Cl)ccc2C(N[C@@H](Cc2ccccc2)c2noc(=O)[n-]2)=[NH+]1,0,Clc1cc2CC([NH+]=C(N[C@@H](Cc3ccccc3)C3=NOC(=O)[N-]3)c2cc1)(C)C,0,0,0,Exmol_based,Generated using exmol-based algorithm
CC1(C)Cc2cc(Cl)ccc2C(N)=[NH+]1.Cc1ccccc1.O=c1[n-]cno1,0,Clc1cc2CC([NH+]=C(N[C@@H](Cc3ccccc3)C3=NOC(=O)[N-]3)c2cc1)(C)C,0,0,0,Exmol_based,Generated using exmol-based algorithm
CC(C)(N=C(N)O)c1cc(NC(=O)c2ccc(C#N)cn2)ccc1F.FC(F)F,0,Fc1ccc(NC(=O)c2ncc(cc2)C#N)cc1[C@]1(N=C(O[C@H](C1)C(F)(F)F)N)C,0,0,0,Exmol_based,Generated using exmol-based algorithm
C[C@@]1(c2cc(NC(=O)c3ccc(C#N)cn3)ccc2F)C[C@H](C(F)(F)F)OC(N)=N1,0,Fc1ccc(NC(=O)c2ncc(cc2)C#N)cc1[C@]1(N=C(O[C@H](C1)C(F)(F)F)N)C,0,0,0,Exmol_based,Generated using exmol-based algorithm
C[C@@]1(c2cc(N)ccc2F)C[C@H](C(F)(F)F)OC(N)=N1.N#Cc1ccc(C=O)nc1,0,Fc1ccc(NC(=O)c2ncc(cc2)C#N)cc1[C@]1(N=C(O[C@H](C1)C(F)(F)F)N)C,0,0,0,Exmol_based,Generated using exmol-based algorithm
C[C@@H]1CS(=O)(=O)C[C@H]([NH2+]Cc2cccc(C3CC3)c2)[C@H]1O.Oc1ccccc1Br,0,Brc1cc(ccc1O)C[C@@H]1CS(=O)(=O)C[C@H]([NH2+]Cc2cc(ccc2)C2CC2)[C@H]1O,0,0,0,Exmol_based,Generated using exmol-based algorithm
O=S1(=P)C[C@@H](Cc2ccc(O)c(Br)c2)[C@H](O)[C@@H]([NH2+]Cc2cccc(C3CC3)c2)C1,0,Brc1cc(ccc1O)C[C@@H]1CS(=O)(=O)C[C@H]([NH2+]Cc2cc(ccc2)C2CC2)[C@H]1O,0,0,0,Exmol_based,Generated using exmol-based algorithm
N=S1(=O)C[C@@H](Cc2ccc(O)c(Br)c2)[C@H](O)[C@@H]([NH2+]Cc2cccc(C3CC3)c2)C1,0,Brc1cc(ccc1O)C[C@@H]1CS(=O)(=O)C[C@H]([NH2+]Cc2cc(ccc2)C2CC2)[C@H]1O,0,0,0,Exmol_based,Generated using exmol-based algorithm
CC(=O)Nc1c(Cl)cc(C/N=C/NC(=O)Cn2ccc3ccccc32)cc1Cl,0,Clc1cc(cc(Cl)c1NC(=O)C)C\N=C(\NC(=O)Cn1c2c(cccc2)cc1)/N,0,0,0,Exmol_based,Generated using exmol-based algorithm
CC=O.N/C(=N\Cc1cc(Cl)c(N)c(Cl)c1)NC(=O)Cn1ccc2ccccc21,0,Clc1cc(cc(Cl)c1NC(=O)C)C\N=C(\NC(=O)Cn1c2c(cccc2)cc1)/N,0,0,0,Exmol_based,Generated using exmol-based algorithm
CC(=O)Nc1c(Cl)cc(C/N=C(\N)NC=O)cc1Cl.Cn1ccc2ccccc21,0,Clc1cc(cc(Cl)c1NC(=O)C)C\N=C(\NC(=O)Cn1c2c(cccc2)cc1)/N,0,0,0,Exmol_based,Generated using exmol-based algorithm
CCCN(CCC)C(=O)c1cc(C)cc(C(=O)N[C@@H](Cc2cc(F)cc(F)c2)[C@H](O)[C@H]2CP(C(=O)c3ccccc3)CC[NH2+]2)c1,0,Fc1cc(cc(F)c1)C[C@H](NC(=O)c1cc(cc(c1)C)C(=O)N(CCC)CCC)[C@H](O)[C@@H]1[NH2+]CCN(C1)C(=O)c1ccccc1,0,0,0,Exmol_based,Generated using exmol-based algorithm
CCCN(CCC)C(=O)c1cc(C)cc(C(=O)N[C@@H](Cc2cc(F)cc(F)c2)[C@H](OBr)[C@H]2CN(C(=O)c3ccccc3)CC[NH2+]2)c1,0,Fc1cc(cc(F)c1)C[C@H](NC(=O)c1cc(cc(c1)C)C(=O)N(CCC)CCC)[C@H](O)[C@@H]1[NH2+]CCN(C1)C(=O)c1ccccc1,0,0,0,Exmol_based,Generated using exmol-based algorithm
CCCN(CCC)C(=O)c1cc(C)cc(C(=O)N[C@@H](Pc2cc(F)cc(F)c2)[C@H](O)[C@H]2CN(C(=O)c3ccccc3)CC[NH2+]2)c1,0,Fc1cc(cc(F)c1)C[C@H](NC(=O)c1cc(cc(c1)C)C(=O)N(CCC)CCC)[C@H](O)[C@@H]1[NH2+]CCN(C1)C(=O)c1ccccc1,0,0,0,Exmol_based,Generated using exmol-based algorithm
CC(F)(F)c1cccc(C[NH2+][C@H]2CS(=O)(=O)P[C@@H](Cc3cc(F)c(N)c(Br)c3)[C@@H]2O)c1,0,Brc1cc(cc(F)c1N)C[C@@H]1CS(=O)(=O)C[C@H]([NH2+]Cc2cc(ccc2)C(F)(F)C)[C@H]1O,0,0,0,Exmol_based,Generated using exmol-based algorithm
Nc1c(F)cc(C[C@@H]2CS(=O)(=O)C[C@H]([NH2+]Cc3cccc(C(F)F)c3)[C@H]2O)cc1Br,0,Brc1cc(cc(F)c1N)C[C@@H]1CS(=O)(=O)C[C@H]([NH2+]Cc2cc(ccc2)C(F)(F)C)[C@H]1O,0,0,0,Exmol_based,Generated using exmol-based algorithm
CC(F)(F)c1cccc(C[NH2+][C@H]2CS(=O)(=O)C[C@@H](Cc3cc(F)c(N)c(Br)c3Br)[C@@H]2O)c1,0,Brc1cc(cc(F)c1N)C[C@@H]1CS(=O)(=O)C[C@H]([NH2+]Cc2cc(ccc2)C(F)(F)C)[C@H]1O,0,0,0,Exmol_based,Generated using exmol-based algorithm
C[C@@H](NC(=O)c1cc(OPC(=O)NCCCCC[NH3+])cc(OS(=O)(=O)Cc2ccccc2)c1)c1ccc(F)cc1,0,S(Oc1cc(cc(OCC(=O)NCCCCC[NH3+])c1)C(=O)N[C@H](C)c1ccc(F)cc1)(=O)(=O)Cc1ccccc1,0,0,0,Exmol_based,Generated using exmol-based algorithm
C[C@@H](NC(=O)c1cc(OCC(=O)NCCSCC[NH3+])cc(OS(=O)(=O)Cc2ccccc2)c1)c1ccc(F)cc1,0,S(Oc1cc(cc(OCC(=O)NCCCCC[NH3+])c1)C(=O)N[C@H](C)c1ccc(F)cc1)(=O)(=O)Cc1ccccc1,0,0,0,Exmol_based,Generated using exmol-based algorithm
C[C@@H](NC(=O)c1cc(OCC(=O)NCCCCC[NH3+])cc(OS(=O)(=O)Pc2ccccc2)c1)c1ccc(F)cc1,0,S(Oc1cc(cc(OCC(=O)NCCCCC[NH3+])c1)C(=O)N[C@H](C)c1ccc(F)cc1)(=O)(=O)Cc1ccccc1,0,0,0,Exmol_based,Generated using exmol-based algorithm
CN1C(=O)[C@@](c2ccccc2)(C23CC4CC(C2)C(F)C(C4)C3)N=C1N,0,O=C1N(C)C(=N[C@@]1(C12CC3CC(C1)CC(C2)C3)c1ccccc1)N,0,0,0,Exmol_based,Generated using exmol-based algorithm
CN1C(=O)[C@@](c2ccccc2)(C23CC4CC(C2)C(=O)C(C4)C3)N=C1N,0,O=C1N(C)C(=N[C@@]1(C12CC3CC(C1)CC(C2)C3)c1ccccc1)N,0,0,0,Exmol_based,Generated using exmol-based algorithm
C.NC=N[C@](C=O)(c1ccccc1)C12CC3CC(CC(C3)C1)C2,0,O=C1N(C)C(=N[C@@]1(C12CC3CC(C1)CC(C2)C3)c1ccccc1)N,0,0,0,Exmol_based,Generated using exmol-based algorithm
C[C@@H]1CCc2cccc(c2)C[C@@](C)([NH3+])C(=O)OCc2cc(nc(N(C)[SH](=O)=O)c2)CC1,0,S(=O)(=O)(N(C)c1nc2CC[C@@H](CCc3cc(C[C@]([NH3+])(C)C(OCc(c1)c2)=O)ccc3)C)C,0,0,0,Exmol_based,Generated using exmol-based algorithm
C[C@@H]1CCc2cccc(c2)C[C@@](C)([NH3+])C(=O)OCc2cc(nc(N(C)S(C)(=O)=S)c2)CC1,0,S(=O)(=O)(N(C)c1nc2CC[C@@H](CCc3cc(C[C@]([NH3+])(C)C(OCc(c1)c2)=O)ccc3)C)C,0,0,0,Exmol_based,Generated using exmol-based algorithm
C[C@H]1CCc2cc(cc(N(C)S(C)(=O)=O)n2)COC(=O)[C@](C)([NH3+])Cc2cccc(c2)C(Br)C1,0,S(=O)(=O)(N(C)c1nc2CC[C@@H](CCc3cc(C[C@]([NH3+])(C)C(OCc(c1)c2)=O)ccc3)C)C,0,0,0,Exmol_based,Generated using exmol-based algorithm
CCCCCS(=O)(=O)c1cccc(C(=O)N[C@@H](Cc2ccccc2)[C@@H](C)O)c1.C[C@H]([NH2+])C(=O)NC1CCCCC1,0,S(=O)(=O)(CCCCC)c1cc(ccc1)C(=O)N[C@H]([C@H](O)C[NH2+][C@H](C(=O)NC1CCCCC1)C)Cc1ccccc1,0,0,0,Exmol_based,Generated using exmol-based algorithm
CCCCCS(=O)(=O)c1cccc(C(=O)N[C@@H](Cc2ccccc2)[C@H](O)C[NH2+][C@@H](C)C(=O)NC2CCCCC2)c1,0,S(=O)(=O)(CCCCC)c1cc(ccc1)C(=O)N[C@H]([C@H](O)C[NH2+][C@H](C(=O)NC1CCCCC1)C)Cc1ccccc1,0,0,0,Exmol_based,Generated using exmol-based algorithm
CCCCCS(=O)(=O)c1cccc(C(=O)N[C@@H](Cc2ccccc2)[C@H](O)C[NH2+][C@@H](Cl)C(=O)NC2CCCCC2)c1,0,S(=O)(=O)(CCCCC)c1cc(ccc1)C(=O)N[C@H]([C@H](O)C[NH2+][C@H](C(=O)NC1CCCCC1)C)Cc1ccccc1,0,0,0,Exmol_based,Generated using exmol-based algorithm
CC(C)Oc1cccc(C[N@H+]2CC[C@@]3(C[C@@H]2C)CN(C)S(=O)(=O)N3c2cccc(P)c2)c1,0,S1(=O)(=O)N([C@]2(C[C@@H]([N@H+](CC2)Cc2cc(OC(C)C)ccc2)C)CN1C)c1cc(F)ccc1,0,0,0,Exmol_based,Generated using exmol-based algorithm
C.CCOc1cccc(C[N@H+]2CC[C@@]3(C[C@@H]2C)CN(C)S(=O)(=O)N3c2cccc(F)c2)c1,0,S1(=O)(=O)N([C@]2(C[C@@H]([N@H+](CC2)Cc2cc(OC(C)C)ccc2)C)CN1C)c1cc(F)ccc1,0,0,0,Exmol_based,Generated using exmol-based algorithm
CC[N@H+](Cc1cccc(OC(C)C)c1)[C@@H](C)C[C]1CN(C)S(=O)(=O)N1c1cccc(F)c1,0,S1(=O)(=O)N([C@]2(C[C@@H]([N@H+](CC2)Cc2cc(OC(C)C)ccc2)C)CN1C)c1cc(F)ccc1,0,0,0,Exmol_based,Generated using exmol-based algorithm
CC(=O)Nc1ccc(C[NH+](C)CCC2(C)C(NC3CCCCC3)=NC(=O)N2c2cccc(F)c2)cc1,0,Fc1cc(N2C3(CC[NH+](CC3)Cc3ccc(NC(=O)C)cc3)C(=NC2=O)NC2CCCCC2)ccc1,0,0,0,Exmol_based,Generated using exmol-based algorithm
CCCCC(C)NC1=NC(=O)N(c2cccc(F)c2)C12CC[NH+](Cc1ccc(NC(C)=O)cc1)CC2,0,Fc1cc(N2C3(CC[NH+](CC3)Cc3ccc(NC(=O)C)cc3)C(=NC2=O)NC2CCCCC2)ccc1,0,0,0,Exmol_based,Generated using exmol-based algorithm
CC(=O)Nc1ccc(C[NH+]2CCC3(CC2)C(N(Cl)C2CCCCC2)=NC(=O)N3c2cccc(F)c2)cc1,0,Fc1cc(N2C3(CC[NH+](CC3)Cc3ccc(NC(=O)C)cc3)C(=NC2=O)NC2CCCCC2)ccc1,0,0,0,Exmol_based,Generated using exmol-based algorithm
COc1ccc([C@@](C)(N=CN)c2cccc(-c3cccnc3F)c2)cc1,0,Fc1ncccc1-c1cc(ccc1)[C@]1(N=C(OC1)N)c1ccc(OC)cc1,0,0,0,Exmol_based,Generated using exmol-based algorithm
COc1ccc([C@@](CO)(N=CN)c2cccc(-c3cccnc3F)c2)cc1,0,Fc1ncccc1-c1cc(ccc1)[C@]1(N=C(OC1)N)c1ccc(OC)cc1,0,0,0,Exmol_based,Generated using exmol-based algorithm
COc1ccc([C@](N)(CO)c2cccc(-c3cccnc3F)c2)cc1.N,0,Fc1ncccc1-c1cc(ccc1)[C@]1(N=C(OC1)N)c1ccc(OC)cc1,0,0,0,Exmol_based,Generated using exmol-based algorithm
COc1ccc([C@]2(c3cccc(-c4cccnc4)c3)[NH+]=C(N)[C@H](OC)P2)cc1,0,O(C)c1ccc(cc1)[C@@]1([NH+]=C(N)[C@H](OC)C1)c1cc(ccc1)-c1cccnc1,0,0,0,Exmol_based,Generated using exmol-based algorithm
COc1ccc([C@]([NH+])(C[C@H](CN)OC)c2cccc(-c3cccnc3)c2)cc1,0,O(C)c1ccc(cc1)[C@@]1([NH+]=C(N)[C@H](OC)C1)c1cc(ccc1)-c1cccnc1,0,0,0,Exmol_based,Generated using exmol-based algorithm
CO[CH]C(N)=[NH+][C](c1ccc(OC)cc1)c1cccc(-c2cccnc2)c1,0,O(C)c1ccc(cc1)[C@@]1([NH+]=C(N)[C@H](OC)C1)c1cc(ccc1)-c1cccnc1,0,0,0,Exmol_based,Generated using exmol-based algorithm
COc1ccc([C@H](Cc2cc([N+]=O)ccc2OC)c2c[nH]c(N)n2)cc1F,0,Fc1cc(ccc1OC)[C@H](Cc1cc([N+](=O)[O-])ccc1OC)c1nc([nH]c1)N,0,0,0,Exmol_based,Generated using exmol-based algorithm
COc1ccc([C@H](Cc2cc([N+](=O)[O-])ccc2OC)c2c[nH]c(N)n2)cc1F,0,Fc1cc(ccc1OC)[C@H](Cc1cc([N+](=O)[O-])ccc1OC)c1nc([nH]c1)N,0,0,0,Exmol_based,Generated using exmol-based algorithm
COc1ccc([C@H](Cc2cc([N+](=O)[O-])ccc2OC)c2c[nH]c(N)n2)cc1F,0,Fc1cc(ccc1OC)[C@H](Cc1cc([N+](=O)[O-])ccc1OC)c1nc([nH]c1)N,0,0,0,Exmol_based,Generated using exmol-based algorithm
CCC.CNC(=O)[C@H](C)C[C@H](O)[C@H](Cc1ccccc1)NC(=O)[C@@H]1CCC[C@H](C(C)(C)NC(C)=O)C1,0,O=C(N[C@H]([C@@H](O)C[C@H](C(=O)NCCCC)C)Cc1ccccc1)[C@H]1C[C@H](CCC1)C(NC(=O)C)(C)C,0,0,0,Exmol_based,Generated using exmol-based algorithm
CCCCNC(=O)[C@H](C)C[C@H](O)[C@H](Cc1ccccc1)NC(=O)[C@@H]1CCC[C@H](C(C)(F)NC(C)=O)C1,0,O=C(N[C@H]([C@@H](O)C[C@H](C(=O)NCCCC)C)Cc1ccccc1)[C@H]1C[C@H](CCC1)C(NC(=O)C)(C)C,0,0,0,Exmol_based,Generated using exmol-based algorithm
CCCCNC(=O)[C@H](C)C[C@H](O)[C@H](Cc1ccccc1)NC(=O)[C@@H]1CCC[C@H](C(C)(C)NC(=O)C=N)C1,0,O=C(N[C@H]([C@@H](O)C[C@H](C(=O)NCCCC)C)Cc1ccccc1)[C@H]1C[C@H](CCC1)C(NC(=O)C)(C)C,0,0,0,Exmol_based,Generated using exmol-based algorithm
NC(=[NH2+])NC(=O)Cn1c(-c2ccccc2)cnc1-c1ccccc1,0,O=C(NC(=[NH2+])N)Cn1c(ccc1-c1ccccc1)-c1ccccc1,0,0,0,Exmol_based,Generated using exmol-based algorithm
Cn1c(-c2ccccc2)ccc1-c1ccccc1.NC(=[NH2+])NC=O,0,O=C(NC(=[NH2+])N)Cn1c(ccc1-c1ccccc1)-c1ccccc1,0,0,0,Exmol_based,Generated using exmol-based algorithm
NC(=[NH2+])NC(=O)Cn1c(-c2ccccc2)ccc1-c1ccccc1,0,O=C(NC(=[NH2+])N)Cn1c(ccc1-c1ccccc1)-c1ccccc1,0,0,0,Exmol_based,Generated using exmol-based algorithm
O=C(O[C@H]1CC[PH](=O)(=O)c2ccc(Br)cc21)[C@H]1C[C@]2(C[NH2+]1)C(=O)Nc1ccccc12,0,Brc1cc2c(S(=O)(=O)CC[C@@H]2OC(=O)[C@@H]2[NH2+]C[C@]3(C2)c2c(NC3=O)cccc2)cc1,0,0,0,Exmol_based,Generated using exmol-based algorithm
O=C(O[C@H]1CCS(=O)(=O)c2pcc(Br)cc21)[C@H]1C[C@]2(C[NH2+]1)C(=O)Nc1ccccc12,0,Brc1cc2c(S(=O)(=O)CC[C@@H]2OC(=O)[C@@H]2[NH2+]C[C@]3(C2)c2c(NC3=O)cccc2)cc1,0,0,0,Exmol_based,Generated using exmol-based algorithm
O=C1Nc2ccccc2[C@@]12C[NH2+][C@@H](CO[C@H]1CCS(=O)(=O)c3ccc(Br)cc31)C2,0,Brc1cc2c(S(=O)(=O)CC[C@@H]2OC(=O)[C@@H]2[NH2+]C[C@]3(C2)c2c(NC3=O)cccc2)cc1,0,0,0,Exmol_based,Generated using exmol-based algorithm
Nc1ncccc1NCc1cc(-c2ccc3c(Br)c[nH]c3c2)ccc1OCc1ccccn1,0,O(Cc1ncccc1)c1ccc(cc1CNc1cccnc1N)-c1cc2[nH]ccc2cc1,0,0,0,Exmol_based,Generated using exmol-based algorithm
Nc1ncccc1NCC1=CC(c2ccc3cc[nH]c3c2)=CC=S1OCc1ccccn1,0,O(Cc1ncccc1)c1ccc(cc1CNc1cccnc1N)-c1cc2[nH]ccc2cc1,0,0,0,Exmol_based,Generated using exmol-based algorithm
Cc1ccccn1.Nc1ncccc1NCc1cccc(-c2ccc3cc[nH]c3c2)c1,0,O(Cc1ncccc1)c1ccc(cc1CNc1cccnc1N)-c1cc2[nH]ccc2cc1,0,0,0,Exmol_based,Generated using exmol-based algorithm
CCCN(CCC)C(=O)c1cc(C)cc(C(=O)N[C@@H](Cc2cc(F)cc(F)c2)[C@@H](O)C[NH2+]Cc2ccccc2)c1.CO,0,Fc1cc(cc(F)c1)C[C@H](NC(=O)c1cc(cc(c1)C)C(=O)N(CCC)CCC)[C@@H](O)C[NH2+]Cc1cc(OC)ccc1,0,0,0,Exmol_based,Generated using exmol-based algorithm
CC.CCCN(C)C(=O)c1cc(C)cc(C(=O)N[C@@H](Cc2cc(F)cc(F)c2)[C@@H](O)C[NH2+]Cc2cccc(OC)c2)c1,0,Fc1cc(cc(F)c1)C[C@H](NC(=O)c1cc(cc(c1)C)C(=O)N(CCC)CCC)[C@@H](O)C[NH2+]Cc1cc(OC)ccc1,0,0,0,Exmol_based,Generated using exmol-based algorithm
CCCN(CCC)C(=O)c1cc(C)cc(C(=O)N[C@@H](Cc2cc(F)cc(F)c2)[C@@H](O)C[NH2+]Cc2cccc(OC)c2)c1,0,Fc1cc(cc(F)c1)C[C@H](NC(=O)c1cc(cc(c1)C)C(=O)N(CCC)CCC)[C@@H](O)C[NH2+]Cc1cc(OC)ccc1,0,0,0,Exmol_based,Generated using exmol-based algorithm
COc1cccc(-c2cccc([C@@H]3C[C@@H]3c3cc(=O)n(Cl)c(N)n3)c2)c1,0,O(C)c1cc(ccc1)-c1cc(ccc1)[C@@H]1C[C@@H]1C=1N=C(N)N(C)C(=O)C=1,0,0,0,Exmol_based,Generated using exmol-based algorithm
Cn1c(N)nc([C@H]2C[C@H]2c2cccc(-c3cccc(OC#[SH])c3)c2)cc1=O,0,O(C)c1cc(ccc1)-c1cc(ccc1)[C@@H]1C[C@@H]1C=1N=C(N)N(C)C(=O)C=1,0,0,0,Exmol_based,Generated using exmol-based algorithm
COc1cccc(-c2cccc([C@@H]3C[C@@H]3c3cc(=O)n(C)c(C)n3)c2)c1,0,O(C)c1cc(ccc1)-c1cc(ccc1)[C@@H]1C[C@@H]1C=1N=C(N)N(C)C(=O)C=1,0,0,0,Exmol_based,Generated using exmol-based algorithm
N#Cc1ccc(COC(=O)[C@H]2C[C@]3(C[NH2+]2)C(=O)Nc2cccc(Cl)c23)cc1Br,0,Brc1cc(ccc1C#N)COC(=O)[C@@H]1[NH2+]C[C@]2(C1)c1c(NC2=O)cccc1,0,0,0,Exmol_based,Generated using exmol-based algorithm
N#Cc1ccc(COC(=O)[C@H]2C[C@]3(C[SH2+]2)C(=O)Nc2ccccc23)cc1Br,0,Brc1cc(ccc1C#N)COC(=O)[C@@H]1[NH2+]C[C@]2(C1)c1c(NC2=O)cccc1,0,0,0,Exmol_based,Generated using exmol-based algorithm
N#Cc1ccc(COC(=O)[C@H]2C[C@@]3(CNc4ccccc43)C[NH2+]2)cc1Br,0,Brc1cc(ccc1C#N)COC(=O)[C@@H]1[NH2+]C[C@]2(C1)c1c(NC2=O)cccc1,0,0,0,Exmol_based,Generated using exmol-based algorithm
C[C@]1(c2cccc(-c3cccc(Cl)c3O)c2)[NH+]=C(N)CCO1,0,Clc1cc(ccc1)-c1cc(ccc1)[C@@]1(OCCC(=[NH+]1)N)C,0,0,0,Exmol_based,Generated using exmol-based algorithm
NC1=[NH+][C@](O)(c2cccc(-c3cccc(Cl)c3)c2)OCC1,0,Clc1cc(ccc1)-c1cc(ccc1)[C@@]1(OCCC(=[NH+]1)N)C,0,0,0,Exmol_based,Generated using exmol-based algorithm
C[C@]1(c2cccc(-c3cccc(Cl)c3)c2)[NH+]=C(N)CCO1,0,Clc1cc(ccc1)-c1cc(ccc1)[C@@]1(OCCC(=[NH+]1)N)C,0,0,0,Exmol_based,Generated using exmol-based algorithm
CC(C)C[C@@](C)(N)C(=O)N(C=N)Cc1ccc(CNC(=O)Nc2ccc(C#N)cc2)cc1,0,O=C1N(Cc2ccc(cc2)CNC(=O)Nc2ccc(cc2)C#N)C(N[C@@]1(CC(C)C)C)=N,0,0,0,Exmol_based,Generated using exmol-based algorithm
CC(C)C[C@@](C)(N)C(=O)N(C=N)Cc1ccc(CNC(=O)Nc2ccc(C#N)cc2)cc1,0,O=C1N(Cc2ccc(cc2)CNC(=O)Nc2ccc(cc2)C#N)C(N[C@@]1(CC(C)C)C)=N,0,0,0,Exmol_based,Generated using exmol-based algorithm
CC(C)C[C@@]1(C)N[PH](=N)N(Cc2ccc(CNC(=O)Nc3ccc(C#N)cc3)cc2)C1=O,0,O=C1N(Cc2ccc(cc2)CNC(=O)Nc2ccc(cc2)C#N)C(N[C@@]1(CC(C)C)C)=N,0,0,0,Exmol_based,Generated using exmol-based algorithm
CCC(CC)CNC(=O)C[C@H](CC)n1c(N)nc2cc(Cl)ccc21,0,Clc1cc2nc(n(c2cc1)[C@H](CC(=O)NCC1CCCCC1)CC)N,0,0,0,Exmol_based,Generated using exmol-based algorithm
CCCC(C)CNC(=O)C[C@H](CC)n1c(N)nc2cc(Cl)ccc21,0,Clc1cc2nc(n(c2cc1)[C@H](CC(=O)NCC1CCCCC1)CC)N,0,0,0,Exmol_based,Generated using exmol-based algorithm
CC[C@@H](CC(=O)NCC1CCCCC1)n1c(Cl)nc2cc(Cl)ccc21,0,Clc1cc2nc(n(c2cc1)[C@H](CC(=O)NCC1CCCCC1)CC)N,0,0,0,Exmol_based,Generated using exmol-based algorithm
COc1ccc([C@@]2(c3cccc(-c4cncnc4Cl)c3)CCC(N)=[NH+]2)cc1,0,O(C)c1ccc(cc1)[C@@]1([NH+]=C(N)CC1)c1cc(ccc1)-c1cncnc1,0,0,0,Exmol_based,Generated using exmol-based algorithm
COc1cc2c([C@@]3(c4cccc(-c5cncnc5)c4)CCC(N)=[NH+]3)cc1-2,0,O(C)c1ccc(cc1)[C@@]1([NH+]=C(N)CC1)c1cc(ccc1)-c1cncnc1,0,0,0,Exmol_based,Generated using exmol-based algorithm
COc1ccc([C@@](C)([NH+]=C(C)N)c2cccc(-c3cncnc3)c2)cc1,0,O(C)c1ccc(cc1)[C@@]1([NH+]=C(N)CC1)c1cc(ccc1)-c1cncnc1,0,0,0,Exmol_based,Generated using exmol-based algorithm
CC[C@@H](CC=O)n1c(N)nc2cc(Cl)ccc21.NC1C2CC3CC(C2)CC1C3,0,Clc1cc2nc(n(c2cc1)[C@H](CC(=O)NC1C2CC3CC1CC(C2)C3)CC)N,0,0,0,Exmol_based,Generated using exmol-based algorithm
CC[C@@H](CC(=O)NC1C2CC3CC1C1C(C2)C31)n1c(N)nc2cc(Cl)ccc21,0,Clc1cc2nc(n(c2cc1)[C@H](CC(=O)NC1C2CC3CC1CC(C2)C3)CC)N,0,0,0,Exmol_based,Generated using exmol-based algorithm
Nc1nc2cc(Cl)ccc2n1[C@H]1CCC23CC4CC(C2)C(NC(=O)C1)C(C4)C3,0,Clc1cc2nc(n(c2cc1)[C@H](CC(=O)NC1C2CC3CC1CC(C2)C3)CC)N,0,0,0,Exmol_based,Generated using exmol-based algorithm
Nc1ncccc1NCc1ccc2c(c1)-c1ccc3cc-2[nH]c3c1,0,[nH]1c2cc(ccc2cc1)-c1cc(ccc1)CNc1cccnc1N,0,0,0,Exmol_based,Generated using exmol-based algorithm
Nc1ncccc1NCc1cccc(-c2ccc3cc(O)[nH]c3c2)c1,0,[nH]1c2cc(ccc2cc1)-c1cc(ccc1)CNc1cccnc1N,0,0,0,Exmol_based,Generated using exmol-based algorithm
Nc1ncccc1NCc1cccc(-c2ccc3cp[nH]c3c2)c1,0,[nH]1c2cc(ccc2cc1)-c1cc(ccc1)CNc1cccnc1N,0,0,0,Exmol_based,Generated using exmol-based algorithm
Clc1cncc(-c2cccc([C@]34CCCC[C@H]3OC=N4)c2)c1.N,0,Clc1cc(cnc1)-c1cc(ccc1)[C@@]12N=C(O[C@@H]1CCCC2)N,0,0,0,Exmol_based,Generated using exmol-based algorithm
NC1=N[C@@]2(c3cccc(-c4cccnc4)c3)CCCC[C@H]2O1,0,Clc1cc(cnc1)-c1cc(ccc1)[C@@]12N=C(O[C@@H]1CCCC2)N,0,0,0,Exmol_based,Generated using exmol-based algorithm
NC1=N[C@@]2(c3cccc(-c4cncc(Cl)c4)c3)CCC(=S)C[C@H]2O1,0,Clc1cc(cnc1)-c1cc(ccc1)[C@@]12N=C(O[C@@H]1CCCC2)N,0,0,0,Exmol_based,Generated using exmol-based algorithm
N#Cc1ccc(COC(=O)[C@H]([NH2+])C[C]2C(=O)Nc3ccccc32)cc1,0,O=C1Nc2c(cccc2)[C@]12C[C@@H]([NH2+]C2)C(OCc1ccc(cc1)C#N)=O,0,0,0,Exmol_based,Generated using exmol-based algorithm
N#Cc1ccc(COC(=O)[C@H]2C[C@@]3(CNc4ccccc43)C[NH2+]2)cc1.O,0,O=C1Nc2c(cccc2)[C@]12C[C@@H]([NH2+]C2)C(OCc1ccc(cc1)C#N)=O,0,0,0,Exmol_based,Generated using exmol-based algorithm
N#Cc1ccc(COC(=O)[C@H]2C[C@](C=O)(c3ccccc3)C[NH2+]2)cc1,0,O=C1Nc2c(cccc2)[C@]12C[C@@H]([NH2+]C2)C(OCc1ccc(cc1)C#N)=O,0,0,0,Exmol_based,Generated using exmol-based algorithm
Cc1cc(-c2ccc([C@@H]3C[C@@H]3c3cc(=O)n(C)c(N)n3)cc2)ccc1N,0,O=C1N(C)C(=NC(=C1)[C@H]1C[C@H]1c1ccc(cc1)-c1cc(ccc1)C)N,0,0,0,Exmol_based,Generated using exmol-based algorithm
Cc1c2ccc(-c3ccc([C@@H]4C[C@@H]4c4cc(=O)n(C)c(N)n4)cc3)c1-2,0,O=C1N(C)C(=NC(=C1)[C@H]1C[C@H]1c1ccc(cc1)-c1cc(ccc1)C)N,0,0,0,Exmol_based,Generated using exmol-based algorithm
C[CH]c1ccc(-c2cccc(C)c2)cc1.Cn1c(N)nccc1=O,0,O=C1N(C)C(=NC(=C1)[C@H]1C[C@H]1c1ccc(cc1)-c1cc(ccc1)C)N,0,0,0,Exmol_based,Generated using exmol-based algorithm
C[C@@]1([C@@H]2C[C@H]2c2ccccc2)CC(=O)N(P)C(=N)N1,0,O=C1N(C)C(N[C@](C1)(C)[C@@H]1C[C@H]1c1ccccc1)=N,0,0,0,Exmol_based,Generated using exmol-based algorithm
C[C@H]([CH]c1ccccc1)[C@]1(C)CC(=O)N(C)C(=N)N1,0,O=C1N(C)C(N[C@](C1)(C)[C@@H]1C[C@H]1c1ccccc1)=N,0,0,0,Exmol_based,Generated using exmol-based algorithm
CN1C(=N)N[C@](C)([C@@H]2C[C@H]2c2ccccc2)CC1=O,0,O=C1N(C)C(N[C@](C1)(C)[C@@H]1C[C@H]1c1ccccc1)=N,0,0,0,Exmol_based,Generated using exmol-based algorithm
[NH2+][C@H](C[C]1C(=O)Nc2ccccc21)C(=O)O[C@H]1CCSc2ccc(Br)cc21,0,Brc1cc2c(SCC[C@@H]2OC(=O)[C@@H]2[NH2+]C[C@]3(C2)c2c(NC3=O)cccc2)cc1,0,0,0,Exmol_based,Generated using exmol-based algorithm
O=C(O[C@H]1CCSc2ccccc21)[C@H]1C[C@]2(C[NH2+]1)C(=O)Nc1ccccc12,0,Brc1cc2c(SCC[C@@H]2OC(=O)[C@@H]2[NH2+]C[C@]3(C2)c2c(NC3=O)cccc2)cc1,0,0,0,Exmol_based,Generated using exmol-based algorithm
CSc1ccc(Br)cc1[CH]OC(=O)[C@H]1C[C@]2(C[NH2+]1)C(=O)Nc1ccccc12,0,Brc1cc2c(SCC[C@@H]2OC(=O)[C@@H]2[NH2+]C[C@]3(C2)c2c(NC3=O)cccc2)cc1,0,0,0,Exmol_based,Generated using exmol-based algorithm
Cc1ccc(Nc2cc(-c3ccccc3)ncn2)cc1NS(C)=O.O,0,S(=O)(=O)(Nc1cc(Nc2ncnc(c2)-c2ccccc2)ccc1C)C,0,0,0,Exmol_based,Generated using exmol-based algorithm
Cc1ccc(Nc2ccncn2)cc1NS(C)(=O)=O.c1ccccc1,0,S(=O)(=O)(Nc1cc(Nc2ncnc(c2)-c2ccccc2)ccc1C)C,0,0,0,Exmol_based,Generated using exmol-based algorithm
Cc1ccc(N2c3cc(-c4ccccc4)nc2n3)cc1NS(C)(=O)=O,0,S(=O)(=O)(Nc1cc(Nc2ncnc(c2)-c2ccccc2)ccc1C)C,0,0,0,Exmol_based,Generated using exmol-based algorithm
C.Nc1cccc(CCc2cccc(-c3ccccc3)c2)n1,0,O(C)c1cc(ccc1)-c1cc(ccc1)CCc1nc(N)ccc1,0,0,0,Exmol_based,Generated using exmol-based algorithm
CCc1cccc(N)n1.COc1cccc(-c2ccccc2)c1,0,O(C)c1cc(ccc1)-c1cc(ccc1)CCc1nc(N)ccc1,0,0,0,Exmol_based,Generated using exmol-based algorithm
COc1cccc(-c2cccc(CCc3ccccn3)c2)c1,0,O(C)c1cc(ccc1)-c1cc(ccc1)CCc1nc(N)ccc1,0,0,0,Exmol_based,Generated using exmol-based algorithm
C[C@@]1(C[C@@H]([NH2+])C(=O)OC2(C#N)CCCCC2)C(=O)Nc2ccccc21,0,O(C(=O)[C@@H]1[NH2+]C[C@]2(C1)c1c(NC2=O)cccc1)C1(CCCCC1)C#N,0,0,0,Exmol_based,Generated using exmol-based algorithm
N#CC1(SC(=O)[C@H]2C[C@]3(C[NH2+]2)C(=O)Nc2ccccc23)CCCCC1,0,O(C(=O)[C@@H]1[NH2+]C[C@]2(C1)c1c(NC2=O)cccc1)C1(CCCCC1)C#N,0,0,0,Exmol_based,Generated using exmol-based algorithm
N#CC1(O)CCCCC1.O=C[C@H]1C[C@]2(C[NH2+]1)C(=O)Nc1ccccc12,0,O(C(=O)[C@@H]1[NH2+]C[C@]2(C1)c1c(NC2=O)cccc1)C1(CCCCC1)C#N,0,0,0,Exmol_based,Generated using exmol-based algorithm
CN(C(=O)CCCn1c(N)nc2cc(Cl)ccc21)C1CCCCC1,0,Clc1cc2nc(n(c2cc1)CCCC(=O)N(C)C1CCCCC1)N,0,0,0,Exmol_based,Generated using exmol-based algorithm
CN(C(=O)CCC1c2cc(Cl)cc3nc(N)n1c23)C1CCCCC1,0,Clc1cc2nc(n(c2cc1)CCCC(=O)N(C)C1CCCCC1)N,0,0,0,Exmol_based,Generated using exmol-based algorithm
CNc1nc2cc(Cl)ccc2n1CCCC(=O)N(C)C1CCCCC1,0,Clc1cc2nc(n(c2cc1)CCCC(=O)N(C)C1CCCCC1)N,0,0,0,Exmol_based,Generated using exmol-based algorithm
CC1(C)CC2=S(C=CC=C2)/C(=[NH+]/[C@@H](Cc2ccccc2)C(=O)[O-])N1,0,O=C([O-])[C@@H](\[NH+]=C\1/NC(Cc2c/1cccc2)(C)C)Cc1ccccc1,0,0,0,Exmol_based,Generated using exmol-based algorithm
CC1(C)Cc2ccccc2/C(=[NH+]/[C@@H](Oc2ccccc2)C(=O)[O-])N1,0,O=C([O-])[C@@H](\[NH+]=C\1/NC(Cc2c/1cccc2)(C)C)Cc1ccccc1,0,0,0,Exmol_based,Generated using exmol-based algorithm
CC1Cc2ccccc2/C(=[NH+]/[C@@H](Cc2ccccc2)C(=O)[O-])N1,0,O=C([O-])[C@@H](\[NH+]=C\1/NC(Cc2c/1cccc2)(C)C)Cc1ccccc1,0,0,0,Exmol_based,Generated using exmol-based algorithm
CN1C(=O)[C@]2(CC(C)(C)Oc3ccc(Br)cc32)N=C1S,0,Brc1cc2c(OC(C[C@@]23N=C(N)N(C)C3=O)(C)C)cc1,0,0,0,Exmol_based,Generated using exmol-based algorithm
C.C.CN1C(=O)[C@@](C)(c2cc(Br)ccc2O)N=C1N,0,Brc1cc2c(OC(C[C@@]23N=C(N)N(C)C3=O)(C)C)cc1,0,0,0,Exmol_based,Generated using exmol-based algorithm
CN(C(=N)N)C(=O)[C]1CC(C)(C)Oc2ccc(Br)cc21,0,Brc1cc2c(OC(C[C@@]23N=C(N)N(C)C3=O)(C)C)cc1,0,0,0,Exmol_based,Generated using exmol-based algorithm
SC1=[NH+]C(c2ccccc2)(c2ccccc2)C2=NCCCN21,0,[NH+]=1C(C=2N(CCCN=2)C=1N)(c1ccccc1)c1ccccc1,0,0,0,Exmol_based,Generated using exmol-based algorithm
[NH+]C(C1=NCCCN1CN)(c1ccccc1)c1ccccc1,0,[NH+]=1C(C=2N(CCCN=2)C=1N)(c1ccccc1)c1ccccc1,0,0,0,Exmol_based,Generated using exmol-based algorithm
NC1=[NH+]C2(c3ccccc3)C3=NC(CCN31)c1ccccc12,0,[NH+]=1C(C=2N(CCCN=2)C=1N)(c1ccccc1)c1ccccc1,0,0,0,Exmol_based,Generated using exmol-based algorithm
COc1cncc(-c2ccc3c(c2)CNc2cccnc2N3)c1,0,O(C)c1cc(cnc1)-c1cc(ccc1)CNc1cccnc1N,0,0,0,Exmol_based,Generated using exmol-based algorithm
COc1cncc(-c2cccc(CNc3cccnc3N)p2)c1,0,O(C)c1cc(cnc1)-c1cc(ccc1)CNc1cccnc1N,0,0,0,Exmol_based,Generated using exmol-based algorithm
COc1cncc(-c2cccc(Cn3c4ccc3c(N)n4)c2)c1,0,O(C)c1cc(cnc1)-c1cc(ccc1)CNc1cccnc1N,0,0,0,Exmol_based,Generated using exmol-based algorithm
COc1ccc([C@]2(C)CCSC=N2)cc1,0,S1CC[C@@](N=C1N)(C)c1ccc(OC)cc1,0,0,0,Exmol_based,Generated using exmol-based algorithm
COc1ccc([C@]2(C)CCSC(N)=N2)cc1,0,S1CC[C@@](N=C1N)(C)c1ccc(OC)cc1,0,0,0,Exmol_based,Generated using exmol-based algorithm
COc1ccc([C@]2(C)CCSC(N)=N2)cc1,0,S1CC[C@@](N=C1N)(C)c1ccc(OC)cc1,0,0,0,Exmol_based,Generated using exmol-based algorithm
CN1C(=O)C[C@@](C)(CCc2ccccc2)N=C1O,0,O=C1N(C)C(=N[C@@](C1)(CCc1ccccc1)C)N,0,0,0,Exmol_based,Generated using exmol-based algorithm
C[C@@]1(CCc2ccccc2)CC(=O)N(C#P)C(N)=N1,0,O=C1N(C)C(=N[C@@](C1)(CCc1ccccc1)C)N,0,0,0,Exmol_based,Generated using exmol-based algorithm
CN1C(=O)C[C@@](C)(CCc2ccccc2)N=C1N,0,O=C1N(C)C(=N[C@@](C1)(CCc1ccccc1)C)N,0,0,0,Exmol_based,Generated using exmol-based algorithm
C.CC(C)C.CCCCNC(=O)NCc1ccc(CN(C=O)C(=N)N)cc1,0,O=C1N(Cc2ccc(cc2)CNC(=O)NCCCC)C(N[C@@]1(CC(C)C)C)=N,0,0,0,Exmol_based,Generated using exmol-based algorithm
CCCCNC=O.Cc1ccc(CN2C(=N)N[C@](C)(CC(C)C)C2=O)cc1,0,O=C1N(Cc2ccc(cc2)CNC(=O)NCCCC)C(N[C@@]1(CC(C)C)C)=N,0,0,0,Exmol_based,Generated using exmol-based algorithm
CC(C)C[C@@]1(C)NC(=N)NC1=O.CCCCNC(=O)NCc1ccccc1,0,O=C1N(Cc2ccc(cc2)CNC(=O)NCCCC)C(N[C@@]1(CC(C)C)C)=N,0,0,0,Exmol_based,Generated using exmol-based algorithm
[NH2+][C@H](C[C]1C(=O)Nc2ccccc21)C(=O)OCc1ccccc1,0,O=C1Nc2c(cccc2)[C@]12C[C@@H]([NH2+]C2)C(OCc1ccccc1)=O,0,0,0,Exmol_based,Generated using exmol-based algorithm
O=C(OCc1ccccc1)[C@H]1C[C@@]2(C[NH2+]1)c1ccccc1N[PH]2=O,0,O=C1Nc2c(cccc2)[C@]12C[C@@H]([NH2+]C2)C(OCc1ccccc1)=O,0,0,0,Exmol_based,Generated using exmol-based algorithm
N=C1Nc2ccccc2[C@@]12C[NH2+][C@@H](C(=O)OCc1ccccc1)C2,0,O=C1Nc2c(cccc2)[C@]12C[C@@H]([NH2+]C2)C(OCc1ccccc1)=O,0,0,0,Exmol_based,Generated using exmol-based algorithm
CCc1cccc(N)n1.c1ccc2[nH]ccc2c1,0,[nH]1c2cc(ccc2cc1)CCc1nc(N)ccc1,0,0,0,Exmol_based,Generated using exmol-based algorithm
Cc1ccc(CCc2ccc3cc[nH]c3c2)nc1N,0,[nH]1c2cc(ccc2cc1)CCc1nc(N)ccc1,0,0,0,Exmol_based,Generated using exmol-based algorithm
Nc1ccc(P)c(CCc2ccc3cc[nH]c3c2)n1,0,[nH]1c2cc(ccc2cc1)CCc1nc(N)ccc1,0,0,0,Exmol_based,Generated using exmol-based algorithm
NCO[C@@H]1COCC[C]1c1cccc(-c2cncnc2)c1,0,O1[C@@H]2COCC[C@@]2(N=C1N)c1cc(ccc1)-c1cncnc1,0,0,0,Exmol_based,Generated using exmol-based algorithm
NC1=N[C@@]2(c3cccc(-c4cncnc4)c3)CCOC[P@H]2O1,0,O1[C@@H]2COCC[C@@]2(N=C1N)c1cc(ccc1)-c1cncnc1,0,0,0,Exmol_based,Generated using exmol-based algorithm
COC[C@H]1OC(N)=N[C@]1(C)c1cccc(-c2cncnc2)c1,0,O1[C@@H]2COCC[C@@]2(N=C1N)c1cc(ccc1)-c1cncnc1,0,0,0,Exmol_based,Generated using exmol-based algorithm
C[C@@]1(c2cccc(-c3cccnc3)c2)N=C(c2ccccn2)C(N)=[NH+]1,0,[NH+]=1[C@](N=C(c2ccccc2)C=1N)(C)c1cc(ccc1)-c1cccnc1,0,0,0,Exmol_based,Generated using exmol-based algorithm
C[C@@]1(c2cccc(-c3cccnc3)c2)N=C(c2ccccc2)C(N)=[NH+]1,0,[NH+]=1[C@](N=C(c2ccccc2)C=1N)(C)c1cc(ccc1)-c1cccnc1,0,0,0,Exmol_based,Generated using exmol-based algorithm
C[C@@]1(c2cccc(-c3cccnc3)c2)N=C(c2ccccc2)C(N)=[NH+]1,0,[NH+]=1[C@](N=C(c2ccccc2)C=1N)(C)c1cc(ccc1)-c1cccnc1,0,0,0,Exmol_based,Generated using exmol-based algorithm
c1cncc(NCc2cccc(-c3cccnc3)c2)c1,0,n1cccc(NCc2cc(ccc2)-c2cccnc2)c1N,0,0,0,Exmol_based,Generated using exmol-based algorithm
Nc1ncccc1NCc1ccc(Cl)c(-c2cccnc2)c1,0,n1cccc(NCc2cc(ccc2)-c2cccnc2)c1N,0,0,0,Exmol_based,Generated using exmol-based algorithm
Nc1cccnc1N.c1ccc(-c2cccnc2)cc1,0,n1cccc(NCc2cc(ccc2)-c2cccnc2)c1N,0,0,0,Exmol_based,Generated using exmol-based algorithm
O=C(OC1CCOCC1)[C@H]1C[C@]2(C[NH2+]1)C(=O)Nc1ccpcc12,0,O1CCC(OC(=O)[C@@H]2[NH2+]C[C@]3(C2)c2c(NC3=O)cccc2)CC1,0,0,0,Exmol_based,Generated using exmol-based algorithm
O=C1CC(OC(=O)[C@H]2C[C@]3(C[NH2+]2)C(=O)Nc2ccccc23)CCO1,0,O1CCC(OC(=O)[C@@H]2[NH2+]C[C@]3(C2)c2c(NC3=O)cccc2)CC1,0,0,0,Exmol_based,Generated using exmol-based algorithm
O.O=C1Nc2ccccc2[C@@]12C[NH2+][C@@H](COC1CCOCC1)C2,0,O1CCC(OC(=O)[C@@H]2[NH2+]C[C@]3(C2)c2c(NC3=O)cccc2)CC1,0,0,0,Exmol_based,Generated using exmol-based algorithm
CCc1cc(=O)[nH]c(N)n1.c1ccc2[nH]ccc2c1,0,O=C1NC(=NC(=C1)CCc1cc2[nH]ccc2cc1)N,0,0,0,Exmol_based,Generated using exmol-based algorithm
Nc1nc(CCc2ccc3cc[nH]c3c2)cc(=O)[nH]1,0,O=C1NC(=NC(=C1)CCc1cc2[nH]ccc2cc1)N,0,0,0,Exmol_based,Generated using exmol-based algorithm
Nc1nc(CNc2ccc3cc[nH]c3c2)cc(=O)[nH]1,0,O=C1NC(=NC(=C1)CCc1cc2[nH]ccc2cc1)N,0,0,0,Exmol_based,Generated using exmol-based algorithm
CCCCOc1ccc(CSC=[NH2+])cc1Cl.N,0,Clc1cc(ccc1OCCCC)CSC(=[NH2+])N,0,0,0,Exmol_based,Generated using exmol-based algorithm
CCCCOc1ccc(CSC(N)=[NH2+])cc1N,0,Clc1cc(ccc1OCCCC)CSC(=[NH2+])N,0,0,0,Exmol_based,Generated using exmol-based algorithm
NC(=[NH2+])SCc1ccc(OCCCCO)c(Cl)c1,0,Clc1cc(ccc1OCCCC)CSC(=[NH2+])N,0,0,0,Exmol_based,Generated using exmol-based algorithm
C[N@@H+](Cc1cccc(CCc2cccnc2N)c1)Cc1occc1Cl,0,o1cccc1C[N@H+](Cc1cc(ccc1)CCc1cccnc1N)C,0,0,0,Exmol_based,Generated using exmol-based algorithm
C[N@@H+](Cc1cccc(CCc2cccnc2N)c1)Cc1ccco1,0,o1cccc1C[N@H+](Cc1cc(ccc1)CCc1cccnc1N)C,0,0,0,Exmol_based,Generated using exmol-based algorithm
C[N@@H+](Cc1cccc(CCc2cccnc2N)c1)Cc1ccco1,0,o1cccc1C[N@H+](Cc1cc(ccc1)CCc1cccnc1N)C,0,0,0,Exmol_based,Generated using exmol-based algorithm
Nc1ncc(Br)cc1NCc1ccccc1,0,n1cccc(NCc2ccccc2)c1N,0,0,0,Exmol_based,Generated using exmol-based algorithm
CNc1cccnc1N.c1ccccc1,0,n1cccc(NCc2ccccc2)c1N,0,0,0,Exmol_based,Generated using exmol-based algorithm
Nc1ncccc1NCc1cccpc1,0,n1cccc(NCc2ccccc2)c1N,0,0,0,Exmol_based,Generated using exmol-based algorithm
CC(C)C[C@@]1(C)NC(=N)NC1=O.Cc1cccc(Cl)c1,0,Clc1cc(ccc1)CN1C(=O)[C@](NC1=N)(CC(C)C)C,0,0,0,Exmol_based,Generated using exmol-based algorithm
CC(C)C[C@]1(C)CN(Cc2cccc(Cl)c2)C(=N)N1.O,0,Clc1cc(ccc1)CN1C(=O)[C@](NC1=N)(CC(C)C)C,0,0,0,Exmol_based,Generated using exmol-based algorithm
CC(C)C[C@@]1(C)NC(=N)N(Cc2cccc(Cl)c2)C1=O,0,Clc1cc(ccc1)CN1C(=O)[C@](NC1=N)(CC(C)C)C,0,0,0,Exmol_based,Generated using exmol-based algorithm
Fc1ccc(CC2CC[NH2+]CC2)cc1,0,Fc1ccc(cc1)CC1CC[NH2+]CC1,0,0,0,Exmol_based,Generated using exmol-based algorithm
C1CC[NH2+]CC1.Cc1ccc(F)cc1,0,Fc1ccc(cc1)CC1CC[NH2+]CC1,0,0,0,Exmol_based,Generated using exmol-based algorithm
Fc1ccc(CC2CC[NH2+]CC2)cc1,0,Fc1ccc(cc1)CC1CC[NH2+]CC1,0,0,0,Exmol_based,Generated using exmol-based algorithm
Cn1c(N)nc([CH]C[CH]c2ccccc2)cc1=O,0,O=C1N(C)C(=NC(=C1)[C@H]1C[C@H]1c1ccccc1)N,0,0,0,Exmol_based,Generated using exmol-based algorithm
C[C@H]([CH]c1cc(=O)n(C)c(N)n1)c1ccccc1,0,O=C1N(C)C(=NC(=C1)[C@H]1C[C@H]1c1ccccc1)N,0,0,0,Exmol_based,Generated using exmol-based algorithm
Cn1c(N)nc([C@H]2C[C@H]2c2ccccp2)cc1=O,0,O=C1N(C)C(=NC(=C1)[C@H]1C[C@H]1c1ccccc1)N,0,0,0,Exmol_based,Generated using exmol-based algorithm
CC1(C)NC(=N)N(Cc2cccc(Cl)c2)C1=O,0,Clc1cc(ccc1)CN1C(=O)C(NC1=N)(C)C,0,0,0,Exmol_based,Generated using exmol-based algorithm
CC1(S)NC(=N)N(Cc2cccc(Cl)c2)C1=O,0,Clc1cc(ccc1)CN1C(=O)C(NC1=N)(C)C,0,0,0,Exmol_based,Generated using exmol-based algorithm
CC1(C)NC(=N)NC1=O.Cc1cccc(Cl)c1,0,Clc1cc(ccc1)CN1C(=O)C(NC1=N)(C)C,0,0,0,Exmol_based,Generated using exmol-based algorithm
OCCCn1c(P)nc2cc(Cl)ccc21,0,Clc1cc2nc(n(c2cc1)CCCO)N,0,0,0,Exmol_based,Generated using exmol-based algorithm
CCCn1c(N)nc2cc(Cl)ccc21,0,Clc1cc2nc(n(c2cc1)CCCO)N,0,0,0,Exmol_based,Generated using exmol-based algorithm
OCCCn1cnc2cc(Cl)ccc21,0,Clc1cc2nc(n(c2cc1)CCCO)N,0,0,0,Exmol_based,Generated using exmol-based algorithm
C=C1CCCN1c1nc2ccccc2nc1N,0,n1c2c(nc(N)c1N1CCCC1)cccc2,0,0,0,Exmol_based,Generated using exmol-based algorithm
Nc1nc2ccccc2nc1N1CCCC1,0,n1c2c(nc(N)c1N1CCCC1)cccc2,0,0,0,Exmol_based,Generated using exmol-based algorithm
CCCNc1nc2ccccc2nc1N,0,n1c2c(nc(N)c1N1CCCC1)cccc2,0,0,0,Exmol_based,Generated using exmol-based algorithm
Cc1cccnc1N.Clc1ccccc1,0,Clc1cc(ccc1)CCc1cccnc1N,0,0,0,Exmol_based,Generated using exmol-based algorithm
Sc1ncccc1CCc1cccc(Cl)c1,0,Clc1cc(ccc1)CCc1cccnc1N,0,0,0,Exmol_based,Generated using exmol-based algorithm
Clc1cccc(CCc2cccnc2)c1,0,Clc1cc(ccc1)CCc1cccnc1N,0,0,0,Exmol_based,Generated using exmol-based algorithm
Fc1nccc2ccccc12,0,n1ccc2c(cccc2)c1N,0,0,0,Exmol_based,Generated using exmol-based algorithm
Nc1nncc2ccccc12,0,n1ccc2c(cccc2)c1N,0,0,0,Exmol_based,Generated using exmol-based algorithm
Nc1nc(P)cc2ccccc12,0,n1ccc2c(cccc2)c1N,0,0,0,Exmol_based,Generated using exmol-based algorithm
c1ccc2ncccc2c1,0,n1c2c(ccc1N)cccc2,0,0,0,Exmol_based,Generated using exmol-based algorithm
Sc1ccc2ccccc2n1,0,n1c2c(ccc1N)cccc2,0,0,0,Exmol_based,Generated using exmol-based algorithm
N.c1ccc2ncccc2c1,0,n1c2c(ccc1N)cccc2,0,0,0,Exmol_based,Generated using exmol-based algorithm
CC[NH+](CC)CC(O)COc1cc(C)ccc1C,0,O1CC[NH+](CC1)CC(O)COc1cc(ccc1C)C,0,0,0,Exmol_based,Generated using exmol-based algorithm
Cc1ccc(C)c(OPC(O)C[NH+]2CCOCC2)c1,0,O1CC[NH+](CC1)CC(O)COc1cc(ccc1C)C,0,0,0,Exmol_based,Generated using exmol-based algorithm
Cc1ccc(C)c(OCC(O)C[NH+]2CCCCC2)c1,0,O1CC[NH+](CC1)CC(O)COc1cc(ccc1C)C,0,0,0,Exmol_based,Generated using exmol-based algorithm
Nc1nc(CCC=O)cc(=O)[nH]1,0,O=C1NC(=NC(=C1)CCC)N,0,0,0,Exmol_based,Generated using exmol-based algorithm
C.Cc1cc(=O)[nH]c(N)n1,0,O=C1NC(=NC(=C1)CCC)N,0,0,0,Exmol_based,Generated using exmol-based algorithm
CCCc1cc(=O)[nH]c(O)n1,0,O=C1NC(=NC(=C1)CCC)N,0,0,0,Exmol_based,Generated using exmol-based algorithm
Cc1cc(C)n(COC(=O)NC(CS(C)(=O)=O)C(=O)NC(CC(C)C)C(O)CC(C)C(=O)NC(C(=O)OCC(C)C)C(C)C)n1,1,S(=O)(=O)(CC(NC(OCn1nc(cc1C)C)=O)C(=O)NC(C(O)CC(C(=O)NC(C(C)C)C(=O)NCC(C)C)C)CC(C)C)C,1,1,0,Exmol_based,Generated using exmol-based algorithm
Cc1cc(C)n(COC(=O)NC(CS(C)(=O)=O)C(=O)NC(CC(C)C)C(O)CC(C)C(=O)NN(C(=O)NCC(C)C)C(C)C)n1,1,S(=O)(=O)(CC(NC(OCn1nc(cc1C)C)=O)C(=O)NC(C(O)CC(C(=O)NC(C(C)C)C(=O)NCC(C)C)C)CC(C)C)C,1,1,0,Exmol_based,Generated using exmol-based algorithm
CC(C)CNC(=O)C(NC(=O)C(C)C)C(C)C.Cc1cc(C)n(COC(=O)NC(CS(C)(=O)=O)C(=O)NCCC(C)C)n1.O,1,S(=O)(=O)(CC(NC(OCn1nc(cc1C)C)=O)C(=O)NC(C(O)CC(C(=O)NC(C(C)C)C(=O)NCC(C)C)C)CC(C)C)C,1,1,0,Exmol_based,Generated using exmol-based algorithm
CC(C)CC(NC(=O)C([NH3+])CCC=O)C(=O)NC(CC(=O)[O-])C(=O)NC(CC(C)C)C(O)CC(C)C(=O)NC(C(=O)NC(CCC(=O)[O-])C(=O)NC(Cc1ccccc1)C(=O)[O-])C(C)C.[O-],1,OC(C(NC(=O)C(NC(=O)C(NC(=O)C([NH3+])CCC(=O)[O-])CC(C)C)CC(=O)[O-])CC(C)C)CC(C(=O)NC(C(C)C)C(=O)NC(CCC(=O)[O-])C(=O)NC(Cc1ccccc1)C(=O)[O-])C,1,1,0,Exmol_based,Generated using exmol-based algorithm
CC(C)CC(NC(=O)CCCC(=O)[O-])C(=O)NC(CC(=O)[O-])C(=O)NC(CC(C)C)C(O)CC(C)C(=O)NC(C(=O)NC(CCC(=O)[O-])C(=O)NC(Cc1ccccc1)C(=O)[O-])C(C)C,1,OC(C(NC(=O)C(NC(=O)C(NC(=O)C([NH3+])CCC(=O)[O-])CC(C)C)CC(=O)[O-])CC(C)C)CC(C(=O)NC(C(C)C)C(=O)NC(CCC(=O)[O-])C(=O)NC(Cc1ccccc1)C(=O)[O-])C,1,1,0,Exmol_based,Generated using exmol-based algorithm
[C-]C(=O)CCC([NH3+])C(=O)NC(CC(C)C)C(=O)NC(CC(=O)[O-])C(=O)NC(CC(C)C)C(O)CC(C)C(=O)NC(C(=O)NC(CCC(=O)[O-])C(=O)NC(Cc1ccccc1)C(=O)[O-])C(C)C,1,OC(C(NC(=O)C(NC(=O)C(NC(=O)C([NH3+])CCC(=O)[O-])CC(C)C)CC(=O)[O-])CC(C)C)CC(C(=O)NC(C(C)C)C(=O)NC(CCC(=O)[O-])C(=O)NC(Cc1ccccc1)C(=O)[O-])C,1,1,0,Exmol_based,Generated using exmol-based algorithm
COCC1CCCN1C(=O)c1cc(C)cc(C(=O)NC(Cc2cc(F)cc(F)c2)C(O)C([NH2+])CC(C)Oc2ccccc2)c1,1,Fc1cc(cc(F)c1)CC(NC(=O)c1cc(cc(c1)C)C(=O)N1CCCC1COC)C(O)C1[NH2+]CC(Oc2ccccc2)C1,1,1,0,Exmol_based,Generated using exmol-based algorithm
COCC1CCCN1C(=O)c1cc(C)cc(CNC(Cc2cc(F)cc(F)c2)C(O)C2CC(Oc3ccccc3)C[NH2+]2)c1.O,1,Fc1cc(cc(F)c1)CC(NC(=O)c1cc(cc(c1)C)C(=O)N1CCCC1COC)C(O)C1[NH2+]CC(Oc2ccccc2)C1,1,1,0,Exmol_based,Generated using exmol-based algorithm
COCC1CCCN1C(=O)c1cc(C)cc(C(=O)NCC(O)C2CC(Oc3ccccc3)C[NH2+]2)c1.Cc1cc(F)cc(F)c1,1,Fc1cc(cc(F)c1)CC(NC(=O)c1cc(cc(c1)C)C(=O)N1CCCC1COC)C(O)C1[NH2+]CC(Oc2ccccc2)C1,1,1,0,Exmol_based,Generated using exmol-based algorithm
COCC1CCCN1C(=O)c1cc(C)cc(C(=O)NCCc2cc(F)cc(F)c2)c1.Cc1cccc(S(=O)(=O)N2CC[NH2+]CC2)c1.O,1,S(=O)(=O)(N1CC([NH2+]CC1)C(O)C(NC(=O)c1cc(cc(c1)C)C(=O)N1CCCC1COC)Cc1cc(F)cc(F)c1)c1cc(ccc1)C,1,1,0,Exmol_based,Generated using exmol-based algorithm
COCC1CCCN1C(=O)c1cc(C)cc(C(=O)NC(Cc2cc(F)cc(F)c2)C(O)C2CNCC[NH2+]2)c1.Cc1cccc([SH](=O)=O)c1,1,S(=O)(=O)(N1CC([NH2+]CC1)C(O)C(NC(=O)c1cc(cc(c1)C)C(=O)N1CCCC1COC)Cc1cc(F)cc(F)c1)c1cc(ccc1)C,1,1,0,Exmol_based,Generated using exmol-based algorithm
COCC1CCCN1C(=O)c1cc(C)cc(C(=O)NC(Cc2cc(F)cc(F)c2)C(O)C2CN(S(=O)c3cccc(C)c3)CC[NH2+]2)c1.O,1,S(=O)(=O)(N1CC([NH2+]CC1)C(O)C(NC(=O)c1cc(cc(c1)C)C(=O)N1CCCC1COC)Cc1cc(F)cc(F)c1)c1cc(ccc1)C,1,1,0,Exmol_based,Generated using exmol-based algorithm
C.COC(CC(O)C(COc1cc(F)cc(F)c1)NC(=O)c1cc(C(N)=O)cc(N(C)S(C)(=O)=O)c1)C(=O)NC(C(=O)NCc1ccccc1)C(C)C.c1ccccc1,1,S(=O)(=O)(N(C)c1cc(cc(c1)C(=O)NC(C(O)CC(OC)C(=O)NC(C(C)C)C(=O)NCc1ccccc1)COc1cc(F)cc(F)c1)C(=O)NC(C)c1ccccc1)C,1,1,0,Exmol_based,Generated using exmol-based algorithm
COC(CC(O)C(COc1cc(F)cc(F)c1)NC(=O)c1cc(NS(C)(=O)=O)cc(C(=O)NC(C)c2ccccc2)c1)C(=O)NC(C(=O)NCc1ccccc1)C(C)C,1,S(=O)(=O)(N(C)c1cc(cc(c1)C(=O)NC(C(O)CC(OC)C(=O)NC(C(C)C)C(=O)NCc1ccccc1)COc1cc(F)cc(F)c1)C(=O)NC(C)c1ccccc1)C,1,1,0,Exmol_based,Generated using exmol-based algorithm
C.C.COC(CC(O)C(COc1cc(F)cc(F)c1)NC(=O)c1cc(C(=O)NC(C)c2ccccc2)cc(N(C)S(C)(=O)=O)c1)C(=O)NCC(=O)NCc1ccccc1,1,S(=O)(=O)(N(C)c1cc(cc(c1)C(=O)NC(C(O)CC(OC)C(=O)NC(C(C)C)C(=O)NCc1ccccc1)COc1cc(F)cc(F)c1)C(=O)NC(C)c1ccccc1)C,1,1,0,Exmol_based,Generated using exmol-based algorithm
CC(C)CC(NC(=O)C(CC(N)=O)NC(=O)C(NC(=O)C([NH3+])CCC(=O)[O-])C(C)C)C(O)CC(C)C(=O)NC(C)C(=O)NC(CCC(=O)[O-])C(=O)NP(Cc1ccccc1)C(=O)[O-],1,OC(C(NC(=O)C(NC(=O)C(NC(=O)C([NH3+])CCC(=O)[O-])C(C)C)CC(=O)N)CC(C)C)CC(C(=O)NC(C(=O)NC(CCC(=O)[O-])C(=O)NC(Cc1ccccc1)C(=O)[O-])C)C,1,1,0,Exmol_based,Generated using exmol-based algorithm
COc1cccc(N2CC3C(=O)N(C)C(N)=NC3(c3cc(-c4cccc(C#N)c4)co3)C2)n1,1,s1cc(cc1C12N=C(N)N(C)C(=O)C1CN(C2)c1nc(OC)ccc1)-c1cc(ccc1)C#N,1,1,0,Exmol_based,Generated using exmol-based algorithm
COc1cccc(N2CC(C(=O)N(C)CN)C(c3cc(-c4cccc(C#N)c4)cs3)C2)n1,1,s1cc(cc1C12N=C(N)N(C)C(=O)C1CN(C2)c1nc(OC)ccc1)-c1cc(ccc1)C#N,1,1,0,Exmol_based,Generated using exmol-based algorithm
COc1cccc(N2CC3C(=O)[SH](C)C(N)=NC3(c3cc(-c4cccc(C#N)c4)cs3)C2)n1,1,s1cc(cc1C12N=C(N)N(C)C(=O)C1CN(C2)c1nc(OC)ccc1)-c1cc(ccc1)C#N,1,1,0,Exmol_based,Generated using exmol-based algorithm
CC(C)CC(NC(=O)c1cc(C(=O)NC(C)c2ccccc2)cc(N(CP)S(C)(=O)=O)c1)C(O)CC(C)C(=O)NC(C(=O)NC(C)C)C(C)C,1,S(=O)(=O)(N(C)c1cc(cc(c1)C(=O)NC(C(O)CC(C(=O)NC(C(C)C)C(=O)NC(C)C)C)CC(C)C)C(=O)NC(C)c1ccccc1)C,1,1,0,Exmol_based,Generated using exmol-based algorithm
CC(C)CC(NC(=O)c1cc(C(=O)NC(C)c2ccccc2)cc(N(C)S(C)(=O)=O)c1)C(O)CC(C)C(=O)NC(C(=O)NC(C)C)C(C)C,1,S(=O)(=O)(N(C)c1cc(cc(c1)C(=O)NC(C(O)CC(C(=O)NC(C(C)C)C(=O)NC(C)C)C)CC(C)C)C(=O)NC(C)c1ccccc1)C,1,1,0,Exmol_based,Generated using exmol-based algorithm
CC(C)CC(CO)NC(=O)c1cc(C(=O)NC(C)c2ccccc2)cc(N(C)S(C)(=O)=O)c1.CCC(=O)NC(C(=O)NC(C)C)C(C)C,1,S(=O)(=O)(N(C)c1cc(cc(c1)C(=O)NC(C(O)CC(C(=O)NC(C(C)C)C(=O)NC(C)C)C)CC(C)C)C(=O)NC(C)c1ccccc1)C,1,1,0,Exmol_based,Generated using exmol-based algorithm
CC#Cc1cncc(-c2cc(Cl)c(C3(CF)CC(=O)N(C)C(=[NH2+])N3)s2)c1,1,Clc1cc(sc1C1(NC(=[NH2+])N(C)C(=O)C1)C)-c1cc(cnc1)C#CC,1,1,0,Exmol_based,Generated using exmol-based algorithm
C#CC.CN1C(=[NH2+])NC(C)(c2sc(-c3cccnc3)cc2Cl)CC1=O,1,Clc1cc(sc1C1(NC(=[NH2+])N(C)C(=O)C1)C)-c1cc(cnc1)C#CC,1,1,0,Exmol_based,Generated using exmol-based algorithm
C.Cc1cncc(-c2cc(Cl)c(C3(C)CC(=O)N(C)C(=[NH2+])N3)s2)c1,1,Clc1cc(sc1C1(NC(=[NH2+])N(C)C(=O)C1)C)-c1cc(cnc1)C#CC,1,1,0,Exmol_based,Generated using exmol-based algorithm
COc1cccc(C[NH2+]CC(O)C(Cc2ccccc2)NC(=O)c2cc(C(=O)NC(C)c3ccccc3)cc(N(C)S(C)=O)c2)c1,1,S(=O)(=O)(N(C)c1cc(cc(c1)C(=O)NC(Cc1ccccc1)C(O)C[NH2+]Cc1cc(OC)ccc1)C(=O)NC(C)c1ccccc1)C,1,1,0,Exmol_based,Generated using exmol-based algorithm
C.COc1cccc(C[NH2+]CC(O)C(Cc2ccccc2)NC(=O)c2cc(NS(C)(=O)=O)cc(C(=O)NC(C)c3ccccc3)c2)c1,1,S(=O)(=O)(N(C)c1cc(cc(c1)C(=O)NC(Cc1ccccc1)C(O)C[NH2+]Cc1cc(OC)ccc1)C(=O)NC(C)c1ccccc1)C,1,1,0,Exmol_based,Generated using exmol-based algorithm
COc1cccc(C[NH2+]CC(O)C(Cc2ccccc2)NC(=O)c2cc(C(=O)NC(C)c3ccccc3)cc(N(C)S(C)=O)c2)c1.O,1,S(=O)(=O)(N(C)c1cc(cc(c1)C(=O)NC(Cc1ccccc1)C(O)C[NH2+]Cc1cc(OC)ccc1)C(=O)NC(C)c1ccccc1)C,1,1,0,Exmol_based,Generated using exmol-based algorithm
N#Cc1cccc(-c2csc(C34CN(C(=O)c5ccccc5)CC3C(=O)NC(N)=N4)c2)c1,1,s1cc(cc1C12N=C(N)N(C)C(=O)C1CN(C2)C(=O)c1ccccc1)-c1cc(ccc1)C#N,1,1,0,Exmol_based,Generated using exmol-based algorithm
CN1C(=O)C(CNC(=O)c2ccccc2)C(c2cc(-c3cccc(C#N)c3)cs2)N=C1N,1,s1cc(cc1C12N=C(N)N(C)C(=O)C1CN(C2)C(=O)c1ccccc1)-c1cc(ccc1)C#N,1,1,0,Exmol_based,Generated using exmol-based algorithm
CN1C(=O)C2CN(C=O)CC2(c2cc(-c3cccc(C#N)c3)cs2)N=C1N.c1ccccc1,1,s1cc(cc1C12N=C(N)N(C)C(=O)C1CN(C2)C(=O)c1ccccc1)-c1cc(ccc1)C#N,1,1,0,Exmol_based,Generated using exmol-based algorithm
C.CN1C(=O)C2CN(c3ccccn3)CC2(c2cc(-c3cccc(C#N)c3)cs2)N=C1N,1,s1cc(cc1C12N=C(N)N(C)C(=O)C1CN(C2)c1ncccc1OC)-c1cc(ccc1)C#N,1,1,0,Exmol_based,Generated using exmol-based algorithm
CNC(N)=NC1(c2cc(-c3cccc(C#N)c3)cs2)CN(c2ncccc2OC)CC1C=O,1,s1cc(cc1C12N=C(N)N(C)C(=O)C1CN(C2)c1ncccc1OC)-c1cc(ccc1)C#N,1,1,0,Exmol_based,Generated using exmol-based algorithm
C.CN1C(=O)C2CN(c3ccccn3)CC2(c2cc(-c3cccc(C#N)c3)cs2)N=C1N,1,s1cc(cc1C12N=C(N)N(C)C(=O)C1CN(C2)c1ncccc1OC)-c1cc(ccc1)C#N,1,1,0,Exmol_based,Generated using exmol-based algorithm
CC(NC(=O)c1cc(C(=O)NC(CO)COc2cc(F)cc(F)c2)cc(N(C)S(C)(=O)=O)c1)c1ccccc1.COCCOC(C)C(=O)NC(C(=O)NCc1ccccc1)C(C)C,1,S(=O)(=O)(N(C)c1cc(cc(c1)C(=O)NC(C(O)CC(OCCOC)C(=O)NC(C(C)C)C(=O)NCc1ccccc1)COc1cc(F)cc(F)c1)C(=O)NC(C)c1ccccc1)C,1,1,0,Exmol_based,Generated using exmol-based algorithm
COCCOC(CC(O)C(COc1cccc(F)c1)NC(=O)c1cc(C(=O)NC(C)c2ccccc2)cc(N(C)S(C)(=O)=O)c1)C(=O)NC(C(=O)NCc1ccccc1)C(C)C.F,1,S(=O)(=O)(N(C)c1cc(cc(c1)C(=O)NC(C(O)CC(OCCOC)C(=O)NC(C(C)C)C(=O)NCc1ccccc1)COc1cc(F)cc(F)c1)C(=O)NC(C)c1ccccc1)C,1,1,0,Exmol_based,Generated using exmol-based algorithm
COCCOC(CNC(C(=O)NCc1ccccc1)C(C)C)CC(O)C(COc1cc(F)cc(F)c1)NC(=O)c1cc(C(=O)NC(C)c2ccccc2)cc(N(C)S(C)(=O)=O)c1.O,1,S(=O)(=O)(N(C)c1cc(cc(c1)C(=O)NC(C(O)CC(OCCOC)C(=O)NC(C(C)C)C(=O)NCc1ccccc1)COc1cc(F)cc(F)c1)C(=O)NC(C)c1ccccc1)C,1,1,0,Exmol_based,Generated using exmol-based algorithm
C1CC1.CC#Cc1cncc(-c2ccccc2)c1.CN(C=O)C(N)=[NH2+],1,O=C1N(C)C(=[NH2+])NC1(C1CC1)c1cc(ccc1)-c1cc(cnc1)C#CC,1,1,0,Exmol_based,Generated using exmol-based algorithm
CC#Cc1cncc(-c2cccc(C3(C4CS4)NC(=[NH2+])N(C)C3=O)c2)c1,1,O=C1N(C)C(=[NH2+])NC1(C1CC1)c1cc(ccc1)-c1cc(cnc1)C#CC,1,1,0,Exmol_based,Generated using exmol-based algorithm
C.Cc1cncc(-c2cccc(C3(C4CC4)NC(=[NH2+])N(C)C3=O)c2)c1,1,O=C1N(C)C(=[NH2+])NC1(C1CC1)c1cc(ccc1)-c1cc(cnc1)C#CC,1,1,0,Exmol_based,Generated using exmol-based algorithm
CN1C(=O)C2CN(c3ncccc3C#N)CC2(C2=CC(c3cccc(C#N)c3)=CS2=N)N=C1N,1,s1cc(cc1C12N=C(N)N(C)C(=O)C1CN(C2)c1ncccc1C#N)-c1cc(ccc1)C#N,1,1,0,Exmol_based,Generated using exmol-based algorithm
N#Cc1cccc(-c2csc(C34CN(c5ncccc5C#N)CC3C(=O)NC(N)=N4)c2)c1,1,s1cc(cc1C12N=C(N)N(C)C(=O)C1CN(C2)c1ncccc1C#N)-c1cc(ccc1)C#N,1,1,0,Exmol_based,Generated using exmol-based algorithm
CN1C(=O)C2ON(c3ncccc3C#N)CC2(c2cc(-c3cccc(C#N)c3)cs2)N=C1N,1,s1cc(cc1C12N=C(N)N(C)C(=O)C1CN(C2)c1ncccc1C#N)-c1cc(ccc1)C#N,1,1,0,Exmol_based,Generated using exmol-based algorithm
CCC(=O)N(C)C1CCCCC1.Cc1cc(C(=O)c2ccccc2)ccc1[NH+]=CN,1,O=C(c1cc2CN(CCC(=O)N(C)C3CCCCC3)C(=[NH+]c2cc1)N)c1ccccc1,1,1,0,Exmol_based,Generated using exmol-based algorithm
CN(C(=O)CCN1Cc2cc(C(=O)c3ccccc3)ccc2[NH+]=C1N)C1CCCC(Br)C1,1,O=C(c1cc2CN(CCC(=O)N(C)C3CCCCC3)C(=[NH+]c2cc1)N)c1ccccc1,1,1,0,Exmol_based,Generated using exmol-based algorithm
CN(C(=O)CCN(CN)Cc1cccc(C(=O)c2ccccc2)c1)C1CCCCC1,1,O=C(c1cc2CN(CCC(=O)N(C)C3CCCCC3)C(=[NH+]c2cc1)N)c1ccccc1,1,1,0,Exmol_based,Generated using exmol-based algorithm
CCn1cc2c3c(cc(C(=O)NC(Cc4ccccc4)C(O)(O)C[NH2+]CCCOC)cc31)N(C)S(=O)(=O)CC2,1,S1(=O)(=O)N(c2cc(cc3n(cc(CC1)c23)CC)C(=O)NC(Cc1ccccc1)C(O)(O)C[NH2+]C1CCOCC1)C,1,1,0,Exmol_based,Generated using exmol-based algorithm
CCn1cc2c3c(c4c(C(=O)NC(Cc5ccccc5)C(O)(O)C[NH2+]C5CCOCC5)c-4c31)N(C)S(=O)(=O)CC2,1,S1(=O)(=O)N(c2cc(cc3n(cc(CC1)c23)CC)C(=O)NC(Cc1ccccc1)C(O)(O)C[NH2+]C1CCOCC1)C,1,1,0,Exmol_based,Generated using exmol-based algorithm
CCn1cc2c3c(cc(C(=O)NC(Cc4ccccc4)C(O)O)cc31)N(C)S(=O)(=O)CC2.C[NH2+]C1CCOCC1,1,S1(=O)(=O)N(c2cc(cc3n(cc(CC1)c23)CC)C(=O)NC(Cc1ccccc1)C(O)(O)C[NH2+]C1CCOCC1)C,1,1,0,Exmol_based,Generated using exmol-based algorithm
COc1ccc(-c2nsc(C)c2C(=O)/N=C(/N)NCc2cc(C)c(NC(=O)O)c(Cl)c2)cc1,1,Clc1cc(cc(C)c1NC(=O)C)CN\C(=N/C(=O)c1c(nsc1C)-c1ccc(OC)cc1)\N,1,1,0,Exmol_based,Generated using exmol-based algorithm
CC=O.COc1ccc(-c2nsc(C)c2C(=O)/N=C(/N)NCc2cc(C)c(N)c(Cl)c2)cc1,1,Clc1cc(cc(C)c1NC(=O)C)CN\C(=N/C(=O)c1c(nsc1C)-c1ccc(OC)cc1)\N,1,1,0,Exmol_based,Generated using exmol-based algorithm
COc1ccc(-c2nsc(C=O)c2C(=O)/N=C(/N)NCc2cc(C)c(NC(C)=O)c(Cl)c2)cc1,1,Clc1cc(cc(C)c1NC(=O)C)CN\C(=N/C(=O)c1c(nsc1C)-c1ccc(OC)cc1)\N,1,1,0,Exmol_based,Generated using exmol-based algorithm
C.CCCNC(=O)C([NH2+]CC(Cc1ccccc1)NC(=O)c1cc(C(=O)NC(C)c2ccccc2)cc(N(C)S(C)(=O)=O)c1)C(C)O,1,S(=O)(=O)(N(C)c1cc(cc(c1)C(=O)NC(Cc1ccccc1)C[NH2+]C(C(O)C)C(=O)NCC(C)C)C(=O)NC(C)c1ccccc1)C,1,1,0,Exmol_based,Generated using exmol-based algorithm
CC(C)CNC(=O)C([NH2+]CC1Cc2ccccc2N(C(C)c2ccccc2)C(=O)c2cc(cc(N(C)S(C)(=O)=O)c2)C(=O)N1)C(C)O,1,S(=O)(=O)(N(C)c1cc(cc(c1)C(=O)NC(Cc1ccccc1)C[NH2+]C(C(O)C)C(=O)NCC(C)C)C(=O)NC(C)c1ccccc1)C,1,1,0,Exmol_based,Generated using exmol-based algorithm
CC(C)CNC(=O)C([NH2+]CC(Cc1ccccc1)NC(=O)c1cc(C(=O)NC(C)c2ccccc2)cc(N(C)S(C)(=O)=O)c1)C(C)O,1,S(=O)(=O)(N(C)c1cc(cc(c1)C(=O)NC(Cc1ccccc1)C[NH2+]C(C(O)C)C(=O)NCC(C)C)C(=O)NC(C)c1ccccc1)C,1,1,0,Exmol_based,Generated using exmol-based algorithm
CC(C)CC(CCC(C)C(=O)NC(C(=O)NCc1ccccc1)C(C)C)NC(=O)C1CC(=O)NCCCCCCOC(=O)NC(C(C)C)C(=O)N1.O,1,O1CCCCCCNC(=O)CC(NC(=O)C(NC1=O)C(C)C)C(=O)NC(C(O)CC(C(=O)NC(C(C)C)C(=O)NCc1ccccc1)C)CC(C)C,1,1,0,Exmol_based,Generated using exmol-based algorithm
CC(C)CC1(NC(=O)C2CC(=O)NCCCCCCOC(=O)NC(C(C)C)C(=O)N2)c2cccc(c2)CNC(=O)C(C(C)C)NC(=O)C(C)CC1O,1,O1CCCCCCNC(=O)CC(NC(=O)C(NC1=O)C(C)C)C(=O)NC(C(O)CC(C(=O)NC(C(C)C)C(=O)NCc1ccccc1)C)CC(C)C,1,1,0,Exmol_based,Generated using exmol-based algorithm
CC(C)C(N)C(=O)NCc1ccccc1.CCCC(O)C(CC(C)C)NC(=O)C1CC(=O)NCCCCCCOC(=O)NC(C(C)C)C(=O)N1.O,1,O1CCCCCCNC(=O)CC(NC(=O)C(NC1=O)C(C)C)C(=O)NC(C(O)CC(C(=O)NC(C(C)C)C(=O)NCc1ccccc1)C)CC(C)C,1,1,0,Exmol_based,Generated using exmol-based algorithm
CCCN(CCO)C(=O)c1cccc(C(=O)NC(Cc2ccccc2)C([NH3+])CC(C)C(=O)Nc2ccc(F)cc2)c1,1,Fc1ccc(NC(=O)C(CC([NH3+])C(NC(=O)c2cc(ccc2)C(=O)N(CCC)CCC)Cc2ccccc2)C)cc1,1,1,0,Exmol_based,Generated using exmol-based algorithm
CCCN1CCCc2ccc(cc2)CC(C([NH3+])CC(C)C(=O)Nc2ccc(F)cc2)NC(=O)c2cccc(c2)C1=O,1,Fc1ccc(NC(=O)C(CC([NH3+])C(NC(=O)c2cc(ccc2)C(=O)N(CCC)CCC)Cc2ccccc2)C)cc1,1,1,0,Exmol_based,Generated using exmol-based algorithm
CCCN(CCC)C(=O)c1cccc(C(=O)NC(Cc2ccccc2)C([NH3+])CC(C)C(=O)Nc2ccc(F)cp2)c1,1,Fc1ccc(NC(=O)C(CC([NH3+])C(NC(=O)c2cc(ccc2)C(=O)N(CCC)CCC)Cc2ccccc2)C)cc1,1,1,0,Exmol_based,Generated using exmol-based algorithm
F.F.NC1=[NH+]C(c2ccncc2)(c2cccc(-c3cncnc3)c2)c2cccc(F)c21,1,Fc1c2c(ccc1)C([NH+]=C2N)(c1cc(ccc1)-c1cncnc1)c1cc(ncc1)C(F)F,1,1,0,Exmol_based,Generated using exmol-based algorithm
Fc1cccc2c1C=[NH+]C2(c1cccc(-c2cncnc2)c1)c1ccnc(C(F)F)c1.N,1,Fc1c2c(ccc1)C([NH+]=C2N)(c1cc(ccc1)-c1cncnc1)c1cc(ncc1)C(F)F,1,1,0,Exmol_based,Generated using exmol-based algorithm
NC1=[NH+]C(c2ccnc(C(F)F)c2)(c2cccc(-c3cncnc3)p2)c2cccc(F)c21,1,Fc1c2c(ccc1)C([NH+]=C2N)(c1cc(ccc1)-c1cncnc1)c1cc(ncc1)C(F)F,1,1,0,Exmol_based,Generated using exmol-based algorithm
C.Cc1snc(-c2ccccc2)c1C(=O)/N=C(/N)NCc1cc(Cl)c(N)c(Cl)c1,1,Clc1cc(cc(Cl)c1N)CN\C(=N/C(=O)c1c(nsc1C)-c1ccc(OC)cc1)\N,1,1,0,Exmol_based,Generated using exmol-based algorithm
COc1ccc(-c2nsc(C)c2C(=O)/N=C(/N=O)NCc2cc(Cl)c(N)c(Cl)c2)cc1,1,Clc1cc(cc(Cl)c1N)CN\C(=N/C(=O)c1c(nsc1C)-c1ccc(OC)cc1)\N,1,1,0,Exmol_based,Generated using exmol-based algorithm
COc1ccc(-c2nsc(C)c2C(=O)/N=C(/N)NCc2cc(Cl)c(N)c(Cl)c2N)cc1,1,Clc1cc(cc(Cl)c1N)CN\C(=N/C(=O)c1c(nsc1C)-c1ccc(OC)cc1)\N,1,1,0,Exmol_based,Generated using exmol-based algorithm
CN1C(=O)CC(c2cc(-c3cccc(C#N)c3)cs2)N=C1N,1,s1cc(cc1C1(N=C(N)N(C)C(=O)C1)C)-c1cc(ccc1)C#N,1,1,0,Exmol_based,Generated using exmol-based algorithm
CN1C(=O)CC(C)(c2cc(-c3cccc(C#N)c3)cs2)N=C1N,1,s1cc(cc1C1(N=C(N)N(C)C(=O)C1)C)-c1cc(ccc1)C#N,1,1,0,Exmol_based,Generated using exmol-based algorithm
CN1C(=O)CC(C)(c2cc(-c3cccc(C#N)c3)cs2)N=C1N,1,s1cc(cc1C1(N=C(N)N(C)C(=O)C1)C)-c1cc(ccc1)C#N,1,1,0,Exmol_based,Generated using exmol-based algorithm
CN1C(=[NH2+])NC(c2cccc(-c3cnc(S)c(Cl)c3)c2)(C2CC2)C1=O,1,Clc1cc(cnc1)-c1cc(ccc1)C1(NC(=[NH2+])N(C)C1=O)C1CC1,1,1,0,Exmol_based,Generated using exmol-based algorithm
CN1C(=[NH2+])NC(C2CC2)C1=O.Clc1cncc(-c2ccccc2)c1,1,Clc1cc(cnc1)-c1cc(ccc1)C1(NC(=[NH2+])N(C)C1=O)C1CC1,1,1,0,Exmol_based,Generated using exmol-based algorithm
CN1C(=[NH2+])NC(C2CC2)C1=O.Clc1cncc(-c2ccccc2)c1,1,Clc1cc(cnc1)-c1cc(ccc1)C1(NC(=[NH2+])N(C)C1=O)C1CC1,1,1,0,Exmol_based,Generated using exmol-based algorithm
CN1C(=O)C(CNc2ccccc2)C(c2ccc(-c3ccc(F)c(C#N)c3)s2)N=C1N,1,s1c(ccc1-c1cc(C#N)c(F)cc1)C12N=C(N)N(C)C(=O)C1CN(C2)c1ccccc1,1,1,0,Exmol_based,Generated using exmol-based algorithm
CN1C(=O)C2CN(c3ccncc3)CC2(c2ccc(-c3ccc(F)c(C#N)c3)s2)N=C1N,1,s1c(ccc1-c1cc(C#N)c(F)cc1)C12N=C(N)N(C)C(=O)C1CN(C2)c1ccccc1,1,1,0,Exmol_based,Generated using exmol-based algorithm
CC1C(=O)C2CN(c3ccccc3)CC2(c2ccc(-c3ccc(F)c(C#N)c3)s2)N=C1N,1,s1c(ccc1-c1cc(C#N)c(F)cc1)C12N=C(N)N(C)C(=O)C1CN(C2)c1ccccc1,1,1,0,Exmol_based,Generated using exmol-based algorithm
CN1C(=[NH2+])NC(c2ccccc2)(c2ccccc2)C1=O.COc1ccccc1,1,O(C)c1cc(ccc1)-c1cc(ccc1)C1(NC(=[NH2+])N(C)C1=O)c1ccccc1,1,1,0,Exmol_based,Generated using exmol-based algorithm
COc1cccc(-c2cccc(C3(c4c5cccc4-5)NC(=[NH2+])N(C)C3=O)c2)c1,1,O(C)c1cc(ccc1)-c1cc(ccc1)C1(NC(=[NH2+])N(C)C1=O)c1ccccc1,1,1,0,Exmol_based,Generated using exmol-based algorithm
CN1C(=[NH2+])NC(c2ccccc2)C1=O.COc1cccc(-c2ccccc2)c1,1,O(C)c1cc(ccc1)-c1cc(ccc1)C1(NC(=[NH2+])N(C)C1=O)c1ccccc1,1,1,0,Exmol_based,Generated using exmol-based algorithm
COc1cccc(-c2cccc(C3(C)CC(=O)N(C)C=N3)c2)c1.N,1,O(C)c1cc(ccc1)-c1cc(ccc1)C1(N=C(N)N(C)C(=O)C1)C,1,1,0,Exmol_based,Generated using exmol-based algorithm
COc1cccc(-c2cccc(C3(C)CC(=O)N(C)C(N)=N3)c2)c1,1,O(C)c1cc(ccc1)-c1cc(ccc1)C1(N=C(N)N(C)C(=O)C1)C,1,1,0,Exmol_based,Generated using exmol-based algorithm
COc1cccc(-c2cccc(C3CC(=O)N(C)C(N)=N3)c2)c1,1,O(C)c1cc(ccc1)-c1cc(ccc1)C1(N=C(N)N(C)C(=O)C1)C,1,1,0,Exmol_based,Generated using exmol-based algorithm
COc1cccc(CN2CC(C(=O)NC(Cc3ccccc3)C(O)C[NH2+]Cc3cc(N(C)C)ccp3)NC2=O)c1,1,O(C)c1cc(ccc1)CN1CC(NC1=O)C(=O)NC(Cc1ccccc1)C(O)C[NH2+]Cc1cc(N(C)C)ccc1,1,1,0,Exmol_based,Generated using exmol-based algorithm
COc1cccc(CN2CC(C(=O)NC(Cc3ccccc3)C(O)C[NH2+]Cc3cccc(N(C)C)c3)NC2=O)c1,1,O(C)c1cc(ccc1)CN1CC(NC1=O)C(=O)NC(Cc1ccccc1)C(O)C[NH2+]Cc1cc(N(C)C)ccc1,1,1,0,Exmol_based,Generated using exmol-based algorithm
C.CN(C)c1cccc(C[NH2+]CC(O)C(Cc2ccccc2)NC(=O)C2CN(Cc3ccccc3)C(=O)N2)c1,1,O(C)c1cc(ccc1)CN1CC(NC1=O)C(=O)NC(Cc1ccccc1)C(O)C[NH2+]Cc1cc(N(C)C)ccc1,1,1,0,Exmol_based,Generated using exmol-based algorithm
CN(C=O)C(N)=[NH2+].c1ccc(-c2cccnc2)cc1.c1ccccc1,1,O=C1N(C)C(=[NH2+])NC1(c1cc(ccc1)-c1cccnc1)c1ccccc1,1,1,0,Exmol_based,Generated using exmol-based algorithm
CNC(=O)C(N)(c1ccccc1)c1cccc(-c2cccnc2)c1.[NH2+],1,O=C1N(C)C(=[NH2+])NC1(c1cc(ccc1)-c1cccnc1)c1ccccc1,1,1,0,Exmol_based,Generated using exmol-based algorithm
CN1C(=[NH2+])NC(c2cccc(F)c2)(c2cccc(-c3cccnc3)c2)C1=O,1,O=C1N(C)C(=[NH2+])NC1(c1cc(ccc1)-c1cccnc1)c1ccccc1,1,1,0,Exmol_based,Generated using exmol-based algorithm
CN(C(=O)CCC(C1CCCCC1)N1Cc2cc(Oc3ccccc3)ccc2[NH+]=C1N)C1CCCCN1,1,O(c1cc2CN(C(CCC(=O)N(C)C3CCCCC3)C3CCCCC3)C(=[NH+]c2cc1)N)c1ccccc1,1,1,0,Exmol_based,Generated using exmol-based algorithm
NC1=[NH+]c2ccc(Oc3ccccc3)cc2CN1C(CCC(=O)NC1CCCCC1)C1CCCCC1,1,O(c1cc2CN(C(CCC(=O)N(C)C3CCCCC3)C3CCCCC3)C(=[NH+]c2cc1)N)c1ccccc1,1,1,0,Exmol_based,Generated using exmol-based algorithm
O=C1CCC(C2CCCCC2)N2Cc3cc(Oc4ccccc4)ccc3[NH+]=C2N=CN1C1CCCCC1,1,O(c1cc2CN(C(CCC(=O)N(C)C3CCCCC3)C3CCCCC3)C(=[NH+]c2cc1)N)c1ccccc1,1,1,0,Exmol_based,Generated using exmol-based algorithm
[NH2+]=C1NC2(c3ccccc3)C(=O)N1Cc1cccc2c1,1,O=C1N(C)C(=[NH2+])NC1(c1ccccc1)c1ccccc1,1,1,0,Exmol_based,Generated using exmol-based algorithm
CN1CNC(c2ccccc2)(c2ccccc2)C1=O.[NH2+],1,O=C1N(C)C(=[NH2+])NC1(c1ccccc1)c1ccccc1,1,1,0,Exmol_based,Generated using exmol-based algorithm
CN1C(=[NH2+])NC2(C1=O)c1ccc(cc1)-c1ccccc12,1,O=C1N(C)C(=[NH2+])NC1(c1ccccc1)c1ccccc1,1,1,0,Exmol_based,Generated using exmol-based algorithm
CC(O)C(Cc1ccccc1)NC(=O)C1(Cc2ccccc2)CN(Cc2ccccc2)C(=O)N1.CN(C)c1cccc(C[NH2+])c1,1,O=C1NC(CN1Cc1ccccc1)(Cc1ccccc1)C(=O)NC(Cc1ccccc1)C(O)C[NH2+]Cc1cc(N(C)C)ccc1,1,1,0,Exmol_based,Generated using exmol-based algorithm
CN(C)c1cc2cc(C[NH2+]CC(O)C(Cc3ccccc3)NC(=O)C3(Cc4ccccc4)CN(Cc4ccccc4)C(=O)N3)c1=2,1,O=C1NC(CN1Cc1ccccc1)(Cc1ccccc1)C(=O)NC(Cc1ccccc1)C(O)C[NH2+]Cc1cc(N(C)C)ccc1,1,1,0,Exmol_based,Generated using exmol-based algorithm
C.CNc1cccc(C[NH2+]CC(O)C(Cc2ccccc2)NC(=O)C2(Cc3ccccc3)CN(Cc3ccccc3)C(=O)N2)c1,1,O=C1NC(CN1Cc1ccccc1)(Cc1ccccc1)C(=O)NC(Cc1ccccc1)C(O)C[NH2+]Cc1cc(N(C)C)ccc1,1,1,0,Exmol_based,Generated using exmol-based algorithm
CC(C)C#Cc1ccccc1-c1ccc2nc(N)ccc2c1,1,n1c2c(cc(cc2)-c2ccccc2C#CC(C)(C)C)ccc1N,1,1,0,Exmol_based,Generated using exmol-based algorithm
CC(C)C#Cc1ccccc1-c1ccc2nc(N)ccc2c1,1,n1c2c(cc(cc2)-c2ccccc2C#CC(C)(C)C)ccc1N,1,1,0,Exmol_based,Generated using exmol-based algorithm
CC(C)(C)C#Cc1ccccc1-c1ccc2nc(N)ccc2c1,1,n1c2c(cc(cc2)-c2ccccc2C#CC(C)(C)C)ccc1N,1,1,0,Exmol_based,Generated using exmol-based algorithm
CCCC(C)CNC(=O)CCc1cc2ccccc2nc1N,1,O=C(NCC1CCCCC1)CCc1cc2c(nc1N)cccc2,1,1,0,Exmol_based,Generated using exmol-based algorithm
C1CCCCC1.NC(=O)CCc1cc2ccccc2nc1N,1,O=C(NCC1CCCCC1)CCc1cc2c(nc1N)cccc2,1,1,0,Exmol_based,Generated using exmol-based algorithm
O=C(CCc1cc2ccccc2nc1P)NCC1CCCCC1,1,O=C(NCC1CCCCC1)CCc1cc2c(nc1N)cccc2,1,1,0,Exmol_based,Generated using exmol-based algorithm
CCCC(CC)N(C)C(=O)CCc1cc2ccccc2nc1N,1,O=C(N(C)C1CCCCC1)CCc1cc2c(nc1N)cccc2,1,1,0,Exmol_based,Generated using exmol-based algorithm
CNC1CCCCC1.Nc1nc2ccccc2cc1CCC=O,1,O=C(N(C)C1CCCCC1)CCc1cc2c(nc1N)cccc2,1,1,0,Exmol_based,Generated using exmol-based algorithm
Nc1nc2ccccc2cc1CCC(=O)NC1CCCCC1,1,O=C(N(C)C1CCCCC1)CCc1cc2c(nc1N)cccc2,1,1,0,Exmol_based,Generated using exmol-based algorithm
Nc1nc2ccc(-c3ccsc3)cc2cc1O,1,s1cc(cc1)-c1cc2c(nc(N)cc2)cc1,1,1,0,Exmol_based,Generated using exmol-based algorithm
Nc1ccc2cc(-c3ccsc3)ccc2n1,1,s1cc(cc1)-c1cc2c(nc(N)cc2)cc1,1,1,0,Exmol_based,Generated using exmol-based algorithm
c1cnc2ccc(-c3ccsc3)cc2c1,1,s1cc(cc1)-c1cc2c(nc(N)cc2)cc1,1,1,0,Exmol_based,Generated using exmol-based algorithm
COc1cc(Cl)cc(C[NH+]2CCC(N)CC2)c1OC(C)C.COc1ccc(S(N)(=O)=O)cc1C.O,1,Clc1cc(C[NH+]2CCC(NC(=O)COc3ccc(S(=O)(=O)N)cc3C)CC2)c(OC(C)C)c(OC)c1,1,1,0,Exmol_based,Generated using exmol-based algorithm
C.Cc1cc(S(N)(=O)=O)ccc1OCC(=O)NC1CC[NH+](Cc2cc(Cl)ccc2OC(C)C)CC1,1,Clc1cc(C[NH+]2CCC(NC(=O)COc3ccc(S(=O)(=O)N)cc3C)CC2)c(OC(C)C)c(OC)c1,1,1,0,Exmol_based,Generated using exmol-based algorithm
C.CCOc1c(C[NH+]2CCC(NC(=O)COc3ccc(S(N)(=O)=O)cc3C)CC2)cc(Cl)cc1OC,1,Clc1cc(C[NH+]2CCC(NC(=O)COc3ccc(S(=O)(=O)N)cc3C)CC2)c(OC(C)C)c(OC)c1,1,1,0,Exmol_based,Generated using exmol-based algorithm
COc1cc(Cl)cc(C[NH+](C)CCCNC(=O)COc2ccc(S(N)(=O)=O)cc2)c1OC(C)C,1,Clc1cc(C[NH+]2CCC(NC(=O)COc3ccc(S(=O)(=O)N)cc3)CC2)c(OC(C)C)c(OC)c1,1,1,0,Exmol_based,Generated using exmol-based algorithm
COc1cc(Cl)cc(C[NH+]2CCC(NC(=O)COc3ccccc3)CC2)c1OC(C)C.N.O.O,1,Clc1cc(C[NH+]2CCC(NC(=O)COc3ccc(S(=O)(=O)N)cc3)CC2)c(OC(C)C)c(OC)c1,1,1,0,Exmol_based,Generated using exmol-based algorithm
CC[NH+](CCCNC(=O)COc1ccc(S(N)(=O)=O)cc1)Cc1cc(Cl)cc(OC)c1OC(C)C,1,Clc1cc(C[NH+]2CCC(NC(=O)COc3ccc(S(=O)(=O)N)cc3)CC2)c(OC(C)C)c(OC)c1,1,1,0,Exmol_based,Generated using exmol-based algorithm
C1CCCCC1.[NH3+]CCc1ccc(O)cc1,1,Oc1ccc(cc1C1CCCCC1)CC[NH3+],1,1,0,Exmol_based,Generated using exmol-based algorithm
C[NH3+].Cc1ccc(O)c(C2CCCCC2)c1,1,Oc1ccc(cc1C1CCCCC1)CC[NH3+],1,1,0,Exmol_based,Generated using exmol-based algorithm
[NH3+]CCc1cc2c(O)c(C3CCCCC3)c1-2,1,Oc1ccc(cc1C1CCCCC1)CC[NH3+],1,1,0,Exmol_based,Generated using exmol-based algorithm
[NH3+]CCc1ccc(O)c(CBr)c1,1,Oc1ccc(cc1CC)CC[NH3+],1,1,0,Exmol_based,Generated using exmol-based algorithm
CCc1cc(C)ccc1O.C[NH3+],1,Oc1ccc(cc1CC)CC[NH3+],1,1,0,Exmol_based,Generated using exmol-based algorithm
CCc1cc(C)ccc1O.[NH3+],1,Oc1ccc(cc1CC)CC[NH3+],1,1,0,Exmol_based,Generated using exmol-based algorithm
CCCc1ccc(O)cc1,1,Oc1ccc(cc1)CC([NH3+])C,1,1,0,Exmol_based,Generated using exmol-based algorithm
CC[NH3+].Cc1ccc(O)cc1,1,Oc1ccc(cc1)CC([NH3+])C,1,1,0,Exmol_based,Generated using exmol-based algorithm
CC[NH3+].Oc1ccccc1,1,Oc1ccc(cc1)CC([NH3+])C,1,1,0,Exmol_based,Generated using exmol-based algorithm
C[NH3+].Cc1ccc(O)cc1,1,Oc1ccc(cc1)CC[NH3+],1,1,0,Exmol_based,Generated using exmol-based algorithm
Cc1ccc(O)cc1.[NH3+],1,Oc1ccc(cc1)CC[NH3+],1,1,0,Exmol_based,Generated using exmol-based algorithm
[NH3+]SCc1ccc(O)cc1,1,Oc1ccc(cc1)CC[NH3+],1,1,0,Exmol_based,Generated using exmol-based algorithm
Cc1ccccc1-c1ccc2ncc(CC(C)C(=O)NCCC(C)(C)C)cc2c1,1,O=C(NCCC(C)(C)C)C(Cc1cc2cc(ccc2nc1N)-c1ccccc1C)C,1,1,0,Exmol_based,Generated using exmol-based algorithm
CC(C)C.CNC(=O)C(C)Cc1cc2cc(-c3ccccc3C)ccc2nc1N,1,O=C(NCCC(C)(C)C)C(Cc1cc2cc(ccc2nc1N)-c1ccccc1C)C,1,1,0,Exmol_based,Generated using exmol-based algorithm
Cc1ccccc1-c1ccc2nc(N)c(CC(C)C(=O)NCCC(C)(C)C)cc2c1,1,O=C(NCCC(C)(C)C)C(Cc1cc2cc(ccc2nc1N)-c1ccccc1C)C,1,1,0,Exmol_based,Generated using exmol-based algorithm
C.CCC1(NC(C)=O)CCN(C(CCc2ccccc2)C(=O)NC(Cc2cc(F)cc(F)c2)C(O)C2CC(O)C[NH2+]2)C1=O,1,Fc1cc(cc(F)c1)CC(NC(=O)C(N1CCC(NC(=O)C)(C(CC)C)C1=O)CCc1ccccc1)C(O)C1[NH2+]CC(O)C1,1,1,0,Exmol_based,Generated using exmol-based algorithm
CCC(C)C1(NC(C)=O)CCN(C(CCc2ccccc2)C(=O)NC(Cc2cc(F)cc(F)c2)C(O)C(CCO)[NH2+]C)C1=O,1,Fc1cc(cc(F)c1)CC(NC(=O)C(N1CCC(NC(=O)C)(C(CC)C)C1=O)CCc1ccccc1)C(O)C1[NH2+]CC(O)C1,1,1,0,Exmol_based,Generated using exmol-based algorithm
CC(=O)NC1(C(C)CCCl)CCN(C(CCc2ccccc2)C(=O)NC(Cc2cc(F)cc(F)c2)C(O)C2CC(O)C[NH2+]2)C1=O,1,Fc1cc(cc(F)c1)CC(NC(=O)C(N1CCC(NC(=O)C)(C(CC)C)C1=O)CCc1ccccc1)C(O)C1[NH2+]CC(O)C1,1,1,0,Exmol_based,Generated using exmol-based algorithm
C.C.C.CC(=O)NC(Cc1ccc(C)c(F)c1)C(O)C[NH2+]C1CC2(CCC2)Oc2ncc(C)cc21,1,Fc1cc(ccc1C)CC(NC(=O)C)C(O)C[NH2+]C1CC2(Oc3ncc(cc13)CC(C)(C)C)CCC2,1,1,0,Exmol_based,Generated using exmol-based algorithm
Cc1ccc(CC(NC=O)C(O)C[NH2+]C2CC3(CCC3)Oc3ncc(CC(C)(C)C)cc32)cc1F,1,Fc1cc(ccc1C)CC(NC(=O)C)C(O)C[NH2+]C1CC2(Oc3ncc(cc13)CC(C)(C)C)CCC2,1,1,0,Exmol_based,Generated using exmol-based algorithm
CC(=O)NC(Cc1ccc(C)c(F)c1)C(O)C[NH2+]C1CC2(CCC2)Oc2ncc(CC(C)(C)Br)cc21,1,Fc1cc(ccc1C)CC(NC(=O)C)C(O)C[NH2+]C1CC2(Oc3ncc(cc13)CC(C)(C)C)CCC2,1,1,0,Exmol_based,Generated using exmol-based algorithm
CC(=O)NC1C(c2cccc(F)c2)C1(O)C[NH2+]C1CC2(CCC2)Oc2ncc(CC(C)(C)C)cc21,1,Fc1cc(ccc1)CC(NC(=O)C)C(O)C[NH2+]C1CC2(Oc3ncc(cc13)CC(C)(C)C)CCC2,1,1,0,Exmol_based,Generated using exmol-based algorithm
C.CC(C)(C)Cc1cnc2c(c1)C([NH2+]CC(O)C(N)Cc1cccc(F)c1)CC1(CCC1)O2.O,1,Fc1cc(ccc1)CC(NC(=O)C)C(O)C[NH2+]C1CC2(Oc3ncc(cc13)CC(C)(C)C)CCC2,1,1,0,Exmol_based,Generated using exmol-based algorithm
CC(C)(C)Cc1cnc2c(c1)C([NH2+]CC(O)C(N)Cc1cccc(F)c1)CC1(CCC1)O2.CC=O,1,Fc1cc(ccc1)CC(NC(=O)C)C(O)C[NH2+]C1CC2(Oc3ncc(cc13)CC(C)(C)C)CCC2,1,1,0,Exmol_based,Generated using exmol-based algorithm
CCCN(CC)C(=O)c1cc(C(=O)NC(Cc2cc(F)cc(F)c2)C(O)C[NH2+]Cc2cccc(OC)c2)cc(/C(C)=N\OC)c1,1,Fc1cc(cc(F)c1)CC(NC(=O)c1cc(cc(c1)/C(=N\OC)/C)C(=O)N(CCC)CCC)C(O)C[NH2+]Cc1cc(OC)ccc1,1,1,0,Exmol_based,Generated using exmol-based algorithm
CCCN(CCC)C(=O)c1cccc(/C(C)=N\OC)c1.COc1cccc(C[NH2+]CC(O)C(N)Cc2cc(F)cc(F)c2)c1.O,1,Fc1cc(cc(F)c1)CC(NC(=O)c1cc(cc(c1)/C(=N\OC)/C)C(=O)N(CCC)CCC)C(O)C[NH2+]Cc1cc(OC)ccc1,1,1,0,Exmol_based,Generated using exmol-based algorithm
C.CCCN(CCC)C(=O)c1cc(C(=O)NC(Cc2cc(F)cc(F)c2)C(O)C[NH2+]Cc2cccc(O)c2)cc(/C(C)=N\OC)c1,1,Fc1cc(cc(F)c1)CC(NC(=O)c1cc(cc(c1)/C(=N\OC)/C)C(=O)N(CCC)CCC)C(O)C[NH2+]Cc1cc(OC)ccc1,1,1,0,Exmol_based,Generated using exmol-based algorithm
CC.CC(C)c1cccc(C[NH2+]CC(O)C2Cc3cccc(c3)OCCCCNc3cc(cc(N(C)S(C)(=O)=O)c3)C(=O)N2)c1,1,S(=O)(=O)(N(C)c1cc2cc(NCCCCOc3cc(CC(NC2=O)C(O)C[NH2+]Cc2cc(ccc2)C(C)C)ccc3)c1)CCC,1,1,0,Exmol_based,Generated using exmol-based algorithm
CC(C)c1cccc(C[NH2+]CCO)c1.CCCS(=O)(=O)N(C)c1cc(NCCCCOc2cccc(C)c2)cc(C(N)=O)c1,1,S(=O)(=O)(N(C)c1cc2cc(NCCCCOc3cc(CC(NC2=O)C(O)C[NH2+]Cc2cc(ccc2)C(C)C)ccc3)c1)CCC,1,1,0,Exmol_based,Generated using exmol-based algorithm
CC(C)c1cccc(C[NH2+]CC(O)C2Cc3cccc(c3)OCCCCNc3cc(cc(N(C)[SH](=O)=O)c3)C(=O)N2)c1.CCC,1,S(=O)(=O)(N(C)c1cc2cc(NCCCCOc3cc(CC(NC2=O)C(O)C[NH2+]Cc2cc(ccc2)C(C)C)ccc3)c1)CCC,1,1,0,Exmol_based,Generated using exmol-based algorithm
CC(C)c1cccc(C2([NH2+]CC(O)C34Cc5cccc(c5)OCCCCOc5cc(cc(c5)N5C(=O)CCC53)C(=O)N4)CC2)c1,1,O1CCCCOc2cc(CC(NC(=O)c3cc(N4CCCC4=O)cc1c3)C(O)C[NH2+]C1(CC1)c1cc(ccc1)C(C)C)ccc2,1,1,0,Exmol_based,Generated using exmol-based algorithm
CC(C)c1cccc(C23CC2OC(C2Cc4cccc(c4)OCCCCOc4cc(cc(N5CCCC5=O)c4)C(=O)N2)C[NH2+]3)c1,1,O1CCCCOc2cc(CC(NC(=O)c3cc(N4CCCC4=O)cc1c3)C(O)C[NH2+]C1(CC1)c1cc(ccc1)C(C)C)ccc2,1,1,0,Exmol_based,Generated using exmol-based algorithm
CCOc1cc(C(=O)NC(Cc2cccc(OC)c2)C(O)C[NH2+]C2(c3cccc(C(C)C)c3)CC2)cc(N2CCCC2=O)c1,1,O1CCCCOc2cc(CC(NC(=O)c3cc(N4CCCC4=O)cc1c3)C(O)C[NH2+]C1(CC1)c1cc(ccc1)C(C)C)ccc2,1,1,0,Exmol_based,Generated using exmol-based algorithm
CCC(O)C1(NC(C)=O)CCN(C(CCc2ccccc2)C(=O)NC(Cc2cc(F)cc(F)c2)C(O)C2CC(OCc3cccnc3)C[NH2+]2)C1=O,1,Fc1cc(cc(F)c1)CC(NC(=O)C(N1CCC(NC(=O)C)(C(CC)C)C1=O)CCc1ccccc1)C(O)C1[NH2+]CC(OCc2cccnc2)C1,1,1,0,Exmol_based,Generated using exmol-based algorithm
CCC(C)C1(NC(C)=O)CCN(C(CCc2ccccc2)C(=O)NC(Cc2cc(F)c(Br)c(F)c2)C(O)C2CC(OCc3cccnc3)C[NH2+]2)C1=O,1,Fc1cc(cc(F)c1)CC(NC(=O)C(N1CCC(NC(=O)C)(C(CC)C)C1=O)CCc1ccccc1)C(O)C1[NH2+]CC(OCc2cccnc2)C1,1,1,0,Exmol_based,Generated using exmol-based algorithm
CCC(C)C1(NC(C)=O)CON(C(CCc2ccccc2)C(=O)NC(Cc2cc(F)cc(F)c2)C(O)C2CC(OCc3cccnc3)C[NH2+]2)C1=O,1,Fc1cc(cc(F)c1)CC(NC(=O)C(N1CCC(NC(=O)C)(C(CC)C)C1=O)CCc1ccccc1)C(O)C1[NH2+]CC(OCc2cccnc2)C1,1,1,0,Exmol_based,Generated using exmol-based algorithm
CC[SH](C)C1(NC(C)=O)CCN(C(CCc2ccccc2)C(=O)NC(Cc2cc(F)cc(F)c2)C(O)C2CC(OCc3ccccn3)C[NH2+]2)C1=O,1,Fc1cc(cc(F)c1)CC(NC(=O)C(N1CCC(NC(=O)C)(C(CC)C)C1=O)CCc1ccccc1)C(O)C1[NH2+]CC(OCc2ncccc2)C1,1,1,0,Exmol_based,Generated using exmol-based algorithm
CCC(C)C1(NC(C)=O)CCNC1=O.CCc1ccccc1.O=CNC(Cc1cc(F)cc(F)c1)C(O)C1CC(OCc2ccccn2)C[NH2+]1,1,Fc1cc(cc(F)c1)CC(NC(=O)C(N1CCC(NC(=O)C)(C(CC)C)C1=O)CCc1ccccc1)C(O)C1[NH2+]CC(OCc2ncccc2)C1,1,1,0,Exmol_based,Generated using exmol-based algorithm
CCC(C)C1(NC(C)=O)CCN(C(CCc2ccncc2)C(=O)NC(Cc2cc(F)cc(F)c2)C(O)C2CC(OCc3ccccn3)C[NH2+]2)C1=O,1,Fc1cc(cc(F)c1)CC(NC(=O)C(N1CCC(NC(=O)C)(C(CC)C)C1=O)CCc1ccccc1)C(O)C1[NH2+]CC(OCc2ncccc2)C1,1,1,0,Exmol_based,Generated using exmol-based algorithm
COCC(=O)NC(Cc1cc(F)cc(-c2nccs2)c1)C(O)C[NH2+]CCC1(Oc2ccc(CC(C)(C)C)cn2)CCC1,1,s1ccnc1-c1cc(cc(F)c1)CC(NC(=O)COC)C(O)C[NH2+]C1CC2(Oc3ncc(cc13)CC(C)(C)C)CCC2,1,1,0,Exmol_based,Generated using exmol-based algorithm
COCC(=O)NC(Cc1cc(F)cc(-c2nccs2)c1)C(O)C[NH2+]C1NC2(CCC2)Oc2ncc(CC(C)(C)C)cc21,1,s1ccnc1-c1cc(cc(F)c1)CC(NC(=O)COC)C(O)C[NH2+]C1CC2(Oc3ncc(cc13)CC(C)(C)C)CCC2,1,1,0,Exmol_based,Generated using exmol-based algorithm
C.COCC(=O)NC(Cc1cc(F)cc(-c2nccs2)c1)C(O)C[NH2+]C1CC2(CCC2)Oc2ncc(CC(C)C)cc21,1,s1ccnc1-c1cc(cc(F)c1)CC(NC(=O)COC)C(O)C[NH2+]C1CC2(Oc3ncc(cc13)CC(C)(C)C)CCC2,1,1,0,Exmol_based,Generated using exmol-based algorithm
C#Cc1cc(F)cc(C2C(NC(=O)COC)C(O)C2[NH2+]C2CC3(CCC3)Oc3ncc(CC(C)(C)C)cc32)c1,1,Fc1cc(cc(c1)C#C)CC(NC(=O)COC)C(O)C[NH2+]C1CC2(Oc3ncc(cc13)CC(C)(C)C)CCC2,1,1,0,Exmol_based,Generated using exmol-based algorithm
C#Cc1cc(F)cc(CC(NC(=O)COC)C(O)C[NH2+]C2CC3(CCC3)Oc3ncc(CC(C)(C)C)cc32)c1,1,Fc1cc(cc(c1)C#C)CC(NC(=O)COC)C(O)C[NH2+]C1CC2(Oc3ncc(cc13)CC(C)(C)C)CCC2,1,1,0,Exmol_based,Generated using exmol-based algorithm
C#Cc1cc(F)cc(CC(NC(=O)COC)C(O)C2=CC(C)(C)Cc3cnc4c(c3)C(CC3(CCC3)O4)[NH2+]2)c1,1,Fc1cc(cc(c1)C#C)CC(NC(=O)COC)C(O)C[NH2+]C1CC2(Oc3ncc(cc13)CC(C)(C)C)CCC2,1,1,0,Exmol_based,Generated using exmol-based algorithm
CC(=O)NC(Cc1ccc(F)c(F)c1)C(O)C[NH2+]C1CC2(CCC2)Oc2ncc(CC(C)(C)CP)cc21,1,Fc1cc(ccc1F)CC(NC(=O)C)C(O)C[NH2+]C1CC2(Oc3ncc(cc13)CC(C)(C)C)CCC2,1,1,0,Exmol_based,Generated using exmol-based algorithm
C.CC(=O)NC(Cc1ccc(F)c(F)c1)C(O)C[NH2+]C1CC2(CCC2)Oc2ncc(CC(C)C)cc21,1,Fc1cc(ccc1F)CC(NC(=O)C)C(O)C[NH2+]C1CC2(Oc3ncc(cc13)CC(C)(C)C)CCC2,1,1,0,Exmol_based,Generated using exmol-based algorithm
CC(=O)NC(Cc1ccc(F)c(F)c1)C(O)C[NH2+]C1CC2(CCC2)Oc2ncc(CC(C)C)cc21,1,Fc1cc(ccc1F)CC(NC(=O)C)C(O)C[NH2+]C1CC2(Oc3ncc(cc13)CC(C)(C)C)CCC2,1,1,0,Exmol_based,Generated using exmol-based algorithm
CC.CCCN(C)C(=O)c1cc(C(=O)NC(Cc2cc(F)cc(F)c2)C(O)C[NH2+]Cc2cccc(OC)c2)cc(C(C)O)c1,1,Fc1cc(cc(F)c1)CC(NC(=O)c1cc(cc(c1)C(=O)N(CCC)CCC)C(O)C)C(O)C[NH2+]Cc1cc(OC)ccc1,1,1,0,Exmol_based,Generated using exmol-based algorithm
CCCN(CCC)C(=O)c1cc(C(=O)NC(Cc2cccc(F)c2)C(O)C[NH2+]Cc2cccc(OC)c2)cc(C(C)O)c1,1,Fc1cc(cc(F)c1)CC(NC(=O)c1cc(cc(c1)C(=O)N(CCC)CCC)C(O)C)C(O)C[NH2+]Cc1cc(OC)ccc1,1,1,0,Exmol_based,Generated using exmol-based algorithm
CCCN(CCC)C(=O)c1cc(C(=O)NC(Cc2cc(F)cc(F)c2)C(O)C[NH2+]Cc2cccc(OC)c2)cc(C(C)O)c1,1,Fc1cc(cc(F)c1)CC(NC(=O)c1cc(cc(c1)C(=O)N(CCC)CCC)C(O)C)C(O)C[NH2+]Cc1cc(OC)ccc1,1,1,0,Exmol_based,Generated using exmol-based algorithm
CCCS(=O)(=O)N(C)c1cc2cc(c1)C(=O)NC(C(O)C[NH2+]C1(c3cccc(C(C)C)c3)CC1)Cc1cccc(c1)OCCCCN2,1,S(=O)(=O)(N(C)c1cc2cc(NCCCCOc3cc(CC(NC2=O)C(O)C[NH2+]C2(CC2)c2cc(ccc2)C(C)C)ccc3)c1)CCC,1,1,0,Exmol_based,Generated using exmol-based algorithm
CCCS(=O)(=O)N(C)c1cc2pc(c1)C(=O)NC(C(O)C[NH2+]C1(c3cccc(C(C)C)c3)CC1)Cc1cccc(c1)OCCCCN2,1,S(=O)(=O)(N(C)c1cc2cc(NCCCCOc3cc(CC(NC2=O)C(O)C[NH2+]C2(CC2)c2cc(ccc2)C(C)C)ccc3)c1)CCC,1,1,0,Exmol_based,Generated using exmol-based algorithm
CCCS(=O)N(C)c1cc2cc(c1)C(=O)NC(C(O)C[NH2+]C1(c3cccc(C(C)C)c3)CC1)Cc1cccc(c1)OCCCCN2,1,S(=O)(=O)(N(C)c1cc2cc(NCCCCOc3cc(CC(NC2=O)C(O)C[NH2+]C2(CC2)c2cc(ccc2)C(C)C)ccc3)c1)CCC,1,1,0,Exmol_based,Generated using exmol-based algorithm
CC(C)(C)c1cccc(C[NH2+]C2CS(=O)(=O)CC(Cc3cc(F)c(N)c(OC(C(O)(F)F)C(F)(F)F)c3)C2O)c1,1,S1(=O)(=O)CC(Cc2cc(OC(C(F)(F)F)C(F)(F)F)c(N)c(F)c2)C(O)C([NH2+]Cc2cc(ccc2)C(C)(C)C)C1,1,1,0,Exmol_based,Generated using exmol-based algorithm
CC(C)(C)c1cccc(C[NH2+]C2CS(=O)(=O)CC(Cc3cc(F)c(N)c(OC(C(F)F)C(F)(F)F)c3)C2O)c1.F,1,S1(=O)(=O)CC(Cc2cc(OC(C(F)(F)F)C(F)(F)F)c(N)c(F)c2)C(O)C([NH2+]Cc2cc(ccc2)C(C)(C)C)C1,1,1,0,Exmol_based,Generated using exmol-based algorithm
CC(C)(C)c1cccc(C[NH2+]C2CS(=O)(=O)CC(Cc3cc(F)c(N)c(OCC(F)(F)F)c3)C2O)c1.F.F.F,1,S1(=O)(=O)CC(Cc2cc(OC(C(F)(F)F)C(F)(F)F)c(N)c(F)c2)C(O)C([NH2+]Cc2cc(ccc2)C(C)(C)C)C1,1,1,0,Exmol_based,Generated using exmol-based algorithm
COC[C@@H](Oc1cc(CC2CS(=O)CC([NH2+]Cc3cccc(C(C)(C)C)c3)C2O)cc(F)c1N)C(F)(F)F,1,S1(=O)(=O)CC(Cc2cc(O[C@H](COC)C(F)(F)F)c(N)c(F)c2)C(O)C([NH2+]Cc2cc(ccc2)C(C)(C)C)C1,1,1,0,Exmol_based,Generated using exmol-based algorithm
COC[C@@H](Oc1cc(CC2CS(=O)(=O)CC([NH2+]Cc3cccc(C(C)(C)C=P)c3)C2O)cc(F)c1N)C(F)(F)F,1,S1(=O)(=O)CC(Cc2cc(O[C@H](COC)C(F)(F)F)c(N)c(F)c2)C(O)C([NH2+]Cc2cc(ccc2)C(C)(C)C)C1,1,1,0,Exmol_based,Generated using exmol-based algorithm
COC[C@@H](Oc1cc(CC2CS(=O)(=O)CC([NH2+]Cc3cccc(C(C)(C)C)c3)C2O)cc(F)c1N)C(F)F.F,1,S1(=O)(=O)CC(Cc2cc(O[C@H](COC)C(F)(F)F)c(N)c(F)c2)C(O)C([NH2+]Cc2cc(ccc2)C(C)(C)C)C1,1,1,0,Exmol_based,Generated using exmol-based algorithm
CC(C)(O)c1cccc(C[NH2+]C2CS(=O)(=O)CC(Cc3cc(F)c(N)c(OC(C(F)F)C(F)(F)F)c3)C2O)c1.F,1,S1(=O)(=O)CC(Cc2cc(OC(C(F)(F)F)C(F)(F)F)c(N)c(F)c2)C(O)C([NH2+]Cc2cc(ccc2)C(O)(C)C)C1,1,1,0,Exmol_based,Generated using exmol-based algorithm
CC(C)(O)c1cpcc(C[NH2+]C2CS(=O)(=O)CC(Cc3cc(F)c(N)c(OC(C(F)(F)F)C(F)(F)F)c3)C2O)c1,1,S1(=O)(=O)CC(Cc2cc(OC(C(F)(F)F)C(F)(F)F)c(N)c(F)c2)C(O)C([NH2+]Cc2cc(ccc2)C(O)(C)C)C1,1,1,0,Exmol_based,Generated using exmol-based algorithm
CC(C)(O)c1cccc(C[NH2+]CC(O)C(Cc2cc(F)c(N)c(OC(C(F)(F)F)C(F)(F)F)c2)CS(C)(=O)=O)c1,1,S1(=O)(=O)CC(Cc2cc(OC(C(F)(F)F)C(F)(F)F)c(N)c(F)c2)C(O)C([NH2+]Cc2cc(ccc2)C(O)(C)C)C1,1,1,0,Exmol_based,Generated using exmol-based algorithm
CC(C)(CO)c1cccc(C[NH2+]C2CS(=O)(=O)CC(Cc3cc(F)cc(OC(C(F)(F)F)C(F)(F)F)c3)C2O)c1,1,S1(=O)(=O)CC(Cc2cc(OC(C(F)(F)F)C(F)(F)F)c(N)c(F)c2)C(O)C([NH2+]Cc2cc(ccc2)C(CO)(C)C)C1,1,1,0,Exmol_based,Generated using exmol-based algorithm
CC(C)(CO)c1cccc(C[NH2+]C2CS(=O)(=O)CC(Cc3cc(F)c(N)c(OC(C(F)F)C(F)(F)F)c3)C2O)c1,1,S1(=O)(=O)CC(Cc2cc(OC(C(F)(F)F)C(F)(F)F)c(N)c(F)c2)C(O)C([NH2+]Cc2cc(ccc2)C(CO)(C)C)C1,1,1,0,Exmol_based,Generated using exmol-based algorithm
CC(C)(CO)c1cccc(C[NH2+]C2CS(=O)(=O)CC(Cc3cc(F)c(N)c(OC(N)(C(F)(F)F)C(F)(F)F)c3)C2O)c1,1,S1(=O)(=O)CC(Cc2cc(OC(C(F)(F)F)C(F)(F)F)c(N)c(F)c2)C(O)C([NH2+]Cc2cc(ccc2)C(CO)(C)C)C1,1,1,0,Exmol_based,Generated using exmol-based algorithm
CC(=O)NC(Cc1ccc(F)c(OC(F)(F)F)c1)C(O)C[NH2+]C1CC2(CCC2P)Oc2ncc(CC(C)(C)C)cc21,1,Fc1ccc(cc1OC(F)(F)F)CC(NC(=O)C)C(O)C[NH2+]C1CC2(Oc3ncc(cc13)CC(C)(C)C)CCC2,1,1,0,Exmol_based,Generated using exmol-based algorithm
CC(=O)NC(Cc1ccc(F)c(OC(F)(F)F)c1)C(O)C[NH2+]CCC1(Oc2ccc(CC(C)(C)C)cn2)CCC1,1,Fc1ccc(cc1OC(F)(F)F)CC(NC(=O)C)C(O)C[NH2+]C1CC2(Oc3ncc(cc13)CC(C)(C)C)CCC2,1,1,0,Exmol_based,Generated using exmol-based algorithm
CCC1CC([NH2+]CC(O)C(Cc2ccc(F)c(OC(F)(F)F)c2)NC(C)=O)c2cc(CC(C)(C)C)cnc2O1,1,Fc1ccc(cc1OC(F)(F)F)CC(NC(=O)C)C(O)C[NH2+]C1CC2(Oc3ncc(cc13)CC(C)(C)C)CCC2,1,1,0,Exmol_based,Generated using exmol-based algorithm
CC(=O)NC(Cc1cccc(C(F)(F)F)c1)C(O)C(N)[NH2+]C1CC2(CCC2)Oc2ncc(CC(C)(C)C)cc21,1,FC(F)(F)c1cc(ccc1)CC(NC(=O)C)C(O)C[NH2+]C1CC2(Oc3ncc(cc13)CC(C)(C)C)CCC2,1,1,0,Exmol_based,Generated using exmol-based algorithm
C.CC(C)(C)Cc1cnc2c(c1)C([NH2+]CC(O)C(N)Cc1cccc(C(F)(F)F)c1)CC1(CCC1)O2.O,1,FC(F)(F)c1cc(ccc1)CC(NC(=O)C)C(O)C[NH2+]C1CC2(Oc3ncc(cc13)CC(C)(C)C)CCC2,1,1,0,Exmol_based,Generated using exmol-based algorithm
CC(=O)NC(Cc1ccccc1)C(O)C[NH2+]C1CC2(CCC2)Oc2ncc(CC(C)(C)C)cc21.F.F.F,1,FC(F)(F)c1cc(ccc1)CC(NC(=O)C)C(O)C[NH2+]C1CC2(Oc3ncc(cc13)CC(C)(C)C)CCC2,1,1,0,Exmol_based,Generated using exmol-based algorithm
CC(=O)NC(Cc1ccc(F)c(C#N)c1)C(C)O.CC(C)(C)Cc1cnc2c(c1)C([NH2+])CC1(CCC1)O2,1,Fc1ccc(cc1C#N)CC(NC(=O)C)C(O)C[NH2+]C1CC2(Oc3ncc(cc13)CC(C)(C)C)CCC2,1,1,0,Exmol_based,Generated using exmol-based algorithm
CC(=O)NC(Cc1ccc(F)c(C#N)c1)C(O)C[NH2+]Cc1cc(CC(C)(C)C)cnc1OC1(C)CCC1,1,Fc1ccc(cc1C#N)CC(NC(=O)C)C(O)C[NH2+]C1CC2(Oc3ncc(cc13)CC(C)(C)C)CCC2,1,1,0,Exmol_based,Generated using exmol-based algorithm
CC(C)(C)Cc1cnc2c(c1)C([NH2+]CC(O)C(N)Cc1ccc(F)c(C#N)c1)CC1(CCC1)O2.CC=O,1,Fc1ccc(cc1C#N)CC(NC(=O)C)C(O)C[NH2+]C1CC2(Oc3ncc(cc13)CC(C)(C)C)CCC2,1,1,0,Exmol_based,Generated using exmol-based algorithm
CCn1cc(C2(c3cccc(NC(=O)c4cc(C)ccn4)c3)N=C(N)c3c(F)cccc32)cc(C)c1=O,1,Fc1c2c(ccc1)C(N=C2N)(C=1C=C(C)C(=O)N(C=1)CC)c1cc(NC(=O)c2ncccc2)ccc1,1,1,0,Exmol_based,Generated using exmol-based algorithm
CCn1cc(C2(c3cccc(NC(=N)c4ccccn4)c3)N=C(N)c3c(F)cccc32)cc(C)c1=O,1,Fc1c2c(ccc1)C(N=C2N)(C=1C=C(C)C(=O)N(C=1)CC)c1cc(NC(=O)c2ncccc2)ccc1,1,1,0,Exmol_based,Generated using exmol-based algorithm
CCn1cc(C2(c3cccc(NC(=O)c4ccccn4)c3)C=CC=CC(F)=CC(N)=N2)cc(C)c1=O,1,Fc1c2c(ccc1)C(N=C2N)(C=1C=C(C)C(=O)N(C=1)CC)c1cc(NC(=O)c2ncccc2)ccc1,1,1,0,Exmol_based,Generated using exmol-based algorithm
CCCCCCNC(=O)C(C)Cc1cc2cc(-c3ccccc3C)ccc2nc1N,1,O=C(NCC1CCCCC1)C(Cc1cc2cc(ccc2nc1N)-c1ccccc1C)C,1,1,0,Exmol_based,Generated using exmol-based algorithm
Cc1ccccc1-c1cc2cc(CC(C)C(=O)NCC3CCCCC3)c(N)nc2cc1C,1,O=C(NCC1CCCCC1)C(Cc1cc2cc(ccc2nc1N)-c1ccccc1C)C,1,1,0,Exmol_based,Generated using exmol-based algorithm
Cc1c(F)cccc1-c1ccc2nc(N)c(CC(C)C(=O)NCC3CCCCC3)cc2c1,1,O=C(NCC1CCCCC1)C(Cc1cc2cc(ccc2nc1N)-c1ccccc1C)C,1,1,0,Exmol_based,Generated using exmol-based algorithm
CCc1ccc2c(c1)C([NH2+]CC(O)C1Cc3cccc(c3)CSCCn3cc(cc(N4CCCC4)c3=O)C(=O)N1)CC1(CCC1)O2,1,O1c2c(cc(cc2)CC)C([NH2+]CC(O)C2NC(=O)C=3C=C(N4CCCC4)C(=O)N(CCCCc4cc(C2)ccc4)C=3)CC12CCC2,1,1,0,Exmol_based,Generated using exmol-based algorithm
C.Cc1ccc2c(c1)C([NH2+]CC(O)C1Cc3cccc(c3)CCCCn3cc(cc(N4CCCC4)c3=O)C(=O)N1)CC1(CCC1)O2,1,O1c2c(cc(cc2)CC)C([NH2+]CC(O)C2NC(=O)C=3C=C(N4CCCC4)C(=O)N(CCCCc4cc(C2)ccc4)C=3)CC12CCC2,1,1,0,Exmol_based,Generated using exmol-based algorithm
CCc1ccc2c(c1)C([NH2+]CC(O)C1Cc3cccc(c3)CCCCn3cc(cc(N4CCCC4)c3=O)CN1)CC1(CCC1)O2.O,1,O1c2c(cc(cc2)CC)C([NH2+]CC(O)C2NC(=O)C=3C=C(N4CCCC4)C(=O)N(CCCCc4cc(C2)ccc4)C=3)CC12CCC2,1,1,0,Exmol_based,Generated using exmol-based algorithm
CC#Cc1cncc(-c2cccc(C34N=C(N)c5c3cc(F)c(c5F)-c3c4cn(CC)c(=O)c3C)c2)c1,1,Fc1c2c(cc(F)c1)C(N=C2N)(C=1C=C(C)C(=O)N(C=1)CC)c1cc(ccc1)-c1cc(cnc1)C#CC,1,1,0,Exmol_based,Generated using exmol-based algorithm
CC#Cc1cncc(-c2cccc(C34N=C(NC(C)n5cc3cc(C)c5=O)c3c(F)cc(F)cc34)c2)c1,1,Fc1c2c(cc(F)c1)C(N=C2N)(C=1C=C(C)C(=O)N(C=1)CC)c1cc(ccc1)-c1cc(cnc1)C#CC,1,1,0,Exmol_based,Generated using exmol-based algorithm
CC#Cc1cncc(-c2cccc(C3(c4cn(CC)c(=O)c(C)c4C)N=C(N)c4c(F)cc(F)cc43)c2)c1,1,Fc1c2c(cc(F)c1)C(N=C2N)(C=1C=C(C)C(=O)N(C=1)CC)c1cc(ccc1)-c1cc(cnc1)C#CC,1,1,0,Exmol_based,Generated using exmol-based algorithm
CCCOC1C[NH2+]C(C(O)C(Cc2cc(F)cc(F)c2)NC(=O)C(CCc2ccccc2)N2CCC(NC(C)=O)(C(C)CC)C2=O)C1,1,Fc1cc(cc(F)c1)CC(NC(=O)C(N1CCC(NC(=O)C)(C(CC)C)C1=O)CCc1ccccc1)C(O)C1[NH2+]CC(OCCC)C1,1,1,0,Exmol_based,Generated using exmol-based algorithm
CCC(C)C(C=O)(CC)NC(C)=O.CCCOC1C[NH2+]C(C(O)C(Cc2cc(F)cc(F)c2)NC(=O)CCCc2ccccc2)C1,1,Fc1cc(cc(F)c1)CC(NC(=O)C(N1CCC(NC(=O)C)(C(CC)C)C1=O)CCc1ccccc1)C(O)C1[NH2+]CC(OCCC)C1,1,1,0,Exmol_based,Generated using exmol-based algorithm
CCCOC1C[NH2+]C(C(O)C(Cc2cc(F)cc(F)c2)NC(=O)C(CCc2ccccc2)N(C)C(=O)C(NC(C)=O)C(C)CC)C1,1,Fc1cc(cc(F)c1)CC(NC(=O)C(N1CCC(NC(=O)C)(C(CC)C)C1=O)CCc1ccccc1)C(O)C1[NH2+]CC(OCCC)C1,1,1,0,Exmol_based,Generated using exmol-based algorithm
CCC(C)C1(NC(=O)CS)CCN(C(CCc2ccccc2)C(=O)NC(Cc2cc(F)cc(F)c2)C(O)C2CC(Oc3ccccc3)C[NH2+]2)C1=O,1,Fc1cc(cc(F)c1)CC(NC(=O)C(N1CCC(NC(=O)C)(C(CC)C)C1=O)CCc1ccccc1)C(O)C1[NH2+]CC(Oc2ccccc2)C1,1,1,0,Exmol_based,Generated using exmol-based algorithm
CCC(C)(Br)C1(NC(C)=O)CCN(C(CCc2ccccc2)C(=O)NC(Cc2cc(F)cc(F)c2)C(O)C2CC(Oc3ccccc3)C[NH2+]2)C1=O,1,Fc1cc(cc(F)c1)CC(NC(=O)C(N1CCC(NC(=O)C)(C(CC)C)C1=O)CCc1ccccc1)C(O)C1[NH2+]CC(Oc2ccccc2)C1,1,1,0,Exmol_based,Generated using exmol-based algorithm
C.CC.CC(=O)NC1CCN(C(CCc2ccccc2)C(=O)NC(Cc2cc(F)cc(F)c2)C(O)C2CC(Oc3ccccc3)C[NH2+]2)C1=O,1,Fc1cc(cc(F)c1)CC(NC(=O)C(N1CCC(NC(=O)C)(C(CC)C)C1=O)CCc1ccccc1)C(O)C1[NH2+]CC(Oc2ccccc2)C1,1,1,0,Exmol_based,Generated using exmol-based algorithm
CC.CCC1(NC(C)=O)CCN(C(CCc2ccccc2)C(=O)NC(Cc2cc(F)cc(F)c2)C(O)C2CC(Oc3ccccn3)C[NH2+]2)C1=O,1,Fc1cc(cc(F)c1)CC(NC(=O)C(N1CCC(NC(=O)C)(C(CC)C)C1=O)CCc1ccccc1)C(O)C1[NH2+]CC(Oc2ncccc2)C1,1,1,0,Exmol_based,Generated using exmol-based algorithm
CCC(C)C1(NC(C)=O)CC2c3ccnc(c3)OC3C[NH2+]C(C3)C(O)C(Cc3cc(F)cc(F)c3)NC(=O)C(CCc3ccccc3)N2C1=O,1,Fc1cc(cc(F)c1)CC(NC(=O)C(N1CCC(NC(=O)C)(C(CC)C)C1=O)CCc1ccccc1)C(O)C1[NH2+]CC(Oc2ncccc2)C1,1,1,0,Exmol_based,Generated using exmol-based algorithm
CCC(C)C1(NC(C)=O)CCN(C(CCc2ccccc2)C(=O)N2C(Cc3cc(F)cc(F)c3)C(O)C23CC(Oc2ccccn2)C[NH2+]3)C1=O,1,Fc1cc(cc(F)c1)CC(NC(=O)C(N1CCC(NC(=O)C)(C(CC)C)C1=O)CCc1ccccc1)C(O)C1[NH2+]CC(Oc2ncccc2)C1,1,1,0,Exmol_based,Generated using exmol-based algorithm
CCC(C)C(CC)(NC(C)=O)C(=O)NC(CCc1ccccc1)C(=O)NC(Cc1cc(F)cc(F)c1)C(O)C1CC(OCc2cccc(C(F)(F)F)c2)C[NH2+]1,1,Fc1cc(cc(F)c1)CC(NC(=O)C(N1CCC(NC(=O)C)(C(CC)C)C1=O)CCc1ccccc1)C(O)C1[NH2+]CC(OCc2cc(ccc2)C(F)(F)F)C1,1,1,0,Exmol_based,Generated using exmol-based algorithm
CCC(C)C1(NC(C)=O)CCN(C(CCc2ccccc2)C(=O)NC(Cc2cc(F)cc(F)c2)C(O)C2CC(OOc3cccc(C(F)(F)F)c3)C[NH2+]2)C1=O,1,Fc1cc(cc(F)c1)CC(NC(=O)C(N1CCC(NC(=O)C)(C(CC)C)C1=O)CCc1ccccc1)C(O)C1[NH2+]CC(OCc2cc(ccc2)C(F)(F)F)C1,1,1,0,Exmol_based,Generated using exmol-based algorithm
CCC(C)C(C)(NC(C)=O)C(=O)N(C)C(CCc1ccccc1)C(=O)NC(Cc1cc(F)cc(F)c1)C(O)C1CC(OCc2cccc(C(F)(F)F)c2)C[NH2+]1,1,Fc1cc(cc(F)c1)CC(NC(=O)C(N1CCC(NC(=O)C)(C(CC)C)C1=O)CCc1ccccc1)C(O)C1[NH2+]CC(OCc2cc(ccc2)C(F)(F)F)C1,1,1,0,Exmol_based,Generated using exmol-based algorithm
CC(C)(F)Cc1cnc2c(c1)C([NH2+]CC(O)C1Cc3cccc(c3)CCCn3cc(ccc3=O)C(=O)N1)CC1(CCC1)O2,1,O1c2ncc(cc2C([NH2+]CC(O)C2NC(=O)C=3C=CC(=O)N(CCCc4cc(C2)ccc4)C=3)CC12CCC2)CC(C)(C)C,1,1,0,Exmol_based,Generated using exmol-based algorithm
CC(C)C.Cc1cnc2c(c1)C([NH2+]CC(O)C1Cc3cccc(c3)CCCn3cc(ccc3=O)C(=O)N1)CC1(CCC1)O2,1,O1c2ncc(cc2C([NH2+]CC(O)C2NC(=O)C=3C=CC(=O)N(CCCc4cc(C2)ccc4)C=3)CC12CCC2)CC(C)(C)C,1,1,0,Exmol_based,Generated using exmol-based algorithm
CC(C)(N)Cc1cnc2c(c1)C([NH2+]CC(O)C1Cc3cccc(c3)CCCn3cc(ccc3=O)C(=O)N1)CC1(CCC1)O2,1,O1c2ncc(cc2C([NH2+]CC(O)C2NC(=O)C=3C=CC(=O)N(CCCc4cc(C2)ccc4)C=3)CC12CCC2)CC(C)(C)C,1,1,0,Exmol_based,Generated using exmol-based algorithm
C#Cc1ccc(F)c(CC(NC(=O)COC)C(O)C[NH2+]C2CC3(CCC3)Oc3ncc(CC(C)(C)O)cc32)c1,1,Fc1ccc(cc1CC(NC(=O)COC)C(O)C[NH2+]C1CC2(Oc3ncc(cc13)CC(C)(C)C)CCC2)C#C,1,1,0,Exmol_based,Generated using exmol-based algorithm
C#Cc1ccc(F)c(CCC(O)C[NH2+]C2CC3(CCC3)Oc3ncc(CC(C)(C)C)cc32)c1.COCC=O,1,Fc1ccc(cc1CC(NC(=O)COC)C(O)C[NH2+]C1CC2(Oc3ncc(cc13)CC(C)(C)C)CCC2)C#C,1,1,0,Exmol_based,Generated using exmol-based algorithm
C#Cc1ccc(F)c(CC(NC(=O)COC)C(O)C[NH2+]C2CC(C)(C)Oc3ncc(CC(C)(C)C)cc32)c1,1,Fc1ccc(cc1CC(NC(=O)COC)C(O)C[NH2+]C1CC2(Oc3ncc(cc13)CC(C)(C)C)CCC2)C#C,1,1,0,Exmol_based,Generated using exmol-based algorithm
CCCN(CCC)C(=O)c1cc(C=O)cc(/C(C)=N\O)c1.COc1cccc(C[NH2+]CC(O)C(N)Cc2cc(F)cc(F)c2)c1,1,Fc1cc(cc(F)c1)CC(NC(=O)c1cc(cc(c1)/C(=N\O)/C)C(=O)N(CCC)CCC)C(O)C[NH2+]Cc1cc(OC)ccc1,1,1,0,Exmol_based,Generated using exmol-based algorithm
CC.CCCN(C)C(=O)c1cc(C(=O)NC(Cc2cc(F)cc(F)c2)C(O)C[NH2+]Cc2cccc(OC)c2)cc(/C(C)=N\O)c1,1,Fc1cc(cc(F)c1)CC(NC(=O)c1cc(cc(c1)/C(=N\O)/C)C(=O)N(CCC)CCC)C(O)C[NH2+]Cc1cc(OC)ccc1,1,1,0,Exmol_based,Generated using exmol-based algorithm
CCCN(CCC)C(=O)c1cc(C(=O)NC(C)C(O)C[NH2+]Cc2cccc(OC)c2)cc(/C(C)=N\O)c1.Fc1cccc(F)c1,1,Fc1cc(cc(F)c1)CC(NC(=O)c1cc(cc(c1)/C(=N\O)/C)C(=O)N(CCC)CCC)C(O)C[NH2+]Cc1cc(OC)ccc1,1,1,0,Exmol_based,Generated using exmol-based algorithm
CCn1pc2c3c(cc(C(=O)NC(Cc4ccccc4)[C@H](O)C[NH2+]CCC(F)(F)F)cc31)N(C)S(=O)(=O)CC2,1,S1(=O)(=O)N(c2cc(cc3n(cc(CC1)c23)CC)C(=O)NC([C@H](O)C[NH2+]CCC(F)(F)F)Cc1ccccc1)C,1,1,0,Exmol_based,Generated using exmol-based algorithm
CCn1cc2c3c(cc(CNC(Cc4ccccc4)[C@H](O)C[NH2+]CCC(F)(F)F)cc31)N(C)S(=O)(=O)CC2.O,1,S1(=O)(=O)N(c2cc(cc3n(cc(CC1)c23)CC)C(=O)NC([C@H](O)C[NH2+]CCC(F)(F)F)Cc1ccccc1)C,1,1,0,Exmol_based,Generated using exmol-based algorithm
CCn1cc2c3c(cc(C=O)cc31)N(C)S(=O)(=O)CC2.O[C@@H](CCc1ccccc1)C[NH2+]CCC(F)(F)F,1,S1(=O)(=O)N(c2cc(cc3n(cc(CC1)c23)CC)C(=O)NC([C@H](O)C[NH2+]CCC(F)(F)F)Cc1ccccc1)C,1,1,0,Exmol_based,Generated using exmol-based algorithm
CCOc1cc(CNC(Cc2ccccc2)C(O)C[NH2+]Cc2cccc(C(F)(F)F)c2)cc(N(c2ccccc2)S(C)(=O)=O)c1.O,1,S(=O)(=O)(N(c1cc(cc(OCC)c1)C(=O)NC(Cc1ccccc1)C(O)C[NH2+]Cc1cc(ccc1)C(F)(F)F)c1ccccc1)C,1,1,0,Exmol_based,Generated using exmol-based algorithm
CS(=O)(=O)N(c1ccccc1)c1cc2cc(c1)C(=O)NC(Cc1ccccc1)C(O)C[NH2+]C(c1cccc(C(F)(F)F)c1)CCO2,1,S(=O)(=O)(N(c1cc(cc(OCC)c1)C(=O)NC(Cc1ccccc1)C(O)C[NH2+]Cc1cc(ccc1)C(F)(F)F)c1ccccc1)C,1,1,0,Exmol_based,Generated using exmol-based algorithm
CCOc1cc(C(=O)NC(Cc2ccccc2)C(O)C[NH2+]Cc2cccc(C(F)(F)F)c2)cc(N(c2ccccc2)S(C)(=O)=O)c1N,1,S(=O)(=O)(N(c1cc(cc(OCC)c1)C(=O)NC(Cc1ccccc1)C(O)C[NH2+]Cc1cc(ccc1)C(F)(F)F)c1ccccc1)C,1,1,0,Exmol_based,Generated using exmol-based algorithm
CCC(C)C1(NC(C)=O)CCN(C(CCc2ccccc2)C(=O)NC(Cc2cc(F)cc(F)c2)C(O)C2CC(OCc3cccc(C#N)c3)C[NH2+]2)C1=O,1,Fc1cc(cc(F)c1)CC(NC(=O)C(N1CCC(NC(=O)C)(C(CC)C)C1=O)CCc1ccccc1)C(O)C1[NH2+]CC(OCc2cc(ccc2)C#N)C1,1,1,0,Exmol_based,Generated using exmol-based algorithm
CCC(C)C1(NC(C)=O)CCN(C(CCc2ccccc2)C(=O)NC2C(c3cc(F)cc(F)c3)C2(O)C2CC(OCc3cccc(C#N)c3)C[NH2+]2)C1=O,1,Fc1cc(cc(F)c1)CC(NC(=O)C(N1CCC(NC(=O)C)(C(CC)C)C1=O)CCc1ccccc1)C(O)C1[NH2+]CC(OCc2cc(ccc2)C#N)C1,1,1,0,Exmol_based,Generated using exmol-based algorithm
CCC(C)C(C)(NC(C)=O)C(=O)N(C)C(CCc1ccccc1)C(=O)NC(Cc1cc(F)cc(F)c1)C(O)C1CC(OCc2cccc(C#N)c2)C[NH2+]1,1,Fc1cc(cc(F)c1)CC(NC(=O)C(N1CCC(NC(=O)C)(C(CC)C)C1=O)CCc1ccccc1)C(O)C1[NH2+]CC(OCc2cc(ccc2)C#N)C1,1,1,0,Exmol_based,Generated using exmol-based algorithm
C[CH]Oc1cc(CC2CS(=O)(=O)CC([NH2+]Cc3cccc(C(C)(C)C)c3)C2O)cc(F)c1N.F.F.F,1,S1(=O)(=O)CC(Cc2cc(O[C@@H](C(F)(F)F)C)c(N)c(F)c2)C(O)C([NH2+]Cc2cc(ccc2)C(C)(C)C)C1,1,1,0,Exmol_based,Generated using exmol-based algorithm
C[C@@H](Oc1cc(CC2CS(=O)(=O)CC([NH2+]Cc3cpcc(C(C)(C)C)c3)C2O)cc(F)c1N)C(F)(F)F,1,S1(=O)(=O)CC(Cc2cc(O[C@@H](C(F)(F)F)C)c(N)c(F)c2)C(O)C([NH2+]Cc2cc(ccc2)C(C)(C)C)C1,1,1,0,Exmol_based,Generated using exmol-based algorithm
C[C@@H](Oc1cc(CC2CS(=O)(=O)CC([NH2+]Cc3cccc(C(C)(C)Br)c3)C2O)cc(F)c1N)C(F)(F)F,1,S1(=O)(=O)CC(Cc2cc(O[C@@H](C(F)(F)F)C)c(N)c(F)c2)C(O)C([NH2+]Cc2cc(ccc2)C(C)(C)C)C1,1,1,0,Exmol_based,Generated using exmol-based algorithm
CC(CC(O)C(COc1cccc(F)c1)NC(=O)c1cc(C(=O)NC(C)c2ccccc2)cc(N(C)S(C)(=O)=O)c1)C(=O)NC(C(=O)NCc1ccccc1)C(C)C,1,S(=O)(=O)(N(C)c1cc(cc(c1)C(=O)NC(C(O)CC(C(=O)NC(C(C)C)C(=O)NCc1ccccc1)C)COc1cc(F)cc(F)c1)C(=O)NC(C)c1ccccc1)C,1,1,0,Exmol_based,Generated using exmol-based algorithm
CC(CC(O)C(COc1cc(F)cc(F)c1)NC(=O)c1cc(C=O)cc(N(C)S(C)(=O)=O)c1)C(=O)NC(C(=O)NCc1ccccc1)C(C)C.CC(N)c1ccccc1,1,S(=O)(=O)(N(C)c1cc(cc(c1)C(=O)NC(C(O)CC(C(=O)NC(C(C)C)C(=O)NCc1ccccc1)C)COc1cc(F)cc(F)c1)C(=O)NC(C)c1ccccc1)C,1,1,0,Exmol_based,Generated using exmol-based algorithm
CC(CC(O)C(COc1cc(F)cc(P)c1)NC(=O)c1cc(C(=O)NC(C)c2ccccc2)cc(N(C)S(C)(=O)=O)c1)C(=O)NC(C(=O)NCc1ccccc1)C(C)C,1,S(=O)(=O)(N(C)c1cc(cc(c1)C(=O)NC(C(O)CC(C(=O)NC(C(C)C)C(=O)NCc1ccccc1)C)COc1cc(F)cc(F)c1)C(=O)NC(C)c1ccccc1)C,1,1,0,Exmol_based,Generated using exmol-based algorithm
CC(O)C(=O)NC(Cc1cccc(-c2nccs2)c1)C(O)C[NH2+]C1CC2(CCC2)Oc2ncc(CC(C)(C)O)cc21,1,s1ccnc1-c1cc(ccc1)CC(NC(=O)C(O)C)C(O)C[NH2+]C1CC2(Oc3ncc(cc13)CC(C)(C)C)CCC2,1,1,0,Exmol_based,Generated using exmol-based algorithm
CC(O)C(=O)NC(Cc1cccc(-c2nccs2)c1)C(O)C[NH2+]C1CC(C)(C)Oc2ncc(CC(C)(C)C)cc21,1,s1ccnc1-c1cc(ccc1)CC(NC(=O)C(O)C)C(O)C[NH2+]C1CC2(Oc3ncc(cc13)CC(C)(C)C)CCC2,1,1,0,Exmol_based,Generated using exmol-based algorithm
CCC1(C)CC([NH2+]CC(O)C(Cc2cccc(-c3nccs3)c2)NC(=O)C(C)O)c2cc(CC(C)(C)C)cnc2O1,1,s1ccnc1-c1cc(ccc1)CC(NC(=O)C(O)C)C(O)C[NH2+]C1CC2(Oc3ncc(cc13)CC(C)(C)C)CCC2,1,1,0,Exmol_based,Generated using exmol-based algorithm
CC(C)c1ccccc1.CN(c1cc2cc(c1)C(=O)N[C@@H](c1ccccc1)C/C=C/COCC(C(O)C[NH2+])NC2=O)S(C)(=O)=O,1,S(=O)(=O)(N(C)c1cc2cc(c1)C(=O)N[C@H](C\C=C\COCC(NC2=O)C(O)C[NH2+]Cc1cc(ccc1)C(C)C)c1ccccc1)C,1,1,0,Exmol_based,Generated using exmol-based algorithm
CC(C)c1cccc(C[NH2+]CC(O)C2CSC/C=C/C[C@H](c3ccccc3)NC(=O)c3cc(cc(N(C)S(C)(=O)=O)c3)C(=O)N2)c1,1,S(=O)(=O)(N(C)c1cc2cc(c1)C(=O)N[C@H](C\C=C\COCC(NC2=O)C(O)C[NH2+]Cc1cc(ccc1)C(C)C)c1ccccc1)C,1,1,0,Exmol_based,Generated using exmol-based algorithm
CC(C)c1cccc(C[NH2+]CC(O)C2COC/C=C/C[C@H](c3ccccc3)NC(=O)c3cc(pc(N(C)S(C)(=O)=O)c3)C(=O)N2)c1,1,S(=O)(=O)(N(C)c1cc2cc(c1)C(=O)N[C@H](C\C=C\COCC(NC2=O)C(O)C[NH2+]Cc1cc(ccc1)C(C)C)c1ccccc1)C,1,1,0,Exmol_based,Generated using exmol-based algorithm
C#Cc1cccc(CCNC(=O)COC)c1.CC(C)(C)Cc1cnc2c(c1)C([NH2+]CCO)CC1(CCC1)O2,1,O1c2ncc(cc2C([NH2+]CC(O)C(NC(=O)COC)Cc2cc(ccc2)C#C)CC12CCC2)CC(C)(C)C,1,1,0,Exmol_based,Generated using exmol-based algorithm
C#Cc1cccc(CC(NC=O)C(O)C[NH2+]C2CC3(CCC3)Oc3ncc(CC(C)(C)C)cc32)c1.COC,1,O1c2ncc(cc2C([NH2+]CC(O)C(NC(=O)COC)Cc2cc(ccc2)C#C)CC12CCC2)CC(C)(C)C,1,1,0,Exmol_based,Generated using exmol-based algorithm
C#Cc1cccc(CC(NC(=O)COC)C(O)C[NH2+]Cc2cc(CC(C)(C)C)cnc2OC2(C)CCC2)c1,1,O1c2ncc(cc2C([NH2+]CC(O)C(NC(=O)COC)Cc2cc(ccc2)C#C)CC12CCC2)CC(C)(C)C,1,1,0,Exmol_based,Generated using exmol-based algorithm
CC(=O)NC(Cc1ccccc1F)C(O)C[NH2+]C(C)c1cc(CC(C)(C)C)cnc1OC1CCC1,1,Fc1ccccc1CC(NC(=O)C)C(O)C[NH2+]C1CC2(Oc3ncc(cc13)CC(C)(C)C)CCC2,1,1,0,Exmol_based,Generated using exmol-based algorithm
CC(=O)NCCc1ccccc1F.CC(C)(C)Cc1cnc2c(c1)C([NH2+]CCO)CC1(CCC1)O2,1,Fc1ccccc1CC(NC(=O)C)C(O)C[NH2+]C1CC2(Oc3ncc(cc13)CC(C)(C)C)CCC2,1,1,0,Exmol_based,Generated using exmol-based algorithm
C.CC(=O)NC(Cc1ccccc1F)C(O)C[NH2+]C1CC2(CCC2)Oc2ncc(CC(C)C)cc21,1,Fc1ccccc1CC(NC(=O)C)C(O)C[NH2+]C1CC2(Oc3ncc(cc13)CC(C)(C)C)CCC2,1,1,0,Exmol_based,Generated using exmol-based algorithm
CC(=O)NC(Cc1ccc(OS)c(F)c1)C(O)C[NH2+]C1CC2(CCC2)Oc2ncc(CC(C)(C)C)cc21,1,Fc1cc(ccc1OC)CC(NC(=O)C)C(O)C[NH2+]C1CC2(Oc3ncc(cc13)CC(C)(C)C)CCC2,1,1,0,Exmol_based,Generated using exmol-based algorithm
COc1ccc(CC(NC(C)=O)C(O)C[NH2+]Cc2cc(CC(C)(C)C)cnc2OC2(C)CCC2)cc1F,1,Fc1cc(ccc1OC)CC(NC(=O)C)C(O)C[NH2+]C1CC2(Oc3ncc(cc13)CC(C)(C)C)CCC2,1,1,0,Exmol_based,Generated using exmol-based algorithm
COc1ccc(CC(NC(C)=O)C(O)C[NH2+]Cc2cc(CC(C)(C)C)cnc2OC2CCC2)cc1F,1,Fc1cc(ccc1OC)CC(NC(=O)C)C(O)C[NH2+]C1CC2(Oc3ncc(cc13)CC(C)(C)C)CCC2,1,1,0,Exmol_based,Generated using exmol-based algorithm
CC(C)CNC(=O)C(C)CC(O)C(COCc1ccccc1)NC(=O)c1cc(C(=O)NC(C)c2ccccc2)cc(N(C)S(C)(=O)=O)c1.O=CNCc1ccccc1,1,S(=O)(=O)(N(C)c1cc(cc(c1)C(=O)NC(C(O)CC(C(=O)NC(C(C)C)C(=O)NCc1ccccc1)C)COCc1ccccc1)C(=O)NC(C)c1ccccc1)C,1,1,0,Exmol_based,Generated using exmol-based algorithm
C.CC(CC(O)C(COCc1ccccc1)NC(=O)c1cc(C(=O)NC(C)c2ccccc2)cc(N(C)[SH](=O)=O)c1)C(=O)NC(C(=O)NCc1ccccc1)C(C)C,1,S(=O)(=O)(N(C)c1cc(cc(c1)C(=O)NC(C(O)CC(C(=O)NC(C(C)C)C(=O)NCc1ccccc1)C)COCc1ccccc1)C(=O)NC(C)c1ccccc1)C,1,1,0,Exmol_based,Generated using exmol-based algorithm
C.CCC(NC(=O)C(C)CC(O)C(COCc1ccccc1)NC(=O)c1cc(C(=O)NC(C)c2ccccc2)cc(N(C)S(C)(=O)=O)c1)C(=O)NCc1ccccc1,1,S(=O)(=O)(N(C)c1cc(cc(c1)C(=O)NC(C(O)CC(C(=O)NC(C(C)C)C(=O)NCc1ccccc1)C)COCc1ccccc1)C(=O)NC(C)c1ccccc1)C,1,1,0,Exmol_based,Generated using exmol-based algorithm
C#Cc1cc(CC(NC(=O)COC)C(O)C[NH2+]C2CC(CCC)Oc3ncc(CC(C)(C)C)cc32)ccc1F,1,Fc1ccc(cc1C#C)CC(NC(=O)COC)C(O)C[NH2+]C1CC2(Oc3ncc(cc13)CC(C)(C)C)CCC2,1,1,0,Exmol_based,Generated using exmol-based algorithm
C#Cc1cc(CC(NC(=O)COC)C(O)C[NH2+]C2CS3(CCC3)Oc3ncc(CC(C)(C)C)cc32)ccc1F,1,Fc1ccc(cc1C#C)CC(NC(=O)COC)C(O)C[NH2+]C1CC2(Oc3ncc(cc13)CC(C)(C)C)CCC2,1,1,0,Exmol_based,Generated using exmol-based algorithm
C#Cc1cc(CCC(O)C[NH2+]C2CC3(CCC3)Oc3ncc(CC(C)(C)C)cc32)ccc1F.COCC=O,1,Fc1ccc(cc1C#C)CC(NC(=O)COC)C(O)C[NH2+]C1CC2(Oc3ncc(cc13)CC(C)(C)C)CCC2,1,1,0,Exmol_based,Generated using exmol-based algorithm
CC(=O)NC(Cc1cccc(-c2nccs2)c1)C(O)C[NH2+]C1OC2(CCC2)Oc2ncc(CC(C)(C)C)cc21,1,s1ccnc1-c1cc(ccc1)CC(NC(=O)C)C(O)C[NH2+]C1CC2(Oc3ncc(cc13)CC(C)(C)C)CCC2,1,1,0,Exmol_based,Generated using exmol-based algorithm
CC(=O)NC(Cc1cccc(-c2nccs2)c1)C(O)C[NH2+]C1CC2(CCC2)Oc2ncc(C)cc21.CC(C)C,1,s1ccnc1-c1cc(ccc1)CC(NC(=O)C)C(O)C[NH2+]C1CC2(Oc3ncc(cc13)CC(C)(C)C)CCC2,1,1,0,Exmol_based,Generated using exmol-based algorithm
CC(=O)NC(Cc1cccc(-c2nccs2)c1)C(C)O.CC(C)(C)Cc1cnc2c(c1)C([NH2+])CC1(CCC1)O2,1,s1ccnc1-c1cc(ccc1)CC(NC(=O)C)C(O)C[NH2+]C1CC2(Oc3ncc(cc13)CC(C)(C)C)CCC2,1,1,0,Exmol_based,Generated using exmol-based algorithm
CC(=O)NC(Cc1ccc(F)c(C)c1)C(O)C(S)[NH2+]C1CC2(CCC2)Oc2ncc(CC(C)(C)C)cc21,1,Fc1ccc(cc1C)CC(NC(=O)C)C(O)C[NH2+]C1CC2(Oc3ncc(cc13)CC(C)(C)C)CCC2,1,1,0,Exmol_based,Generated using exmol-based algorithm
CC(=O)NC(Cc1ccc(F)c(C)c1)C(O)C[NH2+]Cc1cc(CC(C)(C)C)cnc1OC1CCC1,1,Fc1ccc(cc1C)CC(NC(=O)C)C(O)C[NH2+]C1CC2(Oc3ncc(cc13)CC(C)(C)C)CCC2,1,1,0,Exmol_based,Generated using exmol-based algorithm
CC(=O)NC(Cc1ccc(F)c(C)c1)C(O)C[NH2+]C1C=CC(CC(C)(C)C)=CN=COC2(CCC2)C1,1,Fc1ccc(cc1C)CC(NC(=O)C)C(O)C[NH2+]C1CC2(Oc3ncc(cc13)CC(C)(C)C)CCC2,1,1,0,Exmol_based,Generated using exmol-based algorithm
CCCN(CCC)[PH](=O)c1cc(C(C)=O)cc(C(=O)NC(Cc2cc(F)cc(F)c2)C(O)C[NH2+]Cc2cccc(OC)c2)c1,1,Fc1cc(cc(F)c1)CC(NC(=O)c1cc(cc(c1)C(=O)N(CCC)CCC)C(=O)C)C(O)C[NH2+]Cc1cc(OC)ccc1,1,1,0,Exmol_based,Generated using exmol-based algorithm
CCCN(CCC)C(=O)c1cc(C(C)=O)cc(C(=O)NC(Cc2cccc(F)c2)C(O)C[NH2+]Cc2cccc(OC)c2)c1.F,1,Fc1cc(cc(F)c1)CC(NC(=O)c1cc(cc(c1)C(=O)N(CCC)CCC)C(=O)C)C(O)C[NH2+]Cc1cc(OC)ccc1,1,1,0,Exmol_based,Generated using exmol-based algorithm
CCCN(CCC)C(=O)c1cc(C(C)=O)cc(C(=O)NC(Cc2cc(F)cc(F)c2)C(O)C[NH2+]Cc2cccc(OC)c2)c1S,1,Fc1cc(cc(F)c1)CC(NC(=O)c1cc(cc(c1)C(=O)N(CCC)CCC)C(=O)C)C(O)C[NH2+]Cc1cc(OC)ccc1,1,1,0,Exmol_based,Generated using exmol-based algorithm
CS(=O)(=O)N(c1ccccc1)c1cc(C(=O)NC(Cc2ccccc2)C(O)C[NH2+]Cc2c3ccc(C(F)(F)F)c2-3)cc(C2CCCC2)c1,1,S(=O)(=O)(N(c1cc(cc(c1)C(=O)NC(Cc1ccccc1)C(O)C[NH2+]Cc1cc(ccc1)C(F)(F)F)C1CCCC1)c1ccccc1)C,1,1,0,Exmol_based,Generated using exmol-based algorithm
CS(=O)(=O)N(c1ccccc1)c1cc(C(=O)NC(Cc2ccccc2)N(O)C[NH2+]Cc2cccc(C(F)(F)F)c2)cc(C2CCCC2)c1,1,S(=O)(=O)(N(c1cc(cc(c1)C(=O)NC(Cc1ccccc1)C(O)C[NH2+]Cc1cc(ccc1)C(F)(F)F)C1CCCC1)c1ccccc1)C,1,1,0,Exmol_based,Generated using exmol-based algorithm
CS(=O)(=O)N(c1ccccc1)c1cc(CNC(Cc2ccccc2)C(O)C[NH2+]Cc2cccc(C(F)(F)F)c2)cc(C2CCCC2)c1,1,S(=O)(=O)(N(c1cc(cc(c1)C(=O)NC(Cc1ccccc1)C(O)C[NH2+]Cc1cc(ccc1)C(F)(F)F)C1CCCC1)c1ccccc1)C,1,1,0,Exmol_based,Generated using exmol-based algorithm
COCCOC[C@@H](Oc1cc(CC2CS(=O)(=O)CC([NH2+]Cc3cccc(C(C)(C)C)c3)C2O)cc(F)c1N)C(F)F.F,1,S1(=O)(=O)CC(Cc2cc(O[C@H](COCCOC)C(F)(F)F)c(N)c(F)c2)C(O)C([NH2+]Cc2cc(ccc2)C(C)(C)C)C1,1,1,0,Exmol_based,Generated using exmol-based algorithm
C.COCCOC[C@@H](Oc1cc(CC2CS(=O)(=O)CC([NH2+]Cc3cccc(C(C)C)c3)C2O)cc(F)c1N)C(F)(F)F,1,S1(=O)(=O)CC(Cc2cc(O[C@H](COCCOC)C(F)(F)F)c(N)c(F)c2)C(O)C([NH2+]Cc2cc(ccc2)C(C)(C)C)C1,1,1,0,Exmol_based,Generated using exmol-based algorithm
COCCOC[C@@H](Oc1cc(CC2CS(=O)(=O)CC([NH2+]Cc3cccc(C(C)(C)C)c3)C2O)cc(F)c1N)C(F)(F)F,1,S1(=O)(=O)CC(Cc2cc(O[C@H](COCCOC)C(F)(F)F)c(N)c(F)c2)C(O)C([NH2+]Cc2cc(ccc2)C(C)(C)C)C1,1,1,0,Exmol_based,Generated using exmol-based algorithm
COCC(=O)NC(Cc1cccc(-c2nccs2)c1)C(O)C[NH2+]C1CC2(CCC2)Oc2ncc(CC(C)(C)F)cc21,1,s1ccnc1-c1cc(ccc1)CC(NC(=O)COC)C(O)C[NH2+]C1CC2(Oc3ncc(cc13)CC(C)(C)C)CCC2,1,1,0,Exmol_based,Generated using exmol-based algorithm
COCC(=O)NC(Cc1cccc(-c2nccs2)c1)C(O)C[NH2+]C1CC2(CCC2)Oc2ncc(CC(C)(C)C)cc21,1,s1ccnc1-c1cc(ccc1)CC(NC(=O)COC)C(O)C[NH2+]C1CC2(Oc3ncc(cc13)CC(C)(C)C)CCC2,1,1,0,Exmol_based,Generated using exmol-based algorithm
COCC(=O)NC(Cc1cccc(-c2nccs2)c1)C(O)C[NH2+]C1CC(C)(C)Oc2ncc(CC(C)(C)C)cc21,1,s1ccnc1-c1cc(ccc1)CC(NC(=O)COC)C(O)C[NH2+]C1CC2(Oc3ncc(cc13)CC(C)(C)C)CCC2,1,1,0,Exmol_based,Generated using exmol-based algorithm
C.CCC1(NC(C)=O)CCN(C(CCc2ccccc2)C(=O)NC(Cc2cc(F)cc(F)c2)C(O)C2Cc3cccc(OC)c3C[NH2+]2)C1=O,1,Fc1cc(cc(F)c1)CC(NC(=O)C(N1CCC(NC(=O)C)(C(CC)C)C1=O)CCc1ccccc1)C(O)C1[NH2+]Cc2c(C1)cccc2OC,1,1,0,Exmol_based,Generated using exmol-based algorithm
CCC(C)C(NC(C)=O)C(=O)N(CC)C(CCc1ccccc1)C(=O)NC(Cc1cc(F)cc(F)c1)C(O)C1Cc2cccc(OC)c2C[NH2+]1,1,Fc1cc(cc(F)c1)CC(NC(=O)C(N1CCC(NC(=O)C)(C(CC)C)C1=O)CCc1ccccc1)C(O)C1[NH2+]Cc2c(C1)cccc2OC,1,1,0,Exmol_based,Generated using exmol-based algorithm
CCC(C)C1(NC(C)=O)CCN(C(CCc2ccccc2)C(=O)NC(CO)Cc2cc(F)cc(F)c2)C1=O.COc1cccc2c1C[NH2+]CC2,1,Fc1cc(cc(F)c1)CC(NC(=O)C(N1CCC(NC(=O)C)(C(CC)C)C1=O)CCc1ccccc1)C(O)C1[NH2+]Cc2c(C1)cccc2OC,1,1,0,Exmol_based,Generated using exmol-based algorithm
CC(=O)NC(Cc1ccc(F)c(OO)c1)C(O)C[NH2+]C1CC2(CCC2)Oc2ncc(CC(C)(C)C)cc21,1,Fc1ccc(cc1OC)CC(NC(=O)C)C(O)C[NH2+]C1CC2(Oc3ncc(cc13)CC(C)(C)C)CCC2,1,1,0,Exmol_based,Generated using exmol-based algorithm
CCC.COc1cc(CC(NC(C)=O)C(O)C[NH2+]C(C)c2cc(CC(C)(C)C)cnc2O)ccc1F,1,Fc1ccc(cc1OC)CC(NC(=O)C)C(O)C[NH2+]C1CC2(Oc3ncc(cc13)CC(C)(C)C)CCC2,1,1,0,Exmol_based,Generated using exmol-based algorithm
CC(C)(C)Cc1cnc2c(c1)CCC1(CCC1)O2.COc1cc(CC(NC(C)=O)C(C)O)ccc1F,1,Fc1ccc(cc1OC)CC(NC(=O)C)C(O)C[NH2+]C1CC2(Oc3ncc(cc13)CC(C)(C)C)CCC2,1,1,0,Exmol_based,Generated using exmol-based algorithm
CCCOC1C[NH2+]C(C(O)C(Cc2cc(F)cc(F)c2)NC(=O)C(CCc2ccccc2)N2CCC(C(O)CCC)C2)C1,1,Fc1cc(cc(F)c1)CC(NC(=O)C(N1CCC(C(O)CCC)C1=O)CCc1ccccc1)C(O)C1[NH2+]CC(OCCC)C1,1,1,0,Exmol_based,Generated using exmol-based algorithm
CCCOC1C[NH2+]C(C(O)C(Cc2cc(F)cc(F)c2)NC(=O)C(CCc2ccccc2)NC(=O)C(C)C(O)CCC)C1,1,Fc1cc(cc(F)c1)CC(NC(=O)C(N1CCC(C(O)CCC)C1=O)CCc1ccccc1)C(O)C1[NH2+]CC(OCCC)C1,1,1,0,Exmol_based,Generated using exmol-based algorithm
CCCOC1C[NH2+]C(C(O)C(Cc2cc(F)cc(F)c2)NC(=O)C(C)N2CCC(C(O)CCC)C2=O)C1.c1ccccc1,1,Fc1cc(cc(F)c1)CC(NC(=O)C(N1CCC(C(O)CCC)C1=O)CCc1ccccc1)C(O)C1[NH2+]CC(OCCC)C1,1,1,0,Exmol_based,Generated using exmol-based algorithm
C.CN1c2cc(C(=O)NC(Cc3ccccc3)C(O)C[NH2+]C3CCOCC3)cc3c2c(cn3C)CCS1(=O)=O,1,S1(=O)(=O)N(c2cc(cc3n(cc(CC1)c23)CC)C(=O)NC(Cc1ccccc1)C(O)C[NH2+]C1CCOCC1)C,1,1,0,Exmol_based,Generated using exmol-based algorithm
CCc1cn(CC)c2cc(C(=O)NC(Cc3ccccc3)C(O)C[NH2+]C3CCOCC3)cc(NC)c12.O.O,1,S1(=O)(=O)N(c2cc(cc3n(cc(CC1)c23)CC)C(=O)NC(Cc1ccccc1)C(O)C[NH2+]C1CCOCC1)C,1,1,0,Exmol_based,Generated using exmol-based algorithm
CCn1cc2c3c(cc(C(=O)NC(Cc4ccccc4)C(O)C[NH2+]C4CCOCC4)cc31)N(C)S(=O)(=O)CC2,1,S1(=O)(=O)N(c2cc(cc3n(cc(CC1)c23)CC)C(=O)NC(Cc1ccccc1)C(O)C[NH2+]C1CCOCC1)C,1,1,0,Exmol_based,Generated using exmol-based algorithm
CCn1cc(C)c2c(N(C)S(C)(=O)=O)cc(C(=O)NC(Cc3ccccc3)[C@H](O)CNc3ccccc3)cc21,1,S1(=O)(=O)N(c2cc(cc3n(cc(CC1)c23)CC)C(=O)NC([C@H](O)CNc1ccccc1)Cc1ccccc1)C,1,1,0,Exmol_based,Generated using exmol-based algorithm
CCn1cc2c3c(cc(C(=O)NC(Cc4ccccc4)[C@H](O)CNc4ccccc4)cc31)N(C)S(=O)(=O)CC2,1,S1(=O)(=O)N(c2cc(cc3n(cc(CC1)c23)CC)C(=O)NC([C@H](O)CNc1ccccc1)Cc1ccccc1)C,1,1,0,Exmol_based,Generated using exmol-based algorithm
CCn1cc2c3c(cc(C(=O)N4C(Cc5ccccc5)[C@H](O)CN4c4ccccc4)cc31)N(C)S(=O)(=O)CC2,1,S1(=O)(=O)N(c2cc(cc3n(cc(CC1)c23)CC)C(=O)NC([C@H](O)CNc1ccccc1)Cc1ccccc1)C,1,1,0,Exmol_based,Generated using exmol-based algorithm
CCc1cn2c3c(cc(C(=O)NC(Cc4ccccc4)C(O)C[NH2+]C(C)(C)CCCC(C)C)cc13)N(C)S(=O)(=O)CC2,1,S1(=O)(=O)N(c2cc(cc3c2n(cc3CC)CC1)C(=O)NC(Cc1ccccc1)C(O)C[NH2+]C(CCCC(C)C)(C)C)C,1,1,0,Exmol_based,Generated using exmol-based algorithm
CCc1cn(CCS(=O)(=O)NC)c2ccc(C(=O)NC(Cc3ccccc3)C(O)C[NH2+]C(C)(C)CCCC(C)C)cc12,1,S1(=O)(=O)N(c2cc(cc3c2n(cc3CC)CC1)C(=O)NC(Cc1ccccc1)C(O)C[NH2+]C(CCCC(C)C)(C)C)C,1,1,0,Exmol_based,Generated using exmol-based algorithm
CC(C)C.CCc1cn2c3c(cc(C(=O)NC(Cc4ccccc4)C(O)C[NH2+]C(C)(C)CC)cc13)N(C)S(=O)(=O)CC2,1,S1(=O)(=O)N(c2cc(cc3c2n(cc3CC)CC1)C(=O)NC(Cc1ccccc1)C(O)C[NH2+]C(CCCC(C)C)(C)C)C,1,1,0,Exmol_based,Generated using exmol-based algorithm
CCc1cn2c3c(cc(C(=O)N[C@@H](Cc4ccccc4)[C@H](O)C[NH2+]C4CCOCC4)cc13)N(CC)S(=O)(=O)CC2,1,S1(=O)(=O)N(c2cc(cc3c2n(cc3CC)CC1)C(=O)N[C@H]([C@H](O)C[NH2+]C1CCOCC1)Cc1ccccc1)CC,1,1,0,Exmol_based,Generated using exmol-based algorithm
CCc1cn2c3c(cc(C(=O)N[C@@H](Cc4ccccc4)[C@H](O)C[NH2+]C(CC)CC)cc13)N(CC)S(=O)(=O)CC2,1,S1(=O)(=O)N(c2cc(cc3c2n(cc3CC)CC1)C(=O)N[C@H]([C@H](O)C[NH2+]C1CCOCC1)Cc1ccccc1)CC,1,1,0,Exmol_based,Generated using exmol-based algorithm
CCc1cn2c3c(cc(C(=O)N[C@@H](Cc4ccccc4)[C@H](O)C[NH2+]C4CCOCC4)cc13)N(CC)S(=O)(=O)CC2F,1,S1(=O)(=O)N(c2cc(cc3c2n(cc3CC)CC1)C(=O)N[C@H]([C@H](O)C[NH2+]C1CCOCC1)Cc1ccccc1)CC,1,1,0,Exmol_based,Generated using exmol-based algorithm
CC(C)c1cc(C(=O)NC(Cc2ccccc2)C(O)C[NH2+]Cc2cccc(C(F)(F)F)c2)cc(N(c2ccccc2)S(C)(=O)=O)c1,1,S(=O)(=O)(N(c1cc(cc(c1)C(=O)NC(Cc1ccccc1)C(O)C[NH2+]Cc1cc(ccc1)C(F)(F)F)C(C)C)c1ccccc1)C,1,1,0,Exmol_based,Generated using exmol-based algorithm
CC(C)c1cc(C(=O)N[SH](Cc2ccccc2)C(O)C[NH2+]Cc2cccc(C(F)(F)F)c2)cc(N(c2ccccc2)S(C)(=O)=O)c1,1,S(=O)(=O)(N(c1cc(cc(c1)C(=O)NC(Cc1ccccc1)C(O)C[NH2+]Cc1cc(ccc1)C(F)(F)F)C(C)C)c1ccccc1)C,1,1,0,Exmol_based,Generated using exmol-based algorithm
CC(C)c1cc(C(=O)N(F)C(Cc2ccccc2)C(O)C[NH2+]Cc2cccc(C(F)(F)F)c2)cc(N(c2ccccc2)S(C)(=O)=O)c1,1,S(=O)(=O)(N(c1cc(cc(c1)C(=O)NC(Cc1ccccc1)C(O)C[NH2+]Cc1cc(ccc1)C(F)(F)F)C(C)C)c1ccccc1)C,1,1,0,Exmol_based,Generated using exmol-based algorithm
C.C.CC(=O)NC(Cc1ccccc1)C(O)C[NH2+]C1CC2(CCC2)Oc2ncc(C)cc21,1,O1c2ncc(cc2C([NH2+]CC(O)C(NC(=O)C)Cc2ccccc2)CC12CCC2)CC(C)C,1,1,0,Exmol_based,Generated using exmol-based algorithm
C.CCCc1cnc2c(c1)C([NH2+]CC(O)C(Cc1ccccc1)NC(C)=O)CC1(CCC1)O2,1,O1c2ncc(cc2C([NH2+]CC(O)C(NC(=O)C)Cc2ccccc2)CC12CCC2)CC(C)C,1,1,0,Exmol_based,Generated using exmol-based algorithm
CC(=O)NC(Cc1ccccc1)C(C[NH2+]C1CC2(CCC2)Oc2ncc(CC(C)C)cc21)OS,1,O1c2ncc(cc2C([NH2+]CC(O)C(NC(=O)C)Cc2ccccc2)CC12CCC2)CC(C)C,1,1,0,Exmol_based,Generated using exmol-based algorithm
CCCC(O)C1CCN(C(CCc2ccccc2)C(=O)NC(Cc2cc(F)cc(F)c2)C(O)C[NH2+]Cc2cccc(OC)c2)S1=O,1,Fc1cc(cc(F)c1)CC(NC(=O)C(N1CCC(C(O)CCC)C1=O)CCc1ccccc1)C(O)C[NH2+]Cc1cc(OC)ccc1,1,1,0,Exmol_based,Generated using exmol-based algorithm
CCCC(O)C1CCN(C(CCc2ccccc2)C(=O)NC(Cc2cc(F)cc(F)c2)C(O)(S)C[NH2+]Cc2cccc(OC)c2)C1=O,1,Fc1cc(cc(F)c1)CC(NC(=O)C(N1CCC(C(O)CCC)C1=O)CCc1ccccc1)C(O)C[NH2+]Cc1cc(OC)ccc1,1,1,0,Exmol_based,Generated using exmol-based algorithm
C.CCC(O)C1CCN(C(CCc2ccccc2)C(=O)NC(Cc2cc(F)cc(F)c2)C(O)C[NH2+]Cc2cccc(OC)c2)C1=O,1,Fc1cc(cc(F)c1)CC(NC(=O)C(N1CCC(C(O)CCC)C1=O)CCc1ccccc1)C(O)C[NH2+]Cc1cc(OC)ccc1,1,1,0,Exmol_based,Generated using exmol-based algorithm
CCC.COCC(=O)NC(Cc1cccc(-c2cncs2)c1)C(O)C[NH2+]C(C)c1cc(CC(C)(C)C)cnc1O,1,s1cncc1-c1cc(ccc1)CC(NC(=O)COC)C(O)C[NH2+]C1CC2(Oc3ncc(cc13)CC(C)(C)C)CCC2,1,1,0,Exmol_based,Generated using exmol-based algorithm
COCC(=O)NC(Cc1cccc(-c2cncs2)c1)C(O)C[NH2+]C1CC2(CCC2)Oc2ncc(CC(C)(C)C)cc21,1,s1cncc1-c1cc(ccc1)CC(NC(=O)COC)C(O)C[NH2+]C1CC2(Oc3ncc(cc13)CC(C)(C)C)CCC2,1,1,0,Exmol_based,Generated using exmol-based algorithm
COCC(=O)NC(CC[NH2+]C1CC2(CCC2)Oc2ncc(CC(C)(C)C)cc21)Cc1cccc(-c2cncs2)c1.O,1,s1cncc1-c1cc(ccc1)CC(NC(=O)COC)C(O)C[NH2+]C1CC2(Oc3ncc(cc13)CC(C)(C)C)CCC2,1,1,0,Exmol_based,Generated using exmol-based algorithm
COCC(=O)NC(Cc1ccc2c(c1)OCO2)C(O)C[NH2+]C1C=CC(CC(C)(C)C)=CN=COC2(CCC2)C1,1,O1c2ncc(cc2C([NH2+]CC(O)C(NC(=O)COC)Cc2cc3OCOc3cc2)CC12CCC2)CC(C)(C)C,1,1,0,Exmol_based,Generated using exmol-based algorithm
COCC(=O)NC(Cc1ccc(OC)c(O)c1)C(O)C[NH2+]C1CC2(CCC2)Oc2ncc(CC(C)(C)C)cc21,1,O1c2ncc(cc2C([NH2+]CC(O)C(NC(=O)COC)Cc2cc3OCOc3cc2)CC12CCC2)CC(C)(C)C,1,1,0,Exmol_based,Generated using exmol-based algorithm
COCC(=O)NC(CC1=CS2=C(C=C1)OCO2)C(O)C[NH2+]C1CC2(CCC2)Oc2ncc(CC(C)(C)C)cc21,1,O1c2ncc(cc2C([NH2+]CC(O)C(NC(=O)COC)Cc2cc3OCOc3cc2)CC12CCC2)CC(C)(C)C,1,1,0,Exmol_based,Generated using exmol-based algorithm
CCCOC1C[NH2+]C(C(OBr)C(Cc2cc(F)cc(F)c2)NC(=O)C(CCc2ccccc2)N2CCC(CC(C)C)C2=O)C1,1,Fc1cc(cc(F)c1)CC(NC(=O)C(N1CCC(CC(C)C)C1=O)CCc1ccccc1)C(O)C1[NH2+]CC(OCCC)C1,1,1,0,Exmol_based,Generated using exmol-based algorithm
C.COC1C[NH2+]C(C(O)C(Cc2cc(F)cc(F)c2)NC(=O)C(CCc2ccccc2)N2CCC(CC(C)C)C2=O)C1,1,Fc1cc(cc(F)c1)CC(NC(=O)C(N1CCC(CC(C)C)C1=O)CCc1ccccc1)C(O)C1[NH2+]CC(OCCC)C1,1,1,0,Exmol_based,Generated using exmol-based algorithm
CCCOC1C[NH2+]C(C(O)C(Cc2cc(F)cc(F)c2)NC(=O)C(CCc2ccccc2)N2CCC(CCC)C2=O)C1,1,Fc1cc(cc(F)c1)CC(NC(=O)C(N1CCC(CC(C)C)C1=O)CCc1ccccc1)C(O)C1[NH2+]CC(OCCC)C1,1,1,0,Exmol_based,Generated using exmol-based algorithm
COCC(=O)NC(CO)Cc1cccc(-c2nc(C)cs2)c1.C[NH2+]C1CC2(CCC2)Oc2ncc(CC(C)(C)C)cc21,1,s1cc(nc1-c1cc(ccc1)CC(NC(=O)COC)C(O)C[NH2+]C1CC2(Oc3ncc(cc13)CC(C)(C)C)CCC2)C,1,1,0,Exmol_based,Generated using exmol-based algorithm
COCC(=O)NC(Cc1cccc(-c2nc(C)cs2)c1)C(O)C[NH2+]C1CC23CCC2CC(C)(C)Cc2cnc(c1c2)O3,1,s1cc(nc1-c1cc(ccc1)CC(NC(=O)COC)C(O)C[NH2+]C1CC2(Oc3ncc(cc13)CC(C)(C)C)CCC2)C,1,1,0,Exmol_based,Generated using exmol-based algorithm
C=CC(C)(C)Cc1cnc2c(c1)C([NH2+]CC(O)C(Cc1cccc(-c3nc(C)cs3)c1)NC(=O)COC)CC1(CCC1)O2,1,s1cc(nc1-c1cc(ccc1)CC(NC(=O)COC)C(O)C[NH2+]C1CC2(Oc3ncc(cc13)CC(C)(C)C)CCC2)C,1,1,0,Exmol_based,Generated using exmol-based algorithm
CC(C)C.CCOCC(=O)NC(Cc1cccc(-c2nccs2)c1)C(O)C[NH2+]C1CC2(CCC2)Oc2ncccc21,1,s1ccnc1-c1cc(ccc1)CC(NC(=O)COCC)C(O)C[NH2+]C1CC2(Oc3ncc(cc13)CC(C)(C)C)CCC2,1,1,0,Exmol_based,Generated using exmol-based algorithm
CCOCC(=O)N1C(Cc2cccc(-c3nccs3)c2)C(O)C1[NH2+]C1CC2(CCC2)Oc2ncc(CC(C)(C)C)cc21,1,s1ccnc1-c1cc(ccc1)CC(NC(=O)COCC)C(O)C[NH2+]C1CC2(Oc3ncc(cc13)CC(C)(C)C)CCC2,1,1,0,Exmol_based,Generated using exmol-based algorithm
CCOCC(=O)NC(Cc1cccc(-c2nccs2)c1)C(O)C[NH2+]C1CC(C)(CC)Oc2ncc(CC(C)(C)C)cc21,1,s1ccnc1-c1cc(ccc1)CC(NC(=O)COCC)C(O)C[NH2+]C1CC2(Oc3ncc(cc13)CC(C)(C)C)CCC2,1,1,0,Exmol_based,Generated using exmol-based algorithm
CC(=O)NC(Cc1ccccc1)C(O)C[NH2+]C1CC2(CCC2)Oc2ncc(CC(C)(C)P)cc21,1,O1c2ncc(cc2C([NH2+]CC(O)C(NC(=O)C)Cc2ccccc2)CC12CCC2)CC(C)(C)C,1,1,0,Exmol_based,Generated using exmol-based algorithm
CC(=O)NC(C)C(O)C[NH2+]C1CC2(CCC2)Oc2ncc(CC(C)(C)C)cc21.c1ccccc1,1,O1c2ncc(cc2C([NH2+]CC(O)C(NC(=O)C)Cc2ccccc2)CC12CCC2)CC(C)(C)C,1,1,0,Exmol_based,Generated using exmol-based algorithm
CC(C)(C)Cc1cnc2c(c1)C([NH2+]CC(O)C(Cc1ccccc1)NC(=O)P)CC1(CCC1)O2,1,O1c2ncc(cc2C([NH2+]CC(O)C(NC(=O)C)Cc2ccccc2)CC12CCC2)CC(C)(C)C,1,1,0,Exmol_based,Generated using exmol-based algorithm
CCC(C)C1(NC(C)=O)CCN(C(CCc2ccccc2)C(=O)NC(Cc2cc(F)cc(F)c2)C(O)C2CC(Oc3cccnc3)C(Cl)[NH2+]2)C1=O,1,Fc1cc(cc(F)c1)CC(NC(=O)C(N1CCC(NC(=O)C)(C(CC)C)C1=O)CCc1ccccc1)C(O)C1[NH2+]CC(Oc2cccnc2)C1,1,1,0,Exmol_based,Generated using exmol-based algorithm
CCC(C)C1(NC(C)=O)CCN(C(CCc2ccccc2)C(=O)NC(Cc2cc(F)cc(F)c2)C(O)C2CC(Oc3cccnc3S)C[NH2+]2)C1=O,1,Fc1cc(cc(F)c1)CC(NC(=O)C(N1CCC(NC(=O)C)(C(CC)C)C1=O)CCc1ccccc1)C(O)C1[NH2+]CC(Oc2cccnc2)C1,1,1,0,Exmol_based,Generated using exmol-based algorithm
CCC(C)C1(NC(C)=O)CCN(C(CCc2ccccc2)C(=O)NC(Cc2cc(F)cc(F)c2)C(O)C2CC(Oc3cccnn3)C[NH2+]2)C1=O,1,Fc1cc(cc(F)c1)CC(NC(=O)C(N1CCC(NC(=O)C)(C(CC)C)C1=O)CCc1ccccc1)C(O)C1[NH2+]CC(Oc2cccnc2)C1,1,1,0,Exmol_based,Generated using exmol-based algorithm
CCc1ccc2c(c1)N([NH2+]CC(O)C1Cc3cccc(c3)CCCCn3cc(cc(-c4ccccn4)c3=O)C(=O)N1)CC1(CCC1)O2,1,O1c2c(cc(cc2)CC)C([NH2+]CC(O)C2NC(=O)C=3C=C(c4ncccc4)C(=O)N(CCCCc4cc(C2)ccc4)C=3)CC12CCC2,1,1,0,Exmol_based,Generated using exmol-based algorithm
CCCn1cc(C(=O)NC(Cc2cccc(C)c2)C(O)C[NH2+]C2CC3(CCC3)Oc3ccc(CC)cc32)cc(-c2ccccn2)c1=O,1,O1c2c(cc(cc2)CC)C([NH2+]CC(O)C2NC(=O)C=3C=C(c4ncccc4)C(=O)N(CCCCc4cc(C2)ccc4)C=3)CC12CCC2,1,1,0,Exmol_based,Generated using exmol-based algorithm
CCC1=CC=COC2(CCC2)CC([NH2+]CC(O)C2Cc3cccc(c3)CCCCn3cc(cc(-c4ccccn4)c3=O)C(=O)N2)C=C1,1,O1c2c(cc(cc2)CC)C([NH2+]CC(O)C2NC(=O)C=3C=C(c4ncccc4)C(=O)N(CCCCc4cc(C2)ccc4)C=3)CC12CCC2,1,1,0,Exmol_based,Generated using exmol-based algorithm
CCCO/N=C(/C)c1cc(C(=O)NC(Cc2cc(F)cc(F)c2)[C@H](C)O)cc(N(c2ccccc2)S(C)(=O)=O)c1.COc1cccc(C[NH2+])c1,1,S(=O)(=O)(N(c1cc(cc(c1)/C(=N\OCCC)/C)C(=O)NC([C@@H](O)C[NH2+]Cc1cc(OC)ccc1)Cc1cc(F)cc(F)c1)c1ccccc1)C,1,1,0,Exmol_based,Generated using exmol-based algorithm
CCCO/N=C(/C)c1cc(C(=O)NC(Cc2cccc(F)c2)[C@@H](O)C[NH2+]Cc2cccc(OC)c2)cc(N(c2ccccc2)S(C)(=O)=O)c1.F,1,S(=O)(=O)(N(c1cc(cc(c1)/C(=N\OCCC)/C)C(=O)NC([C@@H](O)C[NH2+]Cc1cc(OC)ccc1)Cc1cc(F)cc(F)c1)c1ccccc1)C,1,1,0,Exmol_based,Generated using exmol-based algorithm
CCCO/N=C(/C)c1cc(C(=O)NC(Cc2cccc(F)c2)[C@@H](O)C[NH2+]Cc2cccc(OC)c2)cc(N(c2ccccc2)S(C)(=O)=O)c1.F,1,S(=O)(=O)(N(c1cc(cc(c1)/C(=N\OCCC)/C)C(=O)NC([C@@H](O)C[NH2+]Cc1cc(OC)ccc1)Cc1cc(F)cc(F)c1)c1ccccc1)C,1,1,0,Exmol_based,Generated using exmol-based algorithm
CCNc1cc(C(=O)N[C@@H](Cc2ccccc2)[C@H](O)C[NH2+]C(C)(C)c2cccc(C(F)F)c2)cc(N2CCCCS2(=O)=O)c1.F,1,S1(=O)(=O)N(CCCC1)c1cc(cc(NCC)c1)C(=O)N[C@H]([C@H](O)C[NH2+]C(C)(C)c1cc(ccc1)C(F)(F)F)Cc1ccccc1,1,1,0,Exmol_based,Generated using exmol-based algorithm
CCNc1cc(C(=O)N[C@@H](Cc2ccc(N)cc2)[C@H](O)C[NH2+]C(C)(C)c2cccc(C(F)(F)F)c2)cc(N2CCCCS2(=O)=O)c1,1,S1(=O)(=O)N(CCCC1)c1cc(cc(NCC)c1)C(=O)N[C@H]([C@H](O)C[NH2+]C(C)(C)c1cc(ccc1)C(F)(F)F)Cc1ccccc1,1,1,0,Exmol_based,Generated using exmol-based algorithm
CCNc1cc(C(=O)N[C@@H](Cc2ccccc2)[C@H](O)C[NH2+]C(C)(C)c2ccccc2)cc(N2CCCCS2(=O)=O)c1.F.F.F,1,S1(=O)(=O)N(CCCC1)c1cc(cc(NCC)c1)C(=O)N[C@H]([C@H](O)C[NH2+]C(C)(C)c1cc(ccc1)C(F)(F)F)Cc1ccccc1,1,1,0,Exmol_based,Generated using exmol-based algorithm
CS(=O)(=O)N(c1ccccc1)c1cc(C(=O)NC(Cc2ccccc2)C(O)C[NH2+]Cc2ccpc(C(F)(F)F)c2)cc(N2CCCC2=O)c1,1,S(=O)(=O)(N(c1cc(cc(N2CCCC2=O)c1)C(=O)NC(Cc1ccccc1)C(O)C[NH2+]Cc1cc(ccc1)C(F)(F)F)c1ccccc1)C,1,1,0,Exmol_based,Generated using exmol-based algorithm
CS(=O)(=S)N(c1ccccc1)c1cc(C(=O)NC(Cc2ccccc2)C(O)C[NH2+]Cc2cccc(C(F)(F)F)c2)cc(N2CCCC2=O)c1,1,S(=O)(=O)(N(c1cc(cc(N2CCCC2=O)c1)C(=O)NC(Cc1ccccc1)C(O)C[NH2+]Cc1cc(ccc1)C(F)(F)F)c1ccccc1)C,1,1,0,Exmol_based,Generated using exmol-based algorithm
O=C(NC(Cc1ccccc1)C(O)C[NH2+]Cc1cccc(C(F)(F)F)c1)c1cc(N2CCCC2=O)cc(N(c2ccccc2)S(=O)(=O)O)c1,1,S(=O)(=O)(N(c1cc(cc(N2CCCC2=O)c1)C(=O)NC(Cc1ccccc1)C(O)C[NH2+]Cc1cc(ccc1)C(F)(F)F)c1ccccc1)C,1,1,0,Exmol_based,Generated using exmol-based algorithm
CC(C)(CN)c1cccc(C[NH2+]C2CS(=O)(=O)CC(Cc3cc(F)c(N)c(OCC(F)F)c3)C2O)c1,1,S1(=O)(=O)CC(Cc2cc(OCC(F)F)c(N)c(F)c2)C(O)C([NH2+]Cc2cc(ccc2)C(C)(C)C)C1,1,1,0,Exmol_based,Generated using exmol-based algorithm
CC(C)(C)c1cccc(C[NH2+]CCS(=O)(=O)CC(CO)Cc2cc(F)c(N)c(OCC(F)F)c2)c1,1,S1(=O)(=O)CC(Cc2cc(OCC(F)F)c(N)c(F)c2)C(O)C([NH2+]Cc2cc(ccc2)C(C)(C)C)C1,1,1,0,Exmol_based,Generated using exmol-based algorithm
CC(C)(C)c1cccc(C[NH2+]C2CS(=O)(=O)CC(Cc3cc(F)c(N)c(OCC(F)S)c3)C2O)c1,1,S1(=O)(=O)CC(Cc2cc(OCC(F)F)c(N)c(F)c2)C(O)C([NH2+]Cc2cc(ccc2)C(C)(C)C)C1,1,1,0,Exmol_based,Generated using exmol-based algorithm
CC(C)(C)c1cccc(C[NH2+]C2CS(=O)(=O)CC(Cc3cc(F)cc(OCC(F)(F)F)c3)C2O)c1.N,1,S1(=O)(=O)CC(Cc2cc(OCC(F)(F)F)c(N)c(F)c2)C(O)C([NH2+]Cc2cc(ccc2)C(C)(C)C)C1,1,1,0,Exmol_based,Generated using exmol-based algorithm
CC(C)(C)c1cccc(C[NH2+]C2CS(=O)(=O)CCC2O)c1.Nc1c(F)cccc1OCC(F)(F)F,1,S1(=O)(=O)CC(Cc2cc(OCC(F)(F)F)c(N)c(F)c2)C(O)C([NH2+]Cc2cc(ccc2)C(C)(C)C)C1,1,1,0,Exmol_based,Generated using exmol-based algorithm
CC(C)(C)c1cccc(C[NH2+]C2CS(=O)(=O)CC(Cc3cc(F)c(N)c(OCC(F)(F)F)c3)C2O)c1,1,S1(=O)(=O)CC(Cc2cc(OCC(F)(F)F)c(N)c(F)c2)C(O)C([NH2+]Cc2cc(ccc2)C(C)(C)C)C1,1,1,0,Exmol_based,Generated using exmol-based algorithm
CC1(C)OCc2ccc(C[NH2+]N3CS(=O)(=O)CC(Cc4cc(F)c(N)c(OC(C(F)(F)F)C(F)(F)F)c4)C3O)cc21,1,S1(=O)(=O)CC(Cc2cc(OC(C(F)(F)F)C(F)(F)F)c(N)c(F)c2)C(O)C([NH2+]Cc2cc3c(COC3(C)C)cc2)C1,1,1,0,Exmol_based,Generated using exmol-based algorithm
CC1(C)OCc2ccc(C[NH2+]C3CS(=O)(=O)CC(Cc4ccc(N)c(F)c4)C3O)cc21.FC(F)(F)CC(F)(F)F,1,S1(=O)(=O)CC(Cc2cc(OC(C(F)(F)F)C(F)(F)F)c(N)c(F)c2)C(O)C([NH2+]Cc2cc3c(COC3(C)C)cc2)C1,1,1,0,Exmol_based,Generated using exmol-based algorithm
CC1(C)OCc2ccc(C[NH2+]C3CS(=O)(=O)CC(Cc4cc(F)c(N)c(OC(C(F)(F)F)[PH](F)(F)F)c4)C3O)cc21,1,S1(=O)(=O)CC(Cc2cc(OC(C(F)(F)F)C(F)(F)F)c(N)c(F)c2)C(O)C([NH2+]Cc2cc3c(COC3(C)C)cc2)C1,1,1,0,Exmol_based,Generated using exmol-based algorithm
CC#CCOc1cnc(C(=O)Nc2ccc(F)c(C3(C)N=C(N)OCC3(F)F)c2)cn1,1,FC1(F)COC(=NC1(C)c1cc(NC(=O)c2ncc(OCC#CC)nc2)ccc1F)N,1,1,0,Exmol_based,Generated using exmol-based algorithm
CC#CCOc1cnc(C(=O)Nc2ccc(F)c(C(C)(N=C(N)O)C(F)F)c2)cn1,1,FC1(F)COC(=NC1(C)c1cc(NC(=O)c2ncc(OCC#CC)nc2)ccc1F)N,1,1,0,Exmol_based,Generated using exmol-based algorithm
C.CC#CCOc1cnc(C(=O)Nc2ccc(F)cc2)cn1.N=C(N)OCC(F)F,1,FC1(F)COC(=NC1(C)c1cc(NC(=O)c2ncc(OCC#CC)nc2)ccc1F)N,1,1,0,Exmol_based,Generated using exmol-based algorithm
Cc1cc(C23N=C(N)c4c2ccc(c4F)C2(C#Cc4cccc3c4)CC2)cn(C)c1=O,1,Fc1c2c(ccc1)C(N=C2N)(C=1C=C(C)C(=O)N(C=1)C)c1cc(ccc1)C#CC1CC1,1,1,0,Exmol_based,Generated using exmol-based algorithm
Cc1cc(C(N)(c2cccc(C#CC3CC3)c2)c2cccc(F)c2CN)cn(C)c1=O,1,Fc1c2c(ccc1)C(N=C2N)(C=1C=C(C)C(=O)N(C=1)C)c1cc(ccc1)C#CC1CC1,1,1,0,Exmol_based,Generated using exmol-based algorithm
Cc1cc(C23N=C(NC4(C#Cc5cccc2c5)CC4)c2c(F)cccc23)cn(C)c1=O,1,Fc1c2c(ccc1)C(N=C2N)(C=1C=C(C)C(=O)N(C=1)C)c1cc(ccc1)C#CC1CC1,1,1,0,Exmol_based,Generated using exmol-based algorithm
C.CCCC1(NC(C)=O)CCN(C(CCc2ccccc2)C(=O)NC(Cc2cc(F)cc(F)c2)C(O)C[NH2+]Cc2cccc(OC)c2)C1=O,1,Fc1cc(cc(F)c1)CC(NC(=O)C(N1CCC(NC(=O)C)(C(CC)C)C1=O)CCc1ccccc1)C(O)C[NH2+]Cc1cc(OC)ccc1,1,1,0,Exmol_based,Generated using exmol-based algorithm
CCC(C)C1(NC(C)=O)CCN(C(CCc2ccccc2)C(=O)NC(Cc2cc(O)cc(F)c2)C(O)C[NH2+]Cc2cccc(OC)c2)C1=O,1,Fc1cc(cc(F)c1)CC(NC(=O)C(N1CCC(NC(=O)C)(C(CC)C)C1=O)CCc1ccccc1)C(O)C[NH2+]Cc1cc(OC)ccc1,1,1,0,Exmol_based,Generated using exmol-based algorithm
CCC(C)C1(NC(C)=O)CCN(C(CCc2ccccc2)C(=O)NC(Cc2cc(F)cc(F)c2)C(O)C[NH2+]Cc2cccc(OC)c2)C1=O,1,Fc1cc(cc(F)c1)CC(NC(=O)C(N1CCC(NC(=O)C)(C(CC)C)C1=O)CCc1ccccc1)C(O)C[NH2+]Cc1cc(OC)ccc1,1,1,0,Exmol_based,Generated using exmol-based algorithm
CCC1(C)CC([NH2+]CC(O)C(Cc2ccc(F)c(-c3nccs3)c2)NC(=O)COC)c2cc(CC(C)(C)C)cnc2O1,1,s1ccnc1-c1cc(ccc1F)CC(NC(=O)COC)C(O)C[NH2+]C1CC2(Oc3ncc(cc13)CC(C)(C)C)CCC2,1,1,0,Exmol_based,Generated using exmol-based algorithm
CCCC1CC([NH2+]CC(O)C(Cc2ccc(F)c(-c3nccs3)c2)NC(=O)COC)c2cc(CC(C)(C)C)cnc2O1,1,s1ccnc1-c1cc(ccc1F)CC(NC(=O)COC)C(O)C[NH2+]C1CC2(Oc3ncc(cc13)CC(C)(C)C)CCC2,1,1,0,Exmol_based,Generated using exmol-based algorithm
COCC(=O)NC(Cc1ccc(F)c(-c2nccs2)c1)C(O)C[NH2+]C1CC2(CCC2)Oc2ncc(CC(C)C)cc21,1,s1ccnc1-c1cc(ccc1F)CC(NC(=O)COC)C(O)C[NH2+]C1CC2(Oc3ncc(cc13)CC(C)(C)C)CCC2,1,1,0,Exmol_based,Generated using exmol-based algorithm
CC(C)(C)Cc1cnc2c(c1)C([NH2+]CC(O)C(Cc1cccc(-c3nccs3)c1)NC(=O)C1NCCO1)CC1(CCC1)O2,1,s1ccnc1-c1cc(ccc1)CC(NC(=O)C1OCCC1)C(O)C[NH2+]C1CC2(Oc3ncc(cc13)CC(C)(C)C)CCC2,1,1,0,Exmol_based,Generated using exmol-based algorithm
CC(NC(=O)C1CCCO1)C(O)C[NH2+]C1CC2(CCC2)Oc2ncc(CC(C)(C)C)cc21.c1ccc(-c2nccs2)cc1,1,s1ccnc1-c1cc(ccc1)CC(NC(=O)C1OCCC1)C(O)C[NH2+]C1CC2(Oc3ncc(cc13)CC(C)(C)C)CCC2,1,1,0,Exmol_based,Generated using exmol-based algorithm
CC(C)(C)Cc1cnc2c(c1)C([NH2+]CC(O)C(Cc1cccc(-c3nccs3)c1)NC(=O)C1CCCO1)CC(C)(C)O2,1,s1ccnc1-c1cc(ccc1)CC(NC(=O)C1OCCC1)C(O)C[NH2+]C1CC2(Oc3ncc(cc13)CC(C)(C)C)CCC2,1,1,0,Exmol_based,Generated using exmol-based algorithm
CC#Cc1cncc(-c2cccc(C3(c4ccnc(C(F)F)c4)N=C(N)c4c(F)cc(F)cc43)c2)c1,1,Fc1c2c(ccc1)C(N=C2N)(c1cc(ccc1)-c1cc(cnc1)C#CC)c1cc(ncc1)C(F)F,1,1,0,Exmol_based,Generated using exmol-based algorithm
CC#Cc1cncc(-c2cccc(C(N)(c3cccc(F)c3)c3ccnc(C(F)F)c3)c2)c1.N,1,Fc1c2c(ccc1)C(N=C2N)(c1cc(ccc1)-c1cc(cnc1)C#CC)c1cc(ncc1)C(F)F,1,1,0,Exmol_based,Generated using exmol-based algorithm
CC.NC1=NC(c2cccc(-c3cccnc3)c2)(c2ccnc(C(F)F)c2)c2cccc(F)c21,1,Fc1c2c(ccc1)C(N=C2N)(c1cc(ccc1)-c1cc(cnc1)C#CC)c1cc(ncc1)C(F)F,1,1,0,Exmol_based,Generated using exmol-based algorithm
CCC1(C)CC([NH2+]CC(O)C(Cc2ccc(F)cc2F)NC(C)=O)c2cc(CC(C)(C)C)cnc2O1,1,Fc1cc(F)ccc1CC(NC(=O)C)C(O)C[NH2+]C1CC2(Oc3ncc(cc13)CC(C)(C)C)CCC2,1,1,0,Exmol_based,Generated using exmol-based algorithm
CC(=O)NC(Cc1ccc(F)cc1N)C(O)C[NH2+]C1CC2(CCC2)Oc2ncc(CC(C)(C)C)cc21,1,Fc1cc(F)ccc1CC(NC(=O)C)C(O)C[NH2+]C1CC2(Oc3ncc(cc13)CC(C)(C)C)CCC2,1,1,0,Exmol_based,Generated using exmol-based algorithm
CC(=O)NC(Cc1ccc(F)cc1F)C(O)C[NH2+]C1CC2(CCC2)Oc2ncc(CC(C)(C)C)cc21,1,Fc1cc(F)ccc1CC(NC(=O)C)C(O)C[NH2+]C1CC2(Oc3ncc(cc13)CC(C)(C)C)CCC2,1,1,0,Exmol_based,Generated using exmol-based algorithm
CC(=O)N1c2c(F)cc(cc2F)CC1C(O)C[NH2+]C1CC2(CCC2)Oc2ncc(CC(C)(C)C)cc21,1,Fc1cc(cc(F)c1)CC(NC(=O)C)C(O)C[NH2+]C1CC2(Oc3ncc(cc13)CC(C)(C)C)CCC2,1,1,0,Exmol_based,Generated using exmol-based algorithm
CCNC(Cc1cc(F)cc(F)c1)C(O)C[NH2+]C1CC2(CCC2)Oc2ncc(CC(C)(C)C)cc21,1,Fc1cc(cc(F)c1)CC(NC(=O)C)C(O)C[NH2+]C1CC2(Oc3ncc(cc13)CC(C)(C)C)CCC2,1,1,0,Exmol_based,Generated using exmol-based algorithm
CC(=O)NC(Cc1cc(F)cc(F)c1)C(O)C[NH2+]C(CC1(O)CCC1)c1cncc(CC(C)(C)C)c1,1,Fc1cc(cc(F)c1)CC(NC(=O)C)C(O)C[NH2+]C1CC2(Oc3ncc(cc13)CC(C)(C)C)CCC2,1,1,0,Exmol_based,Generated using exmol-based algorithm
CCC1CC([NH2+]CC(O)C(Cc2cccc(-c3cscn3)c2)NC(=O)COC)c2cc(CC(C)(C)C)cnc2O1,1,s1cc(nc1)-c1cc(ccc1)CC(NC(=O)COC)C(O)C[NH2+]C1CC2(Oc3ncc(cc13)CC(C)(C)C)CCC2,1,1,0,Exmol_based,Generated using exmol-based algorithm
COCC(=O)NC(CS1=CC=CC(c2cscn2)=C1)C(O)C[NH2+]C1CC2(CCC2)Oc2ncc(CC(C)(C)C)cc21,1,s1cc(nc1)-c1cc(ccc1)CC(NC(=O)COC)C(O)C[NH2+]C1CC2(Oc3ncc(cc13)CC(C)(C)C)CCC2,1,1,0,Exmol_based,Generated using exmol-based algorithm
C.CC(C)(C)Cc1cnc2c(c1)C([NH2+]CC(O)C(Cc1cccc(-c3cscn3)c1)NC(=O)CO)CC1(CCC1)O2,1,s1cc(nc1)-c1cc(ccc1)CC(NC(=O)COC)C(O)C[NH2+]C1CC2(Oc3ncc(cc13)CC(C)(C)C)CCC2,1,1,0,Exmol_based,Generated using exmol-based algorithm
CCc1cn(C)c2c(N(C)S(C)(=O)=O)cc(C(=O)NC(Cc3ccccc3)C(O)C[NH2+]CCC(F)(F)F)cc12,1,S1(=O)(=O)N(c2cc(cc3c2n(cc3CC)CC1)C(=O)NC(Cc1ccccc1)C(O)C[NH2+]CCC(F)(F)F)C,1,1,0,Exmol_based,Generated using exmol-based algorithm
CCc1ccc(C(=O)NC(Cc2ccccc2)C(O)C[NH2+]CCC(F)(F)F)cc2cn(c1)CCS(=O)(=O)N2C,1,S1(=O)(=O)N(c2cc(cc3c2n(cc3CC)CC1)C(=O)NC(Cc1ccccc1)C(O)C[NH2+]CCC(F)(F)F)C,1,1,0,Exmol_based,Generated using exmol-based algorithm
CCc1cn2c3c(cc(C(=O)NC(Cc4ccccc4)C(O)C[NH2+]CCC(F)F)cc13)N(C)S(=O)(=O)CC2.F,1,S1(=O)(=O)N(c2cc(cc3c2n(cc3CC)CC1)C(=O)NC(Cc1ccccc1)C(O)C[NH2+]CCC(F)(F)F)C,1,1,0,Exmol_based,Generated using exmol-based algorithm
CCc1cn2c3c(cc(C(=O)NC(Cc4ccccn4)C(O)C[NH2+]C4CCCCC4)cc13)N(CC)S(=O)(=O)CC2,1,S1(=O)(=O)N(c2cc(cc3c2n(cc3CC)CC1)C(=O)NC(Cc1ccccc1)C(O)C[NH2+]C1CCCCC1)CC,1,1,0,Exmol_based,Generated using exmol-based algorithm
CCc1ccc(C(=O)NC(Cc2ccccc2)C(O)C[NH2+]C2CCCCC2)cc2cn(c1)CCS(=O)(=O)N2CC,1,S1(=O)(=O)N(c2cc(cc3c2n(cc3CC)CC1)C(=O)NC(Cc1ccccc1)C(O)C[NH2+]C1CCCCC1)CC,1,1,0,Exmol_based,Generated using exmol-based algorithm
CCc1cn2c3c(cc(C(=O)NC(Cc4ccccc4)C(O)C[NH2+]C4CCNCC4)cc13)N(CC)S(=O)(=O)CC2,1,S1(=O)(=O)N(c2cc(cc3c2n(cc3CC)CC1)C(=O)NC(Cc1ccccc1)C(O)C[NH2+]C1CCCCC1)CC,1,1,0,Exmol_based,Generated using exmol-based algorithm
CC(NC(=O)c1cc(-c2ncc(C(C)([NH3+])Cc3ccccc3)o2)cc(N(C)S(C)(=O)=O)c1)c1ccc(F)cp1,1,S(=O)(=O)(N(C)c1cc(cc(c1)C(=O)NC(C)c1ccc(F)cc1)-c1oc(cn1)C([NH3+])(Cc1ccccc1)C)C,1,1,0,Exmol_based,Generated using exmol-based algorithm
CC(NC(=O)c1cc(-c2ncc(C(C)([NH3+])Cc3ccccc3)o2)cc(N(C)S(C)(=O)=O)c1)c1ccc(F)cc1,1,S(=O)(=O)(N(C)c1cc(cc(c1)C(=O)NC(C)c1ccc(F)cc1)-c1oc(cn1)C([NH3+])(Cc1ccccc1)C)C,1,1,0,Exmol_based,Generated using exmol-based algorithm
CC(N)c1ccc(F)cc1.CN(c1cccc(-c2ncc(C(C)([NH3+])Cc3ccccc3)o2)c1)S(C)(=O)=O.O,1,S(=O)(=O)(N(C)c1cc(cc(c1)C(=O)NC(C)c1ccc(F)cc1)-c1oc(cn1)C([NH3+])(Cc1ccccc1)C)C,1,1,0,Exmol_based,Generated using exmol-based algorithm
CC(C)(C)Cc1cc(C[NH2+]CC(O)C(Cc2cc(F)c(N)c(OC(C(F)(F)F)C(F)(F)F)c2)C[SH](=O)=O)no1,1,S1(=O)(=O)CC(Cc2cc(OC(C(F)(F)F)C(F)(F)F)c(N)c(F)c2)C(O)C([NH2+]Cc2noc(c2)CC(C)(C)C)C1,1,1,0,Exmol_based,Generated using exmol-based algorithm
CC(C)(C)Cc1cc(C[NH2+]C2CS(=O)(=O)CC(Cc3cc(F)c(N)c(OC(C(F)(F)F)C(F)(F)Cl)c3)C2O)no1,1,S1(=O)(=O)CC(Cc2cc(OC(C(F)(F)F)C(F)(F)F)c(N)c(F)c2)C(O)C([NH2+]Cc2noc(c2)CC(C)(C)C)C1,1,1,0,Exmol_based,Generated using exmol-based algorithm
CC(C)(C)Cc1ccno1.Nc1c(F)cc(CC2CS(=O)(=O)CC([NH2+])C2O)cc1OC(C(F)(F)F)C(F)(F)F,1,S1(=O)(=O)CC(Cc2cc(OC(C(F)(F)F)C(F)(F)F)c(N)c(F)c2)C(O)C([NH2+]Cc2noc(c2)CC(C)(C)C)C1,1,1,0,Exmol_based,Generated using exmol-based algorithm
CC(C)(C)c1cccc(C[NH2+]C2CS(=O)CC(Cc3ccc(N)c(F)c3)C2O)c1.OCC(O)C(F)(F)F,1,S1(=O)CC(Cc2cc(OC(CO)C(F)(F)F)c(N)c(F)c2)C(O)C([NH2+]Cc2cc(ccc2)C(C)(C)C)C1,1,1,0,Exmol_based,Generated using exmol-based algorithm
CC(C)(Br)c1cccc(C[NH2+]C2CS(=O)CC(Cc3cc(F)c(N)c(OC(CO)C(F)(F)F)c3)C2O)c1,1,S1(=O)CC(Cc2cc(OC(CO)C(F)(F)F)c(N)c(F)c2)C(O)C([NH2+]Cc2cc(ccc2)C(C)(C)C)C1,1,1,0,Exmol_based,Generated using exmol-based algorithm
Cc1cccc(C(C)(C)C)c1.Nc1c(F)cc(CC2CS(=O)CC([NH2+])C2O)cc1OC(CO)C(F)(F)F,1,S1(=O)CC(Cc2cc(OC(CO)C(F)(F)F)c(N)c(F)c2)C(O)C([NH2+]Cc2cc(ccc2)C(C)(C)C)C1,1,1,0,Exmol_based,Generated using exmol-based algorithm
CC(C)(C)Cc1cnc2c(c1)C([NH2+]CC(O)C(Cc1cccc(-c3nccs3)c1)NC(=O)[C@@H]1CCO1)CC1(CCC1)O2,1,s1ccnc1-c1cc(ccc1)CC(NC(=O)[C@@H](OC)C)C(O)C[NH2+]C1CC2(Oc3ncc(cc13)CC(C)(C)C)CCC2,1,1,0,Exmol_based,Generated using exmol-based algorithm
CO[C@@H](C)C(=O)NC(Cc1cccc(-c2nccs2)c1)C(O)C[NH2+]C1CC2(CCC2)Oc2ncc(CC(C)(C)C=O)cc21,1,s1ccnc1-c1cc(ccc1)CC(NC(=O)[C@@H](OC)C)C(O)C[NH2+]C1CC2(Oc3ncc(cc13)CC(C)(C)C)CCC2,1,1,0,Exmol_based,Generated using exmol-based algorithm
C[C@H](O)C(=O)NC(Cc1cccc(-c2nccs2)c1)C(O)C[NH2+]C1CC2(CCC2)Oc2ncc(CC(C)(C)C)cc21,1,s1ccnc1-c1cc(ccc1)CC(NC(=O)[C@@H](OC)C)C(O)C[NH2+]C1CC2(Oc3ncc(cc13)CC(C)(C)C)CCC2,1,1,0,Exmol_based,Generated using exmol-based algorithm
CCCCN(C)C(=O)n1cc(C(=O)NC(Cc2cc(F)cc(F)c2)C(O)C(N)[NH2+]Cc2cccc(OC)c2)c2ccccc21,1,Fc1cc(cc(F)c1)CC(NC(=O)c1c2c(n(c1)C(=O)N(CCCC)C)cccc2)C(O)C[NH2+]Cc1cc(OC)ccc1,1,1,0,Exmol_based,Generated using exmol-based algorithm
CCCCN(C)C(=O)n1cc(C(=O)NC(CO)Cc2cc(F)cc(F)c2)c2ccccc21.C[NH2+]Cc1cccc(OC)c1,1,Fc1cc(cc(F)c1)CC(NC(=O)c1c2c(n(c1)C(=O)N(CCCC)C)cccc2)C(O)C[NH2+]Cc1cc(OC)ccc1,1,1,0,Exmol_based,Generated using exmol-based algorithm
CCCCN(C)C(=O)n1cc(C(=O)NC(Cc2cccc(F)c2)C(O)C[NH2+]Cc2cccc(OC)c2)c2ccccc21,1,Fc1cc(cc(F)c1)CC(NC(=O)c1c2c(n(c1)C(=O)N(CCCC)C)cccc2)C(O)C[NH2+]Cc1cc(OC)ccc1,1,1,0,Exmol_based,Generated using exmol-based algorithm
CCc1cccc(C[NH2+]CC(O)C2COC/C=C\CCN(C)C(=O)c3cc(cc(N(C)S(C)(=O)=O)c3)C(=O)N2)c1,1,S(=O)(=O)(N(C)c1cc2cc(c1)C(=O)NC(COC\C=C/CCN(C)C2=O)C(O)C[NH2+]Cc1cc(ccc1)C(C)C)C,1,1,0,Exmol_based,Generated using exmol-based algorithm
C=C1NC(C(O)C[NH2+]Cc2cccc(C(C)C)c2)COC/C=C\CCN(C)C(=O)c2cc1cc(N(C)S(C)(=O)=O)c2,1,S(=O)(=O)(N(C)c1cc2cc(c1)C(=O)NC(COC\C=C/CCN(C)C2=O)C(O)C[NH2+]Cc1cc(ccc1)C(C)C)C,1,1,0,Exmol_based,Generated using exmol-based algorithm
CC(C)c1cccc(C[NH2+]CC(O)C2COC/C=C\CCN(C)C(=O)c3cc(cc(N(C)S(C)=O)c3)C(=O)N2)c1,1,S(=O)(=O)(N(C)c1cc2cc(c1)C(=O)NC(COC\C=C/CCN(C)C2=O)C(O)C[NH2+]Cc1cc(ccc1)C(C)C)C,1,1,0,Exmol_based,Generated using exmol-based algorithm
CCc1cn2c3c(cc(C(=O)NC(Cc4ccccc4)[C@H](O)C[NH2+]Cc4cccc(C(F)(F)F)c4)cc13)OS(=O)(=O)CC2P,1,S1(Oc2cc(cc3c2n(cc3CC)CC1)C(=O)NC([C@H](O)C[NH2+]Cc1cc(ccc1)C(F)(F)F)Cc1ccccc1)(=O)=O,1,1,0,Exmol_based,Generated using exmol-based algorithm
COc1cn2c3c(cc(C(=O)NC(Cc4ccccc4)[C@H](O)C[NH2+]Cc4cccc(C(F)(F)F)c4)cc13)OS(=O)(=O)CC2,1,S1(Oc2cc(cc3c2n(cc3CC)CC1)C(=O)NC([C@H](O)C[NH2+]Cc1cc(ccc1)C(F)(F)F)Cc1ccccc1)(=O)=O,1,1,0,Exmol_based,Generated using exmol-based algorithm
CCc1cn2c3c(cc(C(=O)NC4Cc5ccccc5C([NH2+]Cc5cccc(C(F)(F)F)c5)[C@H]4O)cc13)OS(=O)(=O)CC2,1,S1(Oc2cc(cc3c2n(cc3CC)CC1)C(=O)NC([C@H](O)C[NH2+]Cc1cc(ccc1)C(F)(F)F)Cc1ccccc1)(=O)=O,1,1,0,Exmol_based,Generated using exmol-based algorithm
CCC[NH2+]C[C@@H](O)[C@H](Cc1ccccc1)NC(=O)c1cc2c3c(cn(CC)c3c1)CCS(=O)N2C.O,1,S1(=O)(=O)N(c2cc(cc3n(cc(CC1)c23)CC)C(=O)N[C@H]([C@H](O)C[NH2+]CCC)Cc1ccccc1)C,1,1,0,Exmol_based,Generated using exmol-based algorithm
CCC[NH2+]C[C@@H](O)[C@H](Cc1ccccc1)NC(=O)c1cc(N(C)S(C)(=O)=O)c2ccn(CC)c2c1,1,S1(=O)(=O)N(c2cc(cc3n(cc(CC1)c23)CC)C(=O)N[C@H]([C@H](O)C[NH2+]CCC)Cc1ccccc1)C,1,1,0,Exmol_based,Generated using exmol-based algorithm
CCC[NH2+]C[C@@H](O)[C@H](Cc1ccccc1)NC(=O)c1cc2cc(c1)N(C)S(=O)(=O)CCC=CN2CC,1,S1(=O)(=O)N(c2cc(cc3n(cc(CC1)c23)CC)C(=O)N[C@H]([C@H](O)C[NH2+]CCC)Cc1ccccc1)C,1,1,0,Exmol_based,Generated using exmol-based algorithm
CCc1cn2c3c(cc(C(=N)NC(Cc4ccccc4)C(O)C[NH2+]Cc4cccc(OC)c4)cc13)N(C)S(=O)(=O)C2,1,S1(=O)(=O)N(c2cc(cc3c2n(cc3CC)C1)C(=O)NC(Cc1ccccc1)C(O)C[NH2+]Cc1cc(OC)ccc1)C,1,1,0,Exmol_based,Generated using exmol-based algorithm
CCc1cn2c3c(cc(C(=O)NC(Cc4ccccc4)C(O)C[NH2+])cc13)N(C)S(=O)(=O)C2.COc1cccc(C)c1,1,S1(=O)(=O)N(c2cc(cc3c2n(cc3CC)C1)C(=O)NC(Cc1ccccc1)C(O)C[NH2+]Cc1cc(OC)ccc1)C,1,1,0,Exmol_based,Generated using exmol-based algorithm
CCc1cn2c3c(c(P)c(C(=O)NC(Cc4ccccc4)C(O)C[NH2+]Cc4cccc(OC)c4)cc13)N(C)S(=O)(=O)C2,1,S1(=O)(=O)N(c2cc(cc3c2n(cc3CC)C1)C(=O)NC(Cc1ccccc1)C(O)C[NH2+]Cc1cc(OC)ccc1)C,1,1,0,Exmol_based,Generated using exmol-based algorithm
CC([NH2+]CC(O)C(Cc1ccccc1)NC(=O)c1cccc(N(c2cccc(C#N)c2)[SH](=O)=O)c1)C(=O)NC1CCCCC1,1,S(=O)(=O)(N(c1cc(ccc1)C(=O)NC(Cc1ccccc1)C(O)C[NH2+]C(C(=O)NC1CCCCC1)C)c1cc(ccc1)C#N)C,1,1,0,Exmol_based,Generated using exmol-based algorithm
CC([NH2+]CC(O)C(Cc1ccccc1)NC(=O)c1cccc(N(c2cccc(C#N)c2)S(C)(=O)=O)c1)C(=O)NC1CCCOC1,1,S(=O)(=O)(N(c1cc(ccc1)C(=O)NC(Cc1ccccc1)C(O)C[NH2+]C(C(=O)NC1CCCCC1)C)c1cc(ccc1)C#N)C,1,1,0,Exmol_based,Generated using exmol-based algorithm
CC1[NH2+]CC(O)C(NC(=O)c2cccc(N(c3cccc(C#N)c3)S(C)(=O)=O)c2)Cc2ccccc2C2CCCCC2NC1=O,1,S(=O)(=O)(N(c1cc(ccc1)C(=O)NC(Cc1ccccc1)C(O)C[NH2+]C(C(=O)NC1CCCCC1)C)c1cc(ccc1)C#N)C,1,1,0,Exmol_based,Generated using exmol-based algorithm
CCc1cc(CC2CS(=O)(=O)PC([NH2+]Cc3cccc(C(C)(C)C)c3)C2O)cc(F)c1NC(C)=O,1,S1(=O)(=O)CC(Cc2cc(CC)c(NC(=O)C)c(F)c2)C(O)C([NH2+]Cc2cc(ccc2)C(C)(C)C)C1,1,1,0,Exmol_based,Generated using exmol-based algorithm
C.CC(=O)Nc1ccc(CC2CS(=O)(=O)CC([NH2+]Cc3cccc(C(C)(C)C)c3)C2O)cc1F,1,S1(=O)(=O)CC(Cc2cc(CC)c(NC(=O)C)c(F)c2)C(O)C([NH2+]Cc2cc(ccc2)C(C)(C)C)C1,1,1,0,Exmol_based,Generated using exmol-based algorithm
C.CCc1cc(CC2CS(=O)(=O)CC([NH2+]Cc3cccc(C(C)(C)C)c3)C2O)cc(F)c1N.O,1,S1(=O)(=O)CC(Cc2cc(CC)c(NC(=O)C)c(F)c2)C(O)C([NH2+]Cc2cc(ccc2)C(C)(C)C)C1,1,1,0,Exmol_based,Generated using exmol-based algorithm
C.CC(=O)NC(Cc1ccc2c(c1)OCO2)C(O)C[NH2+]C1CC2(CCC2)Oc2ncc(CC(C)C)cc21,1,O1c2ncc(cc2C([NH2+]CC(O)C(NC(=O)C)Cc2cc3OCOc3cc2)CC12CCC2)CC(C)(C)C,1,1,0,Exmol_based,Generated using exmol-based algorithm
CC(=O)NC(Cc1ccc2c(c1)OCO2)C(O)C[NH2+]C1CC2(CCC2)Oc2ncc(CC(C)(C)C=N)cc21,1,O1c2ncc(cc2C([NH2+]CC(O)C(NC(=O)C)Cc2cc3OCOc3cc2)CC12CCC2)CC(C)(C)C,1,1,0,Exmol_based,Generated using exmol-based algorithm
CC(=O)NC(CC[NH2+]C1CC2(CCC2)Oc2ncc(CC(C)(C)C)cc21)Cc1ccc2c(c1)OCO2,1,O1c2ncc(cc2C([NH2+]CC(O)C(NC(=O)C)Cc2cc3OCOc3cc2)CC12CCC2)CC(C)(C)C,1,1,0,Exmol_based,Generated using exmol-based algorithm
CCCCn1ccc(C2(c3cccc(-c4cncnc4)c3)N=C(N)N(C)C2=O)c1,1,O=C1N(C)C(=NC1(c1cc(ccc1)-c1cncnc1)c1cn(nc1)CCCC)N,1,1,0,Exmol_based,Generated using exmol-based algorithm
CC.CCn1cc(C2(c3cccc(-c4cncnc4)c3)N=C(N)N(C)C2=O)cn1,1,O=C1N(C)C(=NC1(c1cc(ccc1)-c1cncnc1)c1cn(nc1)CCCC)N,1,1,0,Exmol_based,Generated using exmol-based algorithm
CCCCn1cc(C2(c3cccc(-c4cncnc4)c3)N=C(F)N(C)C2=O)cn1,1,O=C1N(C)C(=NC1(c1cc(ccc1)-c1cncnc1)c1cn(nc1)CCCC)N,1,1,0,Exmol_based,Generated using exmol-based algorithm
CC1Cc2scc(-c3cn[nH]c3)c2CC(C(=O)[O-])NC2=NC(C)(Cc3cc(Cl)ccc32)C1,1,Clc1cc2CC(N=C(NC(Cc3c(csc3CCC)-c3cn[nH]c3)C(=O)[O-])c2cc1)(C)C,1,1,0,Exmol_based,Generated using exmol-based algorithm
C.CCc1scc(-c2cn[nH]c2)c1CC(NC1=NC(C)(C)Cc2cc(Cl)ccc21)C(=O)[O-],1,Clc1cc2CC(N=C(NC(Cc3c(csc3CCC)-c3cn[nH]c3)C(=O)[O-])c2cc1)(C)C,1,1,0,Exmol_based,Generated using exmol-based algorithm
CCCc1scc(-c2cn[nH]c2)c1CC(NC1=NC(C)(C)Cc2cc(Cl)ccc21)C(=O)[O-],1,Clc1cc2CC(N=C(NC(Cc3c(csc3CCC)-c3cn[nH]c3)C(=O)[O-])c2cc1)(C)C,1,1,0,Exmol_based,Generated using exmol-based algorithm
CC(C)(C)c1cccc(C[NH2+]C2CS(=O)CC(Cc3cc(F)cc(OCC(F)(F)F)c3)C2O)c1,1,S1(=O)CC(Cc2cc(OCC(F)(F)F)c(N)c(F)c2)C(O)C([NH2+]Cc2cc(ccc2)C(C)(C)C)C1,1,1,0,Exmol_based,Generated using exmol-based algorithm
CC(C)(C)c1cccc(C[NH2+]C2CS(=O)CC(Cc3cc(F)c(N)c(OCC(F)F)c3)C2O)c1.F,1,S1(=O)CC(Cc2cc(OCC(F)(F)F)c(N)c(F)c2)C(O)C([NH2+]Cc2cc(ccc2)C(C)(C)C)C1,1,1,0,Exmol_based,Generated using exmol-based algorithm
CC(C)(C)c1cccc(C[NH2+]C2CS(=O)C(=O)C(Cc3cc(F)c(N)c(OCC(F)(F)F)c3)C2O)c1,1,S1(=O)CC(Cc2cc(OCC(F)(F)F)c(N)c(F)c2)C(O)C([NH2+]Cc2cc(ccc2)C(C)(C)C)C1,1,1,0,Exmol_based,Generated using exmol-based algorithm
CCn1cc(C2(c3cccc(-c4cncc(C#N)c4)c3)N=C(N)c3c2ccpc3F)cc(C)c1=O,1,Fc1c2c(ccc1)C(N=C2N)(C=1C=C(C)C(=O)N(C=1)CC)c1cc(ccc1)-c1cc(cnc1)C#N,1,1,0,Exmol_based,Generated using exmol-based algorithm
CCn1cc(C2(c3cccc(-c4cncc(C#N)c4)c3)N=C(N)c3c(F)cccc32)pc(C)c1=O,1,Fc1c2c(ccc1)C(N=C2N)(C=1C=C(C)C(=O)N(C=1)CC)c1cc(ccc1)-c1cc(cnc1)C#N,1,1,0,Exmol_based,Generated using exmol-based algorithm
CCn1c(C)c(C2(c3cccc(-c4cncc(C#N)c4)c3)N=C(N)c3c(F)cccc32)cc(C)c1=O,1,Fc1c2c(ccc1)C(N=C2N)(C=1C=C(C)C(=O)N(C=1)CC)c1cc(ccc1)-c1cc(cnc1)C#N,1,1,0,Exmol_based,Generated using exmol-based algorithm
CC(=O)NC(Cc1ccccc1)C(O)C[NH2+]C1CC2(CCC2)Oc2ncc(CC(C)(C)C)cc21.Cl,1,Clc1ccc(cc1)CC(NC(=O)C)C(O)C[NH2+]C1CC2(Oc3ncc(cc13)CC(C)(C)C)CCC2,1,1,0,Exmol_based,Generated using exmol-based algorithm
CC(=O)NC(Cc1ccc(Cl)cn1)C(O)C[NH2+]C1CC2(CCC2)Oc2ncc(CC(C)(C)C)cc21,1,Clc1ccc(cc1)CC(NC(=O)C)C(O)C[NH2+]C1CC2(Oc3ncc(cc13)CC(C)(C)C)CCC2,1,1,0,Exmol_based,Generated using exmol-based algorithm
CCNC(Cc1ccc(Cl)cc1)C(O)C[NH2+]C1CC2(CCC2)Oc2ncc(CC(C)(C)C)cc21,1,Clc1ccc(cc1)CC(NC(=O)C)C(O)C[NH2+]C1CC2(Oc3ncc(cc13)CC(C)(C)C)CCC2,1,1,0,Exmol_based,Generated using exmol-based algorithm
CCCCN(C)C(=O)n1cc(C(=O)NC(Cc2cc(F)cc(F)c2)C(O)C[NH2+])c2cccnc21.CCc1ccccc1,1,Fc1cc(cc(F)c1)CC(NC(=O)c1c2cccnc2n(c1)C(=O)N(CCCC)C)C(O)C[NH2+]Cc1cc(ccc1)CC,1,1,0,Exmol_based,Generated using exmol-based algorithm
CCCCN(C)C(=O)n1cc(CNC(Cc2cc(F)cc(F)c2)C(O)C[NH2+]Cc2cccc(CC)c2)c2cccnc21.O,1,Fc1cc(cc(F)c1)CC(NC(=O)c1c2cccnc2n(c1)C(=O)N(CCCC)C)C(O)C[NH2+]Cc1cc(ccc1)CC,1,1,0,Exmol_based,Generated using exmol-based algorithm
CCCCN(C)C(=O)n1cc(C(=O)NC(Cc2cc(F)cc(F)c2)C(O)C[NH2+]Cc2cccc(CC)c2)c2cccnc21,1,Fc1cc(cc(F)c1)CC(NC(=O)c1c2cccnc2n(c1)C(=O)N(CCCC)C)C(O)C[NH2+]Cc1cc(ccc1)CC,1,1,0,Exmol_based,Generated using exmol-based algorithm
CC(=O)NC(Cc1cccc(F)c1)C(O)C[NH2+]C1(c2cccc(C(C)(C)C)c2)CCC(=NO)CC1,1,Fc1cc(cc(F)c1)CC(NC(=O)C)C(O)C[NH2+]C1(CC\C(=N\O)\CC1)c1cc(ccc1)C(C)(C)C,1,1,0,Exmol_based,Generated using exmol-based algorithm
CC(=O)NC(Cc1cc(F)cc(F)c1)C(O)C1=C2CC(c3cccc(C(C)(C)C)c3)(CCC2=NO)[NH2+]1,1,Fc1cc(cc(F)c1)CC(NC(=O)C)C(O)C[NH2+]C1(CC\C(=N\O)\CC1)c1cc(ccc1)C(C)(C)C,1,1,0,Exmol_based,Generated using exmol-based algorithm
CC(=O)NC(Cc1cc(F)cc(F)c1)C(O)C[NH2+]C1(c2ccccc2)CCC(=NO)CC1.CC(C)C,1,Fc1cc(cc(F)c1)CC(NC(=O)C)C(O)C[NH2+]C1(CC\C(=N\O)\CC1)c1cc(ccc1)C(C)(C)C,1,1,0,Exmol_based,Generated using exmol-based algorithm
C.CNc1cc(C(=O)N[C@@H](Cc2cc(F)cc(F)c2)[C@@H](O)C[NH2+]Cc2cccc(OC)c2)cc(/C(C)=N\OCc2ccccc2)c1.O.O,1,S(=O)(=O)(N(C)c1cc(cc(c1)/C(=N\OCc1ccccc1)/C)C(=O)N[C@H]([C@@H](O)C[NH2+]Cc1cc(OC)ccc1)Cc1cc(F)cc(F)c1)C,1,1,0,Exmol_based,Generated using exmol-based algorithm
CCc1cc(C(=O)N[C@@H](Cc2cc(F)cc(F)c2)[C@@H](O)C[NH2+]Cc2cccc(OC)c2)cc(N(C)S(C)(=O)=O)c1.OCc1ccccc1,1,S(=O)(=O)(N(C)c1cc(cc(c1)/C(=N\OCc1ccccc1)/C)C(=O)N[C@H]([C@@H](O)C[NH2+]Cc1cc(OC)ccc1)Cc1cc(F)cc(F)c1)C,1,1,0,Exmol_based,Generated using exmol-based algorithm
C.COc1cccc(C[NH2+]C[C@H](O)[C@H](Cc2cc(F)cc(F)c2)NC(=O)c2cc(/C(C)=N\OCc3ccccc3)cc(N(C)[SH](=O)=O)c2)c1,1,S(=O)(=O)(N(C)c1cc(cc(c1)/C(=N\OCc1ccccc1)/C)C(=O)N[C@H]([C@@H](O)C[NH2+]Cc1cc(OC)ccc1)Cc1cc(F)cc(F)c1)C,1,1,0,Exmol_based,Generated using exmol-based algorithm
COc1cccc(C[NH2+]C[C@H](O)[C@H](Cc2cc(F)cc(F)c2)NC(=O)c2cc(/C(C)=N\O)cc(N(c3ccccc3)S(C)(=O)=O)c2)c1,1,S(=O)(=O)(N(c1cc(cc(c1)/C(=N\O)/C)C(=O)N[C@H]([C@@H](O)C[NH2+]Cc1cc(OC)ccc1)Cc1cc(F)cc(F)c1)c1ccccc1)C,1,1,0,Exmol_based,Generated using exmol-based algorithm
COc1cccc(C[NH2+]C[C@H](O)[C@H](Cc2cc(F)cc(F)c2)NC(=O)c2cc(/C(C)=N\O)cc(N(c3ccccc3)S(=O)(=O)P)c2)c1,1,S(=O)(=O)(N(c1cc(cc(c1)/C(=N\O)/C)C(=O)N[C@H]([C@@H](O)C[NH2+]Cc1cc(OC)ccc1)Cc1cc(F)cc(F)c1)c1ccccc1)C,1,1,0,Exmol_based,Generated using exmol-based algorithm
COc1cccc(C[NH2+]C[C@H](O)[C@H](Cc2cc(F)cc(F)c2)NC(=N)c2cc(/C(C)=N\O)cc(N(c3ccccc3)S(C)(=O)=O)c2)c1,1,S(=O)(=O)(N(c1cc(cc(c1)/C(=N\O)/C)C(=O)N[C@H]([C@@H](O)C[NH2+]Cc1cc(OC)ccc1)Cc1cc(F)cc(F)c1)c1ccccc1)C,1,1,0,Exmol_based,Generated using exmol-based algorithm
CCn1cc2c3c(cc(C(=O)NC[C@H](O)C[NH2+]C4CC4)cc31)N(C)S(=O)(=O)CC2.Cc1ccccc1,1,S1(=O)(=O)N(c2cc(cc3n(cc(CC1)c23)CC)C(=O)NC([C@H](O)C[NH2+]C1CC1)Cc1ccccc1)C,1,1,0,Exmol_based,Generated using exmol-based algorithm
C.CCn1cc(CC[SH](=O)=O)c2ccc(C(=O)NC(Cc3ccccc3)[C@H](O)C[NH2+]C3CC3)cc21,1,S1(=O)(=O)N(c2cc(cc3n(cc(CC1)c23)CC)C(=O)NC([C@H](O)C[NH2+]C1CC1)Cc1ccccc1)C,1,1,0,Exmol_based,Generated using exmol-based algorithm
C.CCn1cc2c3c(cc(C(=O)NC(Cc4ccccc4)[C@H](O)C[NH2+]C4CC4)cc31)NS(=O)(=O)CC2,1,S1(=O)(=O)N(c2cc(cc3n(cc(CC1)c23)CC)C(=O)NC([C@H](O)C[NH2+]C1CC1)Cc1ccccc1)C,1,1,0,Exmol_based,Generated using exmol-based algorithm
CCc1cn2c3c(cc(C(=O)NC(CO)Cc4ccccc4)cc13)N(C)S(=O)(=O)CC2.C[NH2+]C1CCCCC1,1,S1(=O)(=O)N(c2cc(cc3c2n(cc3CC)CC1)C(=O)NC(Cc1ccccc1)C(O)C[NH2+]C1CCCCC1)C,1,1,0,Exmol_based,Generated using exmol-based algorithm
CCc1cn2c3c(cc(C=O)cc13)N(C)S(=O)(=O)CC2.NC(Cc1ccccc1)C(O)C[NH2+]C1CCCCC1,1,S1(=O)(=O)N(c2cc(cc3c2n(cc3CC)CC1)C(=O)NC(Cc1ccccc1)C(O)C[NH2+]C1CCCCC1)C,1,1,0,Exmol_based,Generated using exmol-based algorithm
CCc1cn2c3c(cc(C(=O)NC(Cc4ccccc4)C(O)C[NH2+]C4CCCCC4)cc13)N(C)S(=O)(=O)C(=N)C2,1,S1(=O)(=O)N(c2cc(cc3c2n(cc3CC)CC1)C(=O)NC(Cc1ccccc1)C(O)C[NH2+]C1CCCCC1)C,1,1,0,Exmol_based,Generated using exmol-based algorithm
C=C1c2cccc(c2)OCCCCOc2cc(cc(COC)n2)C(=O)NC1C(O)C[NH2+]C1(c2cccc(C(C)C)c2)CC1,1,O1CCCCOc2nc(cc(c2)C(=O)NC(Cc2cc1ccc2)C(O)C[NH2+]C1(CC1)c1cc(ccc1)C(C)C)COC,1,1,0,Exmol_based,Generated using exmol-based algorithm
COCc1cccc(OCCCCOc2cccc(CC(N)C(O)C[NH2+]C3(c4cccc(C(C)C)c4)CC3)c2)n1.O,1,O1CCCCOc2nc(cc(c2)C(=O)NC(Cc2cc1ccc2)C(O)C[NH2+]C1(CC1)c1cc(ccc1)C(C)C)COC,1,1,0,Exmol_based,Generated using exmol-based algorithm
COCc1cc2cc(n1)OCCC1COc3cccc(c3)CC(NC2=O)C(O)C[NH2+]C2(CC2)c2cc(C(C)C)cc1c2,1,O1CCCCOc2nc(cc(c2)C(=O)NC(Cc2cc1ccc2)C(O)C[NH2+]C1(CC1)c1cc(ccc1)C(C)C)COC,1,1,0,Exmol_based,Generated using exmol-based algorithm
CC1(C)C=C(C(O)C(Cc2cccc(-c3nccs3)c2)NC(=O)[C@@H]2CCCO2)[NH2+]C2CC3(CCC3)Oc3ncc(cc32)C1,1,s1ccnc1-c1cc(ccc1)CC(NC(=O)[C@H]1OCCC1)C(O)C[NH2+]C1CC2(Oc3ncc(cc13)CC(C)(C)C)CCC2,1,1,0,Exmol_based,Generated using exmol-based algorithm
CC(C)(C)Cc1cnc2c(c1)C([NH2+]SC(O)C(Cc1cccc(-c3nccs3)c1)NC(=O)[C@@H]1CCCO1)CC1(CCC1)O2,1,s1ccnc1-c1cc(ccc1)CC(NC(=O)[C@H]1OCCC1)C(O)C[NH2+]C1CC2(Oc3ncc(cc13)CC(C)(C)C)CCC2,1,1,0,Exmol_based,Generated using exmol-based algorithm
C[PH](C)(C)Cc1cnc2c(c1)C([NH2+]CC(O)C(Cc1cccc(-c3nccs3)c1)NC(=O)[C@@H]1CCCO1)CC1(CCC1)O2,1,s1ccnc1-c1cc(ccc1)CC(NC(=O)[C@H]1OCCC1)C(O)C[NH2+]C1CC2(Oc3ncc(cc13)CC(C)(C)C)CCC2,1,1,0,Exmol_based,Generated using exmol-based algorithm
CC(C)(C)Cc1cnc2c(c1)C([NH2+]CC(O)C(Cc1cccc(-c3ccccn3)c1)NC(=O)COCS)CC1(CCC1)O2,1,O1c2ncc(cc2C([NH2+]CC(O)C(NC(=O)COC)Cc2cc(ccc2)-c2ncccc2)CC12CCC2)CC(C)(C)C,1,1,0,Exmol_based,Generated using exmol-based algorithm
COCC(=O)NC(Cc1cccc(-c2ccccn2)c1)C(O)C[NH2+]C1CC2(CCC2)Oc2ncc(CC(C)(C)C)cc21,1,O1c2ncc(cc2C([NH2+]CC(O)C(NC(=O)COC)Cc2cc(ccc2)-c2ncccc2)CC12CCC2)CC(C)(C)C,1,1,0,Exmol_based,Generated using exmol-based algorithm
COCC(=O)NC(Cc1cccc(-c2ccccn2)c1)C(O)C[NH2+]C1CC2(CCC2)Oc2ncc(CC(C)C)cc21,1,O1c2ncc(cc2C([NH2+]CC(O)C(NC(=O)COC)Cc2cc(ccc2)-c2ncccc2)CC12CCC2)CC(C)(C)C,1,1,0,Exmol_based,Generated using exmol-based algorithm
COCC(=O)NC(Cc1cccc(-c2nccs2)c1)C(O)C[NH2+]C1CC2(CCC2)Oc2ncc(CC(C)(C)C)cc21.F,1,s1ccnc1-c1cc(CC(NC(=O)COC)C(O)C[NH2+]C2CC3(Oc4ncc(cc24)CC(C)(C)C)CCC3)c(F)cc1,1,1,0,Exmol_based,Generated using exmol-based algorithm
CC(C)(C)Cc1cnc2c(c1)C([NH2+]CC(O)C(N)Cc1cc(-c3nccs3)ccc1F)CC1(CCC1)O2.COCC=O,1,s1ccnc1-c1cc(CC(NC(=O)COC)C(O)C[NH2+]C2CC3(Oc4ncc(cc24)CC(C)(C)C)CCC3)c(F)cc1,1,1,0,Exmol_based,Generated using exmol-based algorithm
C.COCC(=O)NC(Cc1cc(-c2nccs2)ccc1F)C(O)C[NH2+]C1CC2(CCC2)Oc2ncc(CC(C)C)cc21,1,s1ccnc1-c1cc(CC(NC(=O)COC)C(O)C[NH2+]C2CC3(Oc4ncc(cc24)CC(C)(C)C)CCC3)c(F)cc1,1,1,0,Exmol_based,Generated using exmol-based algorithm
COCC(=O)NC(Cc1cccc(-c2ncco2)c1)C(N)(O)C[NH2+]C1CC2(CCC2)Oc2ncc(CC(C)(C)C)cc21,1,O1c2ncc(cc2C([NH2+]CC(O)C(NC(=O)COC)Cc2cc(ccc2)-c2occn2)CC12CCC2)CC(C)(C)C,1,1,0,Exmol_based,Generated using exmol-based algorithm
C.CC(=O)NC(Cc1cccc(-c2ncco2)c1)C(O)C[NH2+]C1CC2(CCC2)Oc2ncc(CC(C)(C)C)cc21,1,O1c2ncc(cc2C([NH2+]CC(O)C(NC(=O)COC)Cc2cc(ccc2)-c2occn2)CC12CCC2)CC(C)(C)C,1,1,0,Exmol_based,Generated using exmol-based algorithm
COCCNC(Cc1cccc(-c2ncco2)c1)C(O)C[NH2+]C1CC2(CCC2)Oc2ncc(CC(C)(C)C)cc21.O,1,O1c2ncc(cc2C([NH2+]CC(O)C(NC(=O)COC)Cc2cc(ccc2)-c2occn2)CC12CCC2)CC(C)(C)C,1,1,0,Exmol_based,Generated using exmol-based algorithm
CC(C)(C)Cc1cc2c3nc1-c1c4cccc1CC(NC(=O)c1ccc(=O)n(c1)CCCC4)C(O)C[NH2+]C2CC1(CCC1)O3,1,O1c2ncc(cc2C([NH2+]CC(O)C2NC(=O)C=3C=CC(=O)N(CCCCc4cc(C2)ccc4)C=3)CC12CCC2)CC(C)(C)C,1,1,0,Exmol_based,Generated using exmol-based algorithm
CC(C)(C)Cc1cncc(C(CC2CCC2)[NH2+]CC(O)C2Cc3cccc(c3)CCCCn3cc(ccc3=O)C(=O)N2)c1,1,O1c2ncc(cc2C([NH2+]CC(O)C2NC(=O)C=3C=CC(=O)N(CCCCc4cc(C2)ccc4)C=3)CC12CCC2)CC(C)(C)C,1,1,0,Exmol_based,Generated using exmol-based algorithm
CC(C)Cc1cnc2c(c1)C([NH2+]CC(O)C1Cc3cccc(c3)CCCCn3cc(ccc3=O)C(=O)N1)CC1(CCC1)O2,1,O1c2ncc(cc2C([NH2+]CC(O)C2NC(=O)C=3C=CC(=O)N(CCCCc4cc(C2)ccc4)C=3)CC12CCC2)CC(C)(C)C,1,1,0,Exmol_based,Generated using exmol-based algorithm
COC(OC=N)C(=O)NC(Cc1cccc(-c2nccs2)c1)C(O)C[NH2+]C1CC2(CCC2)Oc2ncc(CC(C)(C)C)cc21,1,s1ccnc1-c1cc(ccc1)CC(NC(=O)C(OC)OC)C(O)C[NH2+]C1CC2(Oc3ncc(cc13)CC(C)(C)C)CCC2,1,1,0,Exmol_based,Generated using exmol-based algorithm
COC(Cl)(OC)C(=O)NC(Cc1cccc(-c2nccs2)c1)C(O)C[NH2+]C1CC2(CCC2)Oc2ncc(CC(C)(C)C)cc21,1,s1ccnc1-c1cc(ccc1)CC(NC(=O)C(OC)OC)C(O)C[NH2+]C1CC2(Oc3ncc(cc13)CC(C)(C)C)CCC2,1,1,0,Exmol_based,Generated using exmol-based algorithm
CCC1CC([NH2+]CC(O)C(Cc2cccc(-c3nccs3)c2)NC(=O)C(OC)OC)c2cc(CC(C)(C)C)cnc2O1,1,s1ccnc1-c1cc(ccc1)CC(NC(=O)C(OC)OC)C(O)C[NH2+]C1CC2(Oc3ncc(cc13)CC(C)(C)C)CCC2,1,1,0,Exmol_based,Generated using exmol-based algorithm
C=CCO/N=C(/C)c1cc(C(=O)NC(Cc2cc(F)cc(F)c2)C(O)C[NH2+]Cc2cccc(OC)c2)cc(C(=O)N(CCC)CCC)c1,1,Fc1cc(cc(F)c1)CC(NC(=O)c1cc(cc(c1)/C(=N\OCC=C)/C)C(=O)N(CCC)CCC)C(O)C[NH2+]Cc1cc(OC)ccc1,1,1,0,Exmol_based,Generated using exmol-based algorithm
C=CCO/N=C/C.CCCN(CCC)C(=O)c1cccc(C(=O)NC(Cc2cc(F)cc(F)c2)C(O)C[NH2+]Cc2cccc(OC)c2)c1,1,Fc1cc(cc(F)c1)CC(NC(=O)c1cc(cc(c1)/C(=N\OCC=C)/C)C(=O)N(CCC)CCC)C(O)C[NH2+]Cc1cc(OC)ccc1,1,1,0,Exmol_based,Generated using exmol-based algorithm
C=CCO/N=C(/C)c1cccc(C(=O)NC(Cc2cc(F)cc(F)c2)C(O)C[NH2+]Cc2cccc(OC)c2)c1.CCCN(C=O)CCC,1,Fc1cc(cc(F)c1)CC(NC(=O)c1cc(cc(c1)/C(=N\OCC=C)/C)C(=O)N(CCC)CCC)C(O)C[NH2+]Cc1cc(OC)ccc1,1,1,0,Exmol_based,Generated using exmol-based algorithm
CCCN(CCC)C(=O)c1cc(CCO)cc(C(=O)NC(CO)Cc2cc(F)cc(F)c2)c1.COc1cccc(C[NH2+])c1,1,Fc1cc(cc(F)c1)CC(NC(=O)c1cc(cc(c1)C(=O)N(CCC)CCC)CCO)C(O)C[NH2+]Cc1cc(OC)ccc1,1,1,0,Exmol_based,Generated using exmol-based algorithm
CCCN(CCC)C(=O)c1cc(CCO)cc(C(=O)NC(Cc2cc(F)cc(F)c2)C(O)C[NH2+]Cc2ccc(S)c(OC)c2)c1,1,Fc1cc(cc(F)c1)CC(NC(=O)c1cc(cc(c1)C(=O)N(CCC)CCC)CCO)C(O)C[NH2+]Cc1cc(OC)ccc1,1,1,0,Exmol_based,Generated using exmol-based algorithm
CCCN(CCC)C(=O)c1cc(CCO)cc(C(=O)NC(Cc2cc(F)cc(F)c2)C(O)C[NH2+]Cc2cccc(OC)c2)c1,1,Fc1cc(cc(F)c1)CC(NC(=O)c1cc(cc(c1)C(=O)N(CCC)CCC)CCO)C(O)C[NH2+]Cc1cc(OC)ccc1,1,1,0,Exmol_based,Generated using exmol-based algorithm
CO/N=C(\C)c1cc(C(=O)NC(Cc2cc(C)cc(F)c2)[C@@H](O)C[NH2+]Cc2cccc(OC)c2)cc(N(c2ccccc2)S(C)(=O)=O)c1,1,S(=O)(=O)(N(c1cc(cc(c1)/C(=N/OC)/C)C(=O)NC([C@@H](O)C[NH2+]Cc1cc(OC)ccc1)Cc1cc(F)cc(F)c1)c1ccccc1)C,1,1,0,Exmol_based,Generated using exmol-based algorithm
CO/N=C(\C)c1cc(C(=O)NC(Cc2cc(F)cc(F)c2)[C@@H](O)C[NH2+]Cc2cccc(OC)c2)cc(N(c2ccccc2)S(C)(=O)=O)c1,1,S(=O)(=O)(N(c1cc(cc(c1)/C(=N/OC)/C)C(=O)NC([C@@H](O)C[NH2+]Cc1cc(OC)ccc1)Cc1cc(F)cc(F)c1)c1ccccc1)C,1,1,0,Exmol_based,Generated using exmol-based algorithm
CO/N=C(\C)c1cc(C(=O)NC(Cc2cc(F)cc(F)c2)[C@@H](O)C[NH2+])cc(N(c2ccccc2)S(C)(=O)=O)c1.COc1cccc(C)c1,1,S(=O)(=O)(N(c1cc(cc(c1)/C(=N/OC)/C)C(=O)NC([C@@H](O)C[NH2+]Cc1cc(OC)ccc1)Cc1cc(F)cc(F)c1)c1ccccc1)C,1,1,0,Exmol_based,Generated using exmol-based algorithm
CCCN(CCC)C(=O)c1cc(Oc2ccccc2)cc(C(=O)NC(CC[NH2+]Cc2cccc(OC)c2)Cc2cc(F)cc(F)c2)c1,1,Fc1cc(cc(F)c1)CC(NC(=O)c1cc(cc(Oc2ccccc2)c1)C(=O)N(CCC)CCC)C(O)C[NH2+]Cc1cc(OC)ccc1,1,1,0,Exmol_based,Generated using exmol-based algorithm
CCCN(CCC)C(=O)c1cc(Oc2ccccc2)cc(C(=O)NC(Cc2cccc(F)c2)C(O)C[NH2+]Cc2cccc(OC)c2)c1.F,1,Fc1cc(cc(F)c1)CC(NC(=O)c1cc(cc(Oc2ccccc2)c1)C(=O)N(CCC)CCC)C(O)C[NH2+]Cc1cc(OC)ccc1,1,1,0,Exmol_based,Generated using exmol-based algorithm
CCCN(CCCBr)C(=O)c1cc(Oc2ccccc2)cc(C(=O)NC(Cc2cc(F)cc(F)c2)C(O)C[NH2+]Cc2cccc(OC)c2)c1,1,Fc1cc(cc(F)c1)CC(NC(=O)c1cc(cc(Oc2ccccc2)c1)C(=O)N(CCC)CCC)C(O)C[NH2+]Cc1cc(OC)ccc1,1,1,0,Exmol_based,Generated using exmol-based algorithm
CCCN(CCC)C(=O)c1cc(Oc2ccc(OC)cc2)cc(C(=O)NCC(O)C[NH2+]Cc2cccc(OC)c2)c1.Fc1cccc(F)c1,1,Fc1cc(cc(F)c1)CC(NC(=O)c1cc(cc(Oc2ccc(OC)cc2)c1)C(=O)N(CCC)CCC)C(O)C[NH2+]Cc1cc(OC)ccc1,1,1,0,Exmol_based,Generated using exmol-based algorithm
CCCN(CCC)C(=O)c1cc(C(=O)NC(Cc2cc(F)cc(F)c2)C(O)C[NH2+]Cc2cccc(OC)c2)cc(Oc2ccc(OC)cc2)c1S,1,Fc1cc(cc(F)c1)CC(NC(=O)c1cc(cc(Oc2ccc(OC)cc2)c1)C(=O)N(CCC)CCC)C(O)C[NH2+]Cc1cc(OC)ccc1,1,1,0,Exmol_based,Generated using exmol-based algorithm
CCCN(CCC)C(=O)c1cc(Oc2ccccc2)cc(C(=O)NC(Cc2cc(F)cc(F)c2)C(O)C[NH2+]Cc2cccc(OC)c2)c1.CO,1,Fc1cc(cc(F)c1)CC(NC(=O)c1cc(cc(Oc2ccc(OC)cc2)c1)C(=O)N(CCC)CCC)C(O)C[NH2+]Cc1cc(OC)ccc1,1,1,0,Exmol_based,Generated using exmol-based algorithm
CCC(C)[NH2+]C[CH][C@H](Cc1ccccc1)NC(=O)c1cc2c3c(cn(CC)c3c1)CCS(=O)(=O)N2C.O,1,S1(=O)(=O)N(c2cc(cc3n(cc(CC1)c23)CC)C(=O)N[C@H]([C@H](O)C[NH2+]C(CC)C)Cc1ccccc1)C,1,1,0,Exmol_based,Generated using exmol-based algorithm
CCC(C)[NH2+]C.CCn1cc2c3c(cc(C(=O)N[CH]Cc4ccccc4)cc31)N(C)S(=O)(=O)CC2.O,1,S1(=O)(=O)N(c2cc(cc3n(cc(CC1)c23)CC)C(=O)N[C@H]([C@H](O)C[NH2+]C(CC)C)Cc1ccccc1)C,1,1,0,Exmol_based,Generated using exmol-based algorithm
CCN(C)[NH2+]C[C@@H](O)[C@H](Cc1ccccc1)NC(=O)c1cc2c3c(cn(CC)c3c1)CCS(=O)(=O)N2C,1,S1(=O)(=O)N(c2cc(cc3n(cc(CC1)c23)CC)C(=O)N[C@H]([C@H](O)C[NH2+]C(CC)C)Cc1ccccc1)C,1,1,0,Exmol_based,Generated using exmol-based algorithm
C.Cc1cccc([C@@]2(c3ccc(F)c(-c4cccnc4F)c3)N=C(N)N(C)C2=O)c1,1,Fc1ccc(cc1-c1cccnc1F)[C@@]1(N=C(N)N(C)C1=O)c1cc(C)c(OC)cc1,1,1,0,Exmol_based,Generated using exmol-based algorithm
COc1ccc([C@@]2(c3ccc(F)c(-c4cccnc4F)c3)N=S(N)N(C)C2=O)cc1C,1,Fc1ccc(cc1-c1cccnc1F)[C@@]1(N=C(N)N(C)C1=O)c1cc(C)c(OC)cc1,1,1,0,Exmol_based,Generated using exmol-based algorithm
COc1ccc([C@@]2(c3ccc(F)c(-c4cccnc4F)c3)N=C(N)N(C)C2=O)cc1C,1,Fc1ccc(cc1-c1cccnc1F)[C@@]1(N=C(N)N(C)C1=O)c1cc(C)c(OC)cc1,1,1,0,Exmol_based,Generated using exmol-based algorithm
CC(NC(=O)c1cc(C(=O)NC(COc2cc(F)cc(F)c2)C(O)C[C@H](C)C(N)=O)cc(N(C)S(C)(=O)=O)c1)c1ccccc1.CCC.O=CNCc1ccccc1,1,S(=O)(=O)(N(C)c1cc(cc(c1)C(=O)NC(C(O)C[C@@H](C(=O)NC(C(C)C)C(=O)NCc1ccccc1)C)COc1cc(F)cc(F)c1)C(=O)NC(C)c1ccccc1)C,1,1,0,Exmol_based,Generated using exmol-based algorithm
CC(NC(=O)c1cc(C(=O)NC(COc2cccc(F)c2)C(O)C[C@H](C)C(=O)NC(C(=O)NCc2ccccc2)C(C)C)cc(N(C)S(C)(=O)=O)c1)c1ccccc1.F,1,S(=O)(=O)(N(C)c1cc(cc(c1)C(=O)NC(C(O)C[C@@H](C(=O)NC(C(C)C)C(=O)NCc1ccccc1)C)COc1cc(F)cc(F)c1)C(=O)NC(C)c1ccccc1)C,1,1,0,Exmol_based,Generated using exmol-based algorithm
CC1NC(=O)c2cc(cc(N(C)S(C)(=O)=O)c2)C(=O)NC(C(O)C[C@H](C)C(=O)NC(C(=O)NCc2ccccc2)C(C)C)COc2cc(F)cc(F)c2-c2cccc1c2,1,S(=O)(=O)(N(C)c1cc(cc(c1)C(=O)NC(C(O)C[C@@H](C(=O)NC(C(C)C)C(=O)NCc1ccccc1)C)COc1cc(F)cc(F)c1)C(=O)NC(C)c1ccccc1)C,1,1,0,Exmol_based,Generated using exmol-based algorithm
CCc1cc(C2(c3cccc(-c4cccnc4F)p3)N=C(N)N(C)C2=O)cc(CC)n1,1,Fc1ncccc1-c1cc(ccc1)C1(N=C(N)N(C)C1=O)c1cc(nc(c1)CC)CC,1,1,0,Exmol_based,Generated using exmol-based algorithm
CCc1cc(C2(c3cccc(-c4cccnc4F)c3)CN(C)C(N)=N2)cc(CC)n1,1,Fc1ncccc1-c1cc(ccc1)C1(N=C(N)N(C)C1=O)c1cc(nc(c1)CC)CC,1,1,0,Exmol_based,Generated using exmol-based algorithm
CCc1cc(C2(c3cccc(-c4cccnc4F)c3)N=C(N)N(C)C2=O)cc(CP)n1,1,Fc1ncccc1-c1cc(ccc1)C1(N=C(N)N(C)C1=O)c1cc(nc(c1)CC)CC,1,1,0,Exmol_based,Generated using exmol-based algorithm
CC([NH2+]CC(O)C(Cc1ccccc1)NC(=O)c1cc(P)cc(N(c2ccc(Cl)cc2)S(C)(=O)=O)c1)C(=O)NC1CCCCC1,1,Clc1ccc(N(S(=O)(=O)C)c2cc(ccc2)C(=O)NC(Cc2ccccc2)C(O)C[NH2+]C(C(=O)NC2CCCCC2)C)cc1,1,1,0,Exmol_based,Generated using exmol-based algorithm
CC([NH2+]CC(O)C(Cc1ccccc1)NC(=O)c1cccc(N(c2ccc(Cl)cc2)S(C)=O)c1)C(=O)NC1CCCCC1,1,Clc1ccc(N(S(=O)(=O)C)c2cc(ccc2)C(=O)NC(Cc2ccccc2)C(O)C[NH2+]C(C(=O)NC2CCCCC2)C)cc1,1,1,0,Exmol_based,Generated using exmol-based algorithm
CC([NH2+]CC(O)C(Cc1ccccp1)NC(=O)c1cccc(N(c2ccc(Cl)cc2)S(C)(=O)=O)c1)C(=O)NC1CCCCC1,1,Clc1ccc(N(S(=O)(=O)C)c2cc(ccc2)C(=O)NC(Cc2ccccc2)C(O)C[NH2+]C(C(=O)NC2CCCCC2)C)cc1,1,1,0,Exmol_based,Generated using exmol-based algorithm
CN1C(=O)[C@@]2(N=C1N)c1ccc(cc1)OC(F)(F)c1cc(-c3cccnc3F)cc2c1,1,Fc1ncccc1-c1cc(ccc1)[C@]1(N=C(N)N(C)C1=O)c1ccc(OC(F)F)cc1,1,1,0,Exmol_based,Generated using exmol-based algorithm
CN1C(=O)[C@@](c2ccc(OC(F)F)cc2)(c2cc(-c3cccnc3F)ccc2Cl)N=C1N,1,Fc1ncccc1-c1cc(ccc1)[C@]1(N=C(N)N(C)C1=O)c1ccc(OC(F)F)cc1,1,1,0,Exmol_based,Generated using exmol-based algorithm
CN(C=O)C(N)=N[C](c1ccc(OC(F)F)cc1)c1cccc(-c2cccnc2F)c1,1,Fc1ncccc1-c1cc(ccc1)[C@]1(N=C(N)N(C)C1=O)c1ccc(OC(F)F)cc1,1,1,0,Exmol_based,Generated using exmol-based algorithm
CN1C(=O)[C@@](c2ccc(OC(F)F)cc2)(c2cccc(C#SCF)c2)N=C1N,1,FCC#Cc1cc(ccc1)[C@]1(N=C(N)N(C)C1=O)c1ccc(OC(F)F)cc1,1,1,0,Exmol_based,Generated using exmol-based algorithm
CN(CN)C(=O)[C@@](N)(c1ccc(OC(F)F)cc1)c1cccc(C#CCF)c1,1,FCC#Cc1cc(ccc1)[C@]1(N=C(N)N(C)C1=O)c1ccc(OC(F)F)cc1,1,1,0,Exmol_based,Generated using exmol-based algorithm
CN1C(=O)[C@@](c2ccc(OC(F)F)cc2)(c2cccc(C#CCF)c2)N=C1N,1,FCC#Cc1cc(ccc1)[C@]1(N=C(N)N(C)C1=O)c1ccc(OC(F)F)cc1,1,1,0,Exmol_based,Generated using exmol-based algorithm
CN1C[C@@](c2ccc(OC(F)F)cc2)(c2cccc(C#CCCF)c2)N=C1N.O,1,FCCC#Cc1cc(ccc1)[C@]1(N=C(N)N(C)C1=O)c1ccc(OC(F)F)cc1,1,1,0,Exmol_based,Generated using exmol-based algorithm
CN1C(=O)[C@@](c2ccc(OC(F)F)cc2)(c2cccc(C#CCCF)c2)N=C1N,1,FCCC#Cc1cc(ccc1)[C@]1(N=C(N)N(C)C1=O)c1ccc(OC(F)F)cc1,1,1,0,Exmol_based,Generated using exmol-based algorithm
CN(CN)C(=O)[C@@](N)(c1ccc(OC(F)F)cc1)c1cccc(C#CCCF)c1,1,FCCC#Cc1cc(ccc1)[C@]1(N=C(N)N(C)C1=O)c1ccc(OC(F)F)cc1,1,1,0,Exmol_based,Generated using exmol-based algorithm
CN1C(=O)[C@@](c2ccccc2)(c2cccc(C#CCCO)c2)N=C1N.OC(F)F,1,FC(F)Oc1ccc(cc1)[C@@]1(N=C(N)N(C)C1=O)c1cc(ccc1)C#CCCO,1,1,0,Exmol_based,Generated using exmol-based algorithm
CN1C(=O)[C@@](c2ccc(OC(F)F)cc2)(c2cccc(C#CCCS)c2)N=C1N,1,FC(F)Oc1ccc(cc1)[C@@]1(N=C(N)N(C)C1=O)c1cc(ccc1)C#CCCO,1,1,0,Exmol_based,Generated using exmol-based algorithm
CCC#Cc1cccc([C@@]2(c3ccc(OC(F)F)cc3)N=C(N)N(C)C2=O)c1.O,1,FC(F)Oc1ccc(cc1)[C@@]1(N=C(N)N(C)C1=O)c1cc(ccc1)C#CCCO,1,1,0,Exmol_based,Generated using exmol-based algorithm
CN1C(=O)[C@@](c2ccc(OC(F)F)cc2)(c2cc(C#CCCCCO)ccc2F)N=C1N,1,FC(F)Oc1ccc(cc1)[C@@]1(N=C(N)N(C)C1=O)c1cc(ccc1)C#CCCCCO,1,1,0,Exmol_based,Generated using exmol-based algorithm
CNC(=O)[C@@](N)(c1ccc(OC(F)F)cc1)c1cccc(C#CCCCCO)c1.N,1,FC(F)Oc1ccc(cc1)[C@@]1(N=C(N)N(C)C1=O)c1cc(ccc1)C#CCCCCO,1,1,0,Exmol_based,Generated using exmol-based algorithm
CN1C(=O)[C@@](c2ccc(OCF)cc2)(c2cccc(C#CCCCCO)c2)N=C1N,1,FC(F)Oc1ccc(cc1)[C@@]1(N=C(N)N(C)C1=O)c1cc(ccc1)C#CCCCCO,1,1,0,Exmol_based,Generated using exmol-based algorithm
CCCOc1cc([C@@]2(c3ccc(OC(F)F)cc3)N=C(N)N(C)C2=O)ccc1F,1,Fc1ccc(cc1OCCCF)[C@]1(N=C(N)N(C)C1=O)c1ccc(OC(F)F)cc1,1,1,0,Exmol_based,Generated using exmol-based algorithm
CN1C(=O)[C@@](c2ccc(OC(F)F)cc2)(c2ccc(F)c(OCCCF)c2)N=C1N,1,Fc1ccc(cc1OCCCF)[C@]1(N=C(N)N(C)C1=O)c1ccc(OC(F)F)cc1,1,1,0,Exmol_based,Generated using exmol-based algorithm
CN1C(=O)[C@@](c2ccc(OC(F)F)cc2)(c2ccc(S)c(OCCCF)c2)N=C1N,1,Fc1ccc(cc1OCCCF)[C@]1(N=C(N)N(C)C1=O)c1ccc(OC(F)F)cc1,1,1,0,Exmol_based,Generated using exmol-based algorithm
CN1C(=O)[C@@](c2ccccc2)(c2cccc(OCCC(F)F)c2)N=C1N.FCF,1,FC(F)CCOc1cc(ccc1)[C@]1(N=C(N)N(C)C1=O)c1ccc(OC(F)F)cc1,1,1,0,Exmol_based,Generated using exmol-based algorithm
CC(F)F.COc1cccc([C@@]2(c3ccc(OC(F)F)cc3)N=C(N)N(C)C2=O)c1,1,FC(F)CCOc1cc(ccc1)[C@]1(N=C(N)N(C)C1=O)c1ccc(OC(F)F)cc1,1,1,0,Exmol_based,Generated using exmol-based algorithm
CN1C(=O)[C@@](c2ccc(OCF)cc2)(c2cccc(OCCC(F)F)c2)N=C1N.F,1,FC(F)CCOc1cc(ccc1)[C@]1(N=C(N)N(C)C1=O)c1ccc(OC(F)F)cc1,1,1,0,Exmol_based,Generated using exmol-based algorithm
COC[C@H]1CCCN1C(=O)n1cc(C(=O)N[C@@H](Cc2cccc(F)c2)[C@H](O)C[NH2+]Cc2cccc(OC)c2)c2cccnc21,1,Fc1cc(cc(F)c1)C[C@H](NC(=O)c1c2cccnc2n(c1)C(=O)N1CCC[C@@H]1COC)[C@H](O)C[NH2+]Cc1cc(OC)ccc1,1,1,0,Exmol_based,Generated using exmol-based algorithm
COC[C@@H](C)N(C)C(=O)n1cc(C(=O)N[C@@H](Cc2cc(F)cc(F)c2)[C@H](O)C[NH2+]Cc2cccc(OC)c2)c2cccnc21,1,Fc1cc(cc(F)c1)C[C@H](NC(=O)c1c2cccnc2n(c1)C(=O)N1CCC[C@@H]1COC)[C@H](O)C[NH2+]Cc1cc(OC)ccc1,1,1,0,Exmol_based,Generated using exmol-based algorithm
CCCNC(=O)n1cc(C(=O)N[C@@H](Cc2cc(F)cc(F)c2)[C@H](O)C[NH2+]Cc2cccc(OC)c2)c2cccnc21.COC,1,Fc1cc(cc(F)c1)C[C@H](NC(=O)c1c2cccnc2n(c1)C(=O)N1CCC[C@@H]1COC)[C@H](O)C[NH2+]Cc1cc(OC)ccc1,1,1,0,Exmol_based,Generated using exmol-based algorithm
Cc1ccccc1-c1ccc2nc(N)c3c(c2c1)C1(CCOCC1)CNC(=O)C(C)C3,1,O1CCC(CC1)CNC(=O)C(Cc1cc2cc(ccc2nc1N)-c1ccccc1C)C,1,1,0,Exmol_based,Generated using exmol-based algorithm
CCOCCCCNC(=O)C(C)Cc1cc2cc(-c3ccccc3C)ccc2nc1N,1,O1CCC(CC1)CNC(=O)C(Cc1cc2cc(ccc2nc1N)-c1ccccc1C)C,1,1,0,Exmol_based,Generated using exmol-based algorithm
Cc1ccccc1-c1ccc2ncc(CC(C)C(=O)NCC3CCOCC3)cc2c1.N,1,O1CCC(CC1)CNC(=O)C(Cc1cc2cc(ccc2nc1N)-c1ccccc1C)C,1,1,0,Exmol_based,Generated using exmol-based algorithm
CCC(C)C1(NC(C)=O)CCN(C(CCc2cccc(Br)c2)C(=O)NC(Cc2cc(F)cc(F)c2)C(O)C2CC(OCc3ccc(F)cc3)C[NH2+]2)C1=O,1,Fc1cc(cc(F)c1)CC(NC(=O)C(N1CCC(NC(=O)C)(C(CC)C)C1=O)CCc1ccccc1)C(O)C1[NH2+]CC(OCc2ccc(F)cc2)C1,1,1,0,Exmol_based,Generated using exmol-based algorithm
CCC(C)C1(NC(C)=O)CCN(C(CCc2ccccc2)C(=O)NC(Cc2cc(F)cc(F)c2)C(O)C[NH2+]CCOCc2ccc(F)cc2)C1=O,1,Fc1cc(cc(F)c1)CC(NC(=O)C(N1CCC(NC(=O)C)(C(CC)C)C1=O)CCc1ccccc1)C(O)C1[NH2+]CC(OCc2ccc(F)cc2)C1,1,1,0,Exmol_based,Generated using exmol-based algorithm
CNC(C)C1(NC(C)=O)CCN(C(CCc2ccccc2)C(=O)NC(Cc2cc(F)cc(F)c2)C(O)C2CC(OCc3ccc(F)cc3)C[NH2+]2)C1=O,1,Fc1cc(cc(F)c1)CC(NC(=O)C(N1CCC(NC(=O)C)(C(CC)C)C1=O)CCc1ccccc1)C(O)C1[NH2+]CC(OCc2ccc(F)cc2)C1,1,1,0,Exmol_based,Generated using exmol-based algorithm
CCn1cc(C2(c3cccc(-c4cccnc4F)c3S)N=C(N)N(C)C2=O)cn1,1,Fc1ncccc1-c1cc(ccc1)C1(N=C(N)N(C)C1=O)c1cn(nc1)CC,1,1,0,Exmol_based,Generated using exmol-based algorithm
CCn1cc(C2(c3cccc(-c4cccnc4F)c3)CN(C)C(N)=N2)cn1.O,1,Fc1ncccc1-c1cc(ccc1)C1(N=C(N)N(C)C1=O)c1cn(nc1)CC,1,1,0,Exmol_based,Generated using exmol-based algorithm
CCn1cc(C(N)(C(=O)N(C)CN)c2cccc(-c3cccnc3F)c2)cn1,1,Fc1ncccc1-c1cc(ccc1)C1(N=C(N)N(C)C1=O)c1cn(nc1)CC,1,1,0,Exmol_based,Generated using exmol-based algorithm
C.CCn1cc(C2(c3cccc(-c4cccnc4F)c3)N=C(N)N(C)C2=O)cn1,1,Fc1ncccc1-c1cc(ccc1)C1(N=C(N)N(C)C1=O)c1cn(nc1)CCCC,1,1,0,Exmol_based,Generated using exmol-based algorithm
C.CCCn1cc(C2(c3cccc(-c4cccnc4F)c3)N=C(N)N(C)C2=O)cn1,1,Fc1ncccc1-c1cc(ccc1)C1(N=C(N)N(C)C1=O)c1cn(nc1)CCCC,1,1,0,Exmol_based,Generated using exmol-based algorithm
CC.CCn1cc(C2(c3cccc(-c4cccnc4F)c3)N=C(N)N(C)C2=O)cn1,1,Fc1ncccc1-c1cc(ccc1)C1(N=C(N)N(C)C1=O)c1cn(nc1)CCCC,1,1,0,Exmol_based,Generated using exmol-based algorithm
CCC(=O)c1cc(C2(c3cccc(-c4cccnc4F)c3)N=CN(C)C2=O)cs1.N,1,s1cc(cc1C(=O)CC)C1(N=C(N)N(C)C1=O)c1cc(ccc1)-c1cccnc1F,1,1,0,Exmol_based,Generated using exmol-based algorithm
CCC(=O)c1cc(C2(c3cccc(-c4cccnc4F)c3)CN(C)C(N)=N2)cs1,1,s1cc(cc1C(=O)CC)C1(N=C(N)N(C)C1=O)c1cc(ccc1)-c1cccnc1F,1,1,0,Exmol_based,Generated using exmol-based algorithm
CCC(=O)c1cc(C2(c3cccc(-c4cccnc4F)c3)C=C(N)N(C)C2=O)cs1,1,s1cc(cc1C(=O)CC)C1(N=C(N)N(C)C1=O)c1cc(ccc1)-c1cccnc1F,1,1,0,Exmol_based,Generated using exmol-based algorithm
CC#Cc1cncc(-c2ccc3c(c2)C2(CC(C)(C)O3)N=C(N)N(C)C2=O)c1,1,O1c2c(cc(cc2)-c2cc(cnc2)C#CC)C2(N=C(N)N(C)C2=O)CC1(C)C,1,1,0,Exmol_based,Generated using exmol-based algorithm
CC#Cc1cncc(-c2ccc3c(c2C)C2(CC(C)(C)O3)N=C(N)N(C)C2=O)c1,1,O1c2c(cc(cc2)-c2cc(cnc2)C#CC)C2(N=C(N)N(C)C2=O)CC1(C)C,1,1,0,Exmol_based,Generated using exmol-based algorithm
CC#Cc1cncc(-c2ccc3c(c2)C2(CC(C)(C)O3)N=C(N)N(C#P)C2=O)c1,1,O1c2c(cc(cc2)-c2cc(cnc2)C#CC)C2(N=C(N)N(C)C2=O)CC1(C)C,1,1,0,Exmol_based,Generated using exmol-based algorithm
C.CC(C)(C)c1ccccc1.COCC(Oc1cc(CC2CS(=O)CC([NH2+])C2O)cc(F)c1N)C(F)(F)F,1,S1(=O)CC(Cc2cc(OC(COC)C(F)(F)F)c(N)c(F)c2)C(O)C([NH2+]C(C)c2cc(ccc2)C(C)(C)C)C1,1,1,0,Exmol_based,Generated using exmol-based algorithm
COCC(Oc1cc(CCCS(=O)CC[NH2+]C(C)c2cccc(C(C)(C)C)c2)cc(F)c1N)C(F)(F)F.O,1,S1(=O)CC(Cc2cc(OC(COC)C(F)(F)F)c(N)c(F)c2)C(O)C([NH2+]C(C)c2cc(ccc2)C(C)(C)C)C1,1,1,0,Exmol_based,Generated using exmol-based algorithm
COCC(Oc1cc(CC2CS(=O)CC([NH2+]C(C)c3cccc(C(C)(C)C)c3)C2O)cc(F)c1N)C(F)F.F,1,S1(=O)CC(Cc2cc(OC(COC)C(F)(F)F)c(N)c(F)c2)C(O)C([NH2+]C(C)c2cc(ccc2)C(C)(C)C)C1,1,1,0,Exmol_based,Generated using exmol-based algorithm
COCC(OC1=C(N)S(F)=CC(CC2CS(=O)CC([NH2+]Cc3cc(C(C)(C)C)ccc3F)C2O)=C1)C(F)(F)F,1,S1(=O)CC(Cc2cc(OC(COC)C(F)(F)F)c(N)c(F)c2)C(O)C([NH2+]Cc2cc(ccc2F)C(C)(C)C)C1,1,1,0,Exmol_based,Generated using exmol-based algorithm
CC(C)(C)c1ccc(F)c(C[NH2+]C2CS(=O)CC(Cc3cc(F)c(N)c(OCC(F)(F)F)c3)C2O)c1.COC,1,S1(=O)CC(Cc2cc(OC(COC)C(F)(F)F)c(N)c(F)c2)C(O)C([NH2+]Cc2cc(ccc2F)C(C)(C)C)C1,1,1,0,Exmol_based,Generated using exmol-based algorithm
COCC(Oc1cc(CC2CS(=O)CC([NH2+]Cc3cc(C(C)(C)C)ccc3F)C2O)cc(F)c1N)C(F)(F)Br,1,S1(=O)CC(Cc2cc(OC(COC)C(F)(F)F)c(N)c(F)c2)C(O)C([NH2+]Cc2cc(ccc2F)C(C)(C)C)C1,1,1,0,Exmol_based,Generated using exmol-based algorithm
C.CC(=O)NC(Cc1ccc(F)c(C(F)(F)F)c1)C(O)C[NH2+]C1CC2(CCC2)Oc2ncc(CC(C)C)cc21,1,Fc1ccc(cc1C(F)(F)F)CC(NC(=O)C)C(O)C[NH2+]C1CC2(Oc3ncc(cc13)CC(C)(C)C)CCC2,1,1,0,Exmol_based,Generated using exmol-based algorithm
C.CC(=O)NC(Cc1ccc(F)c(C(F)(F)F)c1)C(O)C[NH2+]C1CC2(CCC2)Oc2ncc(CC(C)C)cc21,1,Fc1ccc(cc1C(F)(F)F)CC(NC(=O)C)C(O)C[NH2+]C1CC2(Oc3ncc(cc13)CC(C)(C)C)CCC2,1,1,0,Exmol_based,Generated using exmol-based algorithm
CC(=O)NC(Cc1ccc(F)c(C(F)(F)F)c1)C(O)C[NH2+]Cc1cc(CC(C)(C)C)cnc1OC1CCC1,1,Fc1ccc(cc1C(F)(F)F)CC(NC(=O)C)C(O)C[NH2+]C1CC2(Oc3ncc(cc13)CC(C)(C)C)CCC2,1,1,0,Exmol_based,Generated using exmol-based algorithm
COc1cccc(C[NH2+]C[C@H](O)[C@H](Cc2cc(F)c(Cl)c(F)c2)NC(=O)c2cccc(N(c3ccccc3)S(C)(=O)=O)c2)c1,1,S(=O)(=O)(N(c1cc(ccc1)C(=O)N[C@H]([C@@H](O)C[NH2+]Cc1cc(OC)ccc1)Cc1cc(F)cc(F)c1)c1ccccc1)C,1,1,0,Exmol_based,Generated using exmol-based algorithm
C.CS(=O)(=O)N(c1ccccc1)c1cccc(C(=O)N[C@@H](Cc2cc(F)cc(F)c2)[C@@H](O)C[NH2+]Cc2ccccc2)c1,1,S(=O)(=O)(N(c1cc(ccc1)C(=O)N[C@H]([C@@H](O)C[NH2+]Cc1cc(OC)ccc1)Cc1cc(F)cc(F)c1)c1ccccc1)C,1,1,0,Exmol_based,Generated using exmol-based algorithm
COc1cccc(C[NH2+]C[C@H](O)[C@H](Cc2cc(F)cc(F)c2)NC(=O)c2cccc(N(c3ccccc3)S(C)=O)c2)c1,1,S(=O)(=O)(N(c1cc(ccc1)C(=O)N[C@H]([C@@H](O)C[NH2+]Cc1cc(OC)ccc1)Cc1cc(F)cc(F)c1)c1ccccc1)C,1,1,0,Exmol_based,Generated using exmol-based algorithm
CCC.CCC.COc1cccc(C[NH2+]CC(O)C(Cc2cc(F)cc(F)c2)NC(=O)c2cc(C=O)cc(S(=O)(=O)c3ccccc3)c2)c1,1,S(=O)(=O)(c1cc(cc(c1)C(=O)NC(Cc1cc(F)cc(F)c1)C(O)C[NH2+]Cc1cc(OC)ccc1)C(=O)N(CCC)CCC)c1ccccc1,1,1,0,Exmol_based,Generated using exmol-based algorithm
CCCN(CCC)C(=O)c1cc(C(=O)NC(Cc2cc(F)cc(F)c2)C(O)C[PH2+]Cc2cccc(OC)c2)cc(S(=O)(=O)c2ccccc2)c1,1,S(=O)(=O)(c1cc(cc(c1)C(=O)NC(Cc1cc(F)cc(F)c1)C(O)C[NH2+]Cc1cc(OC)ccc1)C(=O)N(CCC)CCC)c1ccccc1,1,1,0,Exmol_based,Generated using exmol-based algorithm
CCCN(CCCO)C(=O)c1cc(C(=O)NC(Cc2cc(F)cc(F)c2)C(O)C[NH2+]Cc2cccc(OC)c2)cc(S(=O)(=O)c2ccccc2)c1,1,S(=O)(=O)(c1cc(cc(c1)C(=O)NC(Cc1cc(F)cc(F)c1)C(O)C[NH2+]Cc1cc(OC)ccc1)C(=O)N(CCC)CCC)c1ccccc1,1,1,0,Exmol_based,Generated using exmol-based algorithm
C#CC[NH2+]C[C@@H](O)C(Cc1ccccc1)NC(=O)c1cc2c3c(cn(OC)c3c1)CCS(=O)(=O)N2C,1,S1(=O)(=O)N(c2cc(cc3n(cc(CC1)c23)CC)C(=O)NC([C@H](O)C[NH2+]CC#C)Cc1ccccc1)C,1,1,0,Exmol_based,Generated using exmol-based algorithm
C#CC[NH2+]C[C@@H](O)C(Cc1ccccc1)NC=O.CCn1cc2c3c(cccc31)N(C)S(=O)(=O)CC2,1,S1(=O)(=O)N(c2cc(cc3n(cc(CC1)c23)CC)C(=O)NC([C@H](O)C[NH2+]CC#C)Cc1ccccc1)C,1,1,0,Exmol_based,Generated using exmol-based algorithm
C#C.CCn1cc2c3c(cc(C(=O)NC(Cc4ccccc4)[C@H](O)C[NH2+]C)cc31)N(C)S(=O)(=O)CC2,1,S1(=O)(=O)N(c2cc(cc3n(cc(CC1)c23)CC)C(=O)NC([C@H](O)C[NH2+]CC#C)Cc1ccccc1)C,1,1,0,Exmol_based,Generated using exmol-based algorithm
COc1ccc(N(c2cccc(C(=O)NCC(O)C[NH2+]C(C)C(=O)NC3CCCCC3)c2)S(C)(=O)=O)cc1.c1ccccc1,1,S(=O)(=O)(N(c1cc(ccc1)C(=O)NC(Cc1ccccc1)C(O)C[NH2+]C(C(=O)NC1CCCCC1)C)c1ccc(OC)cc1)C,1,1,0,Exmol_based,Generated using exmol-based algorithm
COc1ccc(N(c2cccc(C(=O)N(F)C(Cc3ccccc3)C(O)C[NH2+]C(C)C(=O)NC3CCCCC3)c2)S(C)(=O)=O)cc1,1,S(=O)(=O)(N(c1cc(ccc1)C(=O)NC(Cc1ccccc1)C(O)C[NH2+]C(C(=O)NC1CCCCC1)C)c1ccc(OC)cc1)C,1,1,0,Exmol_based,Generated using exmol-based algorithm
COc1ccc(N(c2cccc(C(=O)NCC(O)C[NH2+]C(C)C(=O)NC3CCCCC3)c2)S(C)(=O)=O)cc1.c1ccccc1,1,S(=O)(=O)(N(c1cc(ccc1)C(=O)NC(Cc1ccccc1)C(O)C[NH2+]C(C(=O)NC1CCCCC1)C)c1ccc(OC)cc1)C,1,1,0,Exmol_based,Generated using exmol-based algorithm
C=C(c1ccccc1)C(NC(=O)c1cccc(N(c2cc(Cl)cc(Cl)c2)S(C)(=O)=O)c1)C(O)C[NH2+]C(C)C(=O)NC1CCCCC1,1,Clc1cc(N(S(=O)(=O)C)c2cc(ccc2)C(=O)NC(Cc2ccccc2)C(O)C[NH2+]C(C(=O)NC2CCCCC2)C)cc(Cl)c1,1,1,0,Exmol_based,Generated using exmol-based algorithm
CS(=O)(=O)N(c1cc(Cl)cc(Cl)c1)c1cccc(C(=O)NC(Cc2ccccc2)C(O)C[NH2+]C(CCl)C(=O)NC2CCCCC2)c1,1,Clc1cc(N(S(=O)(=O)C)c2cc(ccc2)C(=O)NC(Cc2ccccc2)C(O)C[NH2+]C(C(=O)NC2CCCCC2)C)cc(Cl)c1,1,1,0,Exmol_based,Generated using exmol-based algorithm
CC([NH2+]CC(O)C(Cc1ccccc1)NC(=O)c1cccc(N(c2cc(Cl)cc(Cl)c2)S(C)(=O)=O)c1)C(=O)NC1CCCCC1N,1,Clc1cc(N(S(=O)(=O)C)c2cc(ccc2)C(=O)NC(Cc2ccccc2)C(O)C[NH2+]C(C(=O)NC2CCCCC2)C)cc(Cl)c1,1,1,0,Exmol_based,Generated using exmol-based algorithm
CC(C)C.CNC(=O)C(C)Cc1cc2cc(-c3ncccc3Cl)ccc2nc1N,1,Clc1cccnc1-c1cc2cc(CC(C(=O)NCCC(C)(C)C)C)c(nc2cc1)N,1,1,0,Exmol_based,Generated using exmol-based algorithm
CC1Cc2cc3cc(-c4ncccc4Cl)ccc3nc2NCC(C)(C)CCNC1=O,1,Clc1cccnc1-c1cc2cc(CC(C(=O)NCCC(C)(C)C)C)c(nc2cc1)N,1,1,0,Exmol_based,Generated using exmol-based algorithm
CC(Cc1cc2cc(-c3ncccc3Cl)ccc2nc1N)C(=O)NC(F)CC(C)(C)C,1,Clc1cccnc1-c1cc2cc(CC(C(=O)NCCC(C)(C)C)C)c(nc2cc1)N,1,1,0,Exmol_based,Generated using exmol-based algorithm
COc1cccc(C[NH2+]CC(O)C(Cc2ccccc2)NC(=O)C(C)N2CCC(CC3CC3)(NC(C)=O)C2=O)c1.c1ccccc1,1,O(C)c1cc(ccc1)C[NH2+]CC(O)C(NC(=O)C(N1CCC(NC(=O)C)(CC2CC2)C1=O)CCc1ccccc1)Cc1ccccc1,1,1,0,Exmol_based,Generated using exmol-based algorithm
COc1cccc(C[NH2+]CC(O)C(Cc2ccccc2)NC(=O)C(CCc2ccccc2)N2CCC(CC3CC3)(NC(C)=O)C2=O)c1,1,O(C)c1cc(ccc1)C[NH2+]CC(O)C(NC(=O)C(N1CCC(NC(=O)C)(CC2CC2)C1=O)CCc1ccccc1)Cc1ccccc1,1,1,0,Exmol_based,Generated using exmol-based algorithm
COc1cccc(C[NH2+]CC(O)CNC(=O)C(CCc2ccccc2)N2CCC(CC3CC3)(NC(C)=O)C2=O)c1.c1ccccc1,1,O(C)c1cc(ccc1)C[NH2+]CC(O)C(NC(=O)C(N1CCC(NC(=O)C)(CC2CC2)C1=O)CCc1ccccc1)Cc1ccccc1,1,1,0,Exmol_based,Generated using exmol-based algorithm
C=CC(C)(C)c1cccc(C[NH2+]C2CS(=O)(=O)CC(Cc3cc(F)c(N)c(OC4CCC4)c3)C2O)c1,1,S1(=O)(=O)CC(Cc2cc(OC3CCC3)c(N)c(F)c2)C(O)C([NH2+]Cc2cc(ccc2)C(C)(C)C)C1,1,1,0,Exmol_based,Generated using exmol-based algorithm
CC(Cc1cc(F)c(N)c(OC2CCC2)c1)C(O)C(C[SH](=O)=O)[NH2+]Cc1cccc(C(C)(C)C)c1,1,S1(=O)(=O)CC(Cc2cc(OC3CCC3)c(N)c(F)c2)C(O)C([NH2+]Cc2cc(ccc2)C(C)(C)C)C1,1,1,0,Exmol_based,Generated using exmol-based algorithm
CC(C)(C)c1cccc(C[NH2+]C2CS(=O)(=O)CC(Cc3cc(F)c(N)c(OC4CCC4)c3)C2O)c1,1,S1(=O)(=O)CC(Cc2cc(OC3CCC3)c(N)c(F)c2)C(O)C([NH2+]Cc2cc(ccc2)C(C)(C)C)C1,1,1,0,Exmol_based,Generated using exmol-based algorithm
C#Cc1cccc(CC2NC(=O)C(OC)=C(C(C)(C)C)c3cnc4c(c3)C(CC3(CCC3)O4)[NH2+]CC2O)c1F,1,Fc1c(cccc1C#C)CC(NC(=O)COC)C(O)C[NH2+]C1CC2(Oc3ncc(cc13)CC(C)(C)C)CCC2,1,1,0,Exmol_based,Generated using exmol-based algorithm
C.C.C.C#Cc1cccc(CC(NC(=O)COC)C(O)C[NH2+]C2CC3(CCC3)Oc3ncc(C)cc32)c1F,1,Fc1c(cccc1C#C)CC(NC(=O)COC)C(O)C[NH2+]C1CC2(Oc3ncc(cc13)CC(C)(C)C)CCC2,1,1,0,Exmol_based,Generated using exmol-based algorithm
C#Cc1cccc(CC(NC(=O)COC)C(O)C[NH2+]C23CC(C)(C)Cc4cnc(c2c4)OC2(CCC2)C3)c1F,1,Fc1c(cccc1C#C)CC(NC(=O)COC)C(O)C[NH2+]C1CC2(Oc3ncc(cc13)CC(C)(C)C)CCC2,1,1,0,Exmol_based,Generated using exmol-based algorithm
CC(C)(C)Cc1cnc2c(c1)C([NH2+]CCO)CC1(CCC1)O2.CCC(N)=O.Cc1cccc(-c2nccs2)c1,1,s1ccnc1-c1cc(ccc1)CC(NC(=O)CC)C(O)C[NH2+]C1CC2(Oc3ncc(cc13)CC(C)(C)C)CCC2,1,1,0,Exmol_based,Generated using exmol-based algorithm
CC.CC(C)(C)Cc1cnc2c(c1)C([NH2+]CC(O)C(N)Cc1cccc(-c3nccs3)c1)CC1(CCC1)O2.O,1,s1ccnc1-c1cc(ccc1)CC(NC(=O)CC)C(O)C[NH2+]C1CC2(Oc3ncc(cc13)CC(C)(C)C)CCC2,1,1,0,Exmol_based,Generated using exmol-based algorithm
CCC(=O)NC(Cc1cccc(-c2nc(N)cs2)c1)C(O)C[NH2+]C1CC2(CCC2)Oc2ncc(CC(C)(C)C)cc21,1,s1ccnc1-c1cc(ccc1)CC(NC(=O)CC)C(O)C[NH2+]C1CC2(Oc3ncc(cc13)CC(C)(C)C)CCC2,1,1,0,Exmol_based,Generated using exmol-based algorithm
COc1cccc(C[NH2+]C[C@@H]2Oc3ccccc3N(S(C)(=O)=O)c3cc(cc(/C(C)=N\OCc4ccccc4)c3)C(=O)N[C@H]2Cc2cc(F)cc(F)c2)c1,1,S(=O)(=O)(N(c1cc(cc(c1)/C(=N\OCc1ccccc1)/C)C(=O)N[C@H]([C@@H](O)C[NH2+]Cc1cc(OC)ccc1)Cc1cc(F)cc(F)c1)c1ccccc1)C,1,1,0,Exmol_based,Generated using exmol-based algorithm
COc1cccc(C[NH2+]C[C@H](O)[C@H](Cc2cc(F)cc(F)c2)NC(=O)c2cc(/C(C)=N\OCc3ccccc3)cc(N(c3ccccc3)S(C)(=O)=O)c2)c1N,1,S(=O)(=O)(N(c1cc(cc(c1)/C(=N\OCc1ccccc1)/C)C(=O)N[C@H]([C@@H](O)C[NH2+]Cc1cc(OC)ccc1)Cc1cc(F)cc(F)c1)c1ccccc1)C,1,1,0,Exmol_based,Generated using exmol-based algorithm
COc1cccc(C[NH2+]C[C@H](O)[CH]NC(=O)c2cc(/C(C)=N\OCc3ccccc3)cc(N(c3ccccc3)S(C)(=O)=O)c2)c1.Fc1cccc(F)c1,1,S(=O)(=O)(N(c1cc(cc(c1)/C(=N\OCc1ccccc1)/C)C(=O)N[C@H]([C@@H](O)C[NH2+]Cc1cc(OC)ccc1)Cc1cc(F)cc(F)c1)c1ccccc1)C,1,1,0,Exmol_based,Generated using exmol-based algorithm
CCCN(CCC)C(=O)c1cc(C(=O)NC(Cc2cc(F)cc(F)c2)C(O)C[NH2+]Cc2cccc(O)c2)cc(S(=O)(=O)c2ccc(OC)cc2)c1,1,S(=O)(=O)(c1cc(cc(c1)C(=O)NC(Cc1cc(F)cc(F)c1)C(O)C[NH2+]Cc1cc(OC)ccc1)C(=O)N(CCC)CCC)c1ccc(OC)cc1,1,1,0,Exmol_based,Generated using exmol-based algorithm
CCCN(CCC)C(=O)c1cc(C(=O)NC(Cc2cc(F)cc(F)c2)C(O)C(=P)[NH2+]Cc2cccc(OC)c2)cc(S(=O)(=O)c2ccc(OC)cc2)c1,1,S(=O)(=O)(c1cc(cc(c1)C(=O)NC(Cc1cc(F)cc(F)c1)C(O)C[NH2+]Cc1cc(OC)ccc1)C(=O)N(CCC)CCC)c1ccc(OC)cc1,1,1,0,Exmol_based,Generated using exmol-based algorithm
CCCN1CCCC(O)(C[NH2+]Cc2cccc(OC)c2)C(Cc2cc(F)cc(F)c2)NC(=O)c2cc(cc(S(=O)(=O)c3ccc(OC)cc3)c2)C1=O,1,S(=O)(=O)(c1cc(cc(c1)C(=O)NC(Cc1cc(F)cc(F)c1)C(O)C[NH2+]Cc1cc(OC)ccc1)C(=O)N(CCC)CCC)c1ccc(OC)cc1,1,1,0,Exmol_based,Generated using exmol-based algorithm
CNC(N)=N[C@](C=O)(c1ccc(OC(F)F)cc1)c1ccc(F)c(C#CCOC)c1,1,Fc1ccc(cc1C#CCOC)[C@]1(N=C(N)N(C)C1=O)c1ccc(OC(F)F)cc1,1,1,0,Exmol_based,Generated using exmol-based algorithm
C#Cc1cc([C@@]2(c3ccc(OC(F)F)cc3)N=C(N)N(C)C2=O)ccc1F.COC,1,Fc1ccc(cc1C#CCOC)[C@]1(N=C(N)N(C)C1=O)c1ccc(OC(F)F)cc1,1,1,0,Exmol_based,Generated using exmol-based algorithm
COCC#Cc1cc([C@@]2(c3ccccc3)N=C(N)N(C)C2=O)ccc1F.OC(F)F,1,Fc1ccc(cc1C#CCOC)[C@]1(N=C(N)N(C)C1=O)c1ccc(OC(F)F)cc1,1,1,0,Exmol_based,Generated using exmol-based algorithm
CCOC[C@H]1CCCN1C(=O)n1cc(C(=O)N[C@@H](Cc2cc(F)cc(F)c2)[C@H](O)C[NH2+]Cc2cccc(OC)c2)c2cccnc21,1,Fc1cc(cc(F)c1)C[C@H](NC(=O)c1c2cccnc2n(c1)C(=O)N1CCC[C@@H]1COCC)[C@H](O)C[NH2+]Cc1cc(OC)ccc1,1,1,0,Exmol_based,Generated using exmol-based algorithm
CCOC[C@@H](CC)NC(=O)n1cc(C(=O)N[C@@H](Cc2cc(F)cc(F)c2)[C@H](O)C[NH2+]Cc2cccc(OC)c2)c2cccnc21,1,Fc1cc(cc(F)c1)C[C@H](NC(=O)c1c2cccnc2n(c1)C(=O)N1CCC[C@@H]1COCC)[C@H](O)C[NH2+]Cc1cc(OC)ccc1,1,1,0,Exmol_based,Generated using exmol-based algorithm
CCOC[C@H]1CCCN1C(=O)n1cc(C(=O)N[CH]Cc2cc(F)cc(F)c2)c2cccnc21.C[NH2+]Cc1cccc(OC)c1.O,1,Fc1cc(cc(F)c1)C[C@H](NC(=O)c1c2cccnc2n(c1)C(=O)N1CCC[C@@H]1COCC)[C@H](O)C[NH2+]Cc1cc(OC)ccc1,1,1,0,Exmol_based,Generated using exmol-based algorithm
CCN(C)C(N)=NC(C)c1cc(NC(=O)c2ccc(Cl)cn2)ccc1F,1,Clc1ccc(nc1)C(=O)Nc1cc(C2(N=C(N)N(CC2)C)C)c(F)cc1,1,1,0,Exmol_based,Generated using exmol-based algorithm
CN1CCC(C)(c2cc(NC(=O)c3ccc(Cl)cn3)ccc2F)N=C1N,1,Clc1ccc(nc1)C(=O)Nc1cc(C2(N=C(N)N(CC2)C)C)c(F)cc1,1,1,0,Exmol_based,Generated using exmol-based algorithm
CN1CCC(C)(c2cc(NC(=O)c3ccccn3)ccc2F)N=C1N,1,Clc1ccc(nc1)C(=O)Nc1cc(C2(N=C(N)N(CC2)C)C)c(F)cc1,1,1,0,Exmol_based,Generated using exmol-based algorithm
CC(C)(CO)c1ccccc1.COCC(Oc1cc(CC2CS(=O)CC([NH2+])C2O)cc(F)c1N)C(F)(F)F,1,S1(=O)CC(Cc2cc(OC(COC)C(F)(F)F)c(N)c(F)c2)C(O)C([NH2+]Cc2cc(ccc2)C(CO)(C)C)C1,1,1,0,Exmol_based,Generated using exmol-based algorithm
COCCOc1cc(CC2CS(=O)CC([NH2+]Cc3cccc(C(C)(C)CO)c3)C2O)cc(F)c1N.F.F.F,1,S1(=O)CC(Cc2cc(OC(COC)C(F)(F)F)c(N)c(F)c2)C(O)C([NH2+]Cc2cc(ccc2)C(CO)(C)C)C1,1,1,0,Exmol_based,Generated using exmol-based algorithm
COCC(Oc1cc(CC(C)C(O)C(C)[NH2+]Cc2cccc(C(C)(C)CO)c2)cc(F)c1N)C(F)(F)F.O,1,S1(=O)CC(Cc2cc(OC(COC)C(F)(F)F)c(N)c(F)c2)C(O)C([NH2+]Cc2cc(ccc2)C(CO)(C)C)C1,1,1,0,Exmol_based,Generated using exmol-based algorithm
CCn1cccc(C)c1=O.Fc1cncc(-c2ccccc2)c1.N=C(N)c1ccccc1F,1,Fc1c2c(ccc1)C(N=C2N)(C=1C=C(C)C(=O)N(C=1)CC)c1cc(ccc1)-c1cc(F)cnc1,1,1,0,Exmol_based,Generated using exmol-based algorithm
CCn1cc(C(N=C(N)c2ccccc2F)c2cccc(-c3cncc(F)c3)c2)cc(C)c1=O,1,Fc1c2c(ccc1)C(N=C2N)(C=1C=C(C)C(=O)N(C=1)CC)c1cc(ccc1)-c1cc(F)cnc1,1,1,0,Exmol_based,Generated using exmol-based algorithm
CCn1cc(C2(c3cccc(-c4cncc(F)p4)c3)N=C(N)c3c(F)cccc32)cc(C)c1=O,1,Fc1c2c(ccc1)C(N=C2N)(C=1C=C(C)C(=O)N(C=1)CC)c1cc(ccc1)-c1cc(F)cnc1,1,1,0,Exmol_based,Generated using exmol-based algorithm
C.CCCN(C)C(=O)c1cc(Sc2ccccc2)cc(C(=O)NC(Cc2cc(F)cc(F)c2)C(O)C[NH2+]Cc2cccc(OC)c2)c1,1,S(c1cc(cc(c1)C(=O)NC(Cc1cc(F)cc(F)c1)C(O)C[NH2+]Cc1cc(OC)ccc1)C(=O)N(CCC)CCC)c1ccccc1,1,1,0,Exmol_based,Generated using exmol-based algorithm
CCCN(CCC)C(=O)c1cc(Sc2ccccc2)cc(C(=O)NC(Cc2cc(F)cc(F)c2)C(O)C[NH2+]Cc2cccc(OC)c2)c1,1,S(c1cc(cc(c1)C(=O)NC(Cc1cc(F)cc(F)c1)C(O)C[NH2+]Cc1cc(OC)ccc1)C(=O)N(CCC)CCC)c1ccccc1,1,1,0,Exmol_based,Generated using exmol-based algorithm
CCCN(CCC)C(=O)c1cc(Sc2ccccc2)cc(C(=O)NC(Cc2cccc(F)c2)C(O)C[NH2+]Cc2cccc(OC)c2)c1.F,1,S(c1cc(cc(c1)C(=O)NC(Cc1cc(F)cc(F)c1)C(O)C[NH2+]Cc1cc(OC)ccc1)C(=O)N(CCC)CCC)c1ccccc1,1,1,0,Exmol_based,Generated using exmol-based algorithm
CCn1ccc2c(N(C)S(C)(=O)=O)cc(C(=O)NC(Cc3ccccc3)C(=O)C[NH2+]C3CCOCC3)cc21,1,S1(=O)(=O)N(c2cc(cc3n(cc(CC1)c23)CC)C(=O)NC(Cc1ccccc1)C(=O)C[NH2+]C1CCOCC1)C,1,1,0,Exmol_based,Generated using exmol-based algorithm
CCn1cc2c3c(c(C)c(C(=O)NC(Cc4ccccc4)C(=O)C[NH2+]C4CCOCC4)cc31)N(C)S(=O)(=O)CC2,1,S1(=O)(=O)N(c2cc(cc3n(cc(CC1)c23)CC)C(=O)NC(Cc1ccccc1)C(=O)C[NH2+]C1CCOCC1)C,1,1,0,Exmol_based,Generated using exmol-based algorithm
CCn1cc2c3c(cc(C(=O)NC(Cc4ccccc4)C(=O)C[NH2+]C4CCOCC4)cc31)NS(=O)(=O)CC2,1,S1(=O)(=O)N(c2cc(cc3n(cc(CC1)c23)CC)C(=O)NC(Cc1ccccc1)C(=O)C[NH2+]C1CCOCC1)C,1,1,0,Exmol_based,Generated using exmol-based algorithm
CS(=O)(=O)N(c1ccccc1)c1cc(C(=O)NC(Pc2ccccc2)C(O)C[NH2+]Cc2cccc(C(F)(F)F)c2)cc(-c2ccccc2)c1,1,S(=O)(=O)(N(c1cc(cc(c1)C(=O)NC(Cc1ccccc1)C(O)C[NH2+]Cc1cc(ccc1)C(F)(F)F)-c1ccccc1)c1ccccc1)C,1,1,0,Exmol_based,Generated using exmol-based algorithm
CS(=O)N(c1ccccc1)c1cc(C(=O)NC(Cc2ccccc2)C(O)C[NH2+]Cc2cccc(C(F)(F)F)c2)cc(-c2ccccc2)c1.O,1,S(=O)(=O)(N(c1cc(cc(c1)C(=O)NC(Cc1ccccc1)C(O)C[NH2+]Cc1cc(ccc1)C(F)(F)F)-c1ccccc1)c1ccccc1)C,1,1,0,Exmol_based,Generated using exmol-based algorithm
CS(=O)N(c1ccccc1)c1cc(C(=O)NC(Cc2ccccc2)C(O)C[NH2+]Cc2cccc(C(F)(F)F)c2)cc(-c2ccccc2)c1,1,S(=O)(=O)(N(c1cc(cc(c1)C(=O)NC(Cc1ccccc1)C(O)C[NH2+]Cc1cc(ccc1)C(F)(F)F)-c1ccccc1)c1ccccc1)C,1,1,0,Exmol_based,Generated using exmol-based algorithm
COCC#Cc1cc([C@@]2(c3ccc(OCF)c(C)c3)N=C(N)N(C)C2=O)ccc1F,1,Fc1ccc(cc1C#CCOC)[C@]1(N=C(N)N(C)C1=O)c1cc(C)c(OC(F)F)cc1,1,1,0,Exmol_based,Generated using exmol-based algorithm
COCC#Cc1cccc([C@@]2(c3ccc(OC(F)F)c(C)c3)N=C(N)N(C)C2=O)c1.F,1,Fc1ccc(cc1C#CCOC)[C@]1(N=C(N)N(C)C1=O)c1cc(C)c(OC(F)F)cc1,1,1,0,Exmol_based,Generated using exmol-based algorithm
COCC#Cc1cc([C@@]2(c3ccc(OCF)c(C)c3)N=C(N)N(C)C2=O)ccc1F.F,1,Fc1ccc(cc1C#CCOC)[C@]1(N=C(N)N(C)C1=O)c1cc(C)c(OC(F)F)cc1,1,1,0,Exmol_based,Generated using exmol-based algorithm
CCCCN(C)C(=O)n1cc(C(=O)NC(Cc2cccc(F)c2)C(O)C[NH2+]Cc2cccc(OC)c2)c2cc(F)ccc21,1,Fc1cc(cc(F)c1)CC(NC(=O)c1c2cc(F)ccc2n(c1)C(=O)N(CCCC)C)C(O)C[NH2+]Cc1cc(OC)ccc1,1,1,0,Exmol_based,Generated using exmol-based algorithm
CCCCN(C)C(=O)n1cc(C(=O)NC(Cc2cccc(F)c2)C(O)C[NH2+]Cc2cccc(OC)c2)c2cc(F)ccc21.F,1,Fc1cc(cc(F)c1)CC(NC(=O)c1c2cc(F)ccc2n(c1)C(=O)N(CCCC)C)C(O)C[NH2+]Cc1cc(OC)ccc1,1,1,0,Exmol_based,Generated using exmol-based algorithm
CCCCN(C)C(=O)n1cc(C(=O)NC(Cc2cccc(F)c2)C(O)C[NH2+]Cc2cccc(OC)c2)c2cc(F)ccc21,1,Fc1cc(cc(F)c1)CC(NC(=O)c1c2cc(F)ccc2n(c1)C(=O)N(CCCC)C)C(O)C[NH2+]Cc1cc(OC)ccc1,1,1,0,Exmol_based,Generated using exmol-based algorithm
C.CCOc1cnc(C(=O)Nc2ccc(F)c(C3(C)N=C(N)OCC3(F)F)c2)cn1,1,FC1(F)COC(=NC1(C)c1cc(NC(=O)c2ncc(OCC#C)nc2)ccc1F)N,1,1,0,Exmol_based,Generated using exmol-based algorithm
C#CCOc1cnc(C(=O)Nc2ccc(F)c(C3(C)N=C(N)OCC3(F)F)c2F)cn1,1,FC1(F)COC(=NC1(C)c1cc(NC(=O)c2ncc(OCC#C)nc2)ccc1F)N,1,1,0,Exmol_based,Generated using exmol-based algorithm
C#CCOc1cnc(C(=O)Nc2ccc(F)c(C3(C)N=C(N)OCC3F)c2)cn1,1,FC1(F)COC(=NC1(C)c1cc(NC(=O)c2ncc(OCC#C)nc2)ccc1F)N,1,1,0,Exmol_based,Generated using exmol-based algorithm
COCC(Oc1cc(CC(C)C(O)C(C)[NH2+]Cc2cccc(C(C)(C)O)c2)cc(F)c1N)C(F)(F)F.O,1,S1(=O)CC(Cc2cc(OC(COC)C(F)(F)F)c(N)c(F)c2)C(O)C([NH2+]Cc2cc(ccc2)C(O)(C)C)C1,1,1,0,Exmol_based,Generated using exmol-based algorithm
COCC(Oc1cc(CC2CS(=O)CC([NH2+]Cc3cccc(C(C)(O)Cl)c3)C2O)cc(F)c1N)C(F)(F)F,1,S1(=O)CC(Cc2cc(OC(COC)C(F)(F)F)c(N)c(F)c2)C(O)C([NH2+]Cc2cc(ccc2)C(O)(C)C)C1,1,1,0,Exmol_based,Generated using exmol-based algorithm
COCC(Oc1cc(CC2CS(=O)CC([NH2+]Cc3cccc(C(C)(C)O)c3)C2O)cc(F)c1N)C(F)(F)F,1,S1(=O)CC(Cc2cc(OC(COC)C(F)(F)F)c(N)c(F)c2)C(O)C([NH2+]Cc2cc(ccc2)C(O)(C)C)C1,1,1,0,Exmol_based,Generated using exmol-based algorithm
CPc1cncc(-c2cccc(C3(c4ccc(OC(F)F)cc4)N=C(N)N4CC(F)(F)CN=C43)c2)c1,1,FC1(F)CN2C(=NC1)C(N=C2N)(c1cc(ccc1)-c1cc(OC)cnc1)c1ccc(OC(F)F)cc1,1,1,0,Exmol_based,Generated using exmol-based algorithm
COc1cncc(-c2cccc(C3(c4ccc(OC(F)P)cc4)N=C(N)N4CC(F)(F)CN=C43)c2)c1,1,FC1(F)CN2C(=NC1)C(N=C2N)(c1cc(ccc1)-c1cc(OC)cnc1)c1ccc(OC(F)F)cc1,1,1,0,Exmol_based,Generated using exmol-based algorithm
COc1cncc(-c2cccc(C3(c4ccc(OC(F)Cl)cc4)N=C(N)N4CC(F)(F)CN=C43)c2)c1,1,FC1(F)CN2C(=NC1)C(N=C2N)(c1cc(ccc1)-c1cc(OC)cnc1)c1ccc(OC(F)F)cc1,1,1,0,Exmol_based,Generated using exmol-based algorithm
CC(=O)NC(C)C(O)C[NH2+]C1CC2(CCC2)Oc2ncc(CC(C)(C)C)cc21.FC(F)(F)Oc1ccccc1,1,FC(F)(F)Oc1ccc(cc1)CC(NC(=O)C)C(O)C[NH2+]C1CC2(Oc3ncc(cc13)CC(C)(C)C)CCC2,1,1,0,Exmol_based,Generated using exmol-based algorithm
CC(=O)NC(Cc1ccc(OC(F)F)cc1)C(O)C[NH2+]C1CC2(CCC2)Oc2ncc(CC(C)(C)C)cc21.F,1,FC(F)(F)Oc1ccc(cc1)CC(NC(=O)C)C(O)C[NH2+]C1CC2(Oc3ncc(cc13)CC(C)(C)C)CCC2,1,1,0,Exmol_based,Generated using exmol-based algorithm
CC(=O)NC1(C(O)C[NH2+]C2CC3(CCC3)Oc3ncc(CC(C)(C)C)cc32)Cc2ccc(OC(F)(F)F)cc21,1,FC(F)(F)Oc1ccc(cc1)CC(NC(=O)C)C(O)C[NH2+]C1CC2(Oc3ncc(cc13)CC(C)(C)C)CCC2,1,1,0,Exmol_based,Generated using exmol-based algorithm
CCc1cn2c3c(cc(C(=O)NCCc4ccccc4)cc13)NS(=O)(=O)CC2.COc1cccc(C[NH2+]C[CH]O)c1,1,S1(=O)(=O)Nc2cc(cc3c2n(cc3CC)CC1)C(=O)NC([C@H](O)C[NH2+]Cc1cc(OC)ccc1)Cc1ccccc1,1,1,0,Exmol_based,Generated using exmol-based algorithm
CCc1cn2c3c(cc(C(=O)NC(Cc4ccccc4)[C@H](O)C[NH2+]Cc4cccc(OC)c4N)cc13)NS(=O)(=O)CC2,1,S1(=O)(=O)Nc2cc(cc3c2n(cc3CC)CC1)C(=O)NC([C@H](O)C[NH2+]Cc1cc(OC)ccc1)Cc1ccccc1,1,1,0,Exmol_based,Generated using exmol-based algorithm
C.COc1cccc(C[NH2+]C[C@@H](O)C(Cc2ccccc2)NC(=O)c2cc3c4c(c2)c(C)cn4CCS(=O)(=O)N3)c1,1,S1(=O)(=O)Nc2cc(cc3c2n(cc3CC)CC1)C(=O)NC([C@H](O)C[NH2+]Cc1cc(OC)ccc1)Cc1ccccc1,1,1,0,Exmol_based,Generated using exmol-based algorithm
CC(=O)NC(Cc1cc(F)cc(F)c1)C(O)C[NH2+]C1(c2cccc(C(C)(C)C)c2)CCc2nc(N)ncc2C1,1,Fc1cc(cc(F)c1)CC(NC(=O)C)C(O)C[NH2+]C1(CCc2nc(ncc2C1)N)c1cc(ccc1)C(C)(C)C,1,1,0,Exmol_based,Generated using exmol-based algorithm
CCC(Cc1cnc(N)nc1)([NH2+]CC(O)C(Cc1cc(F)cc(F)c1)NC(C)=O)c1cccc(C(C)(C)C)c1,1,Fc1cc(cc(F)c1)CC(NC(=O)C)C(O)C[NH2+]C1(CCc2nc(ncc2C1)N)c1cc(ccc1)C(C)(C)C,1,1,0,Exmol_based,Generated using exmol-based algorithm
CC(=O)NC(Cc1cc(F)cc(F)c1)C(O)C[NH2+]C1(S2=CC(C(C)(C)C)=CC=C2)CCc2nc(N)ncc2C1,1,Fc1cc(cc(F)c1)CC(NC(=O)C)C(O)C[NH2+]C1(CCc2nc(ncc2C1)N)c1cc(ccc1)C(C)(C)C,1,1,0,Exmol_based,Generated using exmol-based algorithm
CCS(=O)(=O)c1cc(C(=O)NC(P)(Cc2ccccc2)C(O)C[NH2+]Cc2cccc(C(F)(F)F)c2)cc(N(c2ccccc2)S(C)(=O)=O)c1,1,S(=O)(=O)(CC)c1cc(cc(N(S(=O)(=O)C)c2ccccc2)c1)C(=O)NC(Cc1ccccc1)C(O)C[NH2+]Cc1cc(ccc1)C(F)(F)F,1,1,0,Exmol_based,Generated using exmol-based algorithm
CC[SH](=O)=O.CS(=O)(=O)N(c1ccccc1)c1cccc(C(=O)NC(Cc2ccccc2)C(O)C[NH2+]Cc2cccc(C(F)(F)F)c2)c1,1,S(=O)(=O)(CC)c1cc(cc(N(S(=O)(=O)C)c2ccccc2)c1)C(=O)NC(Cc1ccccc1)C(O)C[NH2+]Cc1cc(ccc1)C(F)(F)F,1,1,0,Exmol_based,Generated using exmol-based algorithm
CCS(=O)(=O)c1cccc(N(c2ccccc2)S(C)(=O)=O)c1.O=CNC(Cc1ccccc1)C(O)C[NH2+]Cc1cccc(C(F)(F)F)c1,1,S(=O)(=O)(CC)c1cc(cc(N(S(=O)(=O)C)c2ccccc2)c1)C(=O)NC(Cc1ccccc1)C(O)C[NH2+]Cc1cc(ccc1)C(F)(F)F,1,1,0,Exmol_based,Generated using exmol-based algorithm
CC(C)c1cccc(C[NH2+]CC(O)C2COC/C=C/CCNC(=N)c3cc(cc(N(C)S(C)(=O)=O)c3)C(=O)N2)c1,1,S(=O)(=O)(N(C)c1cc2cc(c1)C(=O)NCC\C=C\COCC(NC2=O)C(O)C[NH2+]Cc1cc(ccc1)C(C)C)C,1,1,0,Exmol_based,Generated using exmol-based algorithm
CN(c1cc2cc(c1)C(=O)NC(CO)COC/C=C/CCNC2=O)S(C)(=O)=O.C[NH2+]Cc1cccc(C(C)C)c1,1,S(=O)(=O)(N(C)c1cc2cc(c1)C(=O)NCC\C=C\COCC(NC2=O)C(O)C[NH2+]Cc1cc(ccc1)C(C)C)C,1,1,0,Exmol_based,Generated using exmol-based algorithm
CC(C)c1cccc(C[NH2+]CC(O)C2COC/C=C/CCNC(=O)c3cc(cc(N(C)S(C)(=O)=O)c3)C(=O)N2)c1S,1,S(=O)(=O)(N(C)c1cc2cc(c1)C(=O)NCC\C=C\COCC(NC2=O)C(O)C[NH2+]Cc1cc(ccc1)C(C)C)C,1,1,0,Exmol_based,Generated using exmol-based algorithm
CC(CCCO)(N=CN)c1cc(NC(=O)c2ccc(Cl)cn2)ccc1F,1,Clc1ccc(nc1)C(=O)Nc1cc(C2(N=C(OCCC2)N)C)c(F)cc1,1,1,0,Exmol_based,Generated using exmol-based algorithm
CCC(C)(N=C(N)O)c1cc(NC(=O)c2ccc(Cl)cn2)ccc1F,1,Clc1ccc(nc1)C(=O)Nc1cc(C2(N=C(OCCC2)N)C)c(F)cc1,1,1,0,Exmol_based,Generated using exmol-based algorithm
CCC(C)(N=C(N)O)c1cc(NC(=O)c2ccc(Cl)cn2)ccc1F,1,Clc1ccc(nc1)C(=O)Nc1cc(C2(N=C(OCCC2)N)C)c(F)cc1,1,1,0,Exmol_based,Generated using exmol-based algorithm
CCc1cn2c3c(cc(C(=O)NC(Cc4ccccc4)C(O)C[NH2+]C4CCOCC4)cc13)N(C)S(=O)(=O)CC2,1,S1(=O)(=O)N(c2cc(cc3c2n(cc3CC)CC1)C(=O)NC(Cc1ccccc1)C(O)C[NH2+]C1CCOCC1)C,1,1,0,Exmol_based,Generated using exmol-based algorithm
CCc1cn2c3c(cc(C(=O)NC(N)(Cc4ccccc4)C(O)C[NH2+]C4CCOCC4)cc13)N(C)S(=O)(=O)CC2,1,S1(=O)(=O)N(c2cc(cc3c2n(cc3CC)CC1)C(=O)NC(Cc1ccccc1)C(O)C[NH2+]C1CCOCC1)C,1,1,0,Exmol_based,Generated using exmol-based algorithm
CCc1cn2c3c(cc(C(=O)NC(Cc4ccccc4)C(O)C[NH2+]C4CCOCC4)cc13)N(C)S(=O)CC2.O,1,S1(=O)(=O)N(c2cc(cc3c2n(cc3CC)CC1)C(=O)NC(Cc1ccccc1)C(O)C[NH2+]C1CCOCC1)C,1,1,0,Exmol_based,Generated using exmol-based algorithm
CCc1cn2c3c(cc(CNC(Cc4ccccc4)C(O)C[NH2+]C)cc13)N(C)S(=O)(=O)CC2.O,1,S1(=O)(=O)N(c2cc(cc3c2n(cc3CC)CC1)C(=O)NC(Cc1ccccc1)C(O)C[NH2+]C)C,1,1,0,Exmol_based,Generated using exmol-based algorithm
CCc1cn(C)c2c(N(C)S(C)(=O)=O)cc(C(=O)NC(Cc3ccccc3)C(O)C[NH2+]C)cc12,1,S1(=O)(=O)N(c2cc(cc3c2n(cc3CC)CC1)C(=O)NC(Cc1ccccc1)C(O)C[NH2+]C)C,1,1,0,Exmol_based,Generated using exmol-based algorithm
CCc1cn2c3c(cc(C(=O)NC(Cc4ccccc4)C(O)C[NH2+]C=S)cc13)N(C)S(=O)(=O)CC2,1,S1(=O)(=O)N(c2cc(cc3c2n(cc3CC)CC1)C(=O)NC(Cc1ccccc1)C(O)C[NH2+]C)C,1,1,0,Exmol_based,Generated using exmol-based algorithm
CS(=O)(=O)N(c1ccccc1)c1cc(C(=O)NC(Cc2ccccc2)C(O)C[NH2+]Cc2cccc(C(F)(F)F)c2)ccn1,1,S(=O)(=O)(N(c1ccccc1)c1nccc(c1)C(=O)NC(Cc1ccccc1)C(O)C[NH2+]Cc1cc(ccc1)C(F)(F)F)C,1,1,0,Exmol_based,Generated using exmol-based algorithm
CS(=O)N(c1ccccc1)c1cc(C(=O)NC(Cc2ccccc2)C(O)C[NH2+]Cc2cccc(C(F)(F)F)c2)ccn1.O,1,S(=O)(=O)(N(c1ccccc1)c1nccc(c1)C(=O)NC(Cc1ccccc1)C(O)C[NH2+]Cc1cc(ccc1)C(F)(F)F)C,1,1,0,Exmol_based,Generated using exmol-based algorithm
C[SH](=O)=O.O=C(NC(Cc1ccccc1)C(O)C[NH2+]Cc1cccc(C(F)(F)F)c1)c1ccnc(Nc2ccccc2)c1,1,S(=O)(=O)(N(c1ccccc1)c1nccc(c1)C(=O)NC(Cc1ccccc1)C(O)C[NH2+]Cc1cc(ccc1)C(F)(F)F)C,1,1,0,Exmol_based,Generated using exmol-based algorithm
CC(=O)c1pcccc1-c1ccc2nc(N)c(CC(C)C(=O)NCCC(C)(C)C)cc2c1,1,O=C(C)c1ccccc1-c1cc2cc(CC(C(=O)NCCC(C)(C)C)C)c(nc2cc1)N,1,1,0,Exmol_based,Generated using exmol-based algorithm
CC(=O)c1ccccc1-c1ccc2nc(N)c3c(c2c1)C3C(C)C(=O)NCCC(C)(C)C,1,O=C(C)c1ccccc1-c1cc2cc(CC(C(=O)NCCC(C)(C)C)C)c(nc2cc1)N,1,1,0,Exmol_based,Generated using exmol-based algorithm
C.CC(=O)c1ccccc1-c1ccc2nc(N)c(CC(C)C(=O)NCCC(C)C)cc2c1,1,O=C(C)c1ccccc1-c1cc2cc(CC(C(=O)NCCC(C)(C)C)C)c(nc2cc1)N,1,1,0,Exmol_based,Generated using exmol-based algorithm
C.CC(=O)c1cc(C2(c3cccc(-c4cncnc4)c3)N=C(N)N(C)C2=O)cs1,1,s1cc(cc1C(=O)CC)C1(N=C(N)N(C)C1=O)c1cc(ccc1)-c1cncnc1,1,1,0,Exmol_based,Generated using exmol-based algorithm
CCC(=O)c1cc(C2(c3cccc(-c4cncnc4)c3)N=C(N)N(C)C2=O)cs1,1,s1cc(cc1C(=O)CC)C1(N=C(N)N(C)C1=O)c1cc(ccc1)-c1cncnc1,1,1,0,Exmol_based,Generated using exmol-based algorithm
CCC(=O)c1cc(C2(c3cccc(-c4cncnc4)c3)N=C(N)N(C)C2=O)cs1,1,s1cc(cc1C(=O)CC)C1(N=C(N)N(C)C1=O)c1cc(ccc1)-c1cncnc1,1,1,0,Exmol_based,Generated using exmol-based algorithm
CC#Cc1cccc(CC(NC(=O)COC)C(O)C[NH2+]Cc2cc(CC(C)(C)C)cnc2OC2(C)CCC2)c1,1,O1c2ncc(cc2C([NH2+]CC(O)C(NC(=O)COC)Cc2cc(ccc2)C#CC)CC12CCC2)CC(C)(C)C,1,1,0,Exmol_based,Generated using exmol-based algorithm
CC.COCC(=O)NC(Cc1ccccc1)C(O)C[NH2+]C1CC2(CCC2)Oc2ncc(CC(C)(C)C)cc21,1,O1c2ncc(cc2C([NH2+]CC(O)C(NC(=O)COC)Cc2cc(ccc2)C#CC)CC12CCC2)CC(C)(C)C,1,1,0,Exmol_based,Generated using exmol-based algorithm
CC#Cc1cccc(C2c3nc4c(cc3CC(C)(C)C)C(CC3(CCC3)O4)[NH2+]CC(O)C2NC(=O)COC)c1,1,O1c2ncc(cc2C([NH2+]CC(O)C(NC(=O)COC)Cc2cc(ccc2)C#CC)CC12CCC2)CC(C)(C)C,1,1,0,Exmol_based,Generated using exmol-based algorithm
CC(C)(C)c1cccc(C[NH2+])c1.CN(c1cc2cc(c1)C(=O)NC(CO)COC/C=C/CCNC2=O)S(C)(=O)=O,1,S(=O)(=O)(N(C)c1cc2cc(c1)C(=O)NCC\C=C\COCC(NC2=O)C(O)C[NH2+]Cc1cc(ccc1)C(C)(C)C)C,1,1,0,Exmol_based,Generated using exmol-based algorithm
CN(c1cc2cc(c1)C(=O)NC(C(O)C[NH2+]Cc1cccc(C(C)(C)Br)c1)COC/C=C/CCNC2=O)S(C)(=O)=O,1,S(=O)(=O)(N(C)c1cc2cc(c1)C(=O)NCC\C=C\COCC(NC2=O)C(O)C[NH2+]Cc1cc(ccc1)C(C)(C)C)C,1,1,0,Exmol_based,Generated using exmol-based algorithm
CN(c1cc(C(N)=O)cc(C(=O)NCC/C=C/COCCC(O)C[NH2+]Cc2cccc(C(C)(C)C)c2)c1)S(C)(=O)=O,1,S(=O)(=O)(N(C)c1cc2cc(c1)C(=O)NCC\C=C\COCC(NC2=O)C(O)C[NH2+]Cc1cc(ccc1)C(C)(C)C)C,1,1,0,Exmol_based,Generated using exmol-based algorithm
CN1C(=O)CC(C)(c2cccc(NCc3ccc(Cl)cn3)c2)N=C1N.O,1,Clc1ccc(nc1)C(=O)Nc1cc(ccc1)C1(N=C(N)N(C)C(=O)C1)C,1,1,0,Exmol_based,Generated using exmol-based algorithm
CN1C(=O)CC(C)(c2cccc(NC(=O)c3ccccn3)c2)N=C1N.Cl,1,Clc1ccc(nc1)C(=O)Nc1cc(ccc1)C1(N=C(N)N(C)C(=O)C1)C,1,1,0,Exmol_based,Generated using exmol-based algorithm
CN1C(=O)CC(C)(c2ccccc2)N=C1N.O=Cc1ccc(Cl)cn1,1,Clc1ccc(nc1)C(=O)Nc1cc(ccc1)C1(N=C(N)N(C)C(=O)C1)C,1,1,0,Exmol_based,Generated using exmol-based algorithm
CCp1cc(C2(c3cccc(-c4cncnc4)c3)N=C(N)c3c(F)cccc32)cc(C)c1=O,1,Fc1c2c(ccc1)C(N=C2N)(C=1C=C(C)C(=O)N(C=1)CC)c1cc(ccc1)-c1cncnc1,1,1,0,Exmol_based,Generated using exmol-based algorithm
CCn1cc(C2(c3cccc(-c4cncnc4)c3)N=C(N)c3c(F)cccc32)c(Cl)c(C)c1=O,1,Fc1c2c(ccc1)C(N=C2N)(C=1C=C(C)C(=O)N(C=1)CC)c1cc(ccc1)-c1cncnc1,1,1,0,Exmol_based,Generated using exmol-based algorithm
CCn1cc(C(c2cccc(-c3cncnc3)c2)c2cccc(F)c2C(=N)N)cc(C)c1=O,1,Fc1c2c(ccc1)C(N=C2N)(C=1C=C(C)C(=O)N(C=1)CC)c1cc(ccc1)-c1cncnc1,1,1,0,Exmol_based,Generated using exmol-based algorithm
CCCN(CCC)C(=O)c1cc(C(=O)NC(Cc2cc(F)cc(F)c2)C(O)C[NH2+]Cc2cccc(OC)c2)cc(C(P)C(C)O)c1,1,Fc1cc(cc(F)c1)CC(NC(=O)c1cc(cc(c1)C(=O)N(CCC)CCC)CC(O)C)C(O)C[NH2+]Cc1cc(OC)ccc1,1,1,0,Exmol_based,Generated using exmol-based algorithm
C.CCCN(C)C(=O)c1cc(CC(C)O)cc(C(=O)NC(Cc2cc(F)cc(F)c2)C(O)C[NH2+]Cc2cccc(OC)c2)c1,1,Fc1cc(cc(F)c1)CC(NC(=O)c1cc(cc(c1)C(=O)N(CCC)CCC)CC(O)C)C(O)C[NH2+]Cc1cc(OC)ccc1,1,1,0,Exmol_based,Generated using exmol-based algorithm
CC.CCCN(C)C(=O)c1cc(CC(C)O)cc(C(=O)NC(Cc2cc(F)cc(F)c2)C(O)C[NH2+]Cc2cccc(OC)c2)c1,1,Fc1cc(cc(F)c1)CC(NC(=O)c1cc(cc(c1)C(=O)N(CCC)CCC)CC(O)C)C(O)C[NH2+]Cc1cc(OC)ccc1,1,1,0,Exmol_based,Generated using exmol-based algorithm
CCC(Cc1cc2ccccc2nc1N)C(=O)NCC1CCCCC1.Cc1ccccc1,1,O=C(NCC1CCCCC1)C(Cc1cc2cc(ccc2nc1N)-c1ccccc1C)CC,1,1,0,Exmol_based,Generated using exmol-based algorithm
C.Cc1ccccc1-c1ccc2nc(N)c(CCC(=O)NCC3CCCCC3)cc2c1,1,O=C(NCC1CCCCC1)C(Cc1cc2cc(ccc2nc1N)-c1ccccc1C)CC,1,1,0,Exmol_based,Generated using exmol-based algorithm
CCC(Cc1cc2cc(-c3c(C)cccc3S)ccc2nc1N)C(=O)NCC1CCCCC1,1,O=C(NCC1CCCCC1)C(Cc1cc2cc(ccc2nc1N)-c1ccccc1C)CC,1,1,0,Exmol_based,Generated using exmol-based algorithm
Cc1cccnc1-c1ccc2nc(N)c(CCC(=O)NCCC(C)(C)C)cc2c1,1,O=C(NCCC(C)(C)C)C(Cc1cc2cc(ccc2nc1N)-c1ncccc1C)C,1,1,0,Exmol_based,Generated using exmol-based algorithm
Cc1cccnc1-c1ccc2nc(N)c(CC(C)CNCCC(C)(C)C)cc2c1.O,1,O=C(NCCC(C)(C)C)C(Cc1cc2cc(ccc2nc1N)-c1ncccc1C)C,1,1,0,Exmol_based,Generated using exmol-based algorithm
CCC(=O)NCCC(C)(C)C.Cc1cccnc1-c1ccc2nc(N)ccc2c1,1,O=C(NCCC(C)(C)C)C(Cc1cc2cc(ccc2nc1N)-c1ncccc1C)C,1,1,0,Exmol_based,Generated using exmol-based algorithm
CCCC(O)C1CCN(N(CCc2ccccc2)C(=O)NC(Cc2cc(F)cc(F)c2)C(O)C2CC(O)C[NH2+]2)C1=O,1,Fc1cc(cc(F)c1)CC(NC(=O)C(N1CCC(C(O)CCC)C1=O)CCc1ccccc1)C(O)C1[NH2+]CC(O)C1,1,1,0,Exmol_based,Generated using exmol-based algorithm
CCCC(O)C1CCN(C(CCc2ccccc2)C(=O)NC(Cc2cccc(F)c2)C(O)C2CC(O)C[NH2+]2)C1=O.F,1,Fc1cc(cc(F)c1)CC(NC(=O)C(N1CCC(C(O)CCC)C1=O)CCc1ccccc1)C(O)C1[NH2+]CC(O)C1,1,1,0,Exmol_based,Generated using exmol-based algorithm
CCCC(O)C1CCN(C(CCc2ccccc2)C(=O)NC(Cc2cc(F)cc(F)c2)C(O)C2CC(O)C[NH2+]2)C1,1,Fc1cc(cc(F)c1)CC(NC(=O)C(N1CCC(C(O)CCC)C1=O)CCc1ccccc1)C(O)C1[NH2+]CC(O)C1,1,1,0,Exmol_based,Generated using exmol-based algorithm
C.CCCCn1cc(C2(c3cccc(-c4cccnc4F)c3)N=C(N)N(C)C2=O)cn1,1,Fc1ncccc1-c1cc(ccc1)C1(N=C(N)N(C)C1=O)c1cn(nc1)CCC(C)C,1,1,0,Exmol_based,Generated using exmol-based algorithm
CC(C)CC(=O)n1cc(C2(c3cccc(-c4cccnc4F)c3)N=C(N)N(C)C2=O)cn1,1,Fc1ncccc1-c1cc(ccc1)C1(N=C(N)N(C)C1=O)c1cn(nc1)CCC(C)C,1,1,0,Exmol_based,Generated using exmol-based algorithm
CC(Br)CCn1cc(C2(c3cccc(-c4cccnc4F)c3)N=C(N)N(C)C2=O)cn1,1,Fc1ncccc1-c1cc(ccc1)C1(N=C(N)N(C)C1=O)c1cn(nc1)CCC(C)C,1,1,0,Exmol_based,Generated using exmol-based algorithm
CCOC(C)C(=O)NC(C)C(O)C[NH2+]C1CC2(CCC2)Oc2ncc(CC(C)(C)C)cc21.c1ccc(-c2nccs2)cc1,1,s1ccnc1-c1cc(ccc1)CC(NC(=O)C(OCC)C)C(O)C[NH2+]C1CC2(Oc3ncc(cc13)CC(C)(C)C)CCC2,1,1,0,Exmol_based,Generated using exmol-based algorithm
CCOC(C)C(=O)NC(Cc1cccc(-c2nccs2)c1)C(O)C[NH2+]C1CC2(CCC2)Oc2ncc(CC(C)C)cc21,1,s1ccnc1-c1cc(ccc1)CC(NC(=O)C(OCC)C)C(O)C[NH2+]C1CC2(Oc3ncc(cc13)CC(C)(C)C)CCC2,1,1,0,Exmol_based,Generated using exmol-based algorithm
CC(C)(C)Cc1cnc2c(c1)C([NH2+]CC(O)C(Cc1cccc(-c3nccs3)c1)NC=O)CC1(CCC1)O2.CCOCC,1,s1ccnc1-c1cc(ccc1)CC(NC(=O)C(OCC)C)C(O)C[NH2+]C1CC2(Oc3ncc(cc13)CC(C)(C)C)CCC2,1,1,0,Exmol_based,Generated using exmol-based algorithm
CC(C)c1cccc(C[NH2+]CC(O)C2COCCCCCNC(=O)c3cc(cc(N(C)S(C)(=O)=O)c3)C(=S)N2)c1,1,S(=O)(=O)(N(C)c1cc2cc(c1)C(=O)NCCCCCOCC(NC2=O)C(O)C[NH2+]Cc1cc(ccc1)C(C)C)C,1,1,0,Exmol_based,Generated using exmol-based algorithm
CN(c1cc2cc(c1)C(=O)NC(C(O)C[NH2+]Cc1cccc(P(C)C)c1)COCCCCCNC2=O)S(C)(=O)=O,1,S(=O)(=O)(N(C)c1cc2cc(c1)C(=O)NCCCCCOCC(NC2=O)C(O)C[NH2+]Cc1cc(ccc1)C(C)C)C,1,1,0,Exmol_based,Generated using exmol-based algorithm
CCCCNC(=O)c1cc(C(=O)NC(COC)C(O)C[NH2+]Cc2cccc(C(C)C)c2)cc(N(C)S(C)(=O)=O)c1,1,S(=O)(=O)(N(C)c1cc2cc(c1)C(=O)NCCCCCOCC(NC2=O)C(O)C[NH2+]Cc1cc(ccc1)C(C)C)C,1,1,0,Exmol_based,Generated using exmol-based algorithm
CCCc1ccc2c(c1)C1(COC=N1)c1cc(-c3cncnc3)ccc1O2.N,1,O1CC2(N=C1N)c1cc(ccc1Oc1c2cc(cc1)CCC)-c1cncnc1,1,1,0,Exmol_based,Generated using exmol-based algorithm
CCCc1ccc(Oc2ccc(-c3cncnc3)cc2)c(C2COC(N)=N2)c1,1,O1CC2(N=C1N)c1cc(ccc1Oc1c2cc(cc1)CCC)-c1cncnc1,1,1,0,Exmol_based,Generated using exmol-based algorithm
CCCc1ccc(Oc2ccc(-c3cncnc3)cc2C2COC(N)=N2)cc1,1,O1CC2(N=C1N)c1cc(ccc1Oc1c2cc(cc1)CCC)-c1cncnc1,1,1,0,Exmol_based,Generated using exmol-based algorithm
CC=O.COc1cccc(C[NH2+]C[C@H](O)[C@H](Cc2cc(F)cc(F)c2)NC(=O)c2cccc(N(c3ccccc3)S(C)(=O)=O)c2)c1,1,S(=O)(=O)(N(c1cc(cc(c1)C(=O)N[C@H]([C@@H](O)C[NH2+]Cc1cc(OC)ccc1)Cc1cc(F)cc(F)c1)C(=O)C)c1ccccc1)C,1,1,0,Exmol_based,Generated using exmol-based algorithm
COc1cccc(C[NH2+]C[C@H](O)[CH]NC(=O)c2cc(C(C)=O)cc(N(c3ccccc3)S(C)(=O)=O)c2)c1.Fc1cccc(F)c1,1,S(=O)(=O)(N(c1cc(cc(c1)C(=O)N[C@H]([C@@H](O)C[NH2+]Cc1cc(OC)ccc1)Cc1cc(F)cc(F)c1)C(=O)C)c1ccccc1)C,1,1,0,Exmol_based,Generated using exmol-based algorithm
COc1cccc(C[NH2+]C[C@H](O)[C@H](Cc2cc(F)cc(F)c2)NC(=O)c2cc(C(=O)C=N)cc(N(c3ccccc3)S(C)(=O)=O)c2)c1,1,S(=O)(=O)(N(c1cc(cc(c1)C(=O)N[C@H]([C@@H](O)C[NH2+]Cc1cc(OC)ccc1)Cc1cc(F)cc(F)c1)C(=O)C)c1ccccc1)C,1,1,0,Exmol_based,Generated using exmol-based algorithm
C.CCc1cccc(C2([NH2+]CC(O)C3Cc4cccc(c4)OCCCCOc4cc(cc(C)n4)C(=O)N3)CC2)c1,1,O1CCCCOc2nc(cc(c2)C(=O)NC(Cc2cc1ccc2)C(O)C[NH2+]C1(CC1)c1cc(ccc1)C(C)C)C,1,1,0,Exmol_based,Generated using exmol-based algorithm
Cc1cc2cc(n1)OCCCCOc1cccc(c1)CC(C(O)C[NH2+]C1(c3cccc(C(C)C)c3)CC1)NC2=O,1,O1CCCCOc2nc(cc(c2)C(=O)NC(Cc2cc1ccc2)C(O)C[NH2+]C1(CC1)c1cc(ccc1)C(C)C)C,1,1,0,Exmol_based,Generated using exmol-based algorithm
CC(C)c1cccc(C2([NH2+]CCO)CC2)c1.Cc1cccc(OCCCCOc2cc(C(N)=O)cc(C)n2)c1,1,O1CCCCOc2nc(cc(c2)C(=O)NC(Cc2cc1ccc2)C(O)C[NH2+]C1(CC1)c1cc(ccc1)C(C)C)C,1,1,0,Exmol_based,Generated using exmol-based algorithm
CCCOc1cccc2c1C[NH2+]C(C(O)C(Cc1cc(F)cc(F)c1)NC(=O)C(CCc1ccccc1)NC(=O)C(C)(NC(C)=O)C(C)CC)C2,1,Fc1cc(cc(F)c1)CC(NC(=O)C(N1CCC(NC(=O)C)(C(CC)C)C1=O)CCc1ccccc1)C(O)C1[NH2+]Cc2c(C1)cccc2OCCC,1,1,0,Exmol_based,Generated using exmol-based algorithm
C.CCC(C)C1(NC(C)=O)CCN(C(CCc2ccccc2)C(=O)NC(Cc2cc(F)cc(F)c2)C(O)C2Cc3cccc(OC)c3C[NH2+]2)C1=O,1,Fc1cc(cc(F)c1)CC(NC(=O)C(N1CCC(NC(=O)C)(C(CC)C)C1=O)CCc1ccccc1)C(O)C1[NH2+]Cc2c(C1)cccc2OCCC,1,1,0,Exmol_based,Generated using exmol-based algorithm
CCCOc1cccc2c1C[NH2+]C(C(O)C1Cc3cc(F)c(c(F)c3)C(C)C(C)C3(NC(C)=O)CCN(C3=O)C(CCc3ccccc3)C(=O)N1)C2,1,Fc1cc(cc(F)c1)CC(NC(=O)C(N1CCC(NC(=O)C)(C(CC)C)C1=O)CCc1ccccc1)C(O)C1[NH2+]Cc2c(C1)cccc2OCCC,1,1,0,Exmol_based,Generated using exmol-based algorithm
CC1(c2ccccc2F)N=C(N)OCC1(F)F.Cc1cc(Cl)cnc1C(N)=O,1,Clc1cc(C)c(nc1)C(=O)Nc1cc(C2(N=C(OCC2(F)F)N)C)c(F)cc1,1,1,0,Exmol_based,Generated using exmol-based algorithm
Cc1cc(Cl)cnc1C(=O)Nc1ccc(F)c(C(C)(N=C(N)O)C(F)F)c1,1,Clc1cc(C)c(nc1)C(=O)Nc1cc(C2(N=C(OCC2(F)F)N)C)c(F)cc1,1,1,0,Exmol_based,Generated using exmol-based algorithm
Cc1cc(Cl)cnc1C(=O)Cc1ccc(F)c(C2(C)N=C(N)OCC2(F)F)c1,1,Clc1cc(C)c(nc1)C(=O)Nc1cc(C2(N=C(OCC2(F)F)N)C)c(F)cc1,1,1,0,Exmol_based,Generated using exmol-based algorithm
CCNc1cc(C(=O)NCCc2ccccc2)cc(N2CCCCS2(=O)=O)c1OC.C[NH2+]Cc1cccc(C(F)(F)F)c1.O,1,S1(=O)(=O)N(CCCC1)c1cc(cc(NCC)c1OC)C(=O)NC(Cc1ccccc1)C(O)C[NH2+]Cc1cc(ccc1)C(F)(F)F,1,1,0,Exmol_based,Generated using exmol-based algorithm
CCNc1cc(C(=O)NC(Cc2ccccc2)C(O)C[NH2+]Cc2cccc(C(F)(F)F)c2)cc(N2CCCCS2(=O)=O)c1PC,1,S1(=O)(=O)N(CCCC1)c1cc(cc(NCC)c1OC)C(=O)NC(Cc1ccccc1)C(O)C[NH2+]Cc1cc(ccc1)C(F)(F)F,1,1,0,Exmol_based,Generated using exmol-based algorithm
CCN.COc1ccc(C(=O)NC(Cc2ccccc2)C(O)C[NH2+]Cc2cccc(C(F)(F)F)c2)cc1N1CCCCS1(=O)=O,1,S1(=O)(=O)N(CCCC1)c1cc(cc(NCC)c1OC)C(=O)NC(Cc1ccccc1)C(O)C[NH2+]Cc1cc(ccc1)C(F)(F)F,1,1,0,Exmol_based,Generated using exmol-based algorithm
CCNc1cc(C(=O)NC(Cc2ccccc2)C(O)C[NH2+]C2CCc3ccc(OC)cc32)cc(N2CCCCS2=O)c1,1,S1(=O)(=O)N(CCCC1)c1cc(cc(NCC)c1)C(=O)NC(Cc1ccccc1)C(O)C[NH2+]C1CCc2c1cc(OC)cc2,1,1,0,Exmol_based,Generated using exmol-based algorithm
CCNc1cc(C(=O)NC(Cc2ccccc2)C(O)C[NH2+]C2C=CC(OC)=CC=CCC2)cc(N2CCCCS2(=O)=O)c1,1,S1(=O)(=O)N(CCCC1)c1cc(cc(NCC)c1)C(=O)NC(Cc1ccccc1)C(O)C[NH2+]C1CCc2c1cc(OC)cc2,1,1,0,Exmol_based,Generated using exmol-based algorithm
CCNc1cc2cc(c1)N1C(=C3Cc4ccc(OC)cc4C3[NH2+]CC(O)C(Cc3ccccc3)NC2=O)CCCS1(=O)=O,1,S1(=O)(=O)N(CCCC1)c1cc(cc(NCC)c1)C(=O)NC(Cc1ccccc1)C(O)C[NH2+]C1CCc2c1cc(OC)cc2,1,1,0,Exmol_based,Generated using exmol-based algorithm
CC(=O)NC(Cc1cc(F)cc(F)c1)C(O)C[NH2+]C1CCNC(=O)C1.CC(C)(C)c1ccccc1,1,Fc1cc(cc(F)c1)CC(NC(=O)C)C(O)C[NH2+]C1(CC(=O)NCC1)c1cc(ccc1)C(C)(C)C,1,1,0,Exmol_based,Generated using exmol-based algorithm
CC(C)(C)c1cccc(C2([NH2+]CC(O)C(Cc3cc(F)cc(F)c3)NC=O)CCNC(=O)C2)c1,1,Fc1cc(cc(F)c1)CC(NC(=O)C)C(O)C[NH2+]C1(CC(=O)NCC1)c1cc(ccc1)C(C)(C)C,1,1,0,Exmol_based,Generated using exmol-based algorithm
CC(=O)NC(CO)Cc1cc(F)cc(F)c1.C[NH2+]C1(c2cccc(C(C)(C)C)c2)CCNC(=O)C1,1,Fc1cc(cc(F)c1)CC(NC(=O)C)C(O)C[NH2+]C1(CC(=O)NCC1)c1cc(ccc1)C(C)(C)C,1,1,0,Exmol_based,Generated using exmol-based algorithm
COc1cccc(P(c2cccc(C(=O)NC(Cc3ccccc3)C(O)C[NH2+]C(C)C(=O)NC3CCCCC3)c2)S(C)(=O)=O)c1,1,S(=O)(=O)(N(c1cc(ccc1)C(=O)NC(Cc1ccccc1)C(O)C[NH2+]C(C(=O)NC1CCCCC1)C)c1cc(OC)ccc1)C,1,1,0,Exmol_based,Generated using exmol-based algorithm
CC[NH2+]CC(O)C(Cc1ccccc1)NC(=O)c1cccc(N(c2cccc(OC)c2)S(C)(=O)=O)c1.O=CNC1CCCCC1,1,S(=O)(=O)(N(c1cc(ccc1)C(=O)NC(Cc1ccccc1)C(O)C[NH2+]C(C(=O)NC1CCCCC1)C)c1cc(OC)ccc1)C,1,1,0,Exmol_based,Generated using exmol-based algorithm
COc1cccc(N(c2cccc(C(=O)NC(Cc3ccccc3)C(O)C[NH2+]C(C)C(=O)NC3CCCCC3)c2)S(=O)(=O)O)c1,1,S(=O)(=O)(N(c1cc(ccc1)C(=O)NC(Cc1ccccc1)C(O)C[NH2+]C(C(=O)NC1CCCCC1)C)c1cc(OC)ccc1)C,1,1,0,Exmol_based,Generated using exmol-based algorithm
CC(C)c1cccc(C[NH2+]CC(O)C(COCCCCCCN)NC(=O)c2cccc(N(C)S(C)(=O)=O)c2)c1.O,1,S(=O)(=O)(N(C)c1cc2cc(c1)C(=O)NCCCCCCOCC(NC2=O)C(O)C[NH2+]Cc1cc(ccc1)C(C)C)C,1,1,0,Exmol_based,Generated using exmol-based algorithm
CC(C)c1cccc(C[NH2+]CC(O)C(C)NC(=O)c2cc(C(=O)NCCCCCCO)cc(N(C)S(C)(=O)=O)c2)c1,1,S(=O)(=O)(N(C)c1cc2cc(c1)C(=O)NCCCCCCOCC(NC2=O)C(O)C[NH2+]Cc1cc(ccc1)C(C)C)C,1,1,0,Exmol_based,Generated using exmol-based algorithm
CC1CC2CCCCCOCC(NC(=O)c3cc(cc(N(C)S(C)(=O)=O)c3)C(=O)N2)C(O)C[NH2+]Cc2cccc1c2,1,S(=O)(=O)(N(C)c1cc2cc(c1)C(=O)NCCCCCCOCC(NC2=O)C(O)C[NH2+]Cc1cc(ccc1)C(C)C)C,1,1,0,Exmol_based,Generated using exmol-based algorithm
CC1(C)Cc2ccc(-c3cccc(C#N)c3)cc2C2(C1)N=C(N)N(O)C2=O,1,O=C1N(C)C(=NC12CC(Cc1c2cc(cc1)-c1cc(ccc1)C#N)(C)C)N,1,1,0,Exmol_based,Generated using exmol-based algorithm
CC1(C)Cc2ccc(-c3cccc(C#N)c3)cc2C2(C1)N=C(N)N(N)C2=O,1,O=C1N(C)C(=NC12CC(Cc1c2cc(cc1)-c1cc(ccc1)C#N)(C)C)N,1,1,0,Exmol_based,Generated using exmol-based algorithm
C[SH]1C(=O)C2(CC(C)(C)Cc3ccc(-c4cccc(C#N)c4)cc32)N=C1N,1,O=C1N(C)C(=NC12CC(Cc1c2cc(cc1)-c1cc(ccc1)C#N)(C)C)N,1,1,0,Exmol_based,Generated using exmol-based algorithm
COCC(Oc1cc(CC2CS(=O)CC([NH2+]Cc3cccc(C(C)C)c3)C2O)cc(F)c1N)C(F)(F)F,1,S1(=O)CC(Cc2cc(OC(COC)C(F)(F)F)c(N)c(F)c2)C(O)C([NH2+]Cc2cc(ccc2)C(C)C)C1,1,1,0,Exmol_based,Generated using exmol-based algorithm
COCC(Oc1cc(CC2CS(=O)CC([NH2+]Cc3cccc(C(C)C)c3)[SH]2O)cc(F)c1N)C(F)(F)F,1,S1(=O)CC(Cc2cc(OC(COC)C(F)(F)F)c(N)c(F)c2)C(O)C([NH2+]Cc2cc(ccc2)C(C)C)C1,1,1,0,Exmol_based,Generated using exmol-based algorithm
COCC(Oc1cc(CC2CS(=O)CC([NH2+]Cc3cc(O)cc(C(C)C)c3)C2O)cc(F)c1N)C(F)(F)F,1,S1(=O)CC(Cc2cc(OC(COC)C(F)(F)F)c(N)c(F)c2)C(O)C([NH2+]Cc2cc(ccc2)C(C)C)C1,1,1,0,Exmol_based,Generated using exmol-based algorithm
COc1ccc(CC(NC(C)=O)C(O)C[NH2+]Cc2cc(CC(C)(C)C)cnc2OC2CCC2)cc1OC,1,O1c2ncc(cc2C([NH2+]CC(O)C(NC(=O)C)Cc2cc(OC)c(OC)cc2)CC12CCC2)CC(C)(C)C,1,1,0,Exmol_based,Generated using exmol-based algorithm
CC(N)=O.COc1ccc(CCC(O)C[NH2+]C2CC3(CCC3)Oc3ncc(CC(C)(C)C)cc32)cc1OC,1,O1c2ncc(cc2C([NH2+]CC(O)C(NC(=O)C)Cc2cc(OC)c(OC)cc2)CC12CCC2)CC(C)(C)C,1,1,0,Exmol_based,Generated using exmol-based algorithm
C.COc1ccc(CC(NC(C)=O)C(O)C[NH2+]C2CC3(CCC3)Oc3ncc(CC(C)C)cc32)cc1OC,1,O1c2ncc(cc2C([NH2+]CC(O)C(NC(=O)C)Cc2cc(OC)c(OC)cc2)CC12CCC2)CC(C)(C)C,1,1,0,Exmol_based,Generated using exmol-based algorithm
CCn1cnc2c(N3CCCC3=O)cc(C(=O)NC(CC[NH2+]Cc3cccc(C(F)(F)F)c3)Cc3ccccc3)cc21.O,1,FC(F)(F)c1cc(ccc1)C[NH2+]CC(O)C(NC(=O)c1cc(N2CCCC2=O)c2ncn(c2c1)CC)Cc1ccccc1,1,1,0,Exmol_based,Generated using exmol-based algorithm
CCN(C(C)=O)c1cc(C(=O)NC(Cc2ccccc2)C(O)C[NH2+]Cc2cccc(C(F)(F)F)c2)cc2c1ncn2CC,1,FC(F)(F)c1cc(ccc1)C[NH2+]CC(O)C(NC(=O)c1cc(N2CCCC2=O)c2ncn(c2c1)CC)Cc1ccccc1,1,1,0,Exmol_based,Generated using exmol-based algorithm
CCn1cnc2c(N3CCCC3=O)cc(C(=O)NCC(O)C[NH2+]Cc3cccc(C(F)(F)F)c3)cc21.Cc1ccccc1,1,FC(F)(F)c1cc(ccc1)C[NH2+]CC(O)C(NC(=O)c1cc(N2CCCC2=O)c2ncn(c2c1)CC)Cc1ccccc1,1,1,0,Exmol_based,Generated using exmol-based algorithm
CCNc1cc(C(=O)NC(Cc2ccccc2)C(O)C[NH2+]Cc2ccnc(C(F)(F)F)c2)cc2c1CCCS(=O)(=O)N2C,1,S1(=O)(=O)N(c2c(CCC1)c(NCC)cc(c2)C(=O)NC(Cc1ccccc1)C(O)C[NH2+]Cc1cc(ccc1)C(F)(F)F)C,1,1,0,Exmol_based,Generated using exmol-based algorithm
CCNc1cc(C(=O)NC(CC[NH2+]Cc2cccc(C(F)(F)F)c2)Cc2ccccc2)cc2c1CCCS(=O)(=O)N2C,1,S1(=O)(=O)N(c2c(CCC1)c(NCC)cc(c2)C(=O)NC(Cc1ccccc1)C(O)C[NH2+]Cc1cc(ccc1)C(F)(F)F)C,1,1,0,Exmol_based,Generated using exmol-based algorithm
CCNc1cc2cc3c1CC(CS(=O)(=O)N3C)c1cccc(c1)CC(C(O)C[NH2+]Cc1cccc(C(F)(F)F)c1)NC2=O,1,S1(=O)(=O)N(c2c(CCC1)c(NCC)cc(c2)C(=O)NC(Cc1ccccc1)C(O)C[NH2+]Cc1cc(ccc1)C(F)(F)F)C,1,1,0,Exmol_based,Generated using exmol-based algorithm
CC(C)(C)c1cccc(C2([NH2+]CC(O)CCc3cc(F)cc(F)c3)CCC(NO)CC2)c1.CC=O,1,Fc1cc(cc(F)c1)CC(NC(=O)C)C(O)C[NH2+]C1(CCC(NO)CC1)c1cc(ccc1)C(C)(C)C,1,1,0,Exmol_based,Generated using exmol-based algorithm
CC(=O)NC(Cc1cc(F)cc(F)c1)C(O)C[NH2+]C1(c2cccc(C(C)(C)C)n2)CCC(NO)CC1,1,Fc1cc(cc(F)c1)CC(NC(=O)C)C(O)C[NH2+]C1(CCC(NO)CC1)c1cc(ccc1)C(C)(C)C,1,1,0,Exmol_based,Generated using exmol-based algorithm
CC(=O)N1C(Cc2cc(F)cc(F)c2)C1(O)C[NH2+]C1(c2cccc(C(C)(C)C)c2)CCC(NO)CC1,1,Fc1cc(cc(F)c1)CC(NC(=O)C)C(O)C[NH2+]C1(CCC(NO)CC1)c1cc(ccc1)C(C)(C)C,1,1,0,Exmol_based,Generated using exmol-based algorithm
CC(C)c1cc2cc(c1)C(C(O)C1Cc3cccc(c3)OCCCCNc3cc(cc(N4C=COC4)c3)C(=O)N1)[NH2+]C2,1,O1CCCCNc2cc(N3C=COC3)cc(c2)C(=O)NC(Cc2cc1ccc2)C(O)C[NH2+]Cc1cc(ccc1)C(C)C,1,1,0,Exmol_based,Generated using exmol-based algorithm
CC(C)c1cccc(C[NH2+]CC(O)C2Cc3cccc(c3)OCCCCNc3cc(cc(N4COC=C4F)c3)C(=O)N2)c1,1,O1CCCCNc2cc(N3C=COC3)cc(c2)C(=O)NC(Cc2cc1ccc2)C(O)C[NH2+]Cc1cc(ccc1)C(C)C,1,1,0,Exmol_based,Generated using exmol-based algorithm
CC(C)c1cccc(C[NH2+]CC(O)CCc2cccc(OCCCCNc3cc(C(N)=O)cc(N4C=COC4)c3)c2)c1,1,O1CCCCNc2cc(N3C=COC3)cc(c2)C(=O)NC(Cc2cc1ccc2)C(O)C[NH2+]Cc1cc(ccc1)C(C)C,1,1,0,Exmol_based,Generated using exmol-based algorithm
CCCCC1CCN(CC(=O)NC(Cc2cc(F)cc(F)c2)C(O)C2CC(OCCC)C[NH2+]2)C1=O.Cc1ccccc1,1,Fc1cc(cc(F)c1)CC(NC(=O)C(N1CCC(CCCC)C1=O)CCc1ccccc1)C(O)C1[NH2+]CC(OCCC)C1,1,1,0,Exmol_based,Generated using exmol-based algorithm
CCCCC1CCN(C(C)C(=O)NC(Cc2cc(F)cc(F)c2)C(O)C2CC(OCCC)C[NH2+]2)C1=O.c1ccccc1,1,Fc1cc(cc(F)c1)CC(NC(=O)C(N1CCC(CCCC)C1=O)CCc1ccccc1)C(O)C1[NH2+]CC(OCCC)C1,1,1,0,Exmol_based,Generated using exmol-based algorithm
CCCCC1CCN(C(CCc2cccc(F)c2)C(=O)NC(Cc2cc(F)cc(F)c2)C(O)C2CC(OCCC)C[NH2+]2)C1=O,1,Fc1cc(cc(F)c1)CC(NC(=O)C(N1CCC(CCCC)C1=O)CCc1ccccc1)C(O)C1[NH2+]CC(OCCC)C1,1,1,0,Exmol_based,Generated using exmol-based algorithm
CN1C(=O)C2(N=C1N)c1cc(-c3cncc(Cl)c3)ccc1OC1(C)CC12,1,Clc1cc(cnc1)-c1cc2c(OC(CC23N=C(N)N(C)C3=O)(C)C)cc1,1,1,0,Exmol_based,Generated using exmol-based algorithm
CN1C=NC2(CC(C)(C)Oc3ccc(-c4cncc(Cl)c4)cc32)C1=O.N,1,Clc1cc(cnc1)-c1cc2c(OC(CC23N=C(N)N(C)C3=O)(C)C)cc1,1,1,0,Exmol_based,Generated using exmol-based algorithm
CN1C(=O)C2(CC(C)(C)Oc3ccc(-c4cncc(Cl)c4)cc32)N=C1N,1,Clc1cc(cnc1)-c1cc2c(OC(CC23N=C(N)N(C)C3=O)(C)C)cc1,1,1,0,Exmol_based,Generated using exmol-based algorithm
CC1(c2cc(NC(=O)c3ccn(C(F)F)n3)ccc2F)N=C(N)OCC1(F)F,1,Clc1cn(nc1C(=O)Nc1cc(C2(N=C(OCC2(F)F)N)C)c(F)cc1)C(F)F,1,1,0,Exmol_based,Generated using exmol-based algorithm
CC1(c2cc(NC(=O)c3nn(CF)cc3Cl)ccc2F)N=C(N)OCC1(F)F.F,1,Clc1cn(nc1C(=O)Nc1cc(C2(N=C(OCC2(F)F)N)C)c(F)cc1)C(F)F,1,1,0,Exmol_based,Generated using exmol-based algorithm
COC(N)=NC(C)(c1cc(NC(=O)c2nn(C(F)F)cc2Cl)ccc1F)C(F)F,1,Clc1cn(nc1C(=O)Nc1cc(C2(N=C(OCC2(F)F)N)C)c(F)cc1)C(F)F,1,1,0,Exmol_based,Generated using exmol-based algorithm
COCC(Oc1cc(C(P)C2CS(=O)CC([NH2+]Cc3cc(CC(C)(C)C)on3)C2O)cc(F)c1N)C(F)(F)F,1,S1(=O)CC(Cc2cc(OC(COC)C(F)(F)F)c(N)c(F)c2)C(O)C([NH2+]Cc2noc(c2)CC(C)(C)C)C1,1,1,0,Exmol_based,Generated using exmol-based algorithm
COCC(Oc1cc(CC(CO)CS(=O)CC[NH2+]Cc2cc(CC(C)(C)C)on2)cc(F)c1N)C(F)(F)F,1,S1(=O)CC(Cc2cc(OC(COC)C(F)(F)F)c(N)c(F)c2)C(O)C([NH2+]Cc2noc(c2)CC(C)(C)C)C1,1,1,0,Exmol_based,Generated using exmol-based algorithm
COCC(Oc1cc(CC(C)C(O)C(C[SH]=O)[NH2+]Cc2cc(CC(C)(C)C)on2)cc(F)c1N)C(F)(F)F,1,S1(=O)CC(Cc2cc(OC(COC)C(F)(F)F)c(N)c(F)c2)C(O)C([NH2+]Cc2noc(c2)CC(C)(C)C)C1,1,1,0,Exmol_based,Generated using exmol-based algorithm
CCCN(CCC)C(=O)c1cc(C)cc(CNC(Cc2cc(F)cc(F)c2)[C@@H](O)C[NH2+]Cc2cccc(OC)c2)c1,1,Fc1cc(cc(F)c1)CC(NC(=O)c1cc(cc(c1)C)C(=O)N(CCC)CCC)[C@@H](O)C[NH2+]Cc1cc(OC)ccc1,1,1,0,Exmol_based,Generated using exmol-based algorithm
CCCN(CCC)C(=O)c1cc(C)cc(C(=O)NC(Cc2cc(F)cc(F)c2)[C@@H](O)C[NH2+]Cc2cccc(OC)c2)c1O,1,Fc1cc(cc(F)c1)CC(NC(=O)c1cc(cc(c1)C)C(=O)N(CCC)CCC)[C@@H](O)C[NH2+]Cc1cc(OC)ccc1,1,1,0,Exmol_based,Generated using exmol-based algorithm
CCCN(CCC)C(=O)c1cc(C)cc(C(=O)NC(Cc2cc(F)cc(F)c2)[C@@H](O)C[NH2+]Cc2cc(OC)ccp2)c1,1,Fc1cc(cc(F)c1)CC(NC(=O)c1cc(cc(c1)C)C(=O)N(CCC)CCC)[C@@H](O)C[NH2+]Cc1cc(OC)ccc1,1,1,0,Exmol_based,Generated using exmol-based algorithm
CCCN(CCC)C(=O)c1cc(C(=O)NC(Cc2cc(F)cc(F)c2)C(O)C[NH2+]Cc2cccc(OC)c2)cc(C(C)NC(C)=O)c1,1,Fc1cc(cc(F)c1)CC(NC(=O)c1cc(cc(c1)C(=O)N(CCC)CCC)C(NC(=O)C)C)C(O)C[NH2+]Cc1cc(OC)ccc1,1,1,0,Exmol_based,Generated using exmol-based algorithm
CCCN(CCC)C(=O)c1cc(C(=O)NCC(O)C[NH2+]Cc2cccc(OC)c2)cc(C(C)NC(C)=O)c1.Fc1cccc(F)c1,1,Fc1cc(cc(F)c1)CC(NC(=O)c1cc(cc(c1)C(=O)N(CCC)CCC)C(NC(=O)C)C)C(O)C[NH2+]Cc1cc(OC)ccc1,1,1,0,Exmol_based,Generated using exmol-based algorithm
CCCN(NCC)C(=O)c1cc(C(=O)NC(Cc2cc(F)cc(F)c2)C(O)C[NH2+]Cc2cccc(OC)c2)cc(C(C)NC(C)=O)c1,1,Fc1cc(cc(F)c1)CC(NC(=O)c1cc(cc(c1)C(=O)N(CCC)CCC)C(NC(=O)C)C)C(O)C[NH2+]Cc1cc(OC)ccc1,1,1,0,Exmol_based,Generated using exmol-based algorithm
CC(F)F.CCn1cc2c3c(cc(C(=O)NC(Cc4ccccc4)[C@H](O)C[NH2+])cc31)N(C)S(=O)(=O)CC2,1,S1(=O)(=O)N(c2cc(cc3n(cc(CC1)c23)CC)C(=O)NC([C@H](O)C[NH2+]CC(F)F)Cc1ccccc1)C,1,1,0,Exmol_based,Generated using exmol-based algorithm
CCn1cc2c3c(cc(C(=O)NC(Oc4ccccc4)[C@H](O)C[NH2+]CC(F)F)cc31)N(C)S(=O)(=O)CC2,1,S1(=O)(=O)N(c2cc(cc3n(cc(CC1)c23)CC)C(=O)NC([C@H](O)C[NH2+]CC(F)F)Cc1ccccc1)C,1,1,0,Exmol_based,Generated using exmol-based algorithm
CCn1cc2c3c(cc(C(=O)NC(Cc4ccccc4)[C@H](O)C[NH2+]CC(F)F)cc31)N(C)S(=O)CC2,1,S1(=O)(=O)N(c2cc(cc3n(cc(CC1)c23)CC)C(=O)NC([C@H](O)C[NH2+]CC(F)F)Cc1ccccc1)C,1,1,0,Exmol_based,Generated using exmol-based algorithm
C.Cc1cn2c3c(cc(C(=O)NC(Cc4ccccc4)C(O)C[NH2+]C4CC4)cc13)N(C)S(=O)(=O)CC2,1,S1(=O)(=O)N(c2cc(cc3c2n(cc3CC)CC1)C(=O)NC(Cc1ccccc1)C(O)C[NH2+]C1CC1)C,1,1,0,Exmol_based,Generated using exmol-based algorithm
C1CC1.CCc1cn2c3c(cc(C(=O)NC(Cc4ccccc4)C(O)C[NH2+])cc13)N(C)S(=O)(=O)CC2,1,S1(=O)(=O)N(c2cc(cc3c2n(cc3CC)CC1)C(=O)NC(Cc1ccccc1)C(O)C[NH2+]C1CC1)C,1,1,0,Exmol_based,Generated using exmol-based algorithm
CCC[NH2+]CC(O)C(Cc1ccccc1)NC(=O)c1cc2c3c(c1)c(CC)cn3CCS(=O)(=O)N2C,1,S1(=O)(=O)N(c2cc(cc3c2n(cc3CC)CC1)C(=O)NC(Cc1ccccc1)C(O)C[NH2+]C1CC1)C,1,1,0,Exmol_based,Generated using exmol-based algorithm
CC.CCc1cn2c3c(cc(C(=O)NC(Cc4ccccc4)C(O)C[NH2+])cc13)N(CC)S(=O)(=O)CC2,1,S1(=O)(=O)N(c2cc(cc3c2n(cc3CC)CC1)C(=O)NC(Cc1ccccc1)C(O)C[NH2+]C1CC1)CC,1,1,0,Exmol_based,Generated using exmol-based algorithm
CCc1ccc(C(=O)NC(Cc2ccccc2)C(O)C[NH2+]C2CC2)cc2cn(c1)CCS(=O)(=O)N2CC,1,S1(=O)(=O)N(c2cc(cc3c2n(cc3CC)CC1)C(=O)NC(Cc1ccccc1)C(O)C[NH2+]C1CC1)CC,1,1,0,Exmol_based,Generated using exmol-based algorithm
CCc1cn2cc1C=C(C(=O)NC(Cc1ccccc1)C(O)C[NH2+]C1CC1)C=CN(CC)S(=O)(=O)CC2,1,S1(=O)(=O)N(c2cc(cc3c2n(cc3CC)CC1)C(=O)NC(Cc1ccccc1)C(O)C[NH2+]C1CC1)CC,1,1,0,Exmol_based,Generated using exmol-based algorithm
NC1=[NH+][C@](c2ccc(OC(F)F)cc2)(c2cccc(-c3cccnc3F)c2)C2=NCCCN21,1,Fc1ncccc1-c1cc(ccc1)[C@]1([NH+]=C(N2C1=NCCC2)N)c1ccc(OC(F)(F)F)cc1,1,1,0,Exmol_based,Generated using exmol-based algorithm
CCCN=C1NC(N)=[NH+][C@]1(c1ccc(OC(F)(F)F)cc1)c1cccc(-c2cccnc2F)c1,1,Fc1ncccc1-c1cc(ccc1)[C@]1([NH+]=C(N2C1=NCCC2)N)c1ccc(OC(F)(F)F)cc1,1,1,0,Exmol_based,Generated using exmol-based algorithm
NC1=[NH+][C@](c2ccc(OC(F)(F)F)cc2)(c2cccc(-c3cccnc3F)c2)C=NCCCN1,1,Fc1ncccc1-c1cc(ccc1)[C@]1([NH+]=C(N2C1=NCCC2)N)c1ccc(OC(F)(F)F)cc1,1,1,0,Exmol_based,Generated using exmol-based algorithm
COc1cpc(C2(c3ccc(F)c(-c4cncnc4)c3)N=C(N)N(C)C2=O)cc1C,1,Fc1ccc(cc1-c1cncnc1)C1(N=C(N)N(C)C1=O)c1cc(C)c(OC)cc1,1,1,0,Exmol_based,Generated using exmol-based algorithm
COc1ccc(C2(c3ccc(F)c(-c4cncnc4)c3)N=C(N)N(C)C2=O)cc1,1,Fc1ccc(cc1-c1cncnc1)C1(N=C(N)N(C)C1=O)c1cc(C)c(OC)cc1,1,1,0,Exmol_based,Generated using exmol-based algorithm
CNC(N)=NC(c1ccc(OC)c(C)c1)c1ccc(F)c(-c2cncnc2)c1.O,1,Fc1ccc(cc1-c1cncnc1)C1(N=C(N)N(C)C1=O)c1cc(C)c(OC)cc1,1,1,0,Exmol_based,Generated using exmol-based algorithm
COc1ccc(C2(c3cpcc(-c4cccnc4F)c3)N=C(N)N(C)C2=O)cc1C,1,Fc1ncccc1-c1cc(ccc1)C1(N=C(N)N(C)C1=O)c1cc(C)c(OC)cc1,1,1,0,Exmol_based,Generated using exmol-based algorithm
COc1ccc(C(N)(C(=O)N(C)CN)c2cccc(-c3cccnc3F)c2)cc1C,1,Fc1ncccc1-c1cc(ccc1)C1(N=C(N)N(C)C1=O)c1cc(C)c(OC)cc1,1,1,0,Exmol_based,Generated using exmol-based algorithm
COc1ccc(C2(c3cccc(-c4cccnc4F)c3)CN(C)C(N)=N2)cc1C,1,Fc1ncccc1-c1cc(ccc1)C1(N=C(N)N(C)C1=O)c1cc(C)c(OC)cc1,1,1,0,Exmol_based,Generated using exmol-based algorithm
CC(NC(=O)c1cc(-c2ccc(C(C)([NH3+])Cc3cccc(O)c3)o2)cc(N(C)S(C)(=O)=O)c1)c1ccc(F)cc1,1,S(=O)(=O)(N(C)c1cc(cc(c1)C(=O)NC(C)c1ccc(F)cc1)-c1oc(cc1)C([NH3+])(Cc1ccccc1)C)C,1,1,0,Exmol_based,Generated using exmol-based algorithm
CC(NC(=O)c1cc(-c2ccc(C(C)([NH3+])Cc3ccccc3)o2)cc(N(C)S(C)(=O)=O)c1)c1ccc(F)cc1P,1,S(=O)(=O)(N(C)c1cc(cc(c1)C(=O)NC(C)c1ccc(F)cc1)-c1oc(cc1)C([NH3+])(Cc1ccccc1)C)C,1,1,0,Exmol_based,Generated using exmol-based algorithm
CC([NH3+])c1ccc(-c2cc(C(=O)NC(C)c3ccc(F)cc3)cc(N(C)S(C)(=O)=O)c2)o1.c1ccccc1,1,S(=O)(=O)(N(C)c1cc(cc(c1)C(=O)NC(C)c1ccc(F)cc1)-c1oc(cc1)C([NH3+])(Cc1ccccc1)C)C,1,1,0,Exmol_based,Generated using exmol-based algorithm
CC([NH2+]CC(O)C(Cc1ccccc1)NC(=O)c1cccc(N(c2ccc(C(F)(F)F)cc2)S(C)=O)c1)C(=O)NC1CCCCC1.O,1,S(=O)(=O)(N(c1cc(ccc1)C(=O)NC(Cc1ccccc1)C(O)C[NH2+]C(C(=O)NC1CCCCC1)C)c1ccc(cc1)C(F)(F)F)C,1,1,0,Exmol_based,Generated using exmol-based algorithm
CC([NH2+]CC(O)C(Cc1ccccc1)NC(=O)c1cc(N(c2ccc(C(F)(F)F)cc2)S(C)(=O)=O)ccc1N)C(=O)NC1CCCCC1,1,S(=O)(=O)(N(c1cc(ccc1)C(=O)NC(Cc1ccccc1)C(O)C[NH2+]C(C(=O)NC1CCCCC1)C)c1ccc(cc1)C(F)(F)F)C,1,1,0,Exmol_based,Generated using exmol-based algorithm
CC1CCCC(NC(=O)C(C)[NH2+]CC(O)C(Cc2ccccc2)NC(=O)c2cccc(N(c3ccc(C(F)(F)F)cc3)S(C)(=O)=O)c2)C1,1,S(=O)(=O)(N(c1cc(ccc1)C(=O)NC(Cc1ccccc1)C(O)C[NH2+]C(C(=O)NC1CCCCC1)C)c1ccc(cc1)C(F)(F)F)C,1,1,0,Exmol_based,Generated using exmol-based algorithm
CN1C(=O)[C@@](c2ccc(OC(F)F)cc2)(c2cccc(/C(F)=C\C3CC3)p2)N=C1N,1,FC(F)Oc1ccc(cc1)[C@@]1(N=C(N)N(C)C1=O)c1cc(ccc1)/C(/F)=C\C1CC1,1,1,0,Exmol_based,Generated using exmol-based algorithm
C1CC1.CN1C(=O)[C@@](c2ccc(OC(F)F)cc2)(c2cccc(CF)c2)N=C1N,1,FC(F)Oc1ccc(cc1)[C@@]1(N=C(N)N(C)C1=O)c1cc(ccc1)/C(/F)=C\C1CC1,1,1,0,Exmol_based,Generated using exmol-based algorithm
CN1C(=O)[C@@](c2ccc(OC(F)Br)cc2)(c2cccc(/C(F)=C\C3CC3)c2)N=C1N,1,FC(F)Oc1ccc(cc1)[C@@]1(N=C(N)N(C)C1=O)c1cc(ccc1)/C(/F)=C\C1CC1,1,1,0,Exmol_based,Generated using exmol-based algorithm
C=Cc1cccc([C@@]2(c3ccc(OC(F)F)cc3)N=C(N)N(C)C2=O)c1.COC,1,FC(F)Oc1ccc(cc1)[C@@]1(N=C(N)N(C)C1=O)c1cc(ccc1)\C=C\COC,1,1,0,Exmol_based,Generated using exmol-based algorithm
COC/C=C/c1cccc([C@@]2(c3ccc(OC(F)F)cc3)N=S(N)N(C)C2=O)c1,1,FC(F)Oc1ccc(cc1)[C@@]1(N=C(N)N(C)C1=O)c1cc(ccc1)\C=C\COC,1,1,0,Exmol_based,Generated using exmol-based algorithm
COC/C=C/c1cccc([C](C(=O)N(C)C(=N)N)c2ccc(OC(F)F)cc2)c1,1,FC(F)Oc1ccc(cc1)[C@@]1(N=C(N)N(C)C1=O)c1cc(ccc1)\C=C\COC,1,1,0,Exmol_based,Generated using exmol-based algorithm
COCC/C=C/c1cccc([C@@]2(c3ccc(OCF)cc3)N=C(N)N(C)C2=O)c1.F,1,FC(F)Oc1ccc(cc1)[C@@]1(N=C(N)N(C)C1=O)c1cc(ccc1)\C=C\CCOC,1,1,0,Exmol_based,Generated using exmol-based algorithm
C/C=C/c1cccc([C@@]2(c3ccc(OC(F)F)cc3)N=C(N)N(C)C2=O)c1.COC,1,FC(F)Oc1ccc(cc1)[C@@]1(N=C(N)N(C)C1=O)c1cc(ccc1)\C=C\CCOC,1,1,0,Exmol_based,Generated using exmol-based algorithm
C.CC/C=C/c1cccc([C@@]2(c3ccc(OC(F)F)cc3)N=C(N)N(C)C2=O)c1,1,FC(F)Oc1ccc(cc1)[C@@]1(N=C(N)N(C)C1=O)c1cc(ccc1)\C=C\CCOC,1,1,0,Exmol_based,Generated using exmol-based algorithm
CC#Cc1cccc([C@@]2(c3ccc(OC(F)F)cc3)N=[PH](N)N(C)C2=O)c1,1,FC(F)Oc1ccc(cc1)[C@@]1(N=C(N)N(C)C1=O)c1cc(ccc1)C#CC,1,1,0,Exmol_based,Generated using exmol-based algorithm
CC#Cc1cccc([C@@]2(c3ccc(OCF)cc3)N=C(N)N(C)C2=O)c1,1,FC(F)Oc1ccc(cc1)[C@@]1(N=C(N)N(C)C1=O)c1cc(ccc1)C#CC,1,1,0,Exmol_based,Generated using exmol-based algorithm
CC#Cc1cccc([C@@]2(c3ccc(OC(F)P)cc3)N=C(N)N(C)C2=O)c1,1,FC(F)Oc1ccc(cc1)[C@@]1(N=C(N)N(C)C1=O)c1cc(ccc1)C#CC,1,1,0,Exmol_based,Generated using exmol-based algorithm
CC(C)C#Cc1cccc([C](N=C(N)N(C)C=O)c2ccc(OC(F)F)cc2)c1,1,FC(F)Oc1ccc(cc1)[C@@]1(N=C(N)N(C)C1=O)c1cc(ccc1)C#CC(C)C,1,1,0,Exmol_based,Generated using exmol-based algorithm
CC(C)C#Cc1cccc([C@@]2(c3ccc(OCF)cc3)N=C(N)N(C)C2=O)c1,1,FC(F)Oc1ccc(cc1)[C@@]1(N=C(N)N(C)C1=O)c1cc(ccc1)C#CC(C)C,1,1,0,Exmol_based,Generated using exmol-based algorithm
CC(C)C#Cc1ccccc1.CN1C(=O)[C](c2ccc(OC(F)F)cc2)N=C1N,1,FC(F)Oc1ccc(cc1)[C@@]1(N=C(N)N(C)C1=O)c1cc(ccc1)C#CC(C)C,1,1,0,Exmol_based,Generated using exmol-based algorithm
CCC#Cc1cccc([C@@]2(c3ccc(OC(F)F)cc3)N=C(N)N(C)C2=O)c1,1,FC(F)Oc1ccc(cc1)[C@@]1(N=C(N)N(C)C1=O)c1cc(ccc1)C#CC1CC1,1,1,0,Exmol_based,Generated using exmol-based algorithm
CN(CN)C(=O)[C](c1ccc(OC(F)F)cc1)c1cccc(C#CC2CC2)c1,1,FC(F)Oc1ccc(cc1)[C@@]1(N=C(N)N(C)C1=O)c1cc(ccc1)C#CC1CC1,1,1,0,Exmol_based,Generated using exmol-based algorithm
CN1C(=O)[S@@](c2ccc(OC(F)F)cc2)(c2cccc(C#CC3CC3)c2)N=C1N,1,FC(F)Oc1ccc(cc1)[C@@]1(N=C(N)N(C)C1=O)c1cc(ccc1)C#CC1CC1,1,1,0,Exmol_based,Generated using exmol-based algorithm
COCC#Cc1cccc([C@@]2(c3ccccc3)N=C(N)N(C)C2=O)c1.FCF,1,FC(F)Oc1ccc(cc1)[C@@]1(N=C(N)N(C)C1=O)c1cc(ccc1)C#CCOC,1,1,0,Exmol_based,Generated using exmol-based algorithm
CCOC.Cc1cccc([C@@]2(c3ccc(OC(F)F)cc3)N=C(N)N(C)C2=O)c1,1,FC(F)Oc1ccc(cc1)[C@@]1(N=C(N)N(C)C1=O)c1cc(ccc1)C#CCOC,1,1,0,Exmol_based,Generated using exmol-based algorithm
COCC#Cc1cccc([C@@]2(c3ccc(OC(F)F)cc3P)N=C(N)N(C)C2=O)c1,1,FC(F)Oc1ccc(cc1)[C@@]1(N=C(N)N(C)C1=O)c1cc(ccc1)C#CCOC,1,1,0,Exmol_based,Generated using exmol-based algorithm
COCCC#Cc1cccc([C@@]2(c3ccc(OC(F)F)cc3)N=C(O)N(C)C2=O)c1,1,FC(F)Oc1ccc(cc1)[C@@]1(N=C(N)N(C)C1=O)c1cc(ccc1)C#CCCOC,1,1,0,Exmol_based,Generated using exmol-based algorithm
COCCC#Cc1cccc([C@@](N)(C(=O)N(C)CN)c2ccc(OC(F)F)cc2)c1,1,FC(F)Oc1ccc(cc1)[C@@]1(N=C(N)N(C)C1=O)c1cc(ccc1)C#CCCOC,1,1,0,Exmol_based,Generated using exmol-based algorithm
COCCC#Cc1ccc(F)c([C@@]2(c3ccc(OC(F)F)cc3)N=C(N)N(C)C2=O)c1,1,FC(F)Oc1ccc(cc1)[C@@]1(N=C(N)N(C)C1=O)c1cc(ccc1)C#CCCOC,1,1,0,Exmol_based,Generated using exmol-based algorithm
C.C[C@@H](O)C#Cc1cccc([C@](C=O)(N=CN)c2ccc(OC(F)F)cc2)c1,1,FC(F)Oc1ccc(cc1)[C@@]1(N=C(N)N(C)C1=O)c1cc(ccc1)C#C[C@H](O)C,1,1,0,Exmol_based,Generated using exmol-based algorithm
C[C@@H](O)C#Cc1cccc([C@@]2(c3ccc(OC(F)(F)Br)cc3)N=C(N)N(C)C2=O)c1,1,FC(F)Oc1ccc(cc1)[C@@]1(N=C(N)N(C)C1=O)c1cc(ccc1)C#C[C@H](O)C,1,1,0,Exmol_based,Generated using exmol-based algorithm
C[C@@H](O)C#Cc1cccc([C@@]2(c3ccc(OC(F)F)cc3)N=C(NS)N(C)C2=O)c1,1,FC(F)Oc1ccc(cc1)[C@@]1(N=C(N)N(C)C1=O)c1cc(ccc1)C#C[C@H](O)C,1,1,0,Exmol_based,Generated using exmol-based algorithm
C1CC1.COc1cccc([C@@]2(c3ccc(OC(F)F)cc3)N=C(N)N(C)C2=O)c1,1,FC(F)Oc1ccc(cc1)[C@@]1(N=C(N)N(C)C1=O)c1cc(OCC2CC2)ccc1,1,1,0,Exmol_based,Generated using exmol-based algorithm
CNC(N)=N[C](c1ccc(OC(F)F)cc1)c1cccc(OCC2CC2)c1.O,1,FC(F)Oc1ccc(cc1)[C@@]1(N=C(N)N(C)C1=O)c1cc(OCC2CC2)ccc1,1,1,0,Exmol_based,Generated using exmol-based algorithm
CN1C(=O)[C@@](c2ccc(OC(F)S)cc2)(c2cccc(OCC3CC3)c2)N=C1N,1,FC(F)Oc1ccc(cc1)[C@@]1(N=C(N)N(C)C1=O)c1cc(OCC2CC2)ccc1,1,1,0,Exmol_based,Generated using exmol-based algorithm
CN(CN)C(=O)[C@@](N)(c1ccc(OC(F)F)cc1)c1ccc(F)c(C#CC2CC2)c1,1,Fc1ccc(cc1C#CC1CC1)[C@]1(N=C(N)N(C)C1=O)c1ccc(OC(F)F)cc1,1,1,0,Exmol_based,Generated using exmol-based algorithm
CCCC#Cc1cc([C@@]2(c3ccc(OC(F)F)cc3)N=C(N)N(C)C2=O)ccc1F,1,Fc1ccc(cc1C#CC1CC1)[C@]1(N=C(N)N(C)C1=O)c1ccc(OC(F)F)cc1,1,1,0,Exmol_based,Generated using exmol-based algorithm
CN1C(=O)[C@@](c2ccc(O[SH](F)F)cc2)(c2ccc(F)c(C#CC3CC3)c2)N=C1N,1,Fc1ccc(cc1C#CC1CC1)[C@]1(N=C(N)N(C)C1=O)c1ccc(OC(F)F)cc1,1,1,0,Exmol_based,Generated using exmol-based algorithm
CC1CC1.Cc1cc([C@]2(c3ccc(F)cc3)N=C(N)N(C)C2=O)ccc1OC(F)F,1,Fc1ccc(cc1C#CC1CC1)[C@]1(N=C(N)N(C)C1=O)c1cc(C)c(OC(F)F)cc1,1,1,0,Exmol_based,Generated using exmol-based algorithm
CN(C=O)C(=N)N.Cc1ccccc1OC(F)F.Fc1ccccc1C#CC1CC1,1,Fc1ccc(cc1C#CC1CC1)[C@]1(N=C(N)N(C)C1=O)c1cc(C)c(OC(F)F)cc1,1,1,0,Exmol_based,Generated using exmol-based algorithm
Cc1cc([C@]2(c3ccc(F)c(C#CC4CC4)c3)[SH]=C(N)N(C)C2=O)ccc1OC(F)F,1,Fc1ccc(cc1C#CC1CC1)[C@]1(N=C(N)N(C)C1=O)c1cc(C)c(OC(F)F)cc1,1,1,0,Exmol_based,Generated using exmol-based algorithm
Cc1cc([C@@]2(c3ccc(F)c(C#CCF)c3)CN(C)C(N)=N2)ccc1OC(F)F,1,Fc1ccc(cc1C#CCF)[C@]1(N=C(N)N(C)C1=O)c1cc(C)c(OC(F)F)cc1,1,1,0,Exmol_based,Generated using exmol-based algorithm
Cc1cc([C]2N=C(N)N(C)C2=O)ccc1OC(F)F.FCC#Cc1ccccc1F,1,Fc1ccc(cc1C#CCF)[C@]1(N=C(N)N(C)C1=O)c1cc(C)c(OC(F)F)cc1,1,1,0,Exmol_based,Generated using exmol-based algorithm
Cc1cc([C@]2(c3cccc(C#CCF)c3)N=C(N)N(C)C2=O)ccc1OC(F)F.F,1,Fc1ccc(cc1C#CCF)[C@]1(N=C(N)N(C)C1=O)c1cc(C)c(OC(F)F)cc1,1,1,0,Exmol_based,Generated using exmol-based algorithm
Cc1ccc2cc1-c1ccc3nc(N)c(cc3c1)CC(C)C(=O)NCc1cccc-2c1,1,O=C(NCc1ccccc1)C(Cc1cc2cc(ccc2nc1N)-c1ccccc1C)C,1,1,0,Exmol_based,Generated using exmol-based algorithm
Cc1ccccc1-c1ccc2ncc(CC(C)C(=O)NCc3ccccc3)cc2c1,1,O=C(NCc1ccccc1)C(Cc1cc2cc(ccc2nc1N)-c1ccccc1C)C,1,1,0,Exmol_based,Generated using exmol-based algorithm
Cc1ccccc1-c1ccc2nc(N)c(CC(S)C(=O)NCc3ccccc3)cc2c1,1,O=C(NCc1ccccc1)C(Cc1cc2cc(ccc2nc1N)-c1ccccc1C)C,1,1,0,Exmol_based,Generated using exmol-based algorithm
COc1cc(F)cc(C[NH2+]CC(O)C(Cc2cc(F)cc(F)c2)NC(=O)C(CCc2ccccc2)N2CCC(CC(C)C)C2=O)c1,1,Fc1cc(cc(F)c1)CC(NC(=O)C(N1CCC(CC(C)C)C1=O)CCc1ccccc1)C(O)C[NH2+]Cc1cc(OC)ccc1,1,1,0,Exmol_based,Generated using exmol-based algorithm
COc1cccc(C[NH2+]CC(O)C(Cc2cc(F)cc(F)c2)NC(=O)C(N)(CCc2ccccc2)N2CCC(CC(C)C)C2=O)c1,1,Fc1cc(cc(F)c1)CC(NC(=O)C(N1CCC(CC(C)C)C1=O)CCc1ccccc1)C(O)C[NH2+]Cc1cc(OC)ccc1,1,1,0,Exmol_based,Generated using exmol-based algorithm
CCC(C=O)CC(C)C.COc1cccc(C[NH2+]CC(O)C(Cc2cc(F)cc(F)c2)NC(=O)CCCc2ccccc2)c1,1,Fc1cc(cc(F)c1)CC(NC(=O)C(N1CCC(CC(C)C)C1=O)CCc1ccccc1)C(O)C[NH2+]Cc1cc(OC)ccc1,1,1,0,Exmol_based,Generated using exmol-based algorithm
CN1C(=O)C(c2cccc(-c3cncnc3)c2)(c2cnn(CCC(C)(C)C)c2)N=C1N,1,O=C1N(C)C(=NC1(c1cc(ccc1)-c1cncnc1)c1cn(nc1)CCC(C)(C)C)N,1,1,0,Exmol_based,Generated using exmol-based algorithm
CN(CN)C(=O)C(c1cccc(-c2cncnc2)c1)c1cnn(CCC(C)(C)C)c1,1,O=C1N(C)C(=NC1(c1cc(ccc1)-c1cncnc1)c1cn(nc1)CCC(C)(C)C)N,1,1,0,Exmol_based,Generated using exmol-based algorithm
CC(C)C.CN1C(=O)C(c2cccc(-c3cncnc3)c2)(c2cnn(C)c2)N=C1N,1,O=C1N(C)C(=NC1(c1cc(ccc1)-c1cncnc1)c1cn(nc1)CCC(C)(C)C)N,1,1,0,Exmol_based,Generated using exmol-based algorithm
CN(C(=N)N)C(=O)C(c1cccc(-c2cncnc2)c1)c1cnn(CCC2CCCCC2)c1,1,O=C1N(C)C(=NC1(c1cc(ccc1)-c1cncnc1)c1cn(nc1)CCC1CCCCC1)N,1,1,0,Exmol_based,Generated using exmol-based algorithm
CN1C(=O)C(c2cccc(-c3cncnc3)c2)(c2cnn(C(S)CC3CCCCC3)c2)N=C1N,1,O=C1N(C)C(=NC1(c1cc(ccc1)-c1cncnc1)c1cn(nc1)CCC1CCCCC1)N,1,1,0,Exmol_based,Generated using exmol-based algorithm
CN1CC(c2cccc(-c3cncnc3)c2)(c2cnn(CCC3CCCCC3)c2)N=C1N.O,1,O=C1N(C)C(=NC1(c1cc(ccc1)-c1cncnc1)c1cn(nc1)CCC1CCCCC1)N,1,1,0,Exmol_based,Generated using exmol-based algorithm
CC(C)Cn1cc(C2(c3ccccc3)N=C(N)N(C)C2=O)cn1.Fc1ccccn1,1,Fc1ncccc1-c1cc(ccc1)C1(N=C(N)N(C)C1=O)c1cn(nc1)CC(C)C,1,1,0,Exmol_based,Generated using exmol-based algorithm
CC(C)Cn1cc(C2(c3cccc(-c4cccnc4F)c3)N=C(N)N(C)C2=O)cn1,1,Fc1ncccc1-c1cc(ccc1)C1(N=C(N)N(C)C1=O)c1cn(nc1)CC(C)C,1,1,0,Exmol_based,Generated using exmol-based algorithm
CC(C)Cn1cc(C2(c3cccc(-c4cccnc4)c3)N=C(N)N(C)C2=O)cn1,1,Fc1ncccc1-c1cc(ccc1)C1(N=C(N)N(C)C1=O)c1cn(nc1)CC(C)C,1,1,0,Exmol_based,Generated using exmol-based algorithm
CC(C)(C)CCn1cc(C2(c3cccc(-c4cccnc4F)c3)N=C(N)N(P)C2=O)cn1,1,Fc1ncccc1-c1cc(ccc1)C1(N=C(N)N(C)C1=O)c1cn(nc1)CCC(C)(C)C,1,1,0,Exmol_based,Generated using exmol-based algorithm
CN1C(=O)C(c2cccc(-c3cccnc3F)c2)(c2cnn(CCC(C)(C)C)c2)N=C1N,1,Fc1ncccc1-c1cc(ccc1)C1(N=C(N)N(C)C1=O)c1cn(nc1)CCC(C)(C)C,1,1,0,Exmol_based,Generated using exmol-based algorithm
CN1C(=O)C(c2cccc(-c3cccnc3)c2)(c2cnn(CCC(C)(C)C)c2)N=C1N,1,Fc1ncccc1-c1cc(ccc1)C1(N=C(N)N(C)C1=O)c1cn(nc1)CCC(C)(C)C,1,1,0,Exmol_based,Generated using exmol-based algorithm
CCC(CC)Cn1cc(C(C(=O)N(C)C(=N)N)c2cccc(-c3cccnc3F)c2)cn1,1,Fc1ncccc1-c1cc(ccc1)C1(N=C(N)N(C)C1=O)c1cn(nc1)CC(CC)CC,1,1,0,Exmol_based,Generated using exmol-based algorithm
C.CCC(C)Cn1cc(C2(c3cccc(-c4cccnc4F)c3)N=C(N)N(C)C2=O)cn1,1,Fc1ncccc1-c1cc(ccc1)C1(N=C(N)N(C)C1=O)c1cn(nc1)CC(CC)CC,1,1,0,Exmol_based,Generated using exmol-based algorithm
CCC(CC)Cn1cc(C2(c3cccc(-c4cccnc4F)c3)N=C(N)N(C)C2=O)c(N)n1,1,Fc1ncccc1-c1cc(ccc1)C1(N=C(N)N(C)C1=O)c1cn(nc1)CC(CC)CC,1,1,0,Exmol_based,Generated using exmol-based algorithm
CN1C(=O)C(c2cccc(-c3cccnc3F)c2)(c2cnn(C3CCOC3)c2)N=C1N,1,Fc1ncccc1-c1cc(ccc1)C1(N=C(N)N(C)C1=O)c1cn(nc1)C1CCCC1,1,1,0,Exmol_based,Generated using exmol-based algorithm
CN1C(=O)C(c2cnn(C3CCCC3)c2)(c2cc(-c3cccnc3F)ccn2)N=C1N,1,Fc1ncccc1-c1cc(ccc1)C1(N=C(N)N(C)C1=O)c1cn(nc1)C1CCCC1,1,1,0,Exmol_based,Generated using exmol-based algorithm
CN1C(=O)C(c2cccc(-c3cccnc3)c2)(c2cnn(C3CCCC3)c2)N=C1N.F,1,Fc1ncccc1-c1cc(ccc1)C1(N=C(N)N(C)C1=O)c1cn(nc1)C1CCCC1,1,1,0,Exmol_based,Generated using exmol-based algorithm
CC(C)(C)Cc1cnc2c(c1)C([NH2+]CC(O)C(Cc1ccc3c(c1)OCO3)NC(=P)C1CCCO1)CC1(CCC1)O2,1,O1CCCC1C(=O)NC(Cc1cc2OCOc2cc1)C(O)C[NH2+]C1CC2(Oc3ncc(cc13)CC(C)(C)C)CCC2,1,1,0,Exmol_based,Generated using exmol-based algorithm
CC(C)(C)Cc1cnc2c(c1)C1[NH2+]CC(O)C(NC(=O)C3CCCO3)C(c3ccc4c(c3)OCO4)C1C1(CCC1)O2,1,O1CCCC1C(=O)NC(Cc1cc2OCOc2cc1)C(O)C[NH2+]C1CC2(Oc3ncc(cc13)CC(C)(C)C)CCC2,1,1,0,Exmol_based,Generated using exmol-based algorithm
COc1ccc(CC(NC(=O)C2CCCO2)C(O)C[NH2+]C2CC3(CCC3)Oc3ncc(CC(C)(C)C)cc32)cc1O,1,O1CCCC1C(=O)NC(Cc1cc2OCOc2cc1)C(O)C[NH2+]C1CC2(Oc3ncc(cc13)CC(C)(C)C)CCC2,1,1,0,Exmol_based,Generated using exmol-based algorithm
CS(=O)(=O)N(c1ccccc1)c1cncc(C(=O)NC(Cc2cccnc2)C(O)C[NH2+]Cc2cccc(C(F)(F)F)c2)c1,1,S(=O)(=O)(N(c1ccccc1)c1cc(cnc1)C(=O)NC(Cc1ccccc1)C(O)C[NH2+]Cc1cc(ccc1)C(F)(F)F)C,1,1,0,Exmol_based,Generated using exmol-based algorithm
CS(=O)(=O)N1c2cnc(c(C(=O)NC(Cc3ccccc3)C(O)C[NH2+]Cc3cccc(C(F)(F)F)c3)c2)-c2ccccc21,1,S(=O)(=O)(N(c1ccccc1)c1cc(cnc1)C(=O)NC(Cc1ccccc1)C(O)C[NH2+]Cc1cc(ccc1)C(F)(F)F)C,1,1,0,Exmol_based,Generated using exmol-based algorithm
CS(=O)(=O)N(c1ccccc1)c1cncc(C(=O)NC(Cc2ccccc2)C(O)C[NH2+]Cc2cccc(C(F)(F)F)c2)c1O,1,S(=O)(=O)(N(c1ccccc1)c1cc(cnc1)C(=O)NC(Cc1ccccc1)C(O)C[NH2+]Cc1cc(ccc1)C(F)(F)F)C,1,1,0,Exmol_based,Generated using exmol-based algorithm
CC(C)C1CCN(C(CCc2ccccc2)C(N)=O)C1=O.CCCOC1C[NH2+]C(C(O)CCc2cc(F)cc(F)c2)C1,1,Fc1cc(cc(F)c1)CC(NC(=O)C(N1CCC(C(C)C)C1=O)CCc1ccccc1)C(O)C1[NH2+]CC(OCCC)C1,1,1,0,Exmol_based,Generated using exmol-based algorithm
CCCOC1C[NH2+]C(C(O)C(Cc2cc(F)cc(F)c2)NC(=O)C(CCc2ccccc2)N2CCC(C(C)CF)C2=O)C1,1,Fc1cc(cc(F)c1)CC(NC(=O)C(N1CCC(C(C)C)C1=O)CCc1ccccc1)C(O)C1[NH2+]CC(OCCC)C1,1,1,0,Exmol_based,Generated using exmol-based algorithm
CCCOC1C[NH2+]C(C(O)C(Cc2cc(F)pc(F)c2)NC(=O)C(CCc2ccccc2)N2CCC(C(C)C)C2=O)C1,1,Fc1cc(cc(F)c1)CC(NC(=O)C(N1CCC(C(C)C)C1=O)CCc1ccccc1)C(O)C1[NH2+]CC(OCCC)C1,1,1,0,Exmol_based,Generated using exmol-based algorithm
CC(C)(C)Cn1cc(C[NH2+]C2CS(=O)CC(Cc3cc(F)c(N)c(OC(CON)C(F)(F)F)c3)C2O)cn1,1,S1(=O)CC(Cc2cc(OC(COC)C(F)(F)F)c(N)c(F)c2)C(O)C([NH2+]Cc2cn(nc2)CC(C)(C)C)C1,1,1,0,Exmol_based,Generated using exmol-based algorithm
COCC(Oc1cc(CC(C[SH]=O)C(O)C(C)[NH2+]Cc2cnn(CC(C)(C)C)c2)cc(F)c1N)C(F)(F)F,1,S1(=O)CC(Cc2cc(OC(COC)C(F)(F)F)c(N)c(F)c2)C(O)C([NH2+]Cc2cn(nc2)CC(C)(C)C)C1,1,1,0,Exmol_based,Generated using exmol-based algorithm
COCC(Oc1cc(CC2CS(=O)CC([NH2+]Cc3cnn(CC(C)C)c3)C2O)cc(F)c1N)C(F)(F)F,1,S1(=O)CC(Cc2cc(OC(COC)C(F)(F)F)c(N)c(F)c2)C(O)C([NH2+]Cc2cn(nc2)CC(C)(C)C)C1,1,1,0,Exmol_based,Generated using exmol-based algorithm
CCCN(CCC)C(=O)c1cc(Oc2ccc(F)cc2)cc(C(=O)NC(Cc2cc(F)cc(F)c2)C(O)C[NH2+]Cc2cccc(O)c2)c1,1,Fc1cc(cc(F)c1)CC(NC(=O)c1cc(cc(Oc2ccc(F)cc2)c1)C(=O)N(CCC)CCC)C(O)C[NH2+]Cc1cc(OC)ccc1,1,1,0,Exmol_based,Generated using exmol-based algorithm
CCCN(CCC)C(=O)c1cc(Oc2ccc(F)cc2)cc(C(=O)NC(Cc2cc(F)cc(F)c2)C(O)C[NH2+]Cc2ccccc2)c1.CO,1,Fc1cc(cc(F)c1)CC(NC(=O)c1cc(cc(Oc2ccc(F)cc2)c1)C(=O)N(CCC)CCC)C(O)C[NH2+]Cc1cc(OC)ccc1,1,1,0,Exmol_based,Generated using exmol-based algorithm
CCCN(CCC)C(=O)c1cc(Oc2ccc(F)cc2)cc(C(=O)NC(CC[NH2+]Cc2cccc(OC)c2)Cc2cc(F)cc(F)c2)c1,1,Fc1cc(cc(F)c1)CC(NC(=O)c1cc(cc(Oc2ccc(F)cc2)c1)C(=O)N(CCC)CCC)C(O)C[NH2+]Cc1cc(OC)ccc1,1,1,0,Exmol_based,Generated using exmol-based algorithm
CCc1cn2c3c(cc(CN[C@@H](Cc4ccccc4)[C@H](O)C[NH2+]C(C)CC)cc13)N(C)S(=O)(=O)CC2,1,S1(=O)(=O)N(c2cc(cc3c2n(cc3CC)CC1)C(=O)N[C@H]([C@H](O)C[NH2+]C(CC)C)Cc1ccccc1)C,1,1,0,Exmol_based,Generated using exmol-based algorithm
CCc1cn2c3c(cc(C(=O)N[C@@H](Cc4ccccc4)[C@H](O)C(O)[NH2+]C(C)CC)cc13)N(C)S(=O)(=O)CC2,1,S1(=O)(=O)N(c2cc(cc3c2n(cc3CC)CC1)C(=O)N[C@H]([C@H](O)C[NH2+]C(CC)C)Cc1ccccc1)C,1,1,0,Exmol_based,Generated using exmol-based algorithm
CCc1cn2c3c(cc(C(=O)N[C@@H](Cc4ccccc4)[C@H](O)C[NH2+]C(C)CC)cc13)N(C)S(=O)(=O)CS2,1,S1(=O)(=O)N(c2cc(cc3c2n(cc3CC)CC1)C(=O)N[C@H]([C@H](O)C[NH2+]C(CC)C)Cc1ccccc1)C,1,1,0,Exmol_based,Generated using exmol-based algorithm
C#Cc1cccc([C@@]2(c3ccc(OC(F)F)c(C)c3)N=C(N)N(C)C2=O)c1.CC,1,FC(F)Oc1ccc(cc1C)[C@@]1(N=C(N)N(C)C1=O)c1cc(ccc1)C#CC1CC1,1,1,0,Exmol_based,Generated using exmol-based algorithm
Cc1cc([C@]2(c3cccc(C#CC4CC4)c3)N=CN(C)C2=O)ccc1OC(F)F,1,FC(F)Oc1ccc(cc1C)[C@@]1(N=C(N)N(C)C1=O)c1cc(ccc1)C#CC1CC1,1,1,0,Exmol_based,Generated using exmol-based algorithm
Cc1cc([C@@]2(c3cccc(C#CC4CC4)c3)CN(C)C(N)=N2)ccc1OC(F)F,1,FC(F)Oc1ccc(cc1C)[C@@]1(N=C(N)N(C)C1=O)c1cc(ccc1)C#CC1CC1,1,1,0,Exmol_based,Generated using exmol-based algorithm
CN1C(=O)C2(C=CC(c3cncc(Cl)c3)=CC=CSC(C)(C)C2)N=C1N,1,Clc1cc(cnc1)-c1cc2c(SC(CC23N=C(N)N(C)C3=O)(C)C)cc1,1,1,0,Exmol_based,Generated using exmol-based algorithm
CN1C(=O)C2(CC(C)(C)Sc3ccc(-c4cncc(Cl)c4)cc32)N=C1N,1,Clc1cc(cnc1)-c1cc2c(SC(CC23N=C(N)N(C)C3=O)(C)C)cc1,1,1,0,Exmol_based,Generated using exmol-based algorithm
C.CC1CC2(N=C(N)N(C)C2=O)c2cc(-c3cncc(Cl)c3)ccc2S1,1,Clc1cc(cnc1)-c1cc2c(SC(CC23N=C(N)N(C)C3=O)(C)C)cc1,1,1,0,Exmol_based,Generated using exmol-based algorithm
COc1ccc(C2(c3cccc(-c4cc(Cl)cc(Cl)c4)c3)N=C(N)N3CCCN=C32)cc1,1,Clc1cc(cc(Cl)c1)-c1cc(ccc1)C1(N=C(N2C1=NCCC2)N)c1ccc(OC)cc1,1,1,0,Exmol_based,Generated using exmol-based algorithm
COc1ccc(C2(c3cccc(-c4cc(N)cc(Cl)c4)c3)N=C(N)N3CCCN=C32)cc1,1,Clc1cc(cc(Cl)c1)-c1cc(ccc1)C1(N=C(N2C1=NCCC2)N)c1ccc(OC)cc1,1,1,0,Exmol_based,Generated using exmol-based algorithm
COc1ccc(C2(c3cccc(-c4cc(Cl)cc(Cl)c4)c3)P=C(N)N3CCCN=C32)cc1,1,Clc1cc(cc(Cl)c1)-c1cc(ccc1)C1(N=C(N2C1=NCCC2)N)c1ccc(OC)cc1,1,1,0,Exmol_based,Generated using exmol-based algorithm
CC(=O)NC(Cc1ccc2c(c1)OCCO2)C(C)O.CC(C)(C)Cc1cnc2c(c1)CCC1(CCC1)O2,1,O1c2ncc(cc2C([NH2+]CC(O)C(NC(=O)C)Cc2cc3OCCOc3cc2)CC12CCC2)CC(C)(C)C,1,1,0,Exmol_based,Generated using exmol-based algorithm
CC(=O)NC(Cc1ccc2c(c1)OCCO2)C(O)C[NH2+]C(C)c1cc(CC(C)(C)C)cnc1O.CCC,1,O1c2ncc(cc2C([NH2+]CC(O)C(NC(=O)C)Cc2cc3OCCOc3cc2)CC12CCC2)CC(C)(C)C,1,1,0,Exmol_based,Generated using exmol-based algorithm
CCC1CC([NH2+]CC(O)C(Cc2ccc3c(c2)OCCO3)NC(C)=O)c2cc(CC(C)(C)C)cnc2O1,1,O1c2ncc(cc2C([NH2+]CC(O)C(NC(=O)C)Cc2cc3OCCOc3cc2)CC12CCC2)CC(C)(C)C,1,1,0,Exmol_based,Generated using exmol-based algorithm
CC[NH2+]C[C@H]1OC(C)n2cc3c4c(cc(cc42)C(=O)N[C@H]1Cc1ccccc1)N(C)S(=O)(=O)CC3,1,S1(=O)(=O)N(c2cc(cc3n(cc(CC1)c23)CC)C(=O)N[C@H]([C@H](O)C[NH2+]CC)Cc1ccccc1)C,1,1,0,Exmol_based,Generated using exmol-based algorithm
CC[NH2+]C[C@@H](O)[C@H](Cc1ccccc1)NC(=O)c1cc2c3c(cn(CC)c3c1)CCS(=O)(=O)N2C#P,1,S1(=O)(=O)N(c2cc(cc3n(cc(CC1)c23)CC)C(=O)N[C@H]([C@H](O)C[NH2+]CC)Cc1ccccc1)C,1,1,0,Exmol_based,Generated using exmol-based algorithm
CC[NH2+]C[C@@H](P)[C@H](Cc1ccccc1)NC(=O)c1cc2c3c(cn(CC)c3c1)CCS(=O)(=O)N2C,1,S1(=O)(=O)N(c2cc(cc3n(cc(CC1)c23)CC)C(=O)N[C@H]([C@H](O)C[NH2+]CC)Cc1ccccc1)C,1,1,0,Exmol_based,Generated using exmol-based algorithm
Cc1c2cc(cc1N1CCCCS1(=O)=O)C(=O)NC(Cc1ccccc1)C(O)C[NH2+]Cc1cccc(C(F)(F)F)c1C(C)N2,1,S1(=O)(=O)N(CCCC1)c1cc(cc(NCC)c1C)C(=O)NC(Cc1ccccc1)C(O)C[NH2+]Cc1cc(ccc1)C(F)(F)F,1,1,0,Exmol_based,Generated using exmol-based algorithm
CCNc1cc(C(=O)NC(Cc2ccccc2)C(O)C[NH2+]Cc2ccccc2)cc(N2CCCCS2(=O)=O)c1C.FC(F)F,1,S1(=O)(=O)N(CCCC1)c1cc(cc(NCC)c1C)C(=O)NC(Cc1ccccc1)C(O)C[NH2+]Cc1cc(ccc1)C(F)(F)F,1,1,0,Exmol_based,Generated using exmol-based algorithm
CCNc1cc(C(=O)NC(F)(Cc2ccccc2)C(O)C[NH2+]Cc2cccc(C(F)(F)F)c2)cc(N2CCCCS2(=O)=O)c1C,1,S1(=O)(=O)N(CCCC1)c1cc(cc(NCC)c1C)C(=O)NC(Cc1ccccc1)C(O)C[NH2+]Cc1cc(ccc1)C(F)(F)F,1,1,0,Exmol_based,Generated using exmol-based algorithm
CCn1ccc2c(N3CCCC3=O)c(N)c(C(=O)NC(Cc3ccccc3)C(O)C[NH2+]Cc3cccc(C(F)(F)F)c3)cc21,1,FC(F)(F)c1cc(ccc1)C[NH2+]CC(O)C(NC(=O)c1cc(N2CCCC2=O)c2c(n(cc2)CC)c1)Cc1ccccc1,1,1,0,Exmol_based,Generated using exmol-based algorithm
CCn1ccc2c(N3CCCC3=O)cc(C(=O)NC(Cc3ccccc3)C(O)C[NH2+]Cc3cccc(C(F)F)c3)cc21.F,1,FC(F)(F)c1cc(ccc1)C[NH2+]CC(O)C(NC(=O)c1cc(N2CCCC2=O)c2c(n(cc2)CC)c1)Cc1ccccc1,1,1,0,Exmol_based,Generated using exmol-based algorithm
CCn1ccc2c(N3CCCC3=O)cc(C(=O)NC(C)C(O)C[NH2+]Cc3cccc(C(F)(F)F)c3)cc21.c1ccccc1,1,FC(F)(F)c1cc(ccc1)C[NH2+]CC(O)C(NC(=O)c1cc(N2CCCC2=O)c2c(n(cc2)CC)c1)Cc1ccccc1,1,1,0,Exmol_based,Generated using exmol-based algorithm
CCCCCC(C)(C)[NH2+]CC(O)C(Cc1ccccc1)NC(=O)c1cc2c3c(c1)c(CC)cn3CS(=O)(=O)N2C,1,S1(=O)(=O)N(c2cc(cc3c2n(cc3CC)C1)C(=O)NC(Cc1ccccc1)C(O)C[NH2+]C(CCCC(C)C)(C)C)C,1,1,0,Exmol_based,Generated using exmol-based algorithm
CCc1cn2c3c(cc(C(=O)NC(Cc4ccccc4)C(O)C[NH2+]C4(C)C=C4CCC(C)C)cc13)N(C)S(=O)(=O)C2,1,S1(=O)(=O)N(c2cc(cc3c2n(cc3CC)C1)C(=O)NC(Cc1ccccc1)C(O)C[NH2+]C(CCCC(C)C)(C)C)C,1,1,0,Exmol_based,Generated using exmol-based algorithm
CCc1cn2c3c(cc(C(=O)NC(Cc4ccccc4)C(O)C[NH2+]C(C)(C)CCCC(C)N)cc13)N(C)S(=O)(=O)C2,1,S1(=O)(=O)N(c2cc(cc3c2n(cc3CC)C1)C(=O)NC(Cc1ccccc1)C(O)C[NH2+]C(CCCC(C)C)(C)C)C,1,1,0,Exmol_based,Generated using exmol-based algorithm
CCc1cn2c3c(cc(C(=O)NCC(O)C[NH2+]C4CCOCC4)cc13)N(C(C)C)S(=O)(=O)CC2.Cc1ccccc1,1,S1(=O)(=O)N(c2cc(cc3c2n(cc3CC)CC1)C(=O)NC(Cc1ccccc1)C(O)C[NH2+]C1CCOCC1)C(C)C,1,1,0,Exmol_based,Generated using exmol-based algorithm
CCc1cn2c3c(cc(C(=O)NC(Cc4ccccc4)C(O)C[NH2+]C4CCOCC4)cc13)N(CC)S(=O)(=O)CC2,1,S1(=O)(=O)N(c2cc(cc3c2n(cc3CC)CC1)C(=O)NC(Cc1ccccc1)C(O)C[NH2+]C1CCOCC1)C(C)C,1,1,0,Exmol_based,Generated using exmol-based algorithm
CCc1c(C)n2c3c(cc(C(=O)NC(Cc4ccccc4)C(O)C[NH2+]C4CCOCC4)cc13)N(C(C)C)S(=O)(=O)CC2,1,S1(=O)(=O)N(c2cc(cc3c2n(cc3CC)CC1)C(=O)NC(Cc1ccccc1)C(O)C[NH2+]C1CCOCC1)C(C)C,1,1,0,Exmol_based,Generated using exmol-based algorithm
CS(=O)(=O)N(c1ccccc1)c1cccc(C(=O)NC(Cc2ccccc2)C(O)C[NH2+]Cc2cccc(C(F)F)c2)c1.F,1,S(=O)(=O)(N(c1cc(ccc1)C(=O)NC(Cc1ccccc1)C(O)C[NH2+]Cc1cc(ccc1)C(F)(F)F)c1ccccc1)C,1,1,0,Exmol_based,Generated using exmol-based algorithm
CS(=O)(=O)N(c1ccccc1)c1cccc(C(=O)NC(Cc2ccccc2)C(O)C[NH2+]Cc2cccc(C(F)(F)F)c2)c1,1,S(=O)(=O)(N(c1cc(ccc1)C(=O)NC(Cc1ccccc1)C(O)C[NH2+]Cc1cc(ccc1)C(F)(F)F)c1ccccc1)C,1,1,0,Exmol_based,Generated using exmol-based algorithm
CS(=O)(=O)N(c1ccccc1)c1cccc(C(=O)SC(Cc2ccccc2)C(O)C[NH2+]Cc2cccc(C(F)(F)F)c2)c1,1,S(=O)(=O)(N(c1cc(ccc1)C(=O)NC(Cc1ccccc1)C(O)C[NH2+]Cc1cc(ccc1)C(F)(F)F)c1ccccc1)C,1,1,0,Exmol_based,Generated using exmol-based algorithm
CCCCN(C)C(=O)n1cc(C(=O)NC(Cc2ccccc2)C(O)C[NH2+]Cc2cccc(Br)p2)c2cccnc21,1,Brc1cc(ccc1)C[NH2+]CC(O)C(NC(=O)c1c2cccnc2n(c1)C(=O)N(CCCC)C)Cc1ccccc1,1,1,0,Exmol_based,Generated using exmol-based algorithm
C.CCCN(C)C(=O)n1cc(C(=O)NC(Cc2ccccc2)C(O)C[NH2+]Cc2cccc(Br)c2)c2cccnc21,1,Brc1cc(ccc1)C[NH2+]CC(O)C(NC(=O)c1c2cccnc2n(c1)C(=O)N(CCCC)C)Cc1ccccc1,1,1,0,Exmol_based,Generated using exmol-based algorithm
CCCCN(C)C(=O)n1cc(C(=O)NC(Cc2ccccc2)C(O)C[NH2+]Cc2cc(Br)ccc2P)c2cccnc21,1,Brc1cc(ccc1)C[NH2+]CC(O)C(NC(=O)c1c2cccnc2n(c1)C(=O)N(CCCC)C)Cc1ccccc1,1,1,0,Exmol_based,Generated using exmol-based algorithm
CCCOC1C[NH2+]C(C(O)C(Cc2cc(F)cc(F)c2)NC(=O)C(CCc2ccccc2)N2CCCC2=O)C1.COC,1,Fc1cc(cc(F)c1)CC(NC(=O)C(N1CCC(COC)C1=O)CCc1ccccc1)C(O)C1[NH2+]CC(OCCC)C1,1,1,0,Exmol_based,Generated using exmol-based algorithm
CCCOCC[NH2+]C(C)C(O)C(Cc1cc(F)cc(F)c1)NC(=O)C(CCc1ccccc1)N1CCC(COC)C1=O,1,Fc1cc(cc(F)c1)CC(NC(=O)C(N1CCC(COC)C1=O)CCc1ccccc1)C(O)C1[NH2+]CC(OCCC)C1,1,1,0,Exmol_based,Generated using exmol-based algorithm
CCCOC1C[NH2+]C2C(O)C(Cc3cc(F)cc(F)c3)NC(=O)C(N3CCC(COC)C3=O)CC(c3ccccc3)C12,1,Fc1cc(cc(F)c1)CC(NC(=O)C(N1CCC(COC)C1=O)CCc1ccccc1)C(O)C1[NH2+]CC(OCCC)C1,1,1,0,Exmol_based,Generated using exmol-based algorithm
C.C.CN1C(=O)C(C)(c2cc(-c3cc(F)cc(Cl)c3)ccc2S)N=C1N,1,Clc1cc(cc(F)c1)-c1cc2c(SC(CC23N=C(N)N(C)C3=O)(C)C)cc1,1,1,0,Exmol_based,Generated using exmol-based algorithm
CN1C(=O)C2(CC(C)(C)Sc3ccc(-c4cccc(F)c4)cc32)N=C1N.Cl,1,Clc1cc(cc(F)c1)-c1cc2c(SC(CC23N=C(N)N(C)C3=O)(C)C)cc1,1,1,0,Exmol_based,Generated using exmol-based algorithm
CC(C)Sc1ccc(-c2cc(F)cc(Cl)c2)cc1C1(C)N=C(N)N(C)C1=O,1,Clc1cc(cc(F)c1)-c1cc2c(SC(CC23N=C(N)N(C)C3=O)(C)C)cc1,1,1,0,Exmol_based,Generated using exmol-based algorithm
CC1(c2cc(N)ccc2F)CCOCC(N)=N1.Clc1cccnc1.O,1,Clc1ccc(nc1)C(=O)Nc1cc(C2(N=C(N)COCC2)C)c(F)cc1,1,1,0,Exmol_based,Generated using exmol-based algorithm
CC1(c2ccccc2F)CCOCC(N)=N1.O=Cc1ccc(Cl)cn1,1,Clc1ccc(nc1)C(=O)Nc1cc(C2(N=C(N)COCC2)C)c(F)cc1,1,1,0,Exmol_based,Generated using exmol-based algorithm
CC1(c2cc(NC(=O)c3ccc(S)cn3)ccc2F)CCOCC(N)=N1,1,Clc1ccc(nc1)C(=O)Nc1cc(C2(N=C(N)COCC2)C)c(F)cc1,1,1,0,Exmol_based,Generated using exmol-based algorithm
NC1=NC(c2ccc(OC(F)F)cc2)(c2cccc(-c3cncnc3Cl)c2)C2=NCC(F)(F)CN12,1,FC1(F)CN2C(=NC1)C(N=C2N)(c1cc(ccc1)-c1cncnc1)c1ccc(OC(F)F)cc1,1,1,0,Exmol_based,Generated using exmol-based algorithm
NC1=NC(c2ccccc2)(c2ccc(OC(F)F)cc2)C2=NCC(F)(F)CN12.c1cncnc1,1,FC1(F)CN2C(=NC1)C(N=C2N)(c1cc(ccc1)-c1cncnc1)c1ccc(OC(F)F)cc1,1,1,0,Exmol_based,Generated using exmol-based algorithm
CN=C1N(C)C(N)=NC1(c1ccc(OC(F)F)cc1)c1cccc(-c2cncnc2)c1.F.F,1,FC1(F)CN2C(=NC1)C(N=C2N)(c1cc(ccc1)-c1cncnc1)c1ccc(OC(F)F)cc1,1,1,0,Exmol_based,Generated using exmol-based algorithm
CC(=O)NC(Cc1cc(F)cc(F)c1)C(O)C[NH2+]C1(c2cccc(C(C)(C)C)c2)CCCCC1,1,Fc1cc(cc(F)c1)CC(NC(=O)C)C(O)C[NH2+]C1(CCC(O)CC1)c1cc(ccc1)C(C)(C)C,1,1,0,Exmol_based,Generated using exmol-based algorithm
CC(=O)NC(Cc1cc(F)cc(F)c1)C(O)C[NH2+]C1(c2cccc(C(C)(C)P)c2)CCC(O)CC1,1,Fc1cc(cc(F)c1)CC(NC(=O)C)C(O)C[NH2+]C1(CCC(O)CC1)c1cc(ccc1)C(C)(C)C,1,1,0,Exmol_based,Generated using exmol-based algorithm
CC(=O)NC(Cc1cc(F)cc(F)c1)C(O)C[NH2+]C1(c2cccc(C(C)(C)C)c2)CCC(O)C(=P)C1,1,Fc1cc(cc(F)c1)CC(NC(=O)C)C(O)C[NH2+]C1(CCC(O)CC1)c1cc(ccc1)C(C)(C)C,1,1,0,Exmol_based,Generated using exmol-based algorithm
CC(=O)NC(Cc1cc(F)cc(F)c1)C(O)C[NH2+]C1(c2cccc(C(C)(C)C)c2)CCCCC1.CS,1,S(C)C1CCC([NH2+]CC(O)C(NC(=O)C)Cc2cc(F)cc(F)c2)(CC1)c1cc(ccc1)C(C)(C)C,1,1,0,Exmol_based,Generated using exmol-based algorithm
CSC1CCC2(CC1)[NH2+]CC(O)C(NC(C)=O)C(c1cc(F)cc(F)c1)=CC(C)(C)c1cccc2c1,1,S(C)C1CCC([NH2+]CC(O)C(NC(=O)C)Cc2cc(F)cc(F)c2)(CC1)c1cc(ccc1)C(C)(C)C,1,1,0,Exmol_based,Generated using exmol-based algorithm
CC(=O)NCCc1cc(F)cc(F)c1.C[NH2+]C1(c2cccc(C(C)(C)C)c2)CCC(SC)CC1.O,1,S(C)C1CCC([NH2+]CC(O)C(NC(=O)C)Cc2cc(F)cc(F)c2)(CC1)c1cc(ccc1)C(C)(C)C,1,1,0,Exmol_based,Generated using exmol-based algorithm
CN(C(=O)C1C[NH2+]CC12CCCc1cc(Br)ccc12)C(CCc1ccccc1)C1CCCCC1,1,Brc1cc2c(cc1)C1(CCC2)C[NH2+]CC1C(=O)N1CCC(CC1C1CCCCC1)c1ccccc1,1,1,0,Exmol_based,Generated using exmol-based algorithm
O=C(C1C[NH2+]CC12CCCc1cc(Br)ccc12)N1CCCCC1C1CCCCC1.c1ccccc1,1,Brc1cc2c(cc1)C1(CCC2)C[NH2+]CC1C(=O)N1CCC(CC1C1CCCCC1)c1ccccc1,1,1,0,Exmol_based,Generated using exmol-based algorithm
O=C(C1C[NH2+]CC12CCCc1cc(Br)ccc12)N1CCC(c2ccccc2)CC1C1CCCCC1,1,Brc1cc2c(cc1)C1(CCC2)C[NH2+]CC1C(=O)N1CCC(CC1C1CCCCC1)c1ccccc1,1,1,0,Exmol_based,Generated using exmol-based algorithm
CCOc1cc(CC2CS(=O)(=O)CC([NH2+]Cc3cccc(C(C)(C)C)c3)C2F)cc(F)c1N,1,S1(=O)(=O)CC(Cc2cc(OCC)c(N)c(F)c2)C(O)C([NH2+]Cc2cc(ccc2)C(C)(C)C)C1,1,1,0,Exmol_based,Generated using exmol-based algorithm
CC1CS(=O)(=O)CC([NH2+]Cc2cccc(C(C)(C)C)c2)C1O.CCOc1cccc(F)c1N,1,S1(=O)(=O)CC(Cc2cc(OCC)c(N)c(F)c2)C(O)C([NH2+]Cc2cc(ccc2)C(C)(C)C)C1,1,1,0,Exmol_based,Generated using exmol-based algorithm
CCOc1cc(CC(C[SH](=O)=O)C(O)C[NH2+]Cc2cccc(C(C)(C)C)c2)cc(F)c1N,1,S1(=O)(=O)CC(Cc2cc(OCC)c(N)c(F)c2)C(O)C([NH2+]Cc2cc(ccc2)C(C)(C)C)C1,1,1,0,Exmol_based,Generated using exmol-based algorithm
CC1Cc2ccc(-c3cc(F)cc(Cl)c3)cc2C2(C1)N=C(N)N(C)C2=O,1,Clc1cc(cc(F)c1)-c1cc2c(CC(CC23N=C(N)N(C)C3=O)(C)C)cc1,1,1,0,Exmol_based,Generated using exmol-based algorithm
CN1C(=O)C2(CC(C)(C)Cc3ccc(-c4cc(F)cc(Cl)c4)cc32)N=C1N,1,Clc1cc(cc(F)c1)-c1cc2c(CC(CC23N=C(N)N(C)C3=O)(C)C)cc1,1,1,0,Exmol_based,Generated using exmol-based algorithm
CN1C=NC2(CC(C)(C)Cc3ccc(-c4cc(F)cc(Cl)c4)cc32)C1=O.N,1,Clc1cc(cc(F)c1)-c1cc2c(CC(CC23N=C(N)N(C)C3=O)(C)C)cc1,1,1,0,Exmol_based,Generated using exmol-based algorithm
CCCO/N=C(/C)c1cc(C(=O)NC2Cc3cc(F)cc(F)c3-c3ccc(OC)cc3C[NH2+]C[C@@H]2O)cc(N2CCCCS2(=O)=O)c1,1,S1(=O)(=O)N(CCCC1)c1cc(cc(c1)/C(=N\OCCC)/C)C(=O)NC([C@@H](O)C[NH2+]Cc1cc(OC)ccc1)Cc1cc(F)cc(F)c1,1,1,0,Exmol_based,Generated using exmol-based algorithm
CCCO/N=C(/C)c1cc(C(=O)NC(Cc2cc(F)cc(F)c2)[C@@H](O)C[NH2+]Cc2cccc(OC)c2)cc(N2C(=P)CCCS2(=O)=O)c1,1,S1(=O)(=O)N(CCCC1)c1cc(cc(c1)/C(=N\OCCC)/C)C(=O)NC([C@@H](O)C[NH2+]Cc1cc(OC)ccc1)Cc1cc(F)cc(F)c1,1,1,0,Exmol_based,Generated using exmol-based algorithm
CCCO/N=C(/C)c1cc2cc(c1)N1C(=C(c3cc(F)cc(F)c3)C([C@@H](O)C[NH2+]Cc3cccc(OC)c3)NC2=O)CCCS1(=O)=O,1,S1(=O)(=O)N(CCCC1)c1cc(cc(c1)/C(=N\OCCC)/C)C(=O)NC([C@@H](O)C[NH2+]Cc1cc(OC)ccc1)Cc1cc(F)cc(F)c1,1,1,0,Exmol_based,Generated using exmol-based algorithm
CC(C)c1cccc(C[NH2+]CC(O)C(Cc2ccccp2)NC(=O)C2CCCC(C(C)(C)N3CCCC3=O)C2)c1,1,O=C1N(CCC1)C(C)(C)C1CC(CCC1)C(=O)NC(Cc1ccccc1)C(O)C[NH2+]Cc1cc(ccc1)C(C)C,1,1,0,Exmol_based,Generated using exmol-based algorithm
CC(C)(C1CCCC(C=O)C1)N1CCCC1=O.CC(C)c1cccc(C[NH2+]CC(O)C(N)Cc2ccccc2)c1,1,O=C1N(CCC1)C(C)(C)C1CC(CCC1)C(=O)NC(Cc1ccccc1)C(O)C[NH2+]Cc1cc(ccc1)C(C)C,1,1,0,Exmol_based,Generated using exmol-based algorithm
CC(C)c1cccc(C[NH2+]CP(O)C(Cc2ccccc2)NC(=O)C2CCCC(C(C)(C)N3CCCC3=O)C2)c1,1,O=C1N(CCC1)C(C)(C)C1CC(CCC1)C(=O)NC(Cc1ccccc1)C(O)C[NH2+]Cc1cc(ccc1)C(C)C,1,1,0,Exmol_based,Generated using exmol-based algorithm
CS(=O)(=O)N(c1cccnc1)c1cccc(C(=O)NC(Cc2ccccc2)C(O)C[NH2+]Cc2cccc(C(F)(F)F)c2)c1,1,S(=O)(=O)(N(c1cc(ccc1)C(=O)NC(Cc1ccccc1)C(O)C[NH2+]Cc1cc(ccc1)C(F)(F)F)c1cccnc1)C,1,1,0,Exmol_based,Generated using exmol-based algorithm
CS(=O)(=O)N(c1cccnc1)c1cccc(C(=O)NC(Cc2ccccc2)C(O)C[NH2+]Cc2cccc(C(F)(F)F)c2)c1,1,S(=O)(=O)(N(c1cc(ccc1)C(=O)NC(Cc1ccccc1)C(O)C[NH2+]Cc1cc(ccc1)C(F)(F)F)c1cccnc1)C,1,1,0,Exmol_based,Generated using exmol-based algorithm
O=CS(=O)(=O)N(c1cccnc1)c1cccc(C(=O)NC(Cc2ccccc2)C(O)C[NH2+]Cc2cccc(C(F)(F)F)c2)c1,1,S(=O)(=O)(N(c1cc(ccc1)C(=O)NC(Cc1ccccc1)C(O)C[NH2+]Cc1cc(ccc1)C(F)(F)F)c1cccnc1)C,1,1,0,Exmol_based,Generated using exmol-based algorithm
CCCCC1CCN(C(CCc2ccccc2)C(=O)NC(CO)Cc2cc(F)cc(F)c2)C1=O.OC1CC[NH2+]C1,1,Fc1cc(cc(F)c1)CC(NC(=O)C(N1CCC(CCCC)C1=O)CCc1ccccc1)C(O)C1[NH2+]CC(O)C1,1,1,0,Exmol_based,Generated using exmol-based algorithm
CCCCC12CCN(C1=O)C(C(=O)NC(Cc1cc(F)cc(F)c1)C(O)C1CC(O)C[NH2+]1)CCc1cccc2c1,1,Fc1cc(cc(F)c1)CC(NC(=O)C(N1CCC(CCCC)C1=O)CCc1ccccc1)C(O)C1[NH2+]CC(O)C1,1,1,0,Exmol_based,Generated using exmol-based algorithm
CCCNC1CCN(C(CCc2ccccc2)C(=O)NC(Cc2cc(F)cc(F)c2)C(O)C2CC(O)C[NH2+]2)C1=O,1,Fc1cc(cc(F)c1)CC(NC(=O)C(N1CCC(CCCC)C1=O)CCc1ccccc1)C(O)C1[NH2+]CC(O)C1,1,1,0,Exmol_based,Generated using exmol-based algorithm
CC(C)(C)c1cccc(C[NH2+]C2CS(=O)(=O)CC(Cc3cc(F)c(N)c(OC4COO4)c3)C2O)c1,1,S1(=O)(=O)CC(Cc2cc(OC3COC3)c(N)c(F)c2)C(O)C([NH2+]Cc2cc(ccc2)C(C)(C)C)C1,1,1,0,Exmol_based,Generated using exmol-based algorithm
CC(C)(C)c1cccc(C[NH2+]C2CS(=O)(=O)CC(Cc3cc(OC4COC4)c(N)c(F)n3)C2O)c1,1,S1(=O)(=O)CC(Cc2cc(OC3COC3)c(N)c(F)c2)C(O)C([NH2+]Cc2cc(ccc2)C(C)(C)C)C1,1,1,0,Exmol_based,Generated using exmol-based algorithm
CC(C)(C)c1cccc(C[NH2+]C2CS(=O)(=O)CCC2O)c1.Nc1c(F)cccc1OC1COC1,1,S1(=O)(=O)CC(Cc2cc(OC3COC3)c(N)c(F)c2)C(O)C([NH2+]Cc2cc(ccc2)C(C)(C)C)C1,1,1,0,Exmol_based,Generated using exmol-based algorithm
CC1(c2cc(NC(=O)c3ncc(OCC(F)(F)F)np3)ccc2F)N=C(N)OCC1(F)F,1,FC1(F)COC(=NC1(C)c1cc(NC(=O)c2ncc(OCC(F)(F)F)nc2)ccc1F)N,1,1,0,Exmol_based,Generated using exmol-based algorithm
CC(c1cc(NC(=O)c2cnc(OCC(F)(F)F)cn2)ccc1F)C(F)(F)COCN,1,FC1(F)COC(=NC1(C)c1cc(NC(=O)c2ncc(OCC(F)(F)F)nc2)ccc1F)N,1,1,0,Exmol_based,Generated using exmol-based algorithm
CC1(c2cc(NC(=O)c3cnc(OCC(F)F)cn3)ccc2F)N=C(N)OCC1(F)F.F,1,FC1(F)COC(=NC1(C)c1cc(NC(=O)c2ncc(OCC(F)(F)F)nc2)ccc1F)N,1,1,0,Exmol_based,Generated using exmol-based algorithm
CCc1c[nH]c2c(N3CCCC3=O)cc(C(=O)NC(C(O)C[NH2+]Cc3cccc(C(F)(F)F)c3)C(C)c3ccccc3)cc12,1,FC(F)(F)c1cc(ccc1)C[NH2+]CC(O)C(NC(=O)c1cc(N2CCCC2=O)c2[nH]cc(c2c1)CC)Cc1ccccc1,1,1,0,Exmol_based,Generated using exmol-based algorithm
CCC1=CNC2=C(N3CCCC3=O)C=C(C(=O)NC(Cc3ccccc3)C(O)C[NH2+]Cc3cccc(C(F)(F)F)c3)C=S12,1,FC(F)(F)c1cc(ccc1)C[NH2+]CC(O)C(NC(=O)c1cc(N2CCCC2=O)c2[nH]cc(c2c1)CC)Cc1ccccc1,1,1,0,Exmol_based,Generated using exmol-based algorithm
CCc1c[nH]c2c(N3CCCC3=O)cc(C=O)cc12.NC(Cc1ccccc1)C(O)C[NH2+]Cc1cccc(C(F)(F)F)c1,1,FC(F)(F)c1cc(ccc1)C[NH2+]CC(O)C(NC(=O)c1cc(N2CCCC2=O)c2[nH]cc(c2c1)CC)Cc1ccccc1,1,1,0,Exmol_based,Generated using exmol-based algorithm
CCN1CC[NH+]2CCS(=O)(=O)N(C)C3C=C(C(=O)NC(CO)Cc4ccccc4)C=C1C32.C[NH2+]Cc1cccc(C(F)(F)F)c1,1,S1(=O)(=O)N(C2C=C(C=C3N(CC[NH+](C23)CC1)CC)C(=O)NC(Cc1ccccc1)C(O)C[NH2+]Cc1cc(ccc1)C(F)(F)F)C,1,1,0,Exmol_based,Generated using exmol-based algorithm
CCN1CC[NH+]2CCS(=O)(=O)N(C)C3C=C(C(=P)NC(Cc4ccccc4)C(O)C[NH2+]Cc4cccc(C(F)(F)F)c4)C=C1C32,1,S1(=O)(=O)N(C2C=C(C=C3N(CC[NH+](C23)CC1)CC)C(=O)NC(Cc1ccccc1)C(O)C[NH2+]Cc1cc(ccc1)C(F)(F)F)C,1,1,0,Exmol_based,Generated using exmol-based algorithm
CCN1CC[NH+]2CCS(=O)N(C)C3C=C(C(=O)NC(Cc4ccccc4)C(O)C[NH2+]Cc4cccc(C(F)(F)F)c4)C=C1C32,1,S1(=O)(=O)N(C2C=C(C=C3N(CC[NH+](C23)CC1)CC)C(=O)NC(Cc1ccccc1)C(O)C[NH2+]Cc1cc(ccc1)C(F)(F)F)C,1,1,0,Exmol_based,Generated using exmol-based algorithm
CC1Nc2cc(C(=O)NC(Cc3ccccc3)C(O)C[NH2+]CCC(F)(F)F)c1c1c2CCCS(=O)(=O)N1C,1,S1(=O)(=O)N(c2c(CCC1)c(NCC)cc(c2)C(=O)NC(Cc1ccccc1)C(O)C[NH2+]CCC(F)(F)F)C,1,1,0,Exmol_based,Generated using exmol-based algorithm
CC1Nc2cc(cc3c2CCCS(=O)(=O)N3C)C(=O)NC(C(O)C[NH2+]CCC(F)(F)F)Cc2ccccc21,1,S1(=O)(=O)N(c2c(CCC1)c(NCC)cc(c2)C(=O)NC(Cc1ccccc1)C(O)C[NH2+]CCC(F)(F)F)C,1,1,0,Exmol_based,Generated using exmol-based algorithm
C.CCNc1cc(C(=O)NC(Cc2ccccc2)C(O)C[NH2+]CCC(F)(F)F)cc2c1CCCS(=O)(=O)N2,1,S1(=O)(=O)N(c2c(CCC1)c(NCC)cc(c2)C(=O)NC(Cc1ccccc1)C(O)C[NH2+]CCC(F)(F)F)C,1,1,0,Exmol_based,Generated using exmol-based algorithm
C[SH](=O)=O.Cc1ccccc1C(=O)NC(Cc1ccccc1)C(O)C[NH2+]Cc1cccc(C(F)(F)F)c1.c1ccccc1,1,S(=O)(=O)(N(c1cccc(C(=O)NC(Cc2ccccc2)C(O)C[NH2+]Cc2cc(ccc2)C(F)(F)F)c1C)c1ccccc1)C,1,1,0,Exmol_based,Generated using exmol-based algorithm
C=S(C)(=O)N(c1ccccc1)c1cccc(C(=O)NC(Cc2ccccc2)C(O)C[NH2+]Cc2cccc(C(F)(F)F)c2)c1C,1,S(=O)(=O)(N(c1cccc(C(=O)NC(Cc2ccccc2)C(O)C[NH2+]Cc2cc(ccc2)C(F)(F)F)c1C)c1ccccc1)C,1,1,0,Exmol_based,Generated using exmol-based algorithm
Cc1c(C(=O)NCCc2ccccc2)cccc1N(c1ccccc1)S(C)(=O)=O.OCC[NH2+]Cc1cccc(C(F)(F)F)c1,1,S(=O)(=O)(N(c1cccc(C(=O)NC(Cc2ccccc2)C(O)C[NH2+]Cc2cc(ccc2)C(F)(F)F)c1C)c1ccccc1)C,1,1,0,Exmol_based,Generated using exmol-based algorithm
CCOC[C@H]1CCCCN1C(=O)n1cc(C(=O)N[C@@H](Cc2cc(F)cc(F)c2)[C@H](O)C(P)[NH2+]Cc2cccc(OC)c2)c2cccnc21,1,Fc1cc(cc(F)c1)C[C@H](NC(=O)c1c2cccnc2n(c1)C(=O)N1CCCC[C@@H]1COCC)[C@H](O)C[NH2+]Cc1cc(OC)ccc1,1,1,0,Exmol_based,Generated using exmol-based algorithm
CCOC[C@H]1CCCCN1C(=O)n1c(F)c(C(=O)N[C@@H](Cc2cc(F)cc(F)c2)[C@H](O)C[NH2+]Cc2cccc(OC)c2)c2cccnc21,1,Fc1cc(cc(F)c1)C[C@H](NC(=O)c1c2cccnc2n(c1)C(=O)N1CCCC[C@@H]1COCC)[C@H](O)C[NH2+]Cc1cc(OC)ccc1,1,1,0,Exmol_based,Generated using exmol-based algorithm
CCOC[C@H]1CCCCN1C(=O)n1cc(C(=O)N[CH][C@H](O)C[NH2+]Cc2cccc(OC)c2)c2cccnc21.Fc1cccc(F)c1,1,Fc1cc(cc(F)c1)C[C@H](NC(=O)c1c2cccnc2n(c1)C(=O)N1CCCC[C@@H]1COCC)[C@H](O)C[NH2+]Cc1cc(OC)ccc1,1,1,0,Exmol_based,Generated using exmol-based algorithm
CC#Cc1cncc(-c2cccc(C(N)(N=C(N)CC)c3cc(C)c(OC)c(C)c3)c2)c1,1,O(C)c1c(cc(cc1C)C1(N=C(C)C(=N1)N)c1cc(ccc1)-c1cc(cnc1)C#CC)C,1,1,0,Exmol_based,Generated using exmol-based algorithm
CC#Cc1cncc(-c2cccc(C3(c4cc(C)c(NC)c(C)c4)N=C(C)C(N)=N3)c2)c1,1,O(C)c1c(cc(cc1C)C1(N=C(C)C(=N1)N)c1cc(ccc1)-c1cc(cnc1)C#CC)C,1,1,0,Exmol_based,Generated using exmol-based algorithm
COc1c(C)cc(C2(c3cccc(-c4cncc(C#CF)c4)c3)N=C(C)C(N)=N2)cc1C,1,O(C)c1c(cc(cc1C)C1(N=C(C)C(=N1)N)c1cc(ccc1)-c1cc(cnc1)C#CC)C,1,1,0,Exmol_based,Generated using exmol-based algorithm
CC1(c2cccc(NC(=O)c3ccc(Cl)cn3)c2)N=C(N)OCC1(F)F,1,Clc1ccc(nc1)C(=O)Nc1cc(C2(N=C(OCC2(F)F)N)C)c(F)cc1,1,1,0,Exmol_based,Generated using exmol-based algorithm
CC1(c2cc(NC(=O)c3ccc(Cl)cn3)ccc2F)N=C(N)OCC1(F)F,1,Clc1ccc(nc1)C(=O)Nc1cc(C2(N=C(OCC2(F)F)N)C)c(F)cc1,1,1,0,Exmol_based,Generated using exmol-based algorithm
CC1(c2cc(NC(=O)C3=CC=S(Cl)C=N3)ccc2F)N=C(N)OCC1(F)F,1,Clc1ccc(nc1)C(=O)Nc1cc(C2(N=C(OCC2(F)F)N)C)c(F)cc1,1,1,0,Exmol_based,Generated using exmol-based algorithm
C.N=C(N)OCC(F)F.O=C(Nc1ccc(F)cc1)c1ncc(Cl)cc1Cl,1,Clc1cc(Cl)cnc1C(=O)Nc1cc(C2(N=C(OCC2(F)F)N)C)c(F)cc1,1,1,0,Exmol_based,Generated using exmol-based algorithm
CC(N)(c1cc(NC(=O)c2ncc(Cl)cc2Cl)ccc1F)C(F)(F)CO.N,1,Clc1cc(Cl)cnc1C(=O)Nc1cc(C2(N=C(OCC2(F)F)N)C)c(F)cc1,1,1,0,Exmol_based,Generated using exmol-based algorithm
NC1=NC(c2cc(NC(=O)c3ncc(Cl)cc3Cl)ccc2F)C(F)(F)CO1,1,Clc1cc(Cl)cnc1C(=O)Nc1cc(C2(N=C(OCC2(F)F)N)C)c(F)cc1,1,1,0,Exmol_based,Generated using exmol-based algorithm
CC(C)(C)Cc1cnc2c(c1)C([NH2+]CC(O)C(Cc1ccc3c(c1)OCO3)NC(=O)c1cccpc1)CC1(CCC1)O2,1,O1c2ncc(cc2C([NH2+]CC(O)C(NC(=O)c2cccnc2)Cc2cc3OCOc3cc2)CC12CCC2)CC(C)(C)C,1,1,0,Exmol_based,Generated using exmol-based algorithm
CC(C)Cc1cnc2c(c1)C([NH2+]CC(O)C(Cc1ccc3c(c1)OCO3)NC(=O)c1cccnc1)CC1(CCC1)O2,1,O1c2ncc(cc2C([NH2+]CC(O)C(NC(=O)c2cccnc2)Cc2cc3OCOc3cc2)CC12CCC2)CC(C)(C)C,1,1,0,Exmol_based,Generated using exmol-based algorithm
CC(C)(C)Cc1cnc2c(c1)C([NH2+]CC(O)C(Cc1ccc3c(c1)OCO3)NC=O)CC1(CCC1)O2.c1ccncc1,1,O1c2ncc(cc2C([NH2+]CC(O)C(NC(=O)c2cccnc2)Cc2cc3OCOc3cc2)CC12CCC2)CC(C)(C)C,1,1,0,Exmol_based,Generated using exmol-based algorithm
C=CCO/N=C(/C)c1cc(C(=O)N[C@H]2Cc3cc(F)c(c(F)c3)-c3cc(cc(OC)c3)C[NH2+]C[C@@H]2O)cc(N(c2ccccc2)S(C)(=O)=O)c1,1,S(=O)(=O)(N(c1cc(cc(c1)/C(=N\OCC=C)/C)C(=O)N[C@H]([C@@H](O)C[NH2+]Cc1cc(OC)ccc1)Cc1cc(F)cc(F)c1)c1ccccc1)C,1,1,0,Exmol_based,Generated using exmol-based algorithm
C=CCO/N=C(/C)c1cc2cc(c1)N(S(C)(=O)=O)c1ccc(cc1)N([C@@H](Cc1cc(F)cc(F)c1)[C@@H](O)C[NH2+]Cc1cccc(OC)c1)C2=O,1,S(=O)(=O)(N(c1cc(cc(c1)/C(=N\OCC=C)/C)C(=O)N[C@H]([C@@H](O)C[NH2+]Cc1cc(OC)ccc1)Cc1cc(F)cc(F)c1)c1ccccc1)C,1,1,0,Exmol_based,Generated using exmol-based algorithm
C=CCO/N=C(/C=O)c1cc(C(=O)N[C@@H](Cc2cc(F)cc(F)c2)[C@@H](O)C[NH2+]Cc2cccc(OC)c2)cc(N(c2ccccc2)S(C)(=O)=O)c1,1,S(=O)(=O)(N(c1cc(cc(c1)/C(=N\OCC=C)/C)C(=O)N[C@H]([C@@H](O)C[NH2+]Cc1cc(OC)ccc1)Cc1cc(F)cc(F)c1)c1ccccc1)C,1,1,0,Exmol_based,Generated using exmol-based algorithm
CCCN(CCC)C(=O)c1cc(Sc2ccc(OC)cc2)cc(C(=O)N(Br)C(Cc2cc(F)cc(F)c2)C(O)C[NH2+]Cc2cccc(OC)c2)c1,1,S(c1cc(cc(c1)C(=O)NC(Cc1cc(F)cc(F)c1)C(O)C[NH2+]Cc1cc(OC)ccc1)C(=O)N(CCC)CCC)c1ccc(OC)cc1,1,1,0,Exmol_based,Generated using exmol-based algorithm
CCCN(CC)C(=O)c1cc(Sc2ccc(OC)cc2)cc(C(=O)NC(Cc2cc(F)cc(F)c2)C(O)C[NH2+]Cc2cccc(OC)c2)c1,1,S(c1cc(cc(c1)C(=O)NC(Cc1cc(F)cc(F)c1)C(O)C[NH2+]Cc1cc(OC)ccc1)C(=O)N(CCC)CCC)c1ccc(OC)cc1,1,1,0,Exmol_based,Generated using exmol-based algorithm
CCCN(CCC)C(=O)c1cc(Sc2ccc(OC)cc2)cc(C(=O)NC2(Cc3cc(F)cc(F)c3)c3cc(cc(OC)c3)C[NH2+]CC2O)c1,1,S(c1cc(cc(c1)C(=O)NC(Cc1cc(F)cc(F)c1)C(O)C[NH2+]Cc1cc(OC)ccc1)C(=O)N(CCC)CCC)c1ccc(OC)cc1,1,1,0,Exmol_based,Generated using exmol-based algorithm
Cc1cc2cc(n1)NCCCCOc1cccc(c1)CC(C(O)C[NH2+])NC2=O.Cc1cccc(C(C)C)c1,1,O1CCCCNc2nc(cc(c2)C(=O)NC(Cc2cc1ccc2)C(O)C[NH2+]Cc1cc(ccc1)C(C)C)C,1,1,0,Exmol_based,Generated using exmol-based algorithm
Cc1cc2cc(n1)NCCCCOc1cccc(c1)CC(C(O)C[NH2+]Pc1cccc(C(C)C)c1)NC2=O,1,O1CCCCNc2nc(cc(c2)C(=O)NC(Cc2cc1ccc2)C(O)C[NH2+]Cc1cc(ccc1)C(C)C)C,1,1,0,Exmol_based,Generated using exmol-based algorithm
Cc1cc2cc(n1)NCCCCOc1cccc(c1)CC(C(O)C[NH2+]Cc1cccc(C(C)O)c1)NC2=O,1,O1CCCCNc2nc(cc(c2)C(=O)NC(Cc2cc1ccc2)C(O)C[NH2+]Cc1cc(ccc1)C(C)C)C,1,1,0,Exmol_based,Generated using exmol-based algorithm
CC(C)C(Cc1cc2ccccc2nc1N)C(=O)NCC1CCCCC1.Cc1ccccc1,1,O=C(NCC1CCCCC1)C(Cc1cc2cc(ccc2nc1N)-c1ccccc1C)C(C)C,1,1,0,Exmol_based,Generated using exmol-based algorithm
CCC.Cc1ccccc1-c1ccc2nc(N)c(CCC(=O)NCC3CCCCC3)cc2c1,1,O=C(NCC1CCCCC1)C(Cc1cc2cc(ccc2nc1N)-c1ccccc1C)C(C)C,1,1,0,Exmol_based,Generated using exmol-based algorithm
Cc1ccccc1-c1ccc2nc(N)c(CC(C(=O)NCC3CCCC(S)C3)C(C)C)cc2c1,1,O=C(NCC1CCCCC1)C(Cc1cc2cc(ccc2nc1N)-c1ccccc1C)C(C)C,1,1,0,Exmol_based,Generated using exmol-based algorithm
CC1(c2ccccc2F)N=C(N)OCC1(F)F.COc1cnc(C(N)=O)cn1,1,FC1(F)COC(=NC1(C)c1cc(NC(=O)c2ncc(OC)nc2)ccc1F)N,1,1,0,Exmol_based,Generated using exmol-based algorithm
COc1cnc(C(=O)Nc2ccc(F)c(C(C)C(F)(F)COC(=N)N)c2)cn1,1,FC1(F)COC(=NC1(C)c1cc(NC(=O)c2ncc(OC)nc2)ccc1F)N,1,1,0,Exmol_based,Generated using exmol-based algorithm
COc1cnc(C(=O)Nc2ccc(F)c(C3(C)N=C(N)OCC3F)c2)cn1.F,1,FC1(F)COC(=NC1(C)c1cc(NC(=O)c2ncc(OC)nc2)ccc1F)N,1,1,0,Exmol_based,Generated using exmol-based algorithm
Clc1cccnc1.NC1=NC2(c3cc(NC=O)ccc3F)CC2COC1,1,Clc1ccc(nc1)C(=O)Nc1cc(C23N=C(N)COCC2C3)c(F)cc1,1,1,0,Exmol_based,Generated using exmol-based algorithm
CC1CC1(N=C(N)CO)c1cc(NC(=O)c2ccc(Cl)cn2)ccc1F,1,Clc1ccc(nc1)C(=O)Nc1cc(C23N=C(N)COCC2C3)c(F)cc1,1,1,0,Exmol_based,Generated using exmol-based algorithm
NC1=NC2(c3cc4cc(c3F)-c3cc(Cl)cnc3C(=O)N4)CC2COC1,1,Clc1ccc(nc1)C(=O)Nc1cc(C23N=C(N)COCC2C3)c(F)cc1,1,1,0,Exmol_based,Generated using exmol-based algorithm
CCn1ncc2c(N3CCCC3=O)cc(C(=O)NC(Cc3ccccc3)C(O)C[NH2+]C)cc21.FC(F)(F)c1ccccc1,1,FC(F)(F)c1cc(ccc1)C[NH2+]CC(O)C(NC(=O)c1cc(N2CCCC2=O)c2c(n(nc2)CC)c1)Cc1ccccc1,1,1,0,Exmol_based,Generated using exmol-based algorithm
CCn1ncc2c(N3CCCC3=O)cc(C(=O)NC(Cc3ccccc3)C(O)C[NH2+]Cc3cccc(C(F)F)c3)cc21,1,FC(F)(F)c1cc(ccc1)C[NH2+]CC(O)C(NC(=O)c1cc(N2CCCC2=O)c2c(n(nc2)CC)c1)Cc1ccccc1,1,1,0,Exmol_based,Generated using exmol-based algorithm
CCCN(C=O)c1cc(C(=O)NC(Cc2ccccc2)C(O)C[NH2+]Cc2cccc(C(F)(F)F)c2)cc2c1cnn2CC,1,FC(F)(F)c1cc(ccc1)C[NH2+]CC(O)C(NC(=O)c1cc(N2CCCC2=O)c2c(n(nc2)CC)c1)Cc1ccccc1,1,1,0,Exmol_based,Generated using exmol-based algorithm
CCc1cn2c3c(cc(C(=O)NC(Cc4ccccn4)C(O)CNc4ccc(OC)cc4)cc13)NS(=O)(=O)CCC2,1,S1(=O)(=O)Nc2cc(cc3c2n(cc3CC)CCC1)C(=O)NC(Cc1ccccc1)C(O)CNc1ccc(OC)cc1,1,1,0,Exmol_based,Generated using exmol-based algorithm
CCc1cn2c3c(cc(C(=O)NC(Cc4ccccc4S)C(O)CNc4ccc(OC)cc4)cc13)NS(=O)(=O)CCC2,1,S1(=O)(=O)Nc2cc(cc3c2n(cc3CC)CCC1)C(=O)NC(Cc1ccccc1)C(O)CNc1ccc(OC)cc1,1,1,0,Exmol_based,Generated using exmol-based algorithm
C=S1(=O)CCCn2cc(CC)c3cc(C(=O)NC(Cc4ccccc4)C(O)CNc4ccc(OC)cc4)cc(c32)N1,1,S1(=O)(=O)Nc2cc(cc3c2n(cc3CC)CCC1)C(=O)NC(Cc1ccccc1)C(O)CNc1ccc(OC)cc1,1,1,0,Exmol_based,Generated using exmol-based algorithm
C.CCCCN(C)C(=O)n1cc(C(=O)NC(Cc2cc(F)cc(F)c2)C(O)C[NH2+]Cc2cccc(OC)c2)c2cccnc21,1,Fc1cc(cc(F)c1)CC(NC(=O)c1c2cccnc2n(c1)C(=O)N(CCC(C)C)C)C(O)C[NH2+]Cc1cc(OC)ccc1,1,1,0,Exmol_based,Generated using exmol-based algorithm
COc1cccc(C[NH2+]CC(O)C(Cc2cc(F)cc(Cl)c2)NC(=O)c2cn(C(=O)N(C)CCC(C)C)c3ncccc23)c1,1,Fc1cc(cc(F)c1)CC(NC(=O)c1c2cccnc2n(c1)C(=O)N(CCC(C)C)C)C(O)C[NH2+]Cc1cc(OC)ccc1,1,1,0,Exmol_based,Generated using exmol-based algorithm
CC(C)CCN(C)C(=O)n1cc(C(=O)NC(Cc2cc(F)cc(F)c2)C(O)C[NH2+]Cc2cccc(OP)c2)c2cccnc21,1,Fc1cc(cc(F)c1)CC(NC(=O)c1c2cccnc2n(c1)C(=O)N(CCC(C)C)C)C(O)C[NH2+]Cc1cc(OC)ccc1,1,1,0,Exmol_based,Generated using exmol-based algorithm
CC(C)(C)c1cccc(C[NH2+]C2CS(=O)(=O)CC(Cc3cc(F)c(N)c(-c4n[nH]cc4Br)c3)C2O)c1,1,S1(=O)(=O)CC(Cc2cc(-c3n[nH]cc3)c(N)c(F)c2)C(O)C([NH2+]Cc2cc(ccc2)C(C)(C)C)C1,1,1,0,Exmol_based,Generated using exmol-based algorithm
CC(C)(C)c1cccc(C[NH2+]C2CS(=O)(=O)PC(Cc3cc(F)c(N)c(-c4cc[nH]n4)c3)C2O)c1,1,S1(=O)(=O)CC(Cc2cc(-c3n[nH]cc3)c(N)c(F)c2)C(O)C([NH2+]Cc2cc(ccc2)C(C)(C)C)C1,1,1,0,Exmol_based,Generated using exmol-based algorithm
CC(C)(C)c1cccc(C[NH2+]C2CS(=O)(=O)CC(Cc3cc(F)cc(-c4cc[nH]n4)c3)C2O)c1.N,1,S1(=O)(=O)CC(Cc2cc(-c3n[nH]cc3)c(N)c(F)c2)C(O)C([NH2+]Cc2cc(ccc2)C(C)(C)C)C1,1,1,0,Exmol_based,Generated using exmol-based algorithm
C.CC1(C)CC2(N=C(N)NC2=O)c2cc(-c3cc(Cl)cc(Cl)c3)ccc2O1,1,Clc1cc(cc(Cl)c1)-c1cc2c(OC(CC23N=C(N)N(C)C3=O)(C)C)cc1,1,1,0,Exmol_based,Generated using exmol-based algorithm
CN(C(=N)N)C(=O)C1CC(C)(C)Oc2ccc(-c3cc(Cl)cc(Cl)c3)cc21,1,Clc1cc(cc(Cl)c1)-c1cc2c(OC(CC23N=C(N)N(C)C3=O)(C)C)cc1,1,1,0,Exmol_based,Generated using exmol-based algorithm
CN(C=O)C(N)=NC1CC(C)(C)Oc2ccc(-c3cc(Cl)cc(Cl)c3)cc21,1,Clc1cc(cc(Cl)c1)-c1cc2c(OC(CC23N=C(N)N(C)C3=O)(C)C)cc1,1,1,0,Exmol_based,Generated using exmol-based algorithm
CN1C(=O)C2(CC(C)(C)Oc3ccc(-c4cc(OC(F)F)ccc4O)cc32)N=C1N,1,FC(F)Oc1cc(ccc1)-c1cc2c(OC(CC23N=C(N)N(C)C3=O)(C)C)cc1,1,1,0,Exmol_based,Generated using exmol-based algorithm
CN1C(=O)C2(CC(C)(C)Oc3ccc(-c4ccccc4)cc32)N=C1N.FCF,1,FC(F)Oc1cc(ccc1)-c1cc2c(OC(CC23N=C(N)N(C)C3=O)(C)C)cc1,1,1,0,Exmol_based,Generated using exmol-based algorithm
CC1CC2(N=C(N)N(C)C2=O)c2cc(-c3cccc(OC(F)F)c3)ccc2O1,1,FC(F)Oc1cc(ccc1)-c1cc2c(OC(CC23N=C(N)N(C)C3=O)(C)C)cc1,1,1,0,Exmol_based,Generated using exmol-based algorithm
NC1=NC(c2ccncc2)(c2cccc(-c3cc(OCl)ccc3F)c2)C2=NCC(F)(F)CN12,1,Fc1ccc(OC)cc1-c1cc(ccc1)C1(N=C(N2C1=NCC(F)(F)C2)N)c1ccncc1,1,1,0,Exmol_based,Generated using exmol-based algorithm
COc1ccc(F)c2c1-c1cnccc1C1(N=C(N)N3CC(F)(F)CN=C31)c1cccc-2c1,1,Fc1ccc(OC)cc1-c1cc(ccc1)C1(N=C(N2C1=NCC(F)(F)C2)N)c1ccncc1,1,1,0,Exmol_based,Generated using exmol-based algorithm
COc1cccc(-c2cccc(C3(c4ccncc4)N=C(N)N4CC(F)(F)CN=C43)c2)c1,1,Fc1ccc(OC)cc1-c1cc(ccc1)C1(N=C(N2C1=NCC(F)(F)C2)N)c1ccncc1,1,1,0,Exmol_based,Generated using exmol-based algorithm
CC(Cl)C(=O)NC(Cc1ccc2c(c1)OCO2)C(O)C[NH2+]C1CC2(CCC2)Oc2ncc(CC(C)(C)C)cc21,1,FC(C(=O)NC(Cc1cc2OCOc2cc1)C(O)C[NH2+]C1CC2(Oc3ncc(cc13)CC(C)(C)C)CCC2)C,1,1,0,Exmol_based,Generated using exmol-based algorithm
CC(F)C(=O)NC(Cc1ccc2c(c1)OCO2)C(O)C[NH2+]C1CC2(CCC2)Nc2ncc(CC(C)(C)C)cc21,1,FC(C(=O)NC(Cc1cc2OCOc2cc1)C(O)C[NH2+]C1CC2(Oc3ncc(cc13)CC(C)(C)C)CCC2)C,1,1,0,Exmol_based,Generated using exmol-based algorithm
CCC(=O)NC(Cc1ccc2c(c1)OCO2)C(O)C[NH2+]C1CC2(CCC2)Oc2ncc(CC(C)(C)C)cc21.F,1,FC(C(=O)NC(Cc1cc2OCOc2cc1)C(O)C[NH2+]C1CC2(Oc3ncc(cc13)CC(C)(C)C)CCC2)C,1,1,0,Exmol_based,Generated using exmol-based algorithm
CCc1cn2c3c(cc(C(=O)NC(Cc4ccccc4)C(O)C[NH2+]CCCOC)cc13)N(CC(F)(F)F)S(=O)(=O)CC2,1,S1(=O)(=O)N(c2cc(cc3c2n(cc3CC)CC1)C(=O)NC(Cc1ccccc1)C(O)C[NH2+]C1CCOCC1)CC(F)(F)F,1,1,0,Exmol_based,Generated using exmol-based algorithm
CCc1cn2c3c(cc(C(=O)NC(CO)Cc4ccccc4)cc13)N(CC(F)(F)F)S(=O)(=O)CC2.[NH2+]C1CCOCC1,1,S1(=O)(=O)N(c2cc(cc3c2n(cc3CC)CC1)C(=O)NC(Cc1ccccc1)C(O)C[NH2+]C1CCOCC1)CC(F)(F)F,1,1,0,Exmol_based,Generated using exmol-based algorithm
CCc1cn2c3c(cc(C(=O)NC(Cc4ccccc4)C(O)C[NH2+]C4CCOCC4)cc13)N(CC(F)F)S(=O)(=O)CC2.F,1,S1(=O)(=O)N(c2cc(cc3c2n(cc3CC)CC1)C(=O)NC(Cc1ccccc1)C(O)C[NH2+]C1CCOCC1)CC(F)(F)F,1,1,0,Exmol_based,Generated using exmol-based algorithm
CCC(CCC1CCCCC1)c1ccccc1.O=CC1C[NH2+]CC12CCCc1nc(Cl)ccc12,1,Clc1nc2c(cc1)C1(CCC2)C[NH2+]CC1C(=O)N1CCC(CC1C1CCCCC1)c1ccccc1,1,1,0,Exmol_based,Generated using exmol-based algorithm
O=C(C1C[NH2+]CC12CCCc1nc(Cl)ccc12)N1CCCCC1C1CCCCC1.c1ccccc1,1,Clc1nc2c(cc1)C1(CCC2)C[NH2+]CC1C(=O)N1CCC(CC1C1CCCCC1)c1ccccc1,1,1,0,Exmol_based,Generated using exmol-based algorithm
O=C(C1C[NH2+]CC12C=CC=C(Cl)N=CCCC2)N1CCC(c2ccccc2)CC1C1CCCCC1,1,Clc1nc2c(cc1)C1(CCC2)C[NH2+]CC1C(=O)N1CCC(CC1C1CCCCC1)c1ccccc1,1,1,0,Exmol_based,Generated using exmol-based algorithm
COCC(=O)NC(Cc1ccccc1)C(O)C[NH2+]C1CC2(CCC2)Oc2ncc(CC(C)(C)C)cc21.c1cscn1,1,s1ccnc1-c1ccc(cc1)CC(NC(=O)COC)C(O)C[NH2+]C1CC2(Oc3ncc(cc13)CC(C)(C)C)CCC2,1,1,0,Exmol_based,Generated using exmol-based algorithm
CC(C)(C)Cc1cnc2c(c1)CCC1(CCC1)O2.COCC(=O)NC(Cc1ccc(-c2nccs2)cc1)C(C)O,1,s1ccnc1-c1ccc(cc1)CC(NC(=O)COC)C(O)C[NH2+]C1CC2(Oc3ncc(cc13)CC(C)(C)C)CCC2,1,1,0,Exmol_based,Generated using exmol-based algorithm
COCC(=O)NC(Cc1ccc(-c2nccs2)cc1)C(O)C[SH2+]C1CC2(CCC2)Oc2ncc(CC(C)(C)C)cc21,1,s1ccnc1-c1ccc(cc1)CC(NC(=O)COC)C(O)C[NH2+]C1CC2(Oc3ncc(cc13)CC(C)(C)C)CCC2,1,1,0,Exmol_based,Generated using exmol-based algorithm
NC1=NC(c2ccc(OC(F)(F)F)nc2)(c2cccc(-c3cccnc3F)c2)C2=NOCCN12,1,Fc1ncccc1-c1cc(ccc1)C1(N=C(N2C1=NOCC2)N)c1ccc(OC(F)(F)F)cc1,1,1,0,Exmol_based,Generated using exmol-based algorithm
NC1=NC(c2cccc(-c3cccnc3F)c2)(c2ccc(OC(F)(F)F)cc2S)C2=NOCCN12,1,Fc1ncccc1-c1cc(ccc1)C1(N=C(N2C1=NOCC2)N)c1ccc(OC(F)(F)F)cc1,1,1,0,Exmol_based,Generated using exmol-based algorithm
F.NC1=NC(c2ccc(OC(F)(F)F)cc2)(c2cccc(-c3cccnc3)c2)C2=NOCCN12,1,Fc1ncccc1-c1cc(ccc1)C1(N=C(N2C1=NOCC2)N)c1ccc(OC(F)(F)F)cc1,1,1,0,Exmol_based,Generated using exmol-based algorithm
Cc1cc(C2(c3cccc(-c4cncnc4)c3)N=C(N)N(C)C2=O)ccc1OC=S,1,O(C)c1ccc(cc1C)C1(N=C(N)N(C)C1=O)c1cc(ccc1)-c1cncnc1,1,1,0,Exmol_based,Generated using exmol-based algorithm
CNC(N)=NC(c1cccc(-c2cncnc2)c1)c1ccc(OC)c(C)c1.O,1,O(C)c1ccc(cc1C)C1(N=C(N)N(C)C1=O)c1cc(ccc1)-c1cncnc1,1,1,0,Exmol_based,Generated using exmol-based algorithm
CNC(N)=NC(C=O)(c1cccc(-c2cncnc2)c1)c1ccc(OC)c(C)c1,1,O(C)c1ccc(cc1C)C1(N=C(N)N(C)C1=O)c1cc(ccc1)-c1cncnc1,1,1,0,Exmol_based,Generated using exmol-based algorithm
CCc1cc([C@]2(c3cccc(-c4cncnc4Br)c3)N=C(N)N(C)C2=O)ccn1,1,O=C1N(C)C(=N[C@@]1(c1cc(ccc1)-c1cncnc1)c1cc(ncc1)CC)N,1,1,0,Exmol_based,Generated using exmol-based algorithm
C.CCc1cc([C@]2(c3cccc(-c4cncnc4)c3)N=C(N)NC2=O)ccn1,1,O=C1N(C)C(=N[C@@]1(c1cc(ccc1)-c1cncnc1)c1cc(ncc1)CC)N,1,1,0,Exmol_based,Generated using exmol-based algorithm
CCc1cc([C@]2(c3cccc(-c4cncnc4)c3)N=C(N)N(C#N)C2=O)ccn1,1,O=C1N(C)C(=N[C@@]1(c1cc(ccc1)-c1cncnc1)c1cc(ncc1)CC)N,1,1,0,Exmol_based,Generated using exmol-based algorithm
CNC(N)=NC(c1ccncc1)c1cccc(-c2cccc(OC)c2)c1.O,1,O(C)c1cc(ccc1)-c1cc(ccc1)C1(N=C(N)N(C)C1=O)c1ccncc1,1,1,0,Exmol_based,Generated using exmol-based algorithm
CN1C(=O)C(c2ccccc2)(c2ccncc2)N=C1N.COc1ccccc1,1,O(C)c1cc(ccc1)-c1cc(ccc1)C1(N=C(N)N(C)C1=O)c1ccncc1,1,1,0,Exmol_based,Generated using exmol-based algorithm
CCc1cccc(-c2cccc(C3(c4ccncc4)N=C(N)N(C)C3=O)c2)c1,1,O(C)c1cc(ccc1)-c1cc(ccc1)C1(N=C(N)N(C)C1=O)c1ccncc1,1,1,0,Exmol_based,Generated using exmol-based algorithm
NC1=NC(c2ccncc2)(c2cccc(-c3cccnc3F)c2)C(=O)N1P,1,Fc1ncccc1-c1cc(ccc1)C1(N=C(N)N(C)C1=O)c1ccncc1,1,1,0,Exmol_based,Generated using exmol-based algorithm
CN(CN)C(=O)C(c1ccncc1)c1cccc(-c2cccnc2F)c1,1,Fc1ncccc1-c1cc(ccc1)C1(N=C(N)N(C)C1=O)c1ccncc1,1,1,0,Exmol_based,Generated using exmol-based algorithm
CN1C(=O)C(c2ccncc2)(c2cc(S)cc(-c3cccnc3F)c2)N=C1N,1,Fc1ncccc1-c1cc(ccc1)C1(N=C(N)N(C)C1=O)c1ccncc1,1,1,0,Exmol_based,Generated using exmol-based algorithm
CNC(N)=N[C@](C=O)(c1ccc(OC)cc1)c1cccc(-c2cccnc2F)c1,1,Fc1ncccc1-c1cc(ccc1)[C@]1(N=C(N)N(C)C1=O)c1ccc(OC)cc1,1,1,0,Exmol_based,Generated using exmol-based algorithm
COc1ccc([C@]2(c3ccccc3)N=C(N)N(C)C2=O)cc1.Fc1ccccn1,1,Fc1ncccc1-c1cc(ccc1)[C@]1(N=C(N)N(C)C1=O)c1ccc(OC)cc1,1,1,0,Exmol_based,Generated using exmol-based algorithm
COc1ccc([C@]2(c3cccc(-c4cccnc4F)c3)N=C(N)N(F)C2=O)cc1,1,Fc1ncccc1-c1cc(ccc1)[C@]1(N=C(N)N(C)C1=O)c1ccc(OC)cc1,1,1,0,Exmol_based,Generated using exmol-based algorithm
CN1C(=O)[C@]2(c3ccc(OCCF)cc3)N=C1Nc1ccc(c(F)n1)-c1cccc2c1,1,Fc1ncccc1-c1cc(ccc1)[C@]1(N=C(N)N(C)C1=O)c1ccc(OCCF)cc1,1,1,0,Exmol_based,Generated using exmol-based algorithm
CF.CN1C(=O)[C@@](c2ccc(O)cc2)(c2cccc(-c3cccnc3F)c2)N=C1N,1,Fc1ncccc1-c1cc(ccc1)[C@]1(N=C(N)N(C)C1=O)c1ccc(OCCF)cc1,1,1,0,Exmol_based,Generated using exmol-based algorithm
CC1C(=O)[C@@](c2ccc(OCCF)cc2)(c2cccc(-c3cccnc3F)c2)N=C1N,1,Fc1ncccc1-c1cc(ccc1)[C@]1(N=C(N)N(C)C1=O)c1ccc(OCCF)cc1,1,1,0,Exmol_based,Generated using exmol-based algorithm
CCCCc1cccc([C@@]2(c3ccc(OC(F)F)cc3)N=C(N)N(C)C2=O)c1,1,FC(F)Oc1ccc(cc1)[C@@]1(N=C(N)N(C)C1=O)c1cc(ccc1)CCCC,1,1,0,Exmol_based,Generated using exmol-based algorithm
CCCCc1cccc([C@]2(c3ccc(OC(F)F)cc3)CN(C)C(N)=N2)c1,1,FC(F)Oc1ccc(cc1)[C@@]1(N=C(N)N(C)C1=O)c1cc(ccc1)CCCC,1,1,0,Exmol_based,Generated using exmol-based algorithm
CCC.CN1C(=O)[C@](c2ccccc2)(c2ccc(OC(F)F)cc2)N=C1N,1,FC(F)Oc1ccc(cc1)[C@@]1(N=C(N)N(C)C1=O)c1cc(ccc1)CCCC,1,1,0,Exmol_based,Generated using exmol-based algorithm
C/C=C/c1cccc([C@@]2(c3ccc(OC(F)F)cc3)N=C(N)N(C)C2=O)c1.FCF,1,FC(F)C\C=C\c1cc(ccc1)[C@]1(N=C(N)N(C)C1=O)c1ccc(OC(F)F)cc1,1,1,0,Exmol_based,Generated using exmol-based algorithm
CN1C(=O)[C@@](c2ccc(OC(F)F)cc2)(c2cccc(/C=C/CCF)c2)N=C1N.F,1,FC(F)C\C=C\c1cc(ccc1)[C@]1(N=C(N)N(C)C1=O)c1ccc(OC(F)F)cc1,1,1,0,Exmol_based,Generated using exmol-based algorithm
CN1C(=O)[C@@](c2ccc(OC(F)F)cc2)(c2cccc(/C=C/CCF)c2)N=C1N.F,1,FC(F)C\C=C\c1cc(ccc1)[C@]1(N=C(N)N(C)C1=O)c1ccc(OC(F)F)cc1,1,1,0,Exmol_based,Generated using exmol-based algorithm
CCCC#Cc1cccc([C@@]2(c3ccc(OC(F)F)cc3)N=C(N)N(C)C2=O)c1,1,FC(F)Oc1ccc(cc1)[C@@]1(N=C(N)N(C)C1=O)c1cc(ccc1)C#CCCC,1,1,0,Exmol_based,Generated using exmol-based algorithm
CCCC#Cc1cccc([C@@]2(c3ccc(OC(F)F)cc3)N=C(N)N(Cl)C2=O)c1,1,FC(F)Oc1ccc(cc1)[C@@]1(N=C(N)N(C)C1=O)c1cc(ccc1)C#CCCC,1,1,0,Exmol_based,Generated using exmol-based algorithm
C#Cc1cccc([C@@]2(c3ccc(OC(F)F)cc3)N=C(N)N(C)C2=O)c1.CCC,1,FC(F)Oc1ccc(cc1)[C@@]1(N=C(N)N(C)C1=O)c1cc(ccc1)C#CCCC,1,1,0,Exmol_based,Generated using exmol-based algorithm
CN1C(=O)[C@](c2cccc(OCC(F)F)c2)(c2ccc(OC(F)F)cn2)N=C1N,1,FC(F)COc1cc(ccc1)[C@]1(N=C(N)N(C)C1=O)c1ccc(OC(F)F)cc1,1,1,0,Exmol_based,Generated using exmol-based algorithm
CN1C(=O)[C@@](c2ccc(OC(F)F)cc2)(c2cccc(OCC(F)F)c2)N=C1N,1,FC(F)COc1cc(ccc1)[C@]1(N=C(N)N(C)C1=O)c1ccc(OC(F)F)cc1,1,1,0,Exmol_based,Generated using exmol-based algorithm
CN1C(=O)[C@@](c2ccc(OCF)cc2)(c2cccc(OCC(F)F)c2)N=C1N,1,FC(F)COc1cc(ccc1)[C@]1(N=C(N)N(C)C1=O)c1ccc(OC(F)F)cc1,1,1,0,Exmol_based,Generated using exmol-based algorithm
CCOc1cc([C@@]2(c3ccc(OC(F)F)cc3)N=C(N)N(C)C2=O)ccc1F.FCF,1,Fc1ccc(cc1OCC\C=C(\F)/F)[C@]1(N=C(N)N(C)C1=O)c1ccc(OC(F)F)cc1,1,1,0,Exmol_based,Generated using exmol-based algorithm
CN(C=O)C(=N)N.FC(F)=CCCOc1ccccc1F.FC(F)Oc1ccccc1,1,Fc1ccc(cc1OCC\C=C(\F)/F)[C@]1(N=C(N)N(C)C1=O)c1ccc(OC(F)F)cc1,1,1,0,Exmol_based,Generated using exmol-based algorithm
CN1C(=O)[C@@]2(N=C1N)c1ccc(OC(F)F)c(c1)-c1cc2cc(OCCC=C(F)F)c1F,1,Fc1ccc(cc1OCC\C=C(\F)/F)[C@]1(N=C(N)N(C)C1=O)c1ccc(OC(F)F)cc1,1,1,0,Exmol_based,Generated using exmol-based algorithm
CCC=C(F)F.CN1C(=O)[C@](c2ccccc2)(c2ccc(OC(F)F)cc2)N=C1N,1,FC(F)Oc1ccc(cc1)[C@@]1(N=C(N)N(C)C1=O)c1cc(OCC\C=C(\F)/F)ccc1,1,1,0,Exmol_based,Generated using exmol-based algorithm
CN1C(=O)[C@@](c2ccc(OC(F)F)cc2)(c2cccc(OCCC=C(F)F)c2)N=C1N,1,FC(F)Oc1ccc(cc1)[C@@]1(N=C(N)N(C)C1=O)c1cc(OCC\C=C(\F)/F)ccc1,1,1,0,Exmol_based,Generated using exmol-based algorithm
CNC(=O)[C@@](N=CN)(c1ccc(OC(F)F)cc1)c1cccc(OCCC=C(F)F)c1,1,FC(F)Oc1ccc(cc1)[C@@]1(N=C(N)N(C)C1=O)c1cc(OCC\C=C(\F)/F)ccc1,1,1,0,Exmol_based,Generated using exmol-based algorithm
CCCC.Cc1cc([C@@]2(c3ccc(OC(F)F)c(C)c3)N=C(N)N(C)C2=O)ccc1F,1,Fc1ccc(cc1C#CCCC)[C@]1(N=C(N)N(C)C1=O)c1cc(C)c(OC(F)F)cc1,1,1,0,Exmol_based,Generated using exmol-based algorithm
CC.CC#Cc1cc([C@@]2(c3ccc(OC(F)F)c(C)c3)N=C(N)N(C)C2=O)ccc1F,1,Fc1ccc(cc1C#CCCC)[C@]1(N=C(N)N(C)C1=O)c1cc(C)c(OC(F)F)cc1,1,1,0,Exmol_based,Generated using exmol-based algorithm
CSCC#Cc1cc([C@@]2(c3ccc(OC(F)F)c(C)c3)N=C(N)N(C)C2=O)ccc1F,1,Fc1ccc(cc1C#CCCC)[C@]1(N=C(N)N(C)C1=O)c1cc(C)c(OC(F)F)cc1,1,1,0,Exmol_based,Generated using exmol-based algorithm
COC[C@H]1CCCCN1C(=O)n1cc2c3ccc(nc31)-c1ccc(OC)cc1C[NH2+]C[C@@H](O)[C@H](Cc1cc(F)cc(F)c1)NC2=O,1,Fc1cc(cc(F)c1)C[C@H](NC(=O)c1c2cccnc2n(c1)C(=O)N1CCCC[C@@H]1COC)[C@H](O)C[NH2+]Cc1cc(OC)ccc1,1,1,0,Exmol_based,Generated using exmol-based algorithm
COC[C@H]1CCCCN1C(=O)n1cc(C(=O)N[C@H]2Cc3cc(F)c(c(F)c3)C(c3cccc(OC)c3)[NH2+]C[C@H]2O)c2cccnc21,1,Fc1cc(cc(F)c1)C[C@H](NC(=O)c1c2cccnc2n(c1)C(=O)N1CCCC[C@@H]1COC)[C@H](O)C[NH2+]Cc1cc(OC)ccc1,1,1,0,Exmol_based,Generated using exmol-based algorithm
COC[C@H]1CCCCN1Cn1cc(C(=O)N[C@@H](Cc2cc(F)cc(F)c2)[C@H](O)C[NH2+]Cc2cccc(OC)c2)c2cccnc21.O,1,Fc1cc(cc(F)c1)C[C@H](NC(=O)c1c2cccnc2n(c1)C(=O)N1CCCC[C@@H]1COC)[C@H](O)C[NH2+]Cc1cc(OC)ccc1,1,1,0,Exmol_based,Generated using exmol-based algorithm
CCCCN(C)C(=O)n1cc(C(=O)NC(Cc2cc(F)cc(F)c2)C(O)C[NH2+]C)c2cc(Cl)ccc21.COc1ccccc1,1,Clc1cc2c(n(cc2C(=O)NC(Cc2cc(F)cc(F)c2)C(O)C[NH2+]Cc2cc(OC)ccc2)C(=O)N(CCCC)C)cc1,1,1,0,Exmol_based,Generated using exmol-based algorithm
CCCCN1C=C(c2cccc(OC)c2)[NH2+]CC(O)C(Cc2cc(F)cc(F)c2)NC(=O)c2cn(c3ccc(Cl)cc23)C1=O,1,Clc1cc2c(n(cc2C(=O)NC(Cc2cc(F)cc(F)c2)C(O)C[NH2+]Cc2cc(OC)ccc2)C(=O)N(CCCC)C)cc1,1,1,0,Exmol_based,Generated using exmol-based algorithm
CCCCN(C)C(=O)n1cc(C(=O)NCC(O)C[NH2+]Cc2cccc(OC)c2)c2cc(Cl)ccc21.Cc1cc(F)cc(F)c1,1,Clc1cc2c(n(cc2C(=O)NC(Cc2cc(F)cc(F)c2)C(O)C[NH2+]Cc2cc(OC)ccc2)C(=O)N(CCCC)C)cc1,1,1,0,Exmol_based,Generated using exmol-based algorithm
CC(C)Cn1cc(C2(c3cccc(-c4cncnc4S)c3)N=C(N)N(C)C2=O)cn1,1,O=C1N(C)C(=NC1(c1cc(ccc1)-c1cncnc1)c1cn(nc1)CC(C)C)N,1,1,0,Exmol_based,Generated using exmol-based algorithm
CC(C)Cn1cc(C2N=C(N)N(C)C2=O)cn1.c1ccc(-c2cncnc2)cc1,1,O=C1N(C)C(=NC1(c1cc(ccc1)-c1cncnc1)c1cn(nc1)CC(C)C)N,1,1,0,Exmol_based,Generated using exmol-based algorithm
CC(C)Cn1cc(C2(c3cccc(-c4cncnc4)c3)CN(C)C(N)=N2)cn1,1,O=C1N(C)C(=NC1(c1cc(ccc1)-c1cncnc1)c1cn(nc1)CC(C)C)N,1,1,0,Exmol_based,Generated using exmol-based algorithm
CC(C)CCn1cc(C2(c3cccc(-c4cncnc4)c3)N=C(N)P(C)C2=O)cn1,1,O=C1N(C)C(=NC1(c1cc(ccc1)-c1cncnc1)c1cn(nc1)CCC(C)C)N,1,1,0,Exmol_based,Generated using exmol-based algorithm
CC(C)CCn1cc(C2(c3cccc(-c4cncnc4)c3)N=CN(C)C2=O)cn1.N,1,O=C1N(C)C(=NC1(c1cc(ccc1)-c1cncnc1)c1cn(nc1)CCC(C)C)N,1,1,0,Exmol_based,Generated using exmol-based algorithm
CC(C)CCn1cccn1.CN(C=O)C(=N)N.c1ccc(-c2cncnc2)cc1,1,O=C1N(C)C(=NC1(c1cc(ccc1)-c1cncnc1)c1cn(nc1)CCC(C)C)N,1,1,0,Exmol_based,Generated using exmol-based algorithm
CN1C(=O)C(c2ccc(F)c(-c3cccnc3F)c2)(c2cnn(C)c2)N=C1N,1,Fc1ccc(cc1-c1cccnc1F)C1(N=C(N)N(C)C1=O)c1cn(nc1)CC,1,1,0,Exmol_based,Generated using exmol-based algorithm
CCn1cc(C2(c3cccc(-c4cccnc4F)c3)N=C(N)N(C)C2=O)cn1.F,1,Fc1ccc(cc1-c1cccnc1F)C1(N=C(N)N(C)C1=O)c1cn(nc1)CC,1,1,0,Exmol_based,Generated using exmol-based algorithm
C.CCn1cc(C(C=O)(N=CN)c2ccc(F)c(-c3cccnc3F)c2)cn1,1,Fc1ccc(cc1-c1cccnc1F)C1(N=C(N)N(C)C1=O)c1cn(nc1)CC,1,1,0,Exmol_based,Generated using exmol-based algorithm
CN1C(=O)C(c2cccc(-c3cccnc3F)c2)(c2cnn(CC(F)F)c2)N=C1N.F,1,Fc1ncccc1-c1cc(ccc1)C1(N=C(N)N(C)C1=O)c1cn(nc1)CC(F)(F)F,1,1,0,Exmol_based,Generated using exmol-based algorithm
CN1C(=O)C(c2ccccc2)(c2cnn(CC(F)(F)F)c2)N=C1N.Fc1ccccn1,1,Fc1ncccc1-c1cc(ccc1)C1(N=C(N)N(C)C1=O)c1cn(nc1)CC(F)(F)F,1,1,0,Exmol_based,Generated using exmol-based algorithm
CN1CC(c2cccc(-c3cccnc3F)c2)(c2cnn(CC(F)(F)F)c2)N=C1N,1,Fc1ncccc1-c1cc(ccc1)C1(N=C(N)N(C)C1=O)c1cn(nc1)CC(F)(F)F,1,1,0,Exmol_based,Generated using exmol-based algorithm
CN1C(=O)C(c2ccc(F)cc2)(c2ccsc2)N=C1N.Fc1ccccn1,1,s1cc(cc1)C1(N=C(N)N(C)C1=O)c1cc(-c2cccnc2F)c(F)cc1,1,1,0,Exmol_based,Generated using exmol-based algorithm
CNC(=O)C(N=CN)(c1ccsc1)c1ccc(F)c(-c2cccnc2F)c1,1,s1cc(cc1)C1(N=C(N)N(C)C1=O)c1cc(-c2cccnc2F)c(F)cc1,1,1,0,Exmol_based,Generated using exmol-based algorithm
CNC(=O)C(N=CN)(c1ccsc1)c1ccc(F)c(-c2cccnc2F)c1,1,s1cc(cc1)C1(N=C(N)N(C)C1=O)c1cc(-c2cccnc2F)c(F)cc1,1,1,0,Exmol_based,Generated using exmol-based algorithm
CN1C(=N)C2(CC(C)(C)Cc3ccc(-c4cccnc4F)cc32)N=C1N,1,Fc1ncccc1-c1cc2c(CC(CC23N=C(N)N(C)C3=O)(C)C)cc1,1,1,0,Exmol_based,Generated using exmol-based algorithm
Cc1ccc(-c2cccnc2F)cc1C1(CC(C)C)N=C(N)N(C)C1=O,1,Fc1ncccc1-c1cc2c(CC(CC23N=C(N)N(C)C3=O)(C)C)cc1,1,1,0,Exmol_based,Generated using exmol-based algorithm
CN1C(=O)C2(CC(C)(C)Cc3ccc(-c4cccnc4)cc32)N=C1N.F,1,Fc1ncccc1-c1cc2c(CC(CC23N=C(N)N(C)C3=O)(C)C)cc1,1,1,0,Exmol_based,Generated using exmol-based algorithm
CNC(=O)C1(N=CN)CC(C)(C)Cc2ccc(-c3cncc(Cl)c3)cc21,1,Clc1cc(cnc1)-c1cc2c(CC(CC23N=C(N)N(C)C3=O)(C)C)cc1,1,1,0,Exmol_based,Generated using exmol-based algorithm
CN1C(=O)C2(N=C1N)c1cc(-c3cncc(Cl)c3)ccc1CC(C)(C)C2Cl,1,Clc1cc(cnc1)-c1cc2c(CC(CC23N=C(N)N(C)C3=O)(C)C)cc1,1,1,0,Exmol_based,Generated using exmol-based algorithm
CC1(C)Cc2ccc(-c3cncc(Cl)c3)cc2C23N=C(N)N(C=C12)C3=O,1,Clc1cc(cnc1)-c1cc2c(CC(CC23N=C(N)N(C)C3=O)(C)C)cc1,1,1,0,Exmol_based,Generated using exmol-based algorithm
NC1=NC(c2ccc(OCF)cc2)(c2cccc(-c3cccnc3F)c2)C2=NCC(F)(F)CN12,1,Fc1ncccc1-c1cc(ccc1)C1(N=C(N2C1=NCC(F)(F)C2)N)c1ccc(OC(F)F)cc1,1,1,0,Exmol_based,Generated using exmol-based algorithm
Fc1ncccc1-c1cccc(C2(c3ccc(OC(F)F)cc3)N=CN3CC(F)(F)CN=C32)c1,1,Fc1ncccc1-c1cc(ccc1)C1(N=C(N2C1=NCC(F)(F)C2)N)c1ccc(OC(F)F)cc1,1,1,0,Exmol_based,Generated using exmol-based algorithm
F.F.NC1=NC(c2ccc(O)cc2)(c2cccc(-c3cccnc3F)c2)C2=NCC(F)(F)CN12,1,Fc1ncccc1-c1cc(ccc1)C1(N=C(N2C1=NCC(F)(F)C2)N)c1ccc(OC(F)F)cc1,1,1,0,Exmol_based,Generated using exmol-based algorithm
CCCN(CCC)C(=O)c1cccc(C(=O)NC(Cc2cc(F)cc(F)c2)C(O)C[NH2+]Cc2cccc(OC)c2)c1,1,Fc1cc(cc(F)c1)CC(NC(=O)c1cc(ccc1)C(=O)N(CCC)CCC)C(O)C[NH2+]Cc1cc(OC)ccc1,1,1,0,Exmol_based,Generated using exmol-based algorithm
CC.CCCNC(=O)c1cccc(C(=O)NC(Cc2cc(F)cc(F)c2)C(O)C[NH2+]Cc2cccc(OC)c2)c1,1,Fc1cc(cc(F)c1)CC(NC(=O)c1cc(ccc1)C(=O)N(CCC)CCC)C(O)C[NH2+]Cc1cc(OC)ccc1,1,1,0,Exmol_based,Generated using exmol-based algorithm
CC.CCCN(C)C(=O)c1cccc(C(=O)NC(Cc2cc(F)cc(F)c2)C(O)C[NH2+]Cc2cccc(OC)c2)c1,1,Fc1cc(cc(F)c1)CC(NC(=O)c1cc(ccc1)C(=O)N(CCC)CCC)C(O)C[NH2+]Cc1cc(OC)ccc1,1,1,0,Exmol_based,Generated using exmol-based algorithm
C/C(=N/OCc1ccccc1)c1cc(C(=O)N[C@@H](Cc2cc(F)cc(F)c2)[C@@H](O)C[NH2+]Cc2cccc(O)c2)cc(N2CCCCS2(=O)=O)c1,1,S1(=O)(=O)N(CCCC1)c1cc(cc(c1)/C(=N\OCc1ccccc1)/C)C(=O)N[C@H]([C@@H](O)C[NH2+]Cc1cc(OC)ccc1)Cc1cc(F)cc(F)c1,1,1,0,Exmol_based,Generated using exmol-based algorithm
COc1cccc(C[NH2+]C[C@H](O)[C@H](Cc2cc(F)cc(F)c2)NC(=O)c2cc(/C(C)=N\OCc3ccc(Br)cc3)cc(N3CCCCS3(=O)=O)c2)c1,1,S1(=O)(=O)N(CCCC1)c1cc(cc(c1)/C(=N\OCc1ccccc1)/C)C(=O)N[C@H]([C@@H](O)C[NH2+]Cc1cc(OC)ccc1)Cc1cc(F)cc(F)c1,1,1,0,Exmol_based,Generated using exmol-based algorithm
COc1cccc(C[NH2+]C[C@H](O)[C@H](Cc2cc(F)cc(F)c2)NC(=O)c2cc(/C(Cl)=N\OCc3ccccc3)cc(N3CCCCS3(=O)=O)c2)c1,1,S1(=O)(=O)N(CCCC1)c1cc(cc(c1)/C(=N\OCc1ccccc1)/C)C(=O)N[C@H]([C@@H](O)C[NH2+]Cc1cc(OC)ccc1)Cc1cc(F)cc(F)c1,1,1,0,Exmol_based,Generated using exmol-based algorithm
Cc1ccccc1-c1ccc2nc(N)c(CC(C)C(=O)NCc3cncs3)cc2n1,1,s1cncc1CNC(=O)C(Cc1cc2cc(ccc2nc1N)-c1ccccc1C)C,1,1,0,Exmol_based,Generated using exmol-based algorithm
Cc1c(O)cccc1-c1ccc2nc(N)c(CC(C)C(=O)NCc3cncs3)cc2c1,1,s1cncc1CNC(=O)C(Cc1cc2cc(ccc2nc1N)-c1ccccc1C)C,1,1,0,Exmol_based,Generated using exmol-based algorithm
Cc1ccccc1-c1ccc2nc(N)c(CC(C)C=O)cc2c1.NCc1cncs1,1,s1cncc1CNC(=O)C(Cc1cc2cc(ccc2nc1N)-c1ccccc1C)C,1,1,0,Exmol_based,Generated using exmol-based algorithm
CC(O)C[NH2+].CCC(C)C1(NC(C)=O)CCN(C(C)C(=O)NC(CO)Cc2cc(F)cc(F)c2)C1=O,1,Fc1cc(cc(F)c1)CC(NC(=O)C(N1CCC(NC(=O)C)(C(CC)C)C1=O)C)C(O)C1[NH2+]CC(O)C1,1,1,0,Exmol_based,Generated using exmol-based algorithm
CCC(C)C1(NC(C)=O)CCN(C(C)C(=O)NC(Cc2cc(F)cc(F)c2)C(O)C([NH2+])CCO)C1=O,1,Fc1cc(cc(F)c1)CC(NC(=O)C(N1CCC(NC(=O)C)(C(CC)C)C1=O)C)C(O)C1[NH2+]CC(O)C1,1,1,0,Exmol_based,Generated using exmol-based algorithm
CCCC1(NC(C)=O)CCN(C(C)C(=O)NC(Cc2cc(F)cc(F)c2)C(O)C2CC(O)C[NH2+]2)C1=O,1,Fc1cc(cc(F)c1)CC(NC(=O)C(N1CCC(NC(=O)C)(C(CC)C)C1=O)C)C(O)C1[NH2+]CC(O)C1,1,1,0,Exmol_based,Generated using exmol-based algorithm
NC1=NC2(COC1)Cc1nc(ccc1Cl)C(=O)Nc1ccc(F)c2c1,1,Clc1ccc(nc1)C(=O)Nc1cc(C2(N=C(N)COC2)C)c(F)cc1,1,1,0,Exmol_based,Generated using exmol-based algorithm
CC(COCC(=N)N)c1cc(NC(=O)c2ccc(Cl)cn2)ccc1F,1,Clc1ccc(nc1)C(=O)Nc1cc(C2(N=C(N)COC2)C)c(F)cc1,1,1,0,Exmol_based,Generated using exmol-based algorithm
CC1(c2cc(NC(=O)c3ccc(Cl)cn3)ccc2F)COCC=N1.N,1,Clc1ccc(nc1)C(=O)Nc1cc(C2(N=C(N)COC2)C)c(F)cc1,1,1,0,Exmol_based,Generated using exmol-based algorithm
CC1(c2cc(CC(=O)c3ccc(Cl)cn3)ccc2F)CCC2(CC2)C(N)=N1,1,Clc1ccc(nc1)C(=O)Nc1cc(C2(N=C(N)C3(CC2)CC3)C)c(F)cc1,1,1,0,Exmol_based,Generated using exmol-based algorithm
CC.CCC(C)(N=CN)c1cc(NC(=O)c2ccc(Cl)cn2)ccc1F,1,Clc1ccc(nc1)C(=O)Nc1cc(C2(N=C(N)C3(CC2)CC3)C)c(F)cc1,1,1,0,Exmol_based,Generated using exmol-based algorithm
CC(N)(CCC1CC1)c1cc(NC(=O)c2ccc(Cl)cn2)ccc1F.N,1,Clc1ccc(nc1)C(=O)Nc1cc(C2(N=C(N)C3(CC2)CC3)C)c(F)cc1,1,1,0,Exmol_based,Generated using exmol-based algorithm
CCn1cc2c3c(cc(C(=O)NC(Cc4ccccc4)[C@H](O)C[NH2+]CC(F)(F)C(F)F)cc31)N(C)S(=O)(=O)CC2.F,1,S1(=O)(=O)N(c2cc(cc3n(cc(CC1)c23)CC)C(=O)NC([C@H](O)C[NH2+]CC(F)(F)C(F)(F)F)Cc1ccccc1)C,1,1,0,Exmol_based,Generated using exmol-based algorithm
CCn1ccc2c(N(C)S(C)(=O)=O)cc(C(=O)NC(Cc3ccccc3)[C@H](O)C[NH2+]CC(F)(F)C(F)(F)F)cc21,1,S1(=O)(=O)N(c2cc(cc3n(cc(CC1)c23)CC)C(=O)NC([C@H](O)C[NH2+]CC(F)(F)C(F)(F)F)Cc1ccccc1)C,1,1,0,Exmol_based,Generated using exmol-based algorithm
CCn1cc2c3c(cc(C(=O)NC(Cc4ccccc4)[C@H](O)C[NH2+]C)cc31)N(C)S(=O)(=O)CC2.F.F.FC(F)F,1,S1(=O)(=O)N(c2cc(cc3n(cc(CC1)c23)CC)C(=O)NC([C@H](O)C[NH2+]CC(F)(F)C(F)(F)F)Cc1ccccc1)C,1,1,0,Exmol_based,Generated using exmol-based algorithm
CC(C)CCCC1(C)[NH2+]CC(O)C(Cc2ccccc2)N1C(=O)c1cccc(N(c2ccccc2)S(C)(=O)=O)c1,1,S(=O)(=O)(N(c1cc(ccc1)C(=O)NC(Cc1ccccc1)C(O)C[NH2+]C(CCCC(C)C)C)c1ccccc1)C,1,1,0,Exmol_based,Generated using exmol-based algorithm
CC(C)CCCC(C)[NH2+]CC(O)C(Cc1ccccc1)NC(=O)c1cccc(N(c2ccccc2)S(C)=O)c1.O,1,S(=O)(=O)(N(c1cc(ccc1)C(=O)NC(Cc1ccccc1)C(O)C[NH2+]C(CCCC(C)C)C)c1ccccc1)C,1,1,0,Exmol_based,Generated using exmol-based algorithm
CC(C)CCCC(C)[NH2+]CC(O)C(NC(=O)c1cccc(N(c2ccccc2)S(C)(=O)=O)c1)C(=O)c1ccccc1,1,S(=O)(=O)(N(c1cc(ccc1)C(=O)NC(Cc1ccccc1)C(O)C[NH2+]C(CCCC(C)C)C)c1ccccc1)C,1,1,0,Exmol_based,Generated using exmol-based algorithm
CCCCCN(C)C(=O)n1cc(C(=O)NC(Cc2cc(F)cc(F)c2)C(O)C[NH2+]C)c2cccnc21.COc1ccccc1,1,Fc1cc(cc(F)c1)CC(NC(=O)c1c2cccnc2n(c1)C(=O)N(CCCCC)C)C(O)C[NH2+]Cc1cc(OC)ccc1,1,1,0,Exmol_based,Generated using exmol-based algorithm
CCCCCN(C)C(=O)n1cc(C(=O)NC2Cc3cc(F)cc(F)c3COc3cccc(c3)C[NH2+]CC2O)c2cccnc21,1,Fc1cc(cc(F)c1)CC(NC(=O)c1c2cccnc2n(c1)C(=O)N(CCCCC)C)C(O)C[NH2+]Cc1cc(OC)ccc1,1,1,0,Exmol_based,Generated using exmol-based algorithm
C.CCCCCNC(=O)n1cc(C(=O)NC(Cc2cc(F)cc(F)c2)C(O)C[NH2+]Cc2cccc(OC)c2)c2cccnc21,1,Fc1cc(cc(F)c1)CC(NC(=O)c1c2cccnc2n(c1)C(=O)N(CCCCC)C)C(O)C[NH2+]Cc1cc(OC)ccc1,1,1,0,Exmol_based,Generated using exmol-based algorithm
COCC1CCN(C(CCc2ccccc2)C(=O)NC(Cc2cc(F)cc(F)c2)C(O)C2[NH2+]Cc3cc(OC)ccc32)C1=O,1,Fc1cc(cc(F)c1)CC(NC(=O)C(N1CCC(COC)C1=O)CCc1ccccc1)C(O)C[NH2+]Cc1cc(OC)ccc1,1,1,0,Exmol_based,Generated using exmol-based algorithm
COCC1CC[SH](C(CCc2ccccc2)C(=O)NC(Cc2cc(F)cc(F)c2)C(O)C[NH2+]Cc2cccc(OC)c2)C1=O,1,Fc1cc(cc(F)c1)CC(NC(=O)C(N1CCC(COC)C1=O)CCc1ccccc1)C(O)C[NH2+]Cc1cc(OC)ccc1,1,1,0,Exmol_based,Generated using exmol-based algorithm
COCC1CCN(C(CCc2ccccc2)C(=O)NC(Cc2cc(F)pc(F)c2)C(O)C[NH2+]Cc2cccc(OC)c2)C1=O,1,Fc1cc(cc(F)c1)CC(NC(=O)C(N1CCC(COC)C1=O)CCc1ccccc1)C(O)C[NH2+]Cc1cc(OC)ccc1,1,1,0,Exmol_based,Generated using exmol-based algorithm
CCOC[C@H](Oc1cc(CC2CS(=O)(=O)CC([NH2+]Cc3cccc(C(C)C)c3)C2O)cc(F)c1N)C(F)(F)F,1,S1(=O)(=O)CC(Cc2cc(O[C@@H](COCC)C(F)(F)F)c(N)c(F)c2)C(O)C([NH2+]Cc2cc(ccc2)C(C)(C)C)C1,1,1,0,Exmol_based,Generated using exmol-based algorithm
CCOC[C@H](Oc1cc(CC2CS(=O)(=O)PC([NH2+]Cc3cccc(C(C)(C)C)c3)C2O)cc(F)c1N)C(F)(F)F,1,S1(=O)(=O)CC(Cc2cc(O[C@@H](COCC)C(F)(F)F)c(N)c(F)c2)C(O)C([NH2+]Cc2cc(ccc2)C(C)(C)C)C1,1,1,0,Exmol_based,Generated using exmol-based algorithm
CC(C)(C)c1cccc(C[NH2+]C2CS(=O)(=O)CC(Cc3cc(O)c(N)c(F)c3)C2O)c1.CCOC.FC(F)F,1,S1(=O)(=O)CC(Cc2cc(O[C@@H](COCC)C(F)(F)F)c(N)c(F)c2)C(O)C([NH2+]Cc2cc(ccc2)C(C)(C)C)C1,1,1,0,Exmol_based,Generated using exmol-based algorithm
C#Cc1ccc(C(=O)Nc2ccc(F)c(C(C)(N)C(F)(F)CO)c2)nc1.N,1,FC1(F)COC(=NC1(C)c1cc(NC(=O)c2ncc(cc2)C#C)ccc1F)N,1,1,0,Exmol_based,Generated using exmol-based algorithm
C#Cc1ccc(C(=O)Nc2ccc(F)c(C3(C)N=C(N)OCC3(F)F)c2)nc1,1,FC1(F)COC(=NC1(C)c1cc(NC(=O)c2ncc(cc2)C#C)ccc1F)N,1,1,0,Exmol_based,Generated using exmol-based algorithm
C#Cc1ccc(C(=O)Nc2ccc(F)c(C3(C)N=C(N)OCC3(F)P)c2)nc1,1,FC1(F)COC(=NC1(C)c1cc(NC(=O)c2ncc(cc2)C#C)ccc1F)N,1,1,0,Exmol_based,Generated using exmol-based algorithm
CC1(c2cccc(NC(=O)c3ccc(Cl)cn3)c2)C[NH+]CC(N)=N1,1,Clc1ccc(nc1)C(=O)Nc1cc(ccc1)C1(N=C(N)C[NH+](C1)C)C,1,1,0,Exmol_based,Generated using exmol-based algorithm
C[NH+]CC(C)(N=C(C)N)c1cccc(NC(=O)c2ccc(Cl)cn2)c1,1,Clc1ccc(nc1)C(=O)Nc1cc(ccc1)C1(N=C(N)C[NH+](C1)C)C,1,1,0,Exmol_based,Generated using exmol-based algorithm
CC1(c2cccc(NC(=O)c3ccc(Cl)cn3)c2)C[NH+](P)CC(N)=N1,1,Clc1ccc(nc1)C(=O)Nc1cc(ccc1)C1(N=C(N)C[NH+](C1)C)C,1,1,0,Exmol_based,Generated using exmol-based algorithm
CC(=O)NC(Cc1cc(F)cc(F)c1)C(O)C[NH2+]C1(c2cc(C(C)(C)C)c3cc2-3)CCC(C(F)(F)F)CC1,1,Fc1cc(cc(F)c1)CC(NC(=O)C)C(O)C[NH2+]C1(CCC(CC1)C(F)(F)F)c1cc(ccc1)C(C)(C)C,1,1,0,Exmol_based,Generated using exmol-based algorithm
CC(C)(C)c1cccc(C2([NH2+]CCO)CCC(C(F)(F)F)CC2)c1.CC(N)=O.Cc1cc(F)cc(F)c1,1,Fc1cc(cc(F)c1)CC(NC(=O)C)C(O)C[NH2+]C1(CCC(CC1)C(F)(F)F)c1cc(ccc1)C(C)(C)C,1,1,0,Exmol_based,Generated using exmol-based algorithm
CCC(CCC([NH2+]CC(O)C(Cc1cc(F)cc(F)c1)NC(C)=O)c1cccc(C(C)(C)C)c1)C(F)(F)F,1,Fc1cc(cc(F)c1)CC(NC(=O)C)C(O)C[NH2+]C1(CCC(CC1)C(F)(F)F)c1cc(ccc1)C(C)(C)C,1,1,0,Exmol_based,Generated using exmol-based algorithm
C.CCCN(C)C(=O)n1cc(C(=O)NC(Cc2cc(F)cc(F)c2)C(O)C[NH2+]Cc2cccc(OC)c2)c2cccnc21,1,Fc1cc(cc(F)c1)CC(NC(=O)c1c2cccnc2n(c1)C(=O)N(CCCC)C)C(O)C[NH2+]Cc1cc(OC)ccc1,1,1,0,Exmol_based,Generated using exmol-based algorithm
CCCCN(C)C(=O)n1cc(C(=O)NC(CC[NH2+]Cc2cccc(OC)c2)Cc2cc(F)cc(F)c2)c2cccnc21.O,1,Fc1cc(cc(F)c1)CC(NC(=O)c1c2cccnc2n(c1)C(=O)N(CCCC)C)C(O)C[NH2+]Cc1cc(OC)ccc1,1,1,0,Exmol_based,Generated using exmol-based algorithm
CCCCN(N)C(=O)n1cc(C(=O)NC(Cc2cc(F)cc(F)c2)C(O)C[NH2+]Cc2cccc(OC)c2)c2cccnc21,1,Fc1cc(cc(F)c1)CC(NC(=O)c1c2cccnc2n(c1)C(=O)N(CCCC)C)C(O)C[NH2+]Cc1cc(OC)ccc1,1,1,0,Exmol_based,Generated using exmol-based algorithm
COCC(=O)NC(Cc1cccc(-c2ccncc2)c1)C(O)C[NH2+]C1CC2(CCC2)Oc2ncc(CC(C)(C)C)cc21,1,O1c2ncc(cc2C([NH2+]CC(O)C(NC(=O)COC)Cc2cc(ccc2)-c2ccncc2)CC12CCC2)CC(C)(C)C,1,1,0,Exmol_based,Generated using exmol-based algorithm
COCC(=O)NC(Cc1cccc(-c2ccncc2)c1)C(O)C[NH2+]C1CC2(CCC2)Oc2ncc(CC(C)(C)CP)cc21,1,O1c2ncc(cc2C([NH2+]CC(O)C(NC(=O)COC)Cc2cc(ccc2)-c2ccncc2)CC12CCC2)CC(C)(C)C,1,1,0,Exmol_based,Generated using exmol-based algorithm
CCC1CC([NH2+]CC(O)C(Cc2cccc(-c3ccncc3)c2)NC(=O)COC)c2cc(CC(C)(C)C)cnc2O1,1,O1c2ncc(cc2C([NH2+]CC(O)C(NC(=O)COC)Cc2cc(ccc2)-c2ccncc2)CC12CCC2)CC(C)(C)C,1,1,0,Exmol_based,Generated using exmol-based algorithm
CC(C)(C)c1ccccc1.C[NH2+]C1CS(=O)CC(Cc2cc(F)c(N)c(OC)c2)C1O,1,S1(=O)CC(Cc2cc(OC)c(N)c(F)c2)C(O)C([NH2+]Cc2cc(ccc2)C(C)(C)C)C1,1,1,0,Exmol_based,Generated using exmol-based algorithm
COc1cc(CCCS(=O)CC[NH2+]Cc2cccc(C(C)(C)C)c2)cc(F)c1N.O,1,S1(=O)CC(Cc2cc(OC)c(N)c(F)c2)C(O)C([NH2+]Cc2cc(ccc2)C(C)(C)C)C1,1,1,0,Exmol_based,Generated using exmol-based algorithm
COc1cc(CC2CS(=O)CC([NH2+]Cc3cccc(C(C)(C)Br)c3)C2O)cc(F)c1N,1,S1(=O)CC(Cc2cc(OC)c(N)c(F)c2)C(O)C([NH2+]Cc2cc(ccc2)C(C)(C)C)C1,1,1,0,Exmol_based,Generated using exmol-based algorithm
CC(C)(C)Cc1cnc2c(p1)C([NH2+]CC(O)C(Cc1ccc3c(c1)OCO3)NC(=O)c1cccnc1F)CC1(CCC1)O2,1,Fc1ncccc1C(=O)NC(Cc1cc2OCOc2cc1)C(O)C[NH2+]C1CC2(Oc3ncc(cc13)CC(C)(C)C)CCC2,1,1,0,Exmol_based,Generated using exmol-based algorithm
CC(C)(C)Cc1cnc(OC2CCC2)c(C[NH2+]CC(O)C(Cc2ccc3c(c2)OCO3)NC(=O)c2cccnc2F)c1,1,Fc1ncccc1C(=O)NC(Cc1cc2OCOc2cc1)C(O)C[NH2+]C1CC2(Oc3ncc(cc13)CC(C)(C)C)CCC2,1,1,0,Exmol_based,Generated using exmol-based algorithm
CC(C)(C)Cc1ccc(OC2(CC[NH2+]CC(O)C(Cc3ccc4c(c3)OCO4)NC(=O)c3cccnc3F)CCC2)nc1,1,Fc1ncccc1C(=O)NC(Cc1cc2OCOc2cc1)C(O)C[NH2+]C1CC2(Oc3ncc(cc13)CC(C)(C)C)CCC2,1,1,0,Exmol_based,Generated using exmol-based algorithm
O=C(NC(Cc1ccccc1)C(O)C[NH2+]Cc1cccc(C(F)(F)F)c1)c1cc(N2CCCC2=O)c2nnn(CBr)c2c1,1,FC(F)(F)c1cc(ccc1)C[NH2+]CC(O)C(NC(=O)c1cc(N2CCCC2=O)c2nnn(c2c1)CC)Cc1ccccc1,1,1,0,Exmol_based,Generated using exmol-based algorithm
CC(O)n1nnc2c(N3CCCC3=O)cc(C(=O)NC(Cc3ccccc3)C(O)C[NH2+]Cc3cccc(C(F)(F)F)c3)cc21,1,FC(F)(F)c1cc(ccc1)C[NH2+]CC(O)C(NC(=O)c1cc(N2CCCC2=O)c2nnn(c2c1)CC)Cc1ccccc1,1,1,0,Exmol_based,Generated using exmol-based algorithm
CCn1nnc2c(N3CCCC3=O)cc(C(=O)NC(C)C(O)C[NH2+]Cc3cccc(C(F)(F)F)c3)cc21.c1ccccc1,1,FC(F)(F)c1cc(ccc1)C[NH2+]CC(O)C(NC(=O)c1cc(N2CCCC2=O)c2nnn(c2c1)CC)Cc1ccccc1,1,1,0,Exmol_based,Generated using exmol-based algorithm
CCCN1C(=N)C(c2ccc(OC(F)(F)F)cc2)(c2cccc(-c3cncnc3)c2)[NH+]=C1N,1,FC(F)(F)Oc1ccc(cc1)C1([NH+]=C(N2C1=NCCC2)N)c1cc(ccc1)-c1cncnc1,1,1,0,Exmol_based,Generated using exmol-based algorithm
F.NC1=[NH+]C(c2ccc(OC(F)F)cc2)(c2cccc(-c3cncnc3)c2)C2=NCCCN21,1,FC(F)(F)Oc1ccc(cc1)C1([NH+]=C(N2C1=NCCC2)N)c1cc(ccc1)-c1cncnc1,1,1,0,Exmol_based,Generated using exmol-based algorithm
NC1=[NH+]C(c2ccc(OC(F)F)cc2)(c2cccc(-c3cncnc3)c2)C2=NCCCN21,1,FC(F)(F)Oc1ccc(cc1)C1([NH+]=C(N2C1=NCCC2)N)c1cc(ccc1)-c1cncnc1,1,1,0,Exmol_based,Generated using exmol-based algorithm
Cc1ccccc1-c1ccc2nc(N)c(CSC(=O)NCC3CCCCC3)cc2c1,1,O=C(NCC1CCCCC1)CCc1cc2cc(ccc2nc1N)-c1ccccc1C,1,1,0,Exmol_based,Generated using exmol-based algorithm
Cc1ncccc1-c1ccc2nc(N)c(CCC(=O)NCC3CCCCC3)cc2c1,1,O=C(NCC1CCCCC1)CCc1cc2cc(ccc2nc1N)-c1ccccc1C,1,1,0,Exmol_based,Generated using exmol-based algorithm
Cc1ccccc1-c1ccc2nc(N)c(CCC=O)cc2c1.NCC1CCCCC1,1,O=C(NCC1CCCCC1)CCc1cc2cc(ccc2nc1N)-c1ccccc1C,1,1,0,Exmol_based,Generated using exmol-based algorithm
CCC(C)C1(NC(C)=O)CCN(CC(=O)NC(Cc2cc(F)cc(F)c2)C(O)C2CC([NH3+])C[NH2+]2)C1=O.CCc1ccccc1,1,Fc1cc(cc(F)c1)CC(NC(=O)C(N1CCC(NC(=O)C)(C(CC)C)C1=O)CCc1ccccc1)C(O)C1[NH2+]CC([NH3+])C1,1,1,0,Exmol_based,Generated using exmol-based algorithm
CCC(C)C1(NC(C)=O)CCN(C2C(=O)NC(C(O)C3CC([NH3+])C[NH2+]3)C(c3cc(F)cc(F)c3)=C2Cc2ccccc2)C1=O,1,Fc1cc(cc(F)c1)CC(NC(=O)C(N1CCC(NC(=O)C)(C(CC)C)C1=O)CCc1ccccc1)C(O)C1[NH2+]CC([NH3+])C1,1,1,0,Exmol_based,Generated using exmol-based algorithm
CCC(C)C1(NC(C)=O)CCN(C(CCc2ccccc2)C(=O)NCC(O)C2CC([NH3+])C[NH2+]2)C1=O.Cc1cc(F)cc(F)c1,1,Fc1cc(cc(F)c1)CC(NC(=O)C(N1CCC(NC(=O)C)(C(CC)C)C1=O)CCc1ccccc1)C(O)C1[NH2+]CC([NH3+])C1,1,1,0,Exmol_based,Generated using exmol-based algorithm
CCCOC1C[NH2+]C(C(O)C(Cc2cc(F)cc(F)c2)NC=O)C1.CCN1CCC(CC(C)C)C1=O,1,Fc1cc(cc(F)c1)CC(NC(=O)C(N1CCC(CC(C)C)C1=O)C)C(O)C1[NH2+]CC(OCCC)C1,1,1,0,Exmol_based,Generated using exmol-based algorithm
CCCOC1C[NH2+]C(C(O)C(Cc2cc(F)cc(F)c2)NC(=O)C(C)N2CCC(CCC)C2=O)C1,1,Fc1cc(cc(F)c1)CC(NC(=O)C(N1CCC(CC(C)C)C1=O)C)C(O)C1[NH2+]CC(OCCC)C1,1,1,0,Exmol_based,Generated using exmol-based algorithm
CCCOC(C)CC([NH2+])C(O)C(Cc1cc(F)cc(F)c1)NC(=O)C(C)N1CCC(CC(C)C)C1=O,1,Fc1cc(cc(F)c1)CC(NC(=O)C(N1CCC(CC(C)C)C1=O)C)C(O)C1[NH2+]CC(OCCC)C1,1,1,0,Exmol_based,Generated using exmol-based algorithm
Fc1ccc(C2(c3ccnc(C(F)F)c3)N=Cc3c(F)cccc32)cc1-c1cncnc1.N,1,Fc1ccc(cc1-c1cncnc1)C1(N=C(N)c2c1cccc2F)c1cc(ncc1)C(F)F,1,1,0,Exmol_based,Generated using exmol-based algorithm
NC1=NC(c2ccnc(C(F)F)c2)(c2ccc(F)c(-c3cncnc3)c2)c2cccc(F)c21,1,Fc1ccc(cc1-c1cncnc1)C1(N=C(N)c2c1cccc2F)c1cc(ncc1)C(F)F,1,1,0,Exmol_based,Generated using exmol-based algorithm
NC1=NC(c2ccnc(C(F)F)c2)(c2ccc(F)c(-c3cncnc3)c2)c2c3cc-3c(F)c21,1,Fc1ccc(cc1-c1cncnc1)C1(N=C(N)c2c1cccc2F)c1cc(ncc1)C(F)F,1,1,0,Exmol_based,Generated using exmol-based algorithm
CC(=O)NC(Cc1ccc(OC(F)F)c(OC(F)S)c1)C(O)C[NH2+]C1CC2(CCC2)Oc2ncc(CC(C)(C)C)cc21,1,FC(F)Oc1cc(ccc1OC(F)F)CC(NC(=O)C)C(O)C[NH2+]C1CC2(Oc3ncc(cc13)CC(C)(C)C)CCC2,1,1,0,Exmol_based,Generated using exmol-based algorithm
CC(=O)NC(Cc1ccc(O[SH](F)F)c(OC(F)F)c1)C(O)C[NH2+]C1CC2(CCC2)Oc2ncc(CC(C)(C)C)cc21,1,FC(F)Oc1cc(ccc1OC(F)F)CC(NC(=O)C)C(O)C[NH2+]C1CC2(Oc3ncc(cc13)CC(C)(C)C)CCC2,1,1,0,Exmol_based,Generated using exmol-based algorithm
CC(=O)NC(Cc1ccc(OC(F)F)c(OC(F)F)c1)C(O)C[NH2+]C1CC2(CCC2)Oc2ncc(CC(C)(C)C)cc21,1,FC(F)Oc1cc(ccc1OC(F)F)CC(NC(=O)C)C(O)C[NH2+]C1CC2(Oc3ncc(cc13)CC(C)(C)C)CCC2,1,1,0,Exmol_based,Generated using exmol-based algorithm
CNC(=O)C(N=CN)(c1cccc(-c2cccnc2)c1)c1ccc(OC)c(Cl)c1,1,Clc1cc(ccc1OC)C1(N=C(N)N(C)C1=O)c1cc(ccc1)-c1cccnc1,1,1,0,Exmol_based,Generated using exmol-based algorithm
CNC(=O)C(N)(c1cccc(-c2cccnc2)c1)c1ccc(OC)c(Cl)c1.N,1,Clc1cc(ccc1OC)C1(N=C(N)N(C)C1=O)c1cc(ccc1)-c1cccnc1,1,1,0,Exmol_based,Generated using exmol-based algorithm
COc1ccc(C2(c3ccc(Cl)c(-c4cccnc4)c3)N=C(N)N(C)C2=O)cc1Cl,1,Clc1cc(ccc1OC)C1(N=C(N)N(C)C1=O)c1cc(ccc1)-c1cccnc1,1,1,0,Exmol_based,Generated using exmol-based algorithm
Cc1ccc2c(n1)CCCC21C[NH2+]CC1CN1CCC(c2ccccc2)CC1C1CCCCC1,1,O=C(N1CCC(CC1C1CCCCC1)c1ccccc1)C1C[NH2+]CC12CCCc1nc(ccc12)C,1,1,0,Exmol_based,Generated using exmol-based algorithm
Cc1ccc2c(n1)CCCC21C[NH2+]CC1C(=O)N1CNC(c2ccccc2)CC1C1CCCCC1,1,O=C(N1CCC(CC1C1CCCCC1)c1ccccc1)C1C[NH2+]CC12CCCc1nc(ccc12)C,1,1,0,Exmol_based,Generated using exmol-based algorithm
C[NH2+]CC(C(=O)N1CCC(c2ccccc2)CC1C1CCCCC1)C1CCCc2nc(C)ccc21,1,O=C(N1CCC(CC1C1CCCCC1)c1ccccc1)C1C[NH2+]CC12CCCc1nc(ccc12)C,1,1,0,Exmol_based,Generated using exmol-based algorithm
CC(C)(C)c1cccc(C[NH2+]C2CS(=O)CC(Cc3ccc(N)c(OCC(F)(F)F)c3)C2O)c1,1,S1(=O)(=O)CC(Cc2cc(OCC(F)(F)F)c(N)cc2)C(O)C([NH2+]Cc2cc(ccc2)C(C)(C)C)C1,1,1,0,Exmol_based,Generated using exmol-based algorithm
CC(C)(C)c1cccc(C[NH2+]C23CS(=O)(=O)CC(Cc4ccc(N)c(OCC(F)(F)F)c4)C2O3)c1,1,S1(=O)(=O)CC(Cc2cc(OCC(F)(F)F)c(N)cc2)C(O)C([NH2+]Cc2cc(ccc2)C(C)(C)C)C1,1,1,0,Exmol_based,Generated using exmol-based algorithm
CC(C)(C)c1cccc(C[NH2+]C2CS(=O)CC(Cc3ccc(N)c(OCC(F)(F)F)c3)C2O)c1,1,S1(=O)(=O)CC(Cc2cc(OCC(F)(F)F)c(N)cc2)C(O)C([NH2+]Cc2cc(ccc2)C(C)(C)C)C1,1,1,0,Exmol_based,Generated using exmol-based algorithm
CC(C)(C)Cn1cc(C[NH2+]C2CS(=O)(=O)CC(Cc3cc(F)c(N)c(OCC(F)(F)F)c3)C2O)cn1.F.F.F,1,S1(=O)(=O)CC(Cc2cc(OC(C(F)(F)F)C(F)(F)F)c(N)c(F)c2)C(O)C([NH2+]Cc2cn(nc2)CC(C)(C)C)C1,1,1,0,Exmol_based,Generated using exmol-based algorithm
CC(C)(C)Cn1cc(C[NH2+]C2CS(=O)CC(Cc3cc(F)c(N)c(OC(C(F)(F)F)C(F)(F)F)c3)C2O)cn1,1,S1(=O)(=O)CC(Cc2cc(OC(C(F)(F)F)C(F)(F)F)c(N)c(F)c2)C(O)C([NH2+]Cc2cn(nc2)CC(C)(C)C)C1,1,1,0,Exmol_based,Generated using exmol-based algorithm
C.CC(C)Cn1cc(C[NH2+]C2CS(=O)(=O)CC(Cc3cc(F)c(N)c(OC(C(F)(F)F)C(F)(F)F)c3)C2O)cn1,1,S1(=O)(=O)CC(Cc2cc(OC(C(F)(F)F)C(F)(F)F)c(N)c(F)c2)C(O)C([NH2+]Cc2cn(nc2)CC(C)(C)C)C1,1,1,0,Exmol_based,Generated using exmol-based algorithm
C.CC1(C)CC(C=O)(N=CN)c2cc(-c3cc(Cl)ccc3F)ccc2O1,1,Clc1cc(-c2cc3c(OC(CC34N=C(N)N(C)C4=O)(C)C)cc2)c(F)cc1,1,1,0,Exmol_based,Generated using exmol-based algorithm
CN1C(=O)C(CC(C)(C)Oc2ccc(-c3cc(Cl)ccc3F)cc2)N=C1N,1,Clc1cc(-c2cc3c(OC(CC34N=C(N)N(C)C4=O)(C)C)cc2)c(F)cc1,1,1,0,Exmol_based,Generated using exmol-based algorithm
CN1C(=O)C2(CC(C)(C)Oc3c(O)cc(-c4cc(Cl)ccc4F)cc32)N=C1N,1,Clc1cc(-c2cc3c(OC(CC34N=C(N)N(C)C4=O)(C)C)cc2)c(F)cc1,1,1,0,Exmol_based,Generated using exmol-based algorithm
CC(N=C(N)O)(c1cc(NC(=O)c2ccn(C(F)F)n2)ccc1F)C(F)F,1,FC1(F)COC(=NC1(C)c1cc(NC(=O)c2nn(cc2)C(F)F)ccc1F)N,1,1,0,Exmol_based,Generated using exmol-based algorithm
CC1(c2cc(NCc3ccn(C(F)F)n3)ccc2F)N=C(N)OCC1(F)F.O,1,FC1(F)COC(=NC1(C)c1cc(NC(=O)c2nn(cc2)C(F)F)ccc1F)N,1,1,0,Exmol_based,Generated using exmol-based algorithm
CC1(c2cc(NC(=O)c3ccn(CF)n3)ccc2F)N=C(N)OCC1(F)F.F,1,FC1(F)COC(=NC1(C)c1cc(NC(=O)c2nn(cc2)C(F)F)ccc1F)N,1,1,0,Exmol_based,Generated using exmol-based algorithm
FCF.NC1=NC(c2ccncc2)(c2ccc(F)c(-c3cncnc3)c2)c2cc(F)cc(F)c21,1,Fc1ccc(cc1-c1cncnc1)C1(N=C(N)c2c1cc(F)cc2F)c1cc(ncc1)C(F)F,1,1,0,Exmol_based,Generated using exmol-based algorithm
NC1=NC(c2ccnc(C(F)F)c2)(c2ccc(F)c(-c3cncnc3)c2F)c2cc(F)cc(F)c21,1,Fc1ccc(cc1-c1cncnc1)C1(N=C(N)c2c1cc(F)cc2F)c1cc(ncc1)C(F)F,1,1,0,Exmol_based,Generated using exmol-based algorithm
NC1=NC(c2ccnc(CF)c2)(c2ccc(F)c(-c3cncnc3)c2)c2cc(F)cc(F)c21,1,Fc1ccc(cc1-c1cncnc1)C1(N=C(N)c2c1cc(F)cc2F)c1cc(ncc1)C(F)F,1,1,0,Exmol_based,Generated using exmol-based algorithm
COc1ccc(C(N=CN)(C2=NCC(F)(F)CN2)c2ccc(F)c(-c3cccnc3)c2)cc1C,1,Fc1ccc(cc1-c1cccnc1)C1(N=C(N2C1=NCC(F)(F)C2)N)c1cc(C)c(OC)cc1,1,1,0,Exmol_based,Generated using exmol-based algorithm
C.Cc1cccc(C2(c3ccc(F)c(-c4cccnc4)c3)N=C(N)N3CC(F)(F)CN=C32)c1,1,Fc1ccc(cc1-c1cccnc1)C1(N=C(N2C1=NCC(F)(F)C2)N)c1cc(C)c(OC)cc1,1,1,0,Exmol_based,Generated using exmol-based algorithm
COc1ccc(C2(c3ccc(F)c(-c4cccnc4)c3)N=C(N)N(C)C2=NCC(F)F)cc1C,1,Fc1ccc(cc1-c1cccnc1)C1(N=C(N2C1=NCC(F)(F)C2)N)c1cc(C)c(OC)cc1,1,1,0,Exmol_based,Generated using exmol-based algorithm
COc1cccc(C[NH2+]C[C@H](O)[C@H](Cc2cc(F)cc(F)c2)NC(=P)c2cc(/C(C)=N\O)cc(N3CCCCS3(=O)=O)c2)c1,1,S1(=O)(=O)N(CCCC1)c1cc(cc(c1)/C(=N\O)/C)C(=O)N[C@H]([C@@H](O)C[NH2+]Cc1cc(OC)ccc1)Cc1cc(F)cc(F)c1,1,1,0,Exmol_based,Generated using exmol-based algorithm
C/C(=N/O)c1cc(C=O)cc(N2CCCCS2(=O)=O)c1.COc1cccc(C[NH2+]C[C@H](O)[C@@H](N)Cc2cc(F)cc(F)c2)c1,1,S1(=O)(=O)N(CCCC1)c1cc(cc(c1)/C(=N\O)/C)C(=O)N[C@H]([C@@H](O)C[NH2+]Cc1cc(OC)ccc1)Cc1cc(F)cc(F)c1,1,1,0,Exmol_based,Generated using exmol-based algorithm
COc1cccc(C[NH2+]C[C@H](O)[C@H](Cc2cc(F)cc(F)c2)N(Cl)C(=O)c2cc(/C(C)=N\O)cc(N3CCCCS3(=O)=O)c2)c1,1,S1(=O)(=O)N(CCCC1)c1cc(cc(c1)/C(=N\O)/C)C(=O)N[C@H]([C@@H](O)C[NH2+]Cc1cc(OC)ccc1)Cc1cc(F)cc(F)c1,1,1,0,Exmol_based,Generated using exmol-based algorithm
CC(=O)NC(Cc1cc(F)cc(F)c1)C(O)C[NH2+]C1(c2cccc(C(C)(C)F)c2)CCC(CO)CC1,1,Fc1cc(cc(F)c1)CC(NC(=O)C)C(O)C[NH2+]C1(CCC(CC1)CO)c1cc(ccc1)C(C)(C)C,1,1,0,Exmol_based,Generated using exmol-based algorithm
CC(=O)NC(Cc1cc(F)cc(F)c1)C(O)C[NH2+]C(C)(CCC(C)CO)c1cccc(C(C)(C)C)c1,1,Fc1cc(cc(F)c1)CC(NC(=O)C)C(O)C[NH2+]C1(CCC(CC1)CO)c1cc(ccc1)C(C)(C)C,1,1,0,Exmol_based,Generated using exmol-based algorithm
CC(=O)NC(CO)Cc1cc(F)cc(F)c1.CC(C)(C)c1cccc(C2([NH2+])CCC(CO)CC2)c1,1,Fc1cc(cc(F)c1)CC(NC(=O)C)C(O)C[NH2+]C1(CCC(CC1)CO)c1cc(ccc1)C(C)(C)C,1,1,0,Exmol_based,Generated using exmol-based algorithm
CCCCC1CCN(C(CCc2ccccc2)C(=O)NC(Cc2cc(F)cc(F)c2)C(O)C[NH2+]Cc2cccc(OC)c2)C1=O,1,Fc1cc(cc(F)c1)CC(NC(=O)C(N1CCC(CCCC)C1=O)CCc1ccccc1)C(O)C[NH2+]Cc1cc(OC)ccc1,1,1,0,Exmol_based,Generated using exmol-based algorithm
CCCCC(C)C(=O)NC(CCc1ccccc1)C(=O)NC(Cc1cc(F)cc(F)c1)C(O)C[NH2+]Cc1cccc(OC)c1,1,Fc1cc(cc(F)c1)CC(NC(=O)C(N1CCC(CCCC)C1=O)CCc1ccccc1)C(O)C[NH2+]Cc1cc(OC)ccc1,1,1,0,Exmol_based,Generated using exmol-based algorithm
CCCC.CCN(C=O)C(CCc1ccccc1)C(=O)NC(Cc1cc(F)cc(F)c1)C(O)C[NH2+]Cc1cccc(OC)c1,1,Fc1cc(cc(F)c1)CC(NC(=O)C(N1CCC(CCCC)C1=O)CCc1ccccc1)C(O)C[NH2+]Cc1cc(OC)ccc1,1,1,0,Exmol_based,Generated using exmol-based algorithm
CC1(C)CC2(N=C(N)N(O)C2=O)c2cc(-c3cc(F)cc(Cl)c3)ccc2O1,1,Clc1cc(cc(F)c1)-c1cc2c(OC(CC23N=C(N)N(C)C3=O)(C)C)cc1,1,1,0,Exmol_based,Generated using exmol-based algorithm
CN(C(=N)N)C(=O)C1CC(C)(C)Oc2ccc(-c3cc(F)cc(Cl)c3)cc21,1,Clc1cc(cc(F)c1)-c1cc2c(OC(CC23N=C(N)N(C)C3=O)(C)C)cc1,1,1,0,Exmol_based,Generated using exmol-based algorithm
CN1C(=O)C2(CC(C)(C)Oc3ccc(C4=CS(F)=CC(Cl)=C4)cc32)N=C1N,1,Clc1cc(cc(F)c1)-c1cc2c(OC(CC23N=C(N)N(C)C3=O)(C)C)cc1,1,1,0,Exmol_based,Generated using exmol-based algorithm
CC1(c2cc(NC(=O)c3ncc(Cl)cc3Cl)ccc2F)CCOC(N)=N1,1,Clc1cc(Cl)cnc1C(=O)Nc1cc(C2(N=C(OCC2)N)C)c(F)cc1,1,1,0,Exmol_based,Generated using exmol-based algorithm
CC1(c2cc(NC(=O)c3ncc(Cl)cc3Cl)ccc2F)N=C(N)OCN1,1,Clc1cc(Cl)cnc1C(=O)Nc1cc(C2(N=C(OCC2)N)C)c(F)cc1,1,1,0,Exmol_based,Generated using exmol-based algorithm
CC1(c2cc(N)ccc2F)CCOC(N)=N1.Clc1cncc(Cl)c1.O,1,Clc1cc(Cl)cnc1C(=O)Nc1cc(C2(N=C(OCC2)N)C)c(F)cc1,1,1,0,Exmol_based,Generated using exmol-based algorithm
CCn1ccc2c(N(C)S(=O)(=O)CC)cc(C(=O)NC(Cc3ccccc3)[C@H](O)C[NH2+]CCF)cc21,1,S1(=O)(=O)N(c2cc(cc3n(cc(CC1)c23)CC)C(=O)NC([C@H](O)C[NH2+]CCF)Cc1ccccc1)C,1,1,0,Exmol_based,Generated using exmol-based algorithm
CCn1ccc2c(N(C)S(C)(=O)=O)cc(C(=O)NC(Cc3ccccc3)[C@H](O)C[NH2+]CCF)cc21,1,S1(=O)(=O)N(c2cc(cc3n(cc(CC1)c23)CC)C(=O)NC([C@H](O)C[NH2+]CCF)Cc1ccccc1)C,1,1,0,Exmol_based,Generated using exmol-based algorithm
CCn1c2c3c4c(cc(cc41)C(=O)NC(Cc1ccccc1)[C@H](O)C2[NH2+]CCF)N(C)S(=O)(=O)CC3,1,S1(=O)(=O)N(c2cc(cc3n(cc(CC1)c23)CC)C(=O)NC([C@H](O)C[NH2+]CCF)Cc1ccccc1)C,1,1,0,Exmol_based,Generated using exmol-based algorithm
CCc1cn(C)c2c(N3CCCC3)cc(C(=O)NC(Cc3ccccc3)C(O)C[NH2+]Cc3cccc(C(F)(F)F)c3)cc12.O,1,FC(F)(F)c1cc(ccc1)C[NH2+]CC(O)C(NC(=O)c1cc(N2CCCC2=O)c2n(cc(c2c1)CC)C)Cc1ccccc1,1,1,0,Exmol_based,Generated using exmol-based algorithm
CCc1cn(C)c2c(N3CCCC3=O)cc(C(=O)NC(Cc3ccccc3)C(O)C[NH2+]Cc3ccc(C)c(C(F)(F)F)c3)cc12,1,FC(F)(F)c1cc(ccc1)C[NH2+]CC(O)C(NC(=O)c1cc(N2CCCC2=O)c2n(cc(c2c1)CC)C)Cc1ccccc1,1,1,0,Exmol_based,Generated using exmol-based algorithm
CCc1cn(C)c2c(N3CCCC3=O)cc(C(=O)NC(Cc3ccccc3)C(O)C[NH2+]Cc3cccc(C(F)(F)F)c3)cc12,1,FC(F)(F)c1cc(ccc1)C[NH2+]CC(O)C(NC(=O)c1cc(N2CCCC2=O)c2n(cc(c2c1)CC)C)Cc1ccccc1,1,1,0,Exmol_based,Generated using exmol-based algorithm
CCNc1cc(C(=O)NC(Cc2ccccc2)C(O)C[NH2+]Cc2cncc(C#N)c2)cc(N2CCCCS2(=O)=O)p1,1,S1(=O)(=O)N(CCCC1)c1cc(cc(NCC)c1)C(=O)NC(Cc1ccccc1)C(O)C[NH2+]Cc1cc(cnc1)C#N,1,1,0,Exmol_based,Generated using exmol-based algorithm
CCNc1cc(C=O)cc(N2CCCCS2(=O)=O)c1.N#Cc1cncc(C[NH2+]CC(O)CCc2ccccc2)c1,1,S1(=O)(=O)N(CCCC1)c1cc(cc(NCC)c1)C(=O)NC(Cc1ccccc1)C(O)C[NH2+]Cc1cc(cnc1)C#N,1,1,0,Exmol_based,Generated using exmol-based algorithm
CCNc1cc(C(=O)NC(Cc2ccccc2)C(O)C[NH2+]Cc2cncc(C#N)c2)cc(N2CCCCS2(=O)=O)c1,1,S1(=O)(=O)N(CCCC1)c1cc(cc(NCC)c1)C(=O)NC(Cc1ccccc1)C(O)C[NH2+]Cc1cc(cnc1)C#N,1,1,0,Exmol_based,Generated using exmol-based algorithm
Cc1ccoc1CNc1cccc(C2(C3CCCCC3)N=C(N)N(C)C2=O)c1.O,1,o1ccc(C)c1C(=O)Nc1cc(ccc1)C1(N=C(N)N(C)C1=O)C1CCCCC1,1,1,0,Exmol_based,Generated using exmol-based algorithm
Cc1ccoc1C(=O)Nc1cccc(C2(C3CCCC(=O)C3)N=C(N)N(C)C2=O)c1,1,o1ccc(C)c1C(=O)Nc1cc(ccc1)C1(N=C(N)N(C)C1=O)C1CCCCC1,1,1,0,Exmol_based,Generated using exmol-based algorithm
Cc1ccoc1C(=O)Nc1cccc(C2(C3CCCCC3)N=C(NP)N(C)C2=O)c1,1,o1ccc(C)c1C(=O)Nc1cc(ccc1)C1(N=C(N)N(C)C1=O)C1CCCCC1,1,1,0,Exmol_based,Generated using exmol-based algorithm
CN1C(=O)C(c2cccc(-c3cccnc3)c2)(c2ccc(O)c(C(F)(F)F)c2)N=C1N,1,FC(F)(F)c1cc(ccc1OC)C1(N=C(N)N(C)C1=O)c1cc(ccc1)-c1cccnc1,1,1,0,Exmol_based,Generated using exmol-based algorithm
C.COc1ccc(C2(c3cccc(-c4cccnc4)c3)N=C(N)NC2=O)cc1C(F)(F)F,1,FC(F)(F)c1cc(ccc1OC)C1(N=C(N)N(C)C1=O)c1cc(ccc1)-c1cccnc1,1,1,0,Exmol_based,Generated using exmol-based algorithm
COc1ccc(C2(c3cccc(-c4cccnc4)c3)N=C(N)N(C)C2=O)cc1C(F)(F)Cl,1,FC(F)(F)c1cc(ccc1OC)C1(N=C(N)N(C)C1=O)c1cc(ccc1)-c1cccnc1,1,1,0,Exmol_based,Generated using exmol-based algorithm
CN(C=O)C(=N)N.N#Cc1cccc(-c2ccccc2)c1.c1ccncc1,1,O=C1N(C)C(=NC1(c1cc(ccc1)-c1cc(ccc1)C#N)c1ccncc1)N,1,1,0,Exmol_based,Generated using exmol-based algorithm
CNC(N)=NC(c1ccncc1)c1cccc(-c2cccc(C#N)c2)c1.O,1,O=C1N(C)C(=NC1(c1cc(ccc1)-c1cc(ccc1)C#N)c1ccncc1)N,1,1,0,Exmol_based,Generated using exmol-based algorithm
CN1C(=O)C2(N=C1N)c1ccnc(c1)-c1ccc2cc1-c1cccc(C#N)c1,1,O=C1N(C)C(=NC1(c1cc(ccc1)-c1cc(ccc1)C#N)c1ccncc1)N,1,1,0,Exmol_based,Generated using exmol-based algorithm
CN1C(=O)C(c2ccncc2)(c2cccc(-c3cccc(F)c3F)c2)N=C1N,1,Fc1c(cccc1F)-c1cc(ccc1)C1(N=C(N)N(C)C1=O)c1ccncc1,1,1,0,Exmol_based,Generated using exmol-based algorithm
CN1C(=O)C(c2ccncc2)(c2cccc(-c3cccc(F)c3F)c2)N=C1P,1,Fc1c(cccc1F)-c1cc(ccc1)C1(N=C(N)N(C)C1=O)c1ccncc1,1,1,0,Exmol_based,Generated using exmol-based algorithm
CN1C(=O)C(c2ccncc2)(c2cccc(-c3cccc(F)c3F)n2)N=C1N,1,Fc1c(cccc1F)-c1cc(ccc1)C1(N=C(N)N(C)C1=O)c1ccncc1,1,1,0,Exmol_based,Generated using exmol-based algorithm
Nc1nc(Cn2c(-c3ccc(Oc4cncnc4)cc3)ccc2-c2ccccc2Cl)ccc1OCCO,1,Clc1ccccc1-c1n(Cc2nc(N)c(OCCO)cc2)c(cc1)-c1ccc(Oc2cncnc2)cc1,1,1,0,Exmol_based,Generated using exmol-based algorithm
Clc1ccccc1.Nc1nc(Cn2cccc2-c2ccc(Oc3cncnc3)cc2)ccc1OCCO,1,Clc1ccccc1-c1n(Cc2nc(N)c(OCCO)cc2)c(cc1)-c1ccc(Oc2cncnc2)cc1,1,1,0,Exmol_based,Generated using exmol-based algorithm
Nc1nc(Cn2c(-c3ccc(Oc4cncnc4)cp3)ccc2-c2ccccc2Cl)ccc1OCCO,1,Clc1ccccc1-c1n(Cc2nc(N)c(OCCO)cc2)c(cc1)-c1ccc(Oc2cncnc2)cc1,1,1,0,Exmol_based,Generated using exmol-based algorithm
CN1C(=O)[C@@](c2ccc(OC(F)F)cc2)(c2cccc(/C=C/CCF)c2)P=C1N,1,FCC\C=C\c1cc(ccc1)[C@]1(N=C(N)N(C)C1=O)c1ccc(OC(F)F)cc1,1,1,0,Exmol_based,Generated using exmol-based algorithm
C=Cc1cccc([C@@]2(c3ccc(OC(F)F)cc3)N=C(N)N(C)C2=O)c1.CCF,1,FCC\C=C\c1cc(ccc1)[C@]1(N=C(N)N(C)C1=O)c1ccc(OC(F)F)cc1,1,1,0,Exmol_based,Generated using exmol-based algorithm
NC1=N[C@](c2ccc(OC(F)F)cc2)(c2cccc(/C=C/CCF)c2)C(=O)N1,1,FCC\C=C\c1cc(ccc1)[C@]1(N=C(N)N(C)C1=O)c1ccc(OC(F)F)cc1,1,1,0,Exmol_based,Generated using exmol-based algorithm
C=Cc1cccc([C@@]2(c3ccc(OC(F)F)cc3)N=C(N)N(C)C2=O)c1.CCO,1,FC(F)Oc1ccc(cc1)[C@@]1(N=C(N)N(C)C1=O)c1cc(ccc1)\C=C\CCCO,1,1,0,Exmol_based,Generated using exmol-based algorithm
CN1C(=O)[C](c2ccc(OC(F)F)cc2)N=C1N.OCCC/C=C/c1ccccc1,1,FC(F)Oc1ccc(cc1)[C@@]1(N=C(N)N(C)C1=O)c1cc(ccc1)\C=C\CCCO,1,1,0,Exmol_based,Generated using exmol-based algorithm
CN1C(N)=N[C@](c2ccc(OC(F)F)cc2)(c2cccc(/C=C/CCCO)c2)[PH]1=O,1,FC(F)Oc1ccc(cc1)[C@@]1(N=C(N)N(C)C1=O)c1cc(ccc1)\C=C\CCCO,1,1,0,Exmol_based,Generated using exmol-based algorithm
CCC#Cc1cccc([C@@]2(c3ccc(OCF)cc3)N=C(N)N(C)C2=O)c1,1,FC(F)Oc1ccc(cc1)[C@@]1(N=C(N)N(C)C1=O)c1cc(ccc1)C#CCC,1,1,0,Exmol_based,Generated using exmol-based algorithm
CC.Cc1cccc([C@@]2(c3ccc(OC(F)F)cc3)N=C(N)N(C)C2=O)c1,1,FC(F)Oc1ccc(cc1)[C@@]1(N=C(N)N(C)C1=O)c1cc(ccc1)C#CCC,1,1,0,Exmol_based,Generated using exmol-based algorithm
CCC#Cc1cccc([C@@]2(c3ccccc3)N=C(N)N(C)C2=O)c1.FCF,1,FC(F)Oc1ccc(cc1)[C@@]1(N=C(N)N(C)C1=O)c1cc(ccc1)C#CCC,1,1,0,Exmol_based,Generated using exmol-based algorithm
CN1C(=O)[C@@](c2ccc(OC(F)F)cc2)(c2cccc(C#CCCCCF)c2)N=C1N,1,FCCCCC#Cc1cc(ccc1)[C@]1(N=C(N)N(C)C1=O)c1ccc(OC(F)F)cc1,1,1,0,Exmol_based,Generated using exmol-based algorithm
CN1C(=O)[C@@](c2ccc(OC(F)F)cc2)(c2cccc(C#CCCCOF)c2)N=C1N,1,FCCCCC#Cc1cc(ccc1)[C@]1(N=C(N)N(C)C1=O)c1ccc(OC(F)F)cc1,1,1,0,Exmol_based,Generated using exmol-based algorithm
CCCCF.Cc1cccc([C@@]2(c3ccc(OC(F)F)cc3)N=C(N)N(C)C2=O)c1,1,FCCCCC#Cc1cc(ccc1)[C@]1(N=C(N)N(C)C1=O)c1ccc(OC(F)F)cc1,1,1,0,Exmol_based,Generated using exmol-based algorithm
CCCC(O)C1PCN(C(C)C(=O)NC(Cc2cc(F)cc(F)c2)C(O)C2CC(O)C[NH2+]2)C1=O,1,Fc1cc(cc(F)c1)CC(NC(=O)C(N1CCC(C(O)CCC)C1=O)C)C(O)C1[NH2+]CC(O)C1,1,1,0,Exmol_based,Generated using exmol-based algorithm
C.CCCC(O)C1CCN(CC(=O)NC(Cc2cc(F)cc(F)c2)C(O)C2CC(O)C[NH2+]2)C1=O,1,Fc1cc(cc(F)c1)CC(NC(=O)C(N1CCC(C(O)CCC)C1=O)C)C(O)C1[NH2+]CC(O)C1,1,1,0,Exmol_based,Generated using exmol-based algorithm
CCCC(O)C1CCN(C(C)C(=O)NC(Cc2cc(F)cc(F)c2O)C(O)C2CC(O)C[NH2+]2)C1=O,1,Fc1cc(cc(F)c1)CC(NC(=O)C(N1CCC(C(O)CCC)C1=O)C)C(O)C1[NH2+]CC(O)C1,1,1,0,Exmol_based,Generated using exmol-based algorithm
CN1C(=O)C(c2ccc(F)c(-c3cncnc3)c2)(c2cnn(C)c2)N=C1N,1,Fc1ccc(cc1-c1cncnc1)C1(N=C(N)N(C)C1=O)c1cn(nc1)CC,1,1,0,Exmol_based,Generated using exmol-based algorithm
CCn1cc(C2(c3ccc(F)c(-c4cncnc4)c3)N=C(N)N(C)C2=O)cn1,1,Fc1ccc(cc1-c1cncnc1)C1(N=C(N)N(C)C1=O)c1cn(nc1)CC,1,1,0,Exmol_based,Generated using exmol-based algorithm
CCn1cc(C2(c3ccc(F)c(-c4cncnc4)c3)CN(C)C(N)=N2)cn1.O,1,Fc1ccc(cc1-c1cncnc1)C1(N=C(N)N(C)C1=O)c1cn(nc1)CC,1,1,0,Exmol_based,Generated using exmol-based algorithm
CC(C)n1cc(C2(c3ccc(F)c(-c4cccnc4F)c3)N=C(N)N(O)C2=O)cn1,1,Fc1ccc(cc1-c1cccnc1F)C1(N=C(N)N(C)C1=O)c1cn(nc1)C(C)C,1,1,0,Exmol_based,Generated using exmol-based algorithm
CC(C)n1cc(C(N=C(N)N(C)C=O)c2ccc(F)c(-c3cccnc3F)c2)cn1,1,Fc1ccc(cc1-c1cccnc1F)C1(N=C(N)N(C)C1=O)c1cn(nc1)C(C)C,1,1,0,Exmol_based,Generated using exmol-based algorithm
CC(C)n1cc(C2(c3cccc(-c4cccnc4F)c3)N=C(N)N(C)C2=O)cn1,1,Fc1ccc(cc1-c1cccnc1F)C1(N=C(N)N(C)C1=O)c1cn(nc1)C(C)C,1,1,0,Exmol_based,Generated using exmol-based algorithm
CN1C(=O)C(c2ccsc2)(c2cccc(-c3cccnc3)c2)N=C1N,1,s1cc(cc1)C1(N=C(N)N(C)C1=O)c1cc(ccc1)-c1cccnc1F,1,1,0,Exmol_based,Generated using exmol-based algorithm
CN1C(=O)C(c2ccsc2)(c2cccc(-c3cccnc3F)c2)N=C1N=S,1,s1cc(cc1)C1(N=C(N)N(C)C1=O)c1cc(ccc1)-c1cccnc1F,1,1,0,Exmol_based,Generated using exmol-based algorithm
CN1C(=O)C(c2ccccc2)(c2ccsc2)N=C1N.Fc1ccccn1,1,s1cc(cc1)C1(N=C(N)N(C)C1=O)c1cc(ccc1)-c1cccnc1F,1,1,0,Exmol_based,Generated using exmol-based algorithm
COc1cncc(-c2cccc(C3(c4csc(C)c4)N=C(N)N(C)C3=O)c2)c1,1,s1cc(cc1)C1(N=C(N)N(C)C1=O)c1cc(ccc1)-c1cc(OC)cnc1,1,1,0,Exmol_based,Generated using exmol-based algorithm
CNC(N)=NC(c1ccsc1)c1cccc(-c2cncc(OC)c2)c1.O,1,s1cc(cc1)C1(N=C(N)N(C)C1=O)c1cc(ccc1)-c1cc(OC)cnc1,1,1,0,Exmol_based,Generated using exmol-based algorithm
CNC(N)=NC(c1ccsc1)c1cccc(-c2cncc(OC)c2)c1.O,1,s1cc(cc1)C1(N=C(N)N(C)C1=O)c1cc(ccc1)-c1cc(OC)cnc1,1,1,0,Exmol_based,Generated using exmol-based algorithm
CN1CC(C)(c2cc(NC(=O)c3ccc(Cl)cn3)ccc2S)N=C(N)C1=O,1,Clc1ccc(nc1)C(=O)Nc1cc(C2(N=C(N)C(=O)N(C2)C)C)c(F)cc1,1,1,0,Exmol_based,Generated using exmol-based algorithm
CN1CC(c2cc(NC(=O)c3ccc(Cl)cn3)ccc2F)N=C(N)C1=O,1,Clc1ccc(nc1)C(=O)Nc1cc(C2(N=C(N)C(=O)N(C2)C)C)c(F)cc1,1,1,0,Exmol_based,Generated using exmol-based algorithm
CN1CC(C)(c2cc(NC(=O)c3ncc(Cl)cn3)ccc2F)N=C(N)C1=O,1,Clc1ccc(nc1)C(=O)Nc1cc(C2(N=C(N)C(=O)N(C2)C)C)c(F)cc1,1,1,0,Exmol_based,Generated using exmol-based algorithm
CC#Cc1cc([C@@](N)(C(=O)N(C)CN)c2ccc(OC(F)F)cc2)ccc1F,1,Fc1ccc(cc1C#CC)[C@]1(N=C(N)N(C)C1=O)c1ccc(OC(F)F)cc1,1,1,0,Exmol_based,Generated using exmol-based algorithm
CC#Cc1cc([C@@]2(c3ccc(O)cc3)N=C(N)N(C)C2=O)ccc1F.FCF,1,Fc1ccc(cc1C#CC)[C@]1(N=C(N)N(C)C1=O)c1ccc(OC(F)F)cc1,1,1,0,Exmol_based,Generated using exmol-based algorithm
CC#Cc1ccccc1F.CN1C(=O)[C](c2ccc(OC(F)F)cc2)N=C1N,1,Fc1ccc(cc1C#CC)[C@]1(N=C(N)N(C)C1=O)c1ccc(OC(F)F)cc1,1,1,0,Exmol_based,Generated using exmol-based algorithm
COC1=C(C#N)C=S(C2(c3cccc(-c4cncnc4)c3)N=C(N)c3c(F)cccc32)C=C1C,1,Fc1c2c(ccc1)C(N=C2N)(c1cc(C#N)c(OC)c(c1)C)c1cc(ccc1)-c1cncnc1,1,1,0,Exmol_based,Generated using exmol-based algorithm
COc1c(C)cc(C(N)(c2cccc(F)c2)c2cccc(-c3cncnc3)c2)cc1C#N.N,1,Fc1c2c(ccc1)C(N=C2N)(c1cc(C#N)c(OC)c(c1)C)c1cc(ccc1)-c1cncnc1,1,1,0,Exmol_based,Generated using exmol-based algorithm
COc1c(C)cc(C2(c3cncc(-c4cncnc4)c3)N=C(N)c3c(F)cccc32)cc1C#N,1,Fc1c2c(ccc1)C(N=C2N)(c1cc(C#N)c(OC)c(c1)C)c1cc(ccc1)-c1cncnc1,1,1,0,Exmol_based,Generated using exmol-based algorithm
CCCCOc1cc(C(=O)NC(Cc2cccc(O)c2)C(O)C[NH2+]Cc2cccc(C(C)C)c2)cc(C)n1,1,O1CCCCOc2nc(cc(c2)C(=O)NC(Cc2cc1ccc2)C(O)C[NH2+]Cc1cc(ccc1)C(C)C)C,1,1,0,Exmol_based,Generated using exmol-based algorithm
CCc1cccc(C[NH2+]CC(O)C2Cc3cccc(c3)OCCCCOc3cc(cc(C)n3)C(=O)N2)c1,1,O1CCCCOc2nc(cc(c2)C(=O)NC(Cc2cc1ccc2)C(O)C[NH2+]Cc1cc(ccc1)C(C)C)C,1,1,0,Exmol_based,Generated using exmol-based algorithm
CC(C)c1ccccc1.C[NH2+]CC(O)C1Cc2cccc(c2)OCCCCOc2cc(cc(C)n2)C(=O)N1,1,O1CCCCOc2nc(cc(c2)C(=O)NC(Cc2cc1ccc2)C(O)C[NH2+]Cc1cc(ccc1)C(C)C)C,1,1,0,Exmol_based,Generated using exmol-based algorithm
CC1(c2cc(NC(=O)c3ccc(OC(F)(F)C(F)Cl)cn3)ccc2F)N=C(N)OCC1(F)F,1,FC1(F)COC(=NC1(C)c1cc(NC(=O)c2ncc(OC(F)(F)C(F)F)cc2)ccc1F)N,1,1,0,Exmol_based,Generated using exmol-based algorithm
CC1(c2cc(NC(=O)c3ccc(OC(F)(F)C(F)F)cn3)c(Br)cc2F)N=C(N)OCC1(F)F,1,FC1(F)COC(=NC1(C)c1cc(NC(=O)c2ncc(OC(F)(F)C(F)F)cc2)ccc1F)N,1,1,0,Exmol_based,Generated using exmol-based algorithm
CC1(c2cc(N(Cl)C(=O)c3ccc(OC(F)(F)C(F)F)cn3)ccc2F)N=C(N)OCC1(F)F,1,FC1(F)COC(=NC1(C)c1cc(NC(=O)c2ncc(OC(F)(F)C(F)F)cc2)ccc1F)N,1,1,0,Exmol_based,Generated using exmol-based algorithm
CCCS(=O)(=O)N(C)c1cc(C(=O)N[C@@H](Cc2cc(F)cc(F)c2)[C@@H](O)C[NH2+]Cc2cccc(OC)c2)cc(C(C)O)c1,1,S1(=O)(=O)N(CCCC1)c1cc(cc(c1)C(=O)N[C@H]([C@@H](O)C[NH2+]Cc1cc(OC)ccc1)Cc1cc(F)cc(F)c1)C(O)C,1,1,0,Exmol_based,Generated using exmol-based algorithm
CC(O)c1cccc(N2CCCCS2(=O)=O)c1.COc1cccc(C[NH2+]C[C@H](O)[C@H](Cc2cc(F)cc(F)c2)NC=O)c1,1,S1(=O)(=O)N(CCCC1)c1cc(cc(c1)C(=O)N[C@H]([C@@H](O)C[NH2+]Cc1cc(OC)ccc1)Cc1cc(F)cc(F)c1)C(O)C,1,1,0,Exmol_based,Generated using exmol-based algorithm
COc1cccc(C[NH2+]C[C@H](O)[C@H](Cc2cc(F)cc(F)c2)NC(=O)c2cc(NCCCC[SH](=O)=O)cc(C(C)O)c2)c1,1,S1(=O)(=O)N(CCCC1)c1cc(cc(c1)C(=O)N[C@H]([C@@H](O)C[NH2+]Cc1cc(OC)ccc1)Cc1cc(F)cc(F)c1)C(O)C,1,1,0,Exmol_based,Generated using exmol-based algorithm
CC(O)c1cc(C(=O)N[C@@H](Cc2cc(F)cc(F)c2)[C@@H](O)C[NH2+]Cc2cccc(O)c2)cc(N(C)S(C)(=O)=O)c1,1,S(=O)(=O)(N(C)c1cc(cc(c1)C(=O)N[C@H]([C@@H](O)C[NH2+]Cc1cc(OC)ccc1)Cc1cc(F)cc(F)c1)C(O)C)C,1,1,0,Exmol_based,Generated using exmol-based algorithm
CCc1cc(C(=O)N[C@@H](Cc2cc(F)cc(F)c2)[C@@H](O)C[NH2+]Cc2cccc(OC)c2)cc(N(C)S(C)(=O)=O)c1,1,S(=O)(=O)(N(C)c1cc(cc(c1)C(=O)N[C@H]([C@@H](O)C[NH2+]Cc1cc(OC)ccc1)Cc1cc(F)cc(F)c1)C(O)C)C,1,1,0,Exmol_based,Generated using exmol-based algorithm
COc1cccc(C[NH2+]C[C@H](O)[C@H](Cc2cc(F)cc(F)c2)NC(=O)c2cc(C(C)C)cc(N(C)S(C)(=O)=O)c2)c1,1,S(=O)(=O)(N(C)c1cc(cc(c1)C(=O)N[C@H]([C@@H](O)C[NH2+]Cc1cc(OC)ccc1)Cc1cc(F)cc(F)c1)C(O)C)C,1,1,0,Exmol_based,Generated using exmol-based algorithm
CCOc1cc(CC2CS(=O)(=O)CC([NH2+]Cc3cccc(C(C)(C)C)c3)C2O)cc(F)c1N.F,1,S1(=O)(=O)CC(Cc2cc(OCCF)c(N)c(F)c2)C(O)C([NH2+]Cc2cc(ccc2)C(C)(C)C)C1,1,1,0,Exmol_based,Generated using exmol-based algorithm
CC(C)c1cccc(C[NH2+]C2CS(=O)(=O)CC(Cc3cc(F)c(N)c(OCCF)c3)C2O)c1,1,S1(=O)(=O)CC(Cc2cc(OCCF)c(N)c(F)c2)C(O)C([NH2+]Cc2cc(ccc2)C(C)(C)C)C1,1,1,0,Exmol_based,Generated using exmol-based algorithm
CC(C)(C)c1cccc(C[NH2+]C2CS(=O)(=O)CC(C(Cl)c3cc(F)c(N)c(OCCF)c3)C2O)c1,1,S1(=O)(=O)CC(Cc2cc(OCCF)c(N)c(F)c2)C(O)C([NH2+]Cc2cc(ccc2)C(C)(C)C)C1,1,1,0,Exmol_based,Generated using exmol-based algorithm
CC(C)Oc1cc(CC2CS(=O)(=O)CC([NH2+]Cc3cc(C(C)(C)C)ccc3Br)C2O)cc(F)c1N,1,S1(=O)(=O)CC(Cc2cc(OC(C)C)c(N)c(F)c2)C(O)C([NH2+]Cc2cc(ccc2)C(C)(C)C)C1,1,1,0,Exmol_based,Generated using exmol-based algorithm
CC(C)Oc1cc(CC2CS(=O)(=O)CC([NH2+]CS3=CC(C(C)(C)C)=CC=C3)C2O)cc(F)c1N,1,S1(=O)(=O)CC(Cc2cc(OC(C)C)c(N)c(F)c2)C(O)C([NH2+]Cc2cc(ccc2)C(C)(C)C)C1,1,1,0,Exmol_based,Generated using exmol-based algorithm
CC(C)(C)c1cccc(C[NH2+]C2CS(=O)(=O)CC(Cc3ccc(N)c(F)c3)C2O)c1.CCC,1,S1(=O)(=O)CC(Cc2cc(OC(C)C)c(N)c(F)c2)C(O)C([NH2+]Cc2cc(ccc2)C(C)(C)C)C1,1,1,0,Exmol_based,Generated using exmol-based algorithm
C.C.C.CC(=O)NC(Cc1ccc(C(F)(F)F)c(F)c1)C(O)C[NH2+]C1CC2(CCC2)Oc2ncc(C)cc21,1,Fc1cc(ccc1C(F)(F)F)CC(NC(=O)C)C(O)C[NH2+]C1CC2(Oc3ncc(cc13)CC(C)(C)C)CCC2,1,1,0,Exmol_based,Generated using exmol-based algorithm
CC(=O)NC(Cc1ccc(C(F)(F)F)c(F)p1)C(O)C[NH2+]C1CC2(CCC2)Oc2ncc(CC(C)(C)C)cc21,1,Fc1cc(ccc1C(F)(F)F)CC(NC(=O)C)C(O)C[NH2+]C1CC2(Oc3ncc(cc13)CC(C)(C)C)CCC2,1,1,0,Exmol_based,Generated using exmol-based algorithm
CC(=O)NC(Cc1ccc(C(F)(F)F)c(F)c1)C(O)C[NH2+]C1CC2(CCC2)Oc2ncc(CC(C)(C)CS)cc21,1,Fc1cc(ccc1C(F)(F)F)CC(NC(=O)C)C(O)C[NH2+]C1CC2(Oc3ncc(cc13)CC(C)(C)C)CCC2,1,1,0,Exmol_based,Generated using exmol-based algorithm
CC(=O)NC(Cc1cc(F)cc(F)c1)C(O)C[NH2+]C1(c2cc3ccc2c2sccc32)CCCCC1,1,s1cc(cc1)-c1cc(ccc1)C1([NH2+]CC(O)C(NC(=O)C)Cc2cc(F)cc(F)c2)CCCCC1,1,1,0,Exmol_based,Generated using exmol-based algorithm
CC(=O)NC(Cc1cccc(F)c1)C(O)C[NH2+]C1(c2cccc(-c3ccsc3)c2)CCCCC1.F,1,s1cc(cc1)-c1cc(ccc1)C1([NH2+]CC(O)C(NC(=O)C)Cc2cc(F)cc(F)c2)CCCCC1,1,1,0,Exmol_based,Generated using exmol-based algorithm
CC(=O)NC(Cc1cc(F)cc(F)c1)C(O)S[NH2+]C1(c2cccc(-c3ccsc3)c2)CCCCC1,1,s1cc(cc1)-c1cc(ccc1)C1([NH2+]CC(O)C(NC(=O)C)Cc2cc(F)cc(F)c2)CCCCC1,1,1,0,Exmol_based,Generated using exmol-based algorithm
FC(F)F.Nc1c(F)cc(CC2CS(=O)(=O)CC([NH2+]Cc3cccc(OC(F)(F)F)c3)C2O)cc1OCC(F)(F)F,1,S1(=O)(=O)CC(Cc2cc(OC(C(F)(F)F)C(F)(F)F)c(N)c(F)c2)C(O)C([NH2+]Cc2cc(OC(F)(F)F)ccc2)C1,1,1,0,Exmol_based,Generated using exmol-based algorithm
F.Nc1ccc(CC2CS(=O)(=O)CC([NH2+]Cc3cccc(OC(F)(F)F)c3)C2O)cc1OC(C(F)(F)F)C(F)(F)F,1,S1(=O)(=O)CC(Cc2cc(OC(C(F)(F)F)C(F)(F)F)c(N)c(F)c2)C(O)C([NH2+]Cc2cc(OC(F)(F)F)ccc2)C1,1,1,0,Exmol_based,Generated using exmol-based algorithm
C=Nc1c(F)cc(CC2CS(=O)(=O)CC([NH2+]Cc3cccc(OC(F)(F)F)c3)C2O)cc1OC(C(F)(F)F)C(F)(F)F,1,S1(=O)(=O)CC(Cc2cc(OC(C(F)(F)F)C(F)(F)F)c(N)c(F)c2)C(O)C([NH2+]Cc2cc(OC(F)(F)F)ccc2)C1,1,1,0,Exmol_based,Generated using exmol-based algorithm
CC(=O)Sc1c(Cl)cc(CNC(=[NH2+])NC(=O)Cn2ccc3ccc(C#N)cc32)cc1Cl,1,Clc1cc(cc(Cl)c1NC(=O)C)CNC(=[NH2+])NC(=O)Cn1c2cc(ccc2cc1)C#N,1,1,0,Exmol_based,Generated using exmol-based algorithm
CC(=O)Nc1c(Cl)cc(CNC(N)=[NH2+])cc1Cl.N#Cc1ccc2ccn(CC=O)c2c1,1,Clc1cc(cc(Cl)c1NC(=O)C)CNC(=[NH2+])NC(=O)Cn1c2cc(ccc2cc1)C#N,1,1,0,Exmol_based,Generated using exmol-based algorithm
CC(=O)Nc1ccc(CNC(=[NH2+])NC(=O)Cn2ccc3ccc(C#N)cc32)cc1Cl.Cl,1,Clc1cc(cc(Cl)c1NC(=O)C)CNC(=[NH2+])NC(=O)Cn1c2cc(ccc2cc1)C#N,1,1,0,Exmol_based,Generated using exmol-based algorithm
C.CCCCN(CC)C(=O)n1cc(C(=O)NC(Cc2cc(F)cc(F)c2)C(O)C[NH2+]Cc2cccc(OC)c2)c2ccccc21,1,Fc1cc(cc(F)c1)CC(NC(=O)c1c2c(n(c1)C(=O)N(CCCC)CCCC)cccc2)C(O)C[NH2+]Cc1cc(OC)ccc1,1,1,0,Exmol_based,Generated using exmol-based algorithm
CCCCN(CCCC)C(=O)n1cc(C(=O)NC(Cc2cc(F)cc(F)c2)C(O)C[NH2+])c2ccccc21.COc1cccc(C)c1,1,Fc1cc(cc(F)c1)CC(NC(=O)c1c2c(n(c1)C(=O)N(CCCC)CCCC)cccc2)C(O)C[NH2+]Cc1cc(OC)ccc1,1,1,0,Exmol_based,Generated using exmol-based algorithm
CCC.CCCCN(C)C(=O)n1cc(C(=O)NC(Cc2cc(F)cc(F)c2)C(O)C[NH2+]Cc2cccc(OC)c2)c2ccccc21,1,Fc1cc(cc(F)c1)CC(NC(=O)c1c2c(n(c1)C(=O)N(CCCC)CCCC)cccc2)C(O)C[NH2+]Cc1cc(OC)ccc1,1,1,0,Exmol_based,Generated using exmol-based algorithm
CCCOc1cc(CC2CC([NH2+]Cc3cccc(C(C)(C)C)c3)CS(=O)(=O)C2)ccc1N.O,1,S1(=O)(=O)CC(Cc2cc(OCCC)c(N)cc2)C(O)C([NH2+]Cc2cc(ccc2)C(C)(C)C)C1,1,1,0,Exmol_based,Generated using exmol-based algorithm
CCCOc1cc(CC2CS(=O)(=O)CC([NH2+]Cc3cccc(C(C)(C)C)c3)C2O)ccc1N,1,S1(=O)(=O)CC(Cc2cc(OCCC)c(N)cc2)C(O)C([NH2+]Cc2cc(ccc2)C(C)(C)C)C1,1,1,0,Exmol_based,Generated using exmol-based algorithm
C.C.C.CCCOc1cc(CC2CS(=O)(=O)CC([NH2+]Cc3ccccc3)C2O)ccc1N,1,S1(=O)(=O)CC(Cc2cc(OCCC)c(N)cc2)C(O)C([NH2+]Cc2cc(ccc2)C(C)(C)C)C1,1,1,0,Exmol_based,Generated using exmol-based algorithm
CC1(c2ccccc2F)COCC(N)=N1.O=Cc1ncc(Cl)cc1Cl,1,Clc1cc(Cl)cnc1C(=O)Nc1cc(C2(N=C(N)COC2)C)c(F)cc1,1,1,0,Exmol_based,Generated using exmol-based algorithm
CC1(c2cc(NC(=O)c3ncc(Cl)cc3Cl)ccc2Cl)COCC(N)=N1,1,Clc1cc(Cl)cnc1C(=O)Nc1cc(C2(N=C(N)COC2)C)c(F)cc1,1,1,0,Exmol_based,Generated using exmol-based algorithm
CC(N)=NC(C)(C)c1cc(NC(=O)c2ncc(Cl)cc2Cl)ccc1F,1,Clc1cc(Cl)cnc1C(=O)Nc1cc(C2(N=C(N)COC2)C)c(F)cc1,1,1,0,Exmol_based,Generated using exmol-based algorithm
CC(C)(C)c1cc(F)cc(C2([NH2+]CC(O)C(Cc3cc(F)cc(F)c3)NC=O)CCCCC2)c1,1,Fc1cc(cc(c1)C(C)(C)C)C1([NH2+]CC(O)C(NC(=O)C)Cc2cc(F)cc(F)c2)CCCCC1,1,1,0,Exmol_based,Generated using exmol-based algorithm
CC(=O)NC(Cc1cc(F)c(C)c(F)c1)C(O)C[NH2+]C1(c2cc(F)cc(C(C)(C)C)c2)CCCCC1,1,Fc1cc(cc(c1)C(C)(C)C)C1([NH2+]CC(O)C(NC(=O)C)Cc2cc(F)cc(F)c2)CCCCC1,1,1,0,Exmol_based,Generated using exmol-based algorithm
C.CC(=O)NC(Cc1cc(F)cc(F)c1)C(O)C[NH2+]C1(c2cc(F)cc(C(C)C)c2)CCCCC1,1,Fc1cc(cc(c1)C(C)(C)C)C1([NH2+]CC(O)C(NC(=O)C)Cc2cc(F)cc(F)c2)CCCCC1,1,1,0,Exmol_based,Generated using exmol-based algorithm
C.COc1cccc(C[NH2+]CC(O)C(Cc2cc(F)cc(F)c2)NC(=O)CN2CCC(CC3CC3)(NC(C)=O)C2=O)c1,1,Fc1cc(cc(F)c1)CC(NC(=O)C(N1CCC(NC(=O)C)(CC2CC2)C1=O)C)C(O)C[NH2+]Cc1cc(OC)ccc1,1,1,0,Exmol_based,Generated using exmol-based algorithm
COc1cccc(C[NH2+]CC(O)C(Cc2cc(F)cc(F)c2)NC(=O)C(C)N2CCC(CC3CC3)(NC(C)=O)C2)c1.O,1,Fc1cc(cc(F)c1)CC(NC(=O)C(N1CCC(NC(=O)C)(CC2CC2)C1=O)C)C(O)C[NH2+]Cc1cc(OC)ccc1,1,1,0,Exmol_based,Generated using exmol-based algorithm
COc1cccc(C[NH2+]CC(O)C(Cc2cc(F)cc(F)c2)SC(=O)C(C)N2CCC(CC3CC3)(NC(C)=O)C2=O)c1,1,Fc1cc(cc(F)c1)CC(NC(=O)C(N1CCC(NC(=O)C)(CC2CC2)C1=O)C)C(O)C[NH2+]Cc1cc(OC)ccc1,1,1,0,Exmol_based,Generated using exmol-based algorithm
CC1(c2cc(NC(=O)c3ccc(Cl)cn3)cc(P)c2F)COCCC(N)=N1,1,Clc1ccc(nc1)C(=O)Nc1cc(C2(N=C(N)CCOC2)C)c(F)cc1,1,1,0,Exmol_based,Generated using exmol-based algorithm
CC1(c2cc(N)ccc2F)COCCC(N)=N1.O=Cc1ccc(Cl)cn1,1,Clc1ccc(nc1)C(=O)Nc1cc(C2(N=C(N)CCOC2)C)c(F)cc1,1,1,0,Exmol_based,Generated using exmol-based algorithm
CC1(c2cc(NC(=O)c3ccc(Cl)cn3)pcc2F)COCCC(N)=N1,1,Clc1ccc(nc1)C(=O)Nc1cc(C2(N=C(N)CCOC2)C)c(F)cc1,1,1,0,Exmol_based,Generated using exmol-based algorithm
CC(=O)NC(Cc1cc(F)cc(F)c1)C(O)C[NH2+].CC(C)(C)c1ccccc1.CCC(=O)NC,1,Fc1cc(cc(F)c1)CC(NC(=O)C)C(O)C[NH2+]C1(CCC(=O)NC1)c1cc(ccc1)C(C)(C)C,1,1,0,Exmol_based,Generated using exmol-based algorithm
CC(=O)NC1(Cc2cc(F)cc(F)c2)CC(C)(C)c2cccc(c2)C2(CCC(=O)NC2)[NH2+]CC1O,1,Fc1cc(cc(F)c1)CC(NC(=O)C)C(O)C[NH2+]C1(CCC(=O)NC1)c1cc(ccc1)C(C)(C)C,1,1,0,Exmol_based,Generated using exmol-based algorithm
CC(=O)NC(Cc1cc(F)cc(F)c1)C(O)S[NH2+]C1(c2cccc(C(C)(C)C)c2)CCC(=O)NC1,1,Fc1cc(cc(F)c1)CC(NC(=O)C)C(O)C[NH2+]C1(CCC(=O)NC1)c1cc(ccc1)C(C)(C)C,1,1,0,Exmol_based,Generated using exmol-based algorithm
CC(=O)NC1C(O)C([NH2+]C2(c3cccc(C(C)C)c3)CCCCC2)C1c1cc(F)cc(F)c1,1,Fc1cc(cc(F)c1)CC(NC(=O)C)C(O)C[NH2+]C1(CCCCC1)c1cc(ccc1)C(C)C,1,1,0,Exmol_based,Generated using exmol-based algorithm
CC(=O)NC(Cc1cc(F)cc(F)c1)C(C)O.CC(C)c1cccc(C2([NH2+])CCCCC2)c1,1,Fc1cc(cc(F)c1)CC(NC(=O)C)C(O)C[NH2+]C1(CCCCC1)c1cc(ccc1)C(C)C,1,1,0,Exmol_based,Generated using exmol-based algorithm
CC(=O)NC(Cc1cc(F)cc(F)c1)C(O)C[NH2+]C1(c2ccccc2)CCCCC1.CCC,1,Fc1cc(cc(F)c1)CC(NC(=O)C)C(O)C[NH2+]C1(CCCCC1)c1cc(ccc1)C(C)C,1,1,0,Exmol_based,Generated using exmol-based algorithm
C#Cc1ccc(CC(NC(=O)COC)C(O)C[NH2+]C2CC3(CCC3)Oc3pcc(CC(C)(C)C)cc32)cc1,1,O1c2ncc(cc2C([NH2+]CC(O)C(NC(=O)COC)Cc2ccc(cc2)C#C)CC12CCC2)CC(C)(C)C,1,1,0,Exmol_based,Generated using exmol-based algorithm
C#Cc1ccc(CC(NC(=O)CO)C(O)C[NH2+]C2CC3(CCC3)Oc3ncc(CC(C)(C)C)cc32)cc1,1,O1c2ncc(cc2C([NH2+]CC(O)C(NC(=O)COC)Cc2ccc(cc2)C#C)CC12CCC2)CC(C)(C)C,1,1,0,Exmol_based,Generated using exmol-based algorithm
C#Cc1ccc(CC(NC(=O)COC)C(O)C[NH2+]C2CC3(CCC3)Oc3ncccc32)cc1.CC(C)C,1,O1c2ncc(cc2C([NH2+]CC(O)C(NC(=O)COC)Cc2ccc(cc2)C#C)CC12CCC2)CC(C)(C)C,1,1,0,Exmol_based,Generated using exmol-based algorithm
CN(C=O)C(N)=NC1CC(C)(C)Sc2ccc(-c3cccc(C#N)c3)cc21,1,S1c2c(cc(cc2)-c2cc(ccc2)C#N)C2(N=C(N)N(C)C2=O)CC1(C)C,1,1,0,Exmol_based,Generated using exmol-based algorithm
CN1C(=O)C2(CC(C)(C)Sc3c4cc(cc32)-c2ccc-4c(C#N)c2)N=C1N,1,S1c2c(cc(cc2)-c2cc(ccc2)C#N)C2(N=C(N)N(C)C2=O)CC1(C)C,1,1,0,Exmol_based,Generated using exmol-based algorithm
C.CC1(C)CC(C=O)(N=CN)c2cc(-c3cccc(C#N)c3)ccc2S1,1,S1c2c(cc(cc2)-c2cc(ccc2)C#N)C2(N=C(N)N(C)C2=O)CC1(C)C,1,1,0,Exmol_based,Generated using exmol-based algorithm
CC[NH2+]CC(O)C(Cc1ccccc1)NC(=O)c1cc2c3c(c1)c(CC)cn3CCS(=O)(=O)N2C,1,S1(=O)(=O)N(c2cc(cc3c2n(cc3CC)CC1)C(=O)NC(Cc1ccccc1)C(O)C[NH2+]CC)C,1,1,0,Exmol_based,Generated using exmol-based algorithm
C.CCc1cn2c3c(cc(C(=O)NC(Cc4ccccc4)C(O)C[NH2+])cc13)N(C)S(=O)(=O)CC2,1,S1(=O)(=O)N(c2cc(cc3c2n(cc3CC)CC1)C(=O)NC(Cc1ccccc1)C(O)C[NH2+]CC)C,1,1,0,Exmol_based,Generated using exmol-based algorithm
CC[NH2+]CC(O)C(Cc1ccccc1)NC(=O)c1cc2c3c(c1)c(CC)c(N)n3CCS(=O)(=O)N2C,1,S1(=O)(=O)N(c2cc(cc3c2n(cc3CC)CC1)C(=O)NC(Cc1ccccc1)C(O)C[NH2+]CC)C,1,1,0,Exmol_based,Generated using exmol-based algorithm
C=C1CCC([NH2+]CCO)(c2cccc(C(C)(C)C)c2)CC1.CC(N)=O.Cc1cc(F)cc(F)c1,1,Fc1cc(cc(F)c1)CC(NC(=O)C)C(O)C[NH2+]C1(CCC(CC1)=C)c1cc(ccc1)C(C)(C)C,1,1,0,Exmol_based,Generated using exmol-based algorithm
C=C(C)CCC(C)([NH2+]CC(O)C(Cc1cc(F)cc(F)c1)NC(C)=O)c1cccc(C(C)(C)C)c1,1,Fc1cc(cc(F)c1)CC(NC(=O)C)C(O)C[NH2+]C1(CCC(CC1)=C)c1cc(ccc1)C(C)(C)C,1,1,0,Exmol_based,Generated using exmol-based algorithm
CC(=O)NC(Cc1cc(F)cc(F)c1)C(O)C[NH2+]C1(c2cccc(C(C)(C)C)c2)CCCCC1,1,Fc1cc(cc(F)c1)CC(NC(=O)C)C(O)C[NH2+]C1(CCC(CC1)=C)c1cc(ccc1)C(C)(C)C,1,1,0,Exmol_based,Generated using exmol-based algorithm
CC(C)CC1(c2cc(-c3cncnc3)ccc2S)N=C(N)N(C)C1=O,1,S1c2c(cc(cc2)-c2cncnc2)C2(N=C(N)N(C)C2=O)CC1(C)C,1,1,0,Exmol_based,Generated using exmol-based algorithm
CN1C(=O)C2(CC(C)(C)Sc3ccc(-c4cncnc4)cc32)N=C1N,1,S1c2c(cc(cc2)-c2cncnc2)C2(N=C(N)N(C)C2=O)CC1(C)C,1,1,0,Exmol_based,Generated using exmol-based algorithm
CNC(N)=NC1(C=O)CC(C)(C)Sc2ccc(-c3cncnc3)cc21,1,S1c2c(cc(cc2)-c2cncnc2)C2(N=C(N)N(C)C2=O)CC1(C)C,1,1,0,Exmol_based,Generated using exmol-based algorithm
C.CC(C)Cc1cnc2c(c1)C([NH2+]CC(O)C(Cc1ccc3c(c1)OCO3)NC(=O)c1ccc(F)nc1)CC1(CCC1)O2,1,Fc1ncc(cc1)C(=O)NC(Cc1cc2OCOc2cc1)C(O)C[NH2+]C1CC2(Oc3ncc(cc13)CC(C)(C)C)CCC2,1,1,0,Exmol_based,Generated using exmol-based algorithm
CC(C)(C)Cc1cnc2c(c1)C([NH2+]CC(O)CNC(=O)c1ccc(F)nc1)CC1(CCC1)O2.c1ccc2c(c1)OCO2,1,Fc1ncc(cc1)C(=O)NC(Cc1cc2OCOc2cc1)C(O)C[NH2+]C1CC2(Oc3ncc(cc13)CC(C)(C)C)CCC2,1,1,0,Exmol_based,Generated using exmol-based algorithm
CC(C)(S)Cc1cnc2c(c1)C([NH2+]CC(O)C(Cc1ccc3c(c1)OCO3)NC(=O)c1ccc(F)nc1)CC1(CCC1)O2,1,Fc1ncc(cc1)C(=O)NC(Cc1cc2OCOc2cc1)C(O)C[NH2+]C1CC2(Oc3ncc(cc13)CC(C)(C)C)CCC2,1,1,0,Exmol_based,Generated using exmol-based algorithm
CC(=O)NC(Cc1cc(F)cc(F)c1)C1C[NH2+]C2(CCC(C)CC2)c2cc(C(C)(C)C)ccc2O1,1,Fc1cc(cc(F)c1)CC(NC(=O)C)C(O)C[NH2+]C1(CCC(CC1)C)c1cc(ccc1)C(C)(C)C,1,1,0,Exmol_based,Generated using exmol-based algorithm
CC(=O)NC1C(O)C[NH2+]C2(CCC(C)CC2)c2cc(cc(C(C)(C)C)c2)C1c1cc(F)cc(F)c1,1,Fc1cc(cc(F)c1)CC(NC(=O)C)C(O)C[NH2+]C1(CCC(CC1)C)c1cc(ccc1)C(C)(C)C,1,1,0,Exmol_based,Generated using exmol-based algorithm
CC(=O)NC(CS1=CC(F)=CC(F)=C1)C(O)C[NH2+]C1(c2cccc(C(C)(C)C)c2)CCC(C)CC1,1,Fc1cc(cc(F)c1)CC(NC(=O)C)C(O)C[NH2+]C1(CCC(CC1)C)c1cc(ccc1)C(C)(C)C,1,1,0,Exmol_based,Generated using exmol-based algorithm
CCc1cn2c3c(cc(C(=O)NC([CH]C[NH2+]CCF)Cc4ccccc4)cc13)N(C)S(=O)(=O)CC2.O,1,S1(=O)(=O)N(c2cc(cc3c2n(cc3CC)CC1)C(=O)NC([C@H](O)C[NH2+]CCF)Cc1ccccc1)C,1,1,0,Exmol_based,Generated using exmol-based algorithm
Cc1cn2c3c(cc(C(=O)NC(Cc4ccccc4)[C@H](O)C[NH2+]CCF)cc13)N(C)S(=O)(=O)CC2,1,S1(=O)(=O)N(c2cc(cc3c2n(cc3CC)CC1)C(=O)NC([C@H](O)C[NH2+]CCF)Cc1ccccc1)C,1,1,0,Exmol_based,Generated using exmol-based algorithm
CCc1cn2c3c(cc(C(=O)NC(Cc4ccccc4)[C@H](O)C(=N)[NH2+]CCF)cc13)N(C)S(=O)(=O)CC2,1,S1(=O)(=O)N(c2cc(cc3c2n(cc3CC)CC1)C(=O)NC([C@H](O)C[NH2+]CCF)Cc1ccccc1)C,1,1,0,Exmol_based,Generated using exmol-based algorithm
COCc1cccc(C(=O)NC(Cc2cccc(OCCCCN)c2)C(O)C[NH2+]C(C)(C)c2cccc(C(C)C)c2)c1,1,O1CCCCNc2cc(cc(c2)C(=O)NC(Cc2cc1ccc2)C(O)C[NH2+]C(C)(C)c1cc(ccc1)C(C)C)COC,1,1,0,Exmol_based,Generated using exmol-based algorithm
CC(C)c1cccc(C(C)(C)[NH2+])c1.COCc1cc2cc(c1)C(=O)NC(CO)Cc1cccc(c1)OCCCCN2,1,O1CCCCNc2cc(cc(c2)C(=O)NC(Cc2cc1ccc2)C(O)C[NH2+]C(C)(C)c1cc(ccc1)C(C)C)COC,1,1,0,Exmol_based,Generated using exmol-based algorithm
COCc1cccc(C(=O)NC(Cc2cccc(OCCCCN)c2)C(O)C[NH2+]C(C)(C)c2cccc(C(C)C)c2)c1,1,O1CCCCNc2cc(cc(c2)C(=O)NC(Cc2cc1ccc2)C(O)C[NH2+]C(C)(C)c1cc(ccc1)C(C)C)COC,1,1,0,Exmol_based,Generated using exmol-based algorithm
CC(C)(C)c1cccc(C2([NH2+]CC(O)C3Cc4cccc(c4)OCCCCNc4cc(COF)cc(c4)C(=O)N3)CCCC2)c1,1,O1CCCCNc2cc(cc(c2)C(=O)NC(Cc2cc1ccc2)C(O)C[NH2+]C1(CCCC1)c1cc(ccc1)C(C)(C)C)COC,1,1,0,Exmol_based,Generated using exmol-based algorithm
COCc1cc2cc(c1)C(=O)NC(C(O)C[NH2+]C1(c3cccc(C(C)(C)C)c3)CCCC1)Cc1cccc(c1)OCCCCN2,1,O1CCCCNc2cc(cc(c2)C(=O)NC(Cc2cc1ccc2)C(O)C[NH2+]C1(CCCC1)c1cc(ccc1)C(C)(C)C)COC,1,1,0,Exmol_based,Generated using exmol-based algorithm
CCCC(C)([NH2+]CC(O)C1Cc2cccc(c2)OCCCCNc2cc(COC)cc(c2)C(=O)N1)c1cccc(C(C)(C)C)c1,1,O1CCCCNc2cc(cc(c2)C(=O)NC(Cc2cc1ccc2)C(O)C[NH2+]C1(CCCC1)c1cc(ccc1)C(C)(C)C)COC,1,1,0,Exmol_based,Generated using exmol-based algorithm
CCOc1cc(C2(C3=CS(c4cccnc4)=CC=C3)N=C(N)N(C)C2=O)ccc1OC,1,O(CC)c1cc(ccc1OC)C1(N=C(N)N(C)C1=O)c1cc(ccc1)-c1cccnc1,1,1,0,Exmol_based,Generated using exmol-based algorithm
CCOc1ccccc1OC.CN1C(=O)C(c2cccc(-c3cccnc3)c2)N=C1N,1,O(CC)c1cc(ccc1OC)C1(N=C(N)N(C)C1=O)c1cc(ccc1)-c1cccnc1,1,1,0,Exmol_based,Generated using exmol-based algorithm
COc1ccc(C2(c3cccc(-c4cccnc4)c3)N=C(N)N(C)C2=O)cc1OC(C)P,1,O(CC)c1cc(ccc1OC)C1(N=C(N)N(C)C1=O)c1cc(ccc1)-c1cccnc1,1,1,0,Exmol_based,Generated using exmol-based algorithm
CCCOc1cc(C2(c3cccc(-c4cccnc4)c3)N=C(N)N(S)C2=O)ccc1OC,1,O(CCC)c1cc(ccc1OC)C1(N=C(N)N(C)C1=O)c1cc(ccc1)-c1cccnc1,1,1,0,Exmol_based,Generated using exmol-based algorithm
CCCOc1cc(C2(c3cccc(-c4cccnc4)c3)CN(C)C(N)=N2)ccc1OC,1,O(CCC)c1cc(ccc1OC)C1(N=C(N)N(C)C1=O)c1cc(ccc1)-c1cccnc1,1,1,0,Exmol_based,Generated using exmol-based algorithm
CCC1Oc2c(OC)ccc(C3(c4cccc(-c5cccnc5)c4)N=C(N)N(C)C3=O)c21,1,O(CCC)c1cc(ccc1OC)C1(N=C(N)N(C)C1=O)c1cc(ccc1)-c1cccnc1,1,1,0,Exmol_based,Generated using exmol-based algorithm
CCCCOc1cc(C2(c3cccc(-c4cccnc4)c3C)N=C(N)N(C)C2=O)ccc1OC,1,O(CCCC)c1cc(ccc1OC)C1(N=C(N)N(C)C1=O)c1cc(ccc1)-c1cccnc1,1,1,0,Exmol_based,Generated using exmol-based algorithm
CCCCOc1pc(C2(c3cccc(-c4cccnc4)c3)N=C(N)N(C)C2=O)ccc1OC,1,O(CCCC)c1cc(ccc1OC)C1(N=C(N)N(C)C1=O)c1cc(ccc1)-c1cccnc1,1,1,0,Exmol_based,Generated using exmol-based algorithm
CCCC.COc1ccc(C2(c3cccc(-c4cccnc4)c3)N=C(N)N(C)C2=O)cc1,1,O(CCCC)c1cc(ccc1OC)C1(N=C(N)N(C)C1=O)c1cc(ccc1)-c1cccnc1,1,1,0,Exmol_based,Generated using exmol-based algorithm
COc1ccc(C2(c3cccc(-c4cccnc4)c3)N=C(N)N(C)C2=O)cc1,1,Fc1cc(ccc1OC)C1(N=C(N)N(C)C1=O)c1cc(ccc1)-c1cccnc1,1,1,0,Exmol_based,Generated using exmol-based algorithm
COc1ccc(C2(c3cncc(-c4cccnc4)c3)N=C(N)N(C)C2=O)cc1F,1,Fc1cc(ccc1OC)C1(N=C(N)N(C)C1=O)c1cc(ccc1)-c1cccnc1,1,1,0,Exmol_based,Generated using exmol-based algorithm
COc1ccc(C(C(=O)N(C)C(=N)N)c2cccc(-c3cccnc3)c2)cc1F,1,Fc1cc(ccc1OC)C1(N=C(N)N(C)C1=O)c1cc(ccc1)-c1cccnc1,1,1,0,Exmol_based,Generated using exmol-based algorithm
Cc1cnccc1C1(c2cccc(-c3cccc(F)c3)c2)N=C(N)N(C)C1=O,1,Fc1cc(ccc1)-c1cc(ccc1)C1(N=C(N)N(C)C1=O)c1ccncc1,1,1,0,Exmol_based,Generated using exmol-based algorithm
CN1C(=O)C(c2ccncc2)(c2cccc(-c3cccc(F)c3)c2)N=C1N,1,Fc1cc(ccc1)-c1cc(ccc1)C1(N=C(N)N(C)C1=O)c1ccncc1,1,1,0,Exmol_based,Generated using exmol-based algorithm
CNC(N)=NC(C=O)(c1ccncc1)c1cccc(-c2cccc(F)c2)c1,1,Fc1cc(ccc1)-c1cc(ccc1)C1(N=C(N)N(C)C1=O)c1ccncc1,1,1,0,Exmol_based,Generated using exmol-based algorithm
CN1C(=O)[C@@]2(N=C1N)c1ccc(cc1)OC(F)(F)c1ccc(CCCC#N)cc12,1,FC(F)Oc1ccc(cc1)[C@@]1(N=C(N)N(C)C1=O)c1cc(ccc1)CCCC#N,1,1,0,Exmol_based,Generated using exmol-based algorithm
CN(CN)C(=O)[C@@](N)(c1ccc(OC(F)F)cc1)c1cccc(CCCC#N)c1,1,FC(F)Oc1ccc(cc1)[C@@]1(N=C(N)N(C)C1=O)c1cc(ccc1)CCCC#N,1,1,0,Exmol_based,Generated using exmol-based algorithm
CN1C(=O)[C@@](c2ccc(O)cc2)(c2cccc(CCCC#N)c2)N=C1N.FCF,1,FC(F)Oc1ccc(cc1)[C@@]1(N=C(N)N(C)C1=O)c1cc(ccc1)CCCC#N,1,1,0,Exmol_based,Generated using exmol-based algorithm
C/C=C/c1cccc([C@@]2(c3ccc(OC(F)F)cc3)N=C(N)N(C)C2=O)c1.COC,1,FC(F)Oc1ccc(cc1)[C@@]1(N=C(N)N(C)C1=O)c1cc(ccc1)\C=C\CCCOC,1,1,0,Exmol_based,Generated using exmol-based algorithm
CCCCOC.Cc1cccc([C@@]2(c3ccc(OC(F)F)cc3)N=C(N)N(C)C2=O)c1,1,FC(F)Oc1ccc(cc1)[C@@]1(N=C(N)N(C)C1=O)c1cc(ccc1)\C=C\CCCOC,1,1,0,Exmol_based,Generated using exmol-based algorithm
COCCC/C=C/c1cccc([C@@]2(c3ccccc3)N=C(N)N(C)C2=O)c1.OC(F)F,1,FC(F)Oc1ccc(cc1)[C@@]1(N=C(N)N(C)C1=O)c1cc(ccc1)\C=C\CCCOC,1,1,0,Exmol_based,Generated using exmol-based algorithm
CN1C(=O)[C@@](c2ccc(O)cc2)(c2cccc(/C=C/CCO)c2)N=C1N.FCF,1,FC(F)Oc1ccc(cc1)[C@@]1(N=C(N)N(C)C1=O)c1cc(ccc1)\C=C\CCO,1,1,0,Exmol_based,Generated using exmol-based algorithm
CN1C(=O)[C@@](c2ccc(OC(F)F)cc2)(c2cccc(/C=C/CCO)c2)N=C1Br,1,FC(F)Oc1ccc(cc1)[C@@]1(N=C(N)N(C)C1=O)c1cc(ccc1)\C=C\CCO,1,1,0,Exmol_based,Generated using exmol-based algorithm
CN1C(=O)[C@@](c2ccc(OCF)cc2)(c2cccc(/C=C/CCO)c2)N=C1N.F,1,FC(F)Oc1ccc(cc1)[C@@]1(N=C(N)N(C)C1=O)c1cc(ccc1)\C=C\CCO,1,1,0,Exmol_based,Generated using exmol-based algorithm
CC(C)SC(NC(=O)C(CC(O)C1COCc2cccc(c2)C(C)NC(=O)c2cc(c(Br)c(N(C)S(C)(=O)=O)c2)C(=O)N1)C(C)C)C(=O)NCc1ccccc1,1,S(C(C)C)C(NC(=O)C(C(C)C)CC(O)C1NC(=O)c2cc(N(S(=O)(=O)C)C)cc(c2)C(=O)NC(c2cc(COC1)ccc2)C)C(=O)NCc1ccccc1,1,1,0,Exmol_based,Generated using exmol-based algorithm
CC(C)SC(NC(=O)C(CC(O)C1COSc2cccc(c2)C(C)NC(=O)c2cc(cc(N(C)S(C)(=O)=O)c2)C(=O)N1)C(C)C)C(=O)NCc1ccccc1,1,S(C(C)C)C(NC(=O)C(C(C)C)CC(O)C1NC(=O)c2cc(N(S(=O)(=O)C)C)cc(c2)C(=O)NC(c2cc(COC1)ccc2)C)C(=O)NCc1ccccc1,1,1,0,Exmol_based,Generated using exmol-based algorithm
CCSC(NC(=O)C(CC(O)C1COCc2cccc(c2)C(C)NC(=O)c2cc(cc(N(C)S(C)(=O)=O)c2)C(=O)N1)C(C)C)C(=O)NCc1ccccc1,1,S(C(C)C)C(NC(=O)C(C(C)C)CC(O)C1NC(=O)c2cc(N(S(=O)(=O)C)C)cc(c2)C(=O)NC(c2cc(COC1)ccc2)C)C(=O)NCc1ccccc1,1,1,0,Exmol_based,Generated using exmol-based algorithm
Cc1cccnc1-c1ccc2nc(N)c(CC(C)C(=O)NCc3cnccn3)cc2c1,1,O=C(NCc1nccnc1)C(Cc1cc2cc(ccc2nc1N)-c1ccccc1C)C,1,1,0,Exmol_based,Generated using exmol-based algorithm
Cc1ccccc1-c1ccc2nc(N)c3c(c2c1)C3C(C)C(=O)NCc1cnccn1,1,O=C(NCc1nccnc1)C(Cc1cc2cc(ccc2nc1N)-c1ccccc1C)C,1,1,0,Exmol_based,Generated using exmol-based algorithm
Cc1ccccc1-c1ccc2nc(N)c(CC(C)C(=O)NCc3cnccn3)c(C)c2c1,1,O=C(NCc1nccnc1)C(Cc1cc2cc(ccc2nc1N)-c1ccccc1C)C,1,1,0,Exmol_based,Generated using exmol-based algorithm
CN1C(=O)C(c2cccc(-c3cccnc3F)c2)(c2cnn(CCF)c2)N=C1N,1,Fc1ncccc1-c1cc(ccc1)C1(N=C(N)N(C)C1=O)c1cn(nc1)CCF,1,1,0,Exmol_based,Generated using exmol-based algorithm
CN1C(=O)C(c2cccc(-c3cccnc3F)c2)(c2cnn(NCF)c2)N=C1N,1,Fc1ncccc1-c1cc(ccc1)C1(N=C(N)N(C)C1=O)c1cn(nc1)CCF,1,1,0,Exmol_based,Generated using exmol-based algorithm
C.NC=NC(C=O)(c1cccc(-c2cccnc2F)c1)c1cnn(CCF)c1,1,Fc1ncccc1-c1cc(ccc1)C1(N=C(N)N(C)C1=O)c1cn(nc1)CCF,1,1,0,Exmol_based,Generated using exmol-based algorithm
COc1ccc(C(=O)Nc2ccc(F)c(C(C)C(F)(F)COCN)c2)nc1,1,FC1(F)COC(=NC1(C)c1cc(NC(=O)c2ncc(OC)cc2)ccc1F)N,1,1,0,Exmol_based,Generated using exmol-based algorithm
COc1ccc(C(=O)Nc2ccc(F)c(C3(C)N=COCC3(F)F)c2)nc1.N,1,FC1(F)COC(=NC1(C)c1cc(NC(=O)c2ncc(OC)cc2)ccc1F)N,1,1,0,Exmol_based,Generated using exmol-based algorithm
COc1ccc(C(=O)Nc2ccc(F)c(C(C)N=C(N)OCC(F)F)c2)nc1,1,FC1(F)COC(=NC1(C)c1cc(NC(=O)c2ncc(OC)cc2)ccc1F)N,1,1,0,Exmol_based,Generated using exmol-based algorithm
CO/N=C(/C)c1cc(C(=O)NC(Cc2cc(F)cc(F)c2)[C@@H](O)C[NH2+]Cc2cccc(OC)c2)cc(N2CCCCS2(=O)=O)c1,1,S1(=O)(=O)N(CCCC1)c1cc(cc(c1)/C(=N\OC)/C)C(=O)NC([C@@H](O)C[NH2+]Cc1cc(OC)ccc1)Cc1cc(F)cc(F)c1,1,1,0,Exmol_based,Generated using exmol-based algorithm
C.CON.COc1cccc(C[NH2+]C[C@H](O)C(Cc2cc(F)cc(F)c2)NC(=O)c2cccc(N3CCCCS3(=O)=O)c2)c1,1,S1(=O)(=O)N(CCCC1)c1cc(cc(c1)/C(=N\OC)/C)C(=O)NC([C@@H](O)C[NH2+]Cc1cc(OC)ccc1)Cc1cc(F)cc(F)c1,1,1,0,Exmol_based,Generated using exmol-based algorithm
CO/N=C(/C)c1cc(C(=O)NC([CH]C[NH2+]Cc2cccc(OC)c2)Cc2cc(F)cc(F)c2)cc(N2CCCCS2(=O)=O)c1.O,1,S1(=O)(=O)N(CCCC1)c1cc(cc(c1)/C(=N\OC)/C)C(=O)NC([C@@H](O)C[NH2+]Cc1cc(OC)ccc1)Cc1cc(F)cc(F)c1,1,1,0,Exmol_based,Generated using exmol-based algorithm
CCc1cc(CC2CS(=O)(=O)CC([NH2+]Cc3cccc(C(C)(C)C)c3)C2O)ccc1NC(=O)C[NH+](C)C,1,S1(=O)(=O)CC(Cc2cc(CC)c(NC(=O)C[NH+](C)C)c(F)c2)C(O)C([NH2+]Cc2cc(ccc2)C(C)(C)C)C1,1,1,0,Exmol_based,Generated using exmol-based algorithm
CCc1cc(CC(C)C(O)C(C[SH](=O)=O)[NH2+]Cc2cccc(C(C)(C)C)c2)cc(F)c1NC(=O)C[NH+](C)C,1,S1(=O)(=O)CC(Cc2cc(CC)c(NC(=O)C[NH+](C)C)c(F)c2)C(O)C([NH2+]Cc2cc(ccc2)C(C)(C)C)C1,1,1,0,Exmol_based,Generated using exmol-based algorithm
CCc1cc(CC(C[SH](=O)=O)C(O)C[NH2+]Cc2cccc(C(C)(C)C)c2)cc(F)c1NC(=O)C[NH+](C)C,1,S1(=O)(=O)CC(Cc2cc(CC)c(NC(=O)C[NH+](C)C)c(F)c2)C(O)C([NH2+]Cc2cc(ccc2)C(C)(C)C)C1,1,1,0,Exmol_based,Generated using exmol-based algorithm
CCCN(CCCl)C(=O)c1cc(Oc2ccccc2OC)cc(C(=O)NC(Cc2cc(F)cc(F)c2)C(O)C[NH2+]Cc2cccc(OC)c2)c1,1,Fc1cc(cc(F)c1)CC(NC(=O)c1cc(cc(Oc2ccccc2OC)c1)C(=O)N(CCC)CCC)C(O)C[NH2+]Cc1cc(OC)ccc1,1,1,0,Exmol_based,Generated using exmol-based algorithm
CC.CCCN(C)C(=O)c1cc(Oc2ccccc2OC)cc(C(=O)NC(Cc2cc(F)cc(F)c2)C(O)C[NH2+]Cc2cccc(OC)c2)c1,1,Fc1cc(cc(F)c1)CC(NC(=O)c1cc(cc(Oc2ccccc2OC)c1)C(=O)N(CCC)CCC)C(O)C[NH2+]Cc1cc(OC)ccc1,1,1,0,Exmol_based,Generated using exmol-based algorithm
CCCN(CCC)C(=O)c1cc(Oc2ccccc2OC)cc(C(=O)NC(CO)Cc2cc(F)cc(F)c2)c1.C[NH2+]Cc1cccc(OC)c1,1,Fc1cc(cc(F)c1)CC(NC(=O)c1cc(cc(Oc2ccccc2OC)c1)C(=O)N(CCC)CCC)C(O)C[NH2+]Cc1cc(OC)ccc1,1,1,0,Exmol_based,Generated using exmol-based algorithm
CCC(C)C1(NC(C)=O)CCN(C(CCc2ccccc2)C(=O)NC(Cc2cc(F)cc(F)c2)C(O)C2Cc3ccccc3C[NH2+]2)C1=O,1,Fc1cc(cc(F)c1)CC(NC(=O)C(N1CCC(NC(=O)C)(C(CC)C)C1=O)CCc1ccccc1)C(O)C1[NH2+]Cc2c(C1)cccc2,1,1,0,Exmol_based,Generated using exmol-based algorithm
CCC(C)C1(NC(C)=O)CCN(C(CCc2ccccc2)C(N)=O)C1=O.Cc1cc(F)cc(F)c1.OCC1Cc2ccccc2C[NH2+]1,1,Fc1cc(cc(F)c1)CC(NC(=O)C(N1CCC(NC(=O)C)(C(CC)C)C1=O)CCc1ccccc1)C(O)C1[NH2+]Cc2c(C1)cccc2,1,1,0,Exmol_based,Generated using exmol-based algorithm
CCC(C)C(CCN(C=O)C(CCc1ccccc1)C(=O)NC(Cc1cc(F)cc(F)c1)C(O)C1Cc2ccccc2C[NH2+]1)NC(C)=O,1,Fc1cc(cc(F)c1)CC(NC(=O)C(N1CCC(NC(=O)C)(C(CC)C)C1=O)CCc1ccccc1)C(O)C1[NH2+]Cc2c(C1)cccc2,1,1,0,Exmol_based,Generated using exmol-based algorithm
CC.CCCN(C)C(=O)c1cc(C(=O)NC(Cc2cc(F)cc(F)c2)C(O)C[NH2+]Cc2cccc(OC)c2)cc(/C(C)=N\OCC(C)C)c1,1,Fc1cc(cc(F)c1)CC(NC(=O)c1cc(cc(c1)/C(=N\OCC(C)C)/C)C(=O)N(CCC)CCC)C(O)C[NH2+]Cc1cc(OC)ccc1,1,1,0,Exmol_based,Generated using exmol-based algorithm
CCCN(CCC)C(=O)c1cc(C(=O)NC(Cc2cc(F)cc(F)c2)C(O)C[NH2+]Cc2cccc(OC)c2)cc(/C(C)=N\OCC(C)C)c1,1,Fc1cc(cc(F)c1)CC(NC(=O)c1cc(cc(c1)/C(=N\OCC(C)C)/C)C(=O)N(CCC)CCC)C(O)C[NH2+]Cc1cc(OC)ccc1,1,1,0,Exmol_based,Generated using exmol-based algorithm
CCCN(CCC)C(=O)c1cc(C(=O)NCC(O)C[NH2+]Cc2cccc(OC)c2)cc(/C(C)=N\OCC(C)C)c1.Cc1cc(F)cc(F)c1,1,Fc1cc(cc(F)c1)CC(NC(=O)c1cc(cc(c1)/C(=N\OCC(C)C)/C)C(=O)N(CCC)CCC)C(O)C[NH2+]Cc1cc(OC)ccc1,1,1,0,Exmol_based,Generated using exmol-based algorithm
CC(C)(C)c1cccc(C[NH2+]C2CS(=O)(=O)CC(Cc3ccc(O)c(Br)c3)C2O)c1,1,Brc1cc(ccc1O)CC1CS(=O)(=O)CC([NH2+]Cc2cc(ccc2)C(C)(C)C)C1O,1,1,0,Exmol_based,Generated using exmol-based algorithm
CC(C)(C)c1cccc(C[NH2+]C2CS(=O)(=O)CC(Cc3ccc(O)cc3)C2O)c1,1,Brc1cc(ccc1O)CC1CS(=O)(=O)CC([NH2+]Cc2cc(ccc2)C(C)(C)C)C1O,1,1,0,Exmol_based,Generated using exmol-based algorithm
CC(C)c1cccc(C[NH2+]C2CS(=O)(=O)CC(Cc3ccc(O)c(Br)c3)C2O)c1,1,Brc1cc(ccc1O)CC1CS(=O)(=O)CC([NH2+]Cc2cc(ccc2)C(C)(C)C)C1O,1,1,0,Exmol_based,Generated using exmol-based algorithm
CC(C)(C)c1cccc(C[NH2+]CC(O)C(Cc2cc(F)c(N)c(Br)c2)CS(C)(=O)=O)c1,1,Brc1cc(cc(F)c1N)CC1CS(=O)(=O)CC([NH2+]Cc2cc(ccc2)C(C)(C)C)C1O,1,1,0,Exmol_based,Generated using exmol-based algorithm
CC(C)(C)c1cccc(C[NH2+]C2CS(=O)CC(Cc3cc(F)c(N)c(Br)c3)C2O)c1,1,Brc1cc(cc(F)c1N)CC1CS(=O)(=O)CC([NH2+]Cc2cc(ccc2)C(C)(C)C)C1O,1,1,0,Exmol_based,Generated using exmol-based algorithm
CC(C)c1cccc(C[NH2+]C2CS(=O)(=O)CC(Cc3cc(F)c(N)c(Br)c3)C2O)c1,1,Brc1cc(cc(F)c1N)CC1CS(=O)(=O)CC([NH2+]Cc2cc(ccc2)C(C)(C)C)C1O,1,1,0,Exmol_based,Generated using exmol-based algorithm
CC(C)(C)c1ccccc1.CCCOc1cc(CC2CS(=O)(=O)CC([NH2+]C)C2O)cc(F)c1N,1,S1(=O)(=O)CC(Cc2cc(OCCC)c(N)c(F)c2)C(O)C([NH2+]Cc2cc(ccc2)C(C)(C)C)C1,1,1,0,Exmol_based,Generated using exmol-based algorithm
CC(C)(C)c1ccccc1.CCCOc1cc(CC2CS(=O)(=O)CC([NH2+]C)C2O)cc(F)c1N,1,S1(=O)(=O)CC(Cc2cc(OCCC)c(N)c(F)c2)C(O)C([NH2+]Cc2cc(ccc2)C(C)(C)C)C1,1,1,0,Exmol_based,Generated using exmol-based algorithm
CCCOc1cc(CC2CS(=O)(=O)CC([NH2+]Cc3cccc(C(C)(C)Br)c3)C2O)cc(F)c1N,1,S1(=O)(=O)CC(Cc2cc(OCCC)c(N)c(F)c2)C(O)C([NH2+]Cc2cc(ccc2)C(C)(C)C)C1,1,1,0,Exmol_based,Generated using exmol-based algorithm
COCCC#Cc1cccc(C(N=C(N)N2C=NCC(F)(F)C2)c2ccc(OC(F)F)cc2)c1,1,FC1(F)CN2C(=NC1)C(N=C2N)(c1cc(ccc1)C#CCCOC)c1ccc(OC(F)F)cc1,1,1,0,Exmol_based,Generated using exmol-based algorithm
COCCC#Cc1ccccc1.FC(F)Oc1ccccc1.N=C(N)N1C=NCC(F)(F)C1,1,FC1(F)CN2C(=NC1)C(N=C2N)(c1cc(ccc1)C#CCCOC)c1ccc(OC(F)F)cc1,1,1,0,Exmol_based,Generated using exmol-based algorithm
COCCC#Cc1cccc(C2(c3ccc(OC(F)F)cn3)N=C(N)N3CC(F)(F)CN=C32)c1,1,FC1(F)CN2C(=NC1)C(N=C2N)(c1cc(ccc1)C#CCCOC)c1ccc(OC(F)F)cc1,1,1,0,Exmol_based,Generated using exmol-based algorithm
CC1(c2ccccc2F)N=C(N)OCC1(F)F.NC(=O)c1ccc(OC(F)(F)F)cn1,1,FC1(F)COC(=NC1(C)c1cc(NC(=O)c2ncc(OC(F)(F)F)cc2)ccc1F)N,1,1,0,Exmol_based,Generated using exmol-based algorithm
CC1(c2ccccc2F)N=C(N)OCC1(F)F.O=Cc1ccc(OC(F)(F)F)cn1,1,FC1(F)COC(=NC1(C)c1cc(NC(=O)c2ncc(OC(F)(F)F)cc2)ccc1F)N,1,1,0,Exmol_based,Generated using exmol-based algorithm
CC(c1cc(NC(=O)c2ccc(OC(F)(F)F)cn2)ccc1F)C(F)(F)COCN,1,FC1(F)COC(=NC1(C)c1cc(NC(=O)c2ncc(OC(F)(F)F)cc2)ccc1F)N,1,1,0,Exmol_based,Generated using exmol-based algorithm
N#Cc1ccc2c(ccn2CC(=O)NC(=[NH2+])NCc2cc(Cl)c(NC=O)c(Cl)c2)c1,1,Clc1cc(cc(Cl)c1NC(=O)C)CNC(=[NH2+])NC(=O)Cn1c2c(cc(cc2)C#N)cc1,1,1,0,Exmol_based,Generated using exmol-based algorithm
CC(=O)Nc1c(Cl)cc(CNC(=[NH2+])NC(=O)Cn2ccc3ccccc32)cc1Cl.N,1,Clc1cc(cc(Cl)c1NC(=O)C)CNC(=[NH2+])NC(=O)Cn1c2c(cc(cc2)C#N)cc1,1,1,0,Exmol_based,Generated using exmol-based algorithm
CC(=O)Nc1c(Cl)cc(CN(P)C(=[NH2+])NC(=O)Cn2ccc3cc(C#N)ccc32)cc1Cl,1,Clc1cc(cc(Cl)c1NC(=O)C)CNC(=[NH2+])NC(=O)Cn1c2c(cc(cc2)C#N)cc1,1,1,0,Exmol_based,Generated using exmol-based algorithm
NC1=NC(c2ccc(OC(F)F)cc2)(c2cccc(C#COCCCF)c2)C2=NCC(F)(F)CN12,1,FC1(F)CN2C(=NC1)C(N=C2N)(c1cc(ccc1)C#COCCCF)c1ccc(OC(F)F)cc1,1,1,0,Exmol_based,Generated using exmol-based algorithm
NC1=NC(c2ccc(OC(F)F)cc2)(c2cc(C#COCCCF)ccc2S)C2=NCC(F)(F)CN12,1,FC1(F)CN2C(=NC1)C(N=C2N)(c1cc(ccc1)C#COCCCF)c1ccc(OC(F)F)cc1,1,1,0,Exmol_based,Generated using exmol-based algorithm
NC1=NC(c2ccc(OC(F)F)cc2)(c2cccc(C#COCCCF)c2)C=NCC(F)(F)CN1,1,FC1(F)CN2C(=NC1)C(N=C2N)(c1cc(ccc1)C#COCCCF)c1ccc(OC(F)F)cc1,1,1,0,Exmol_based,Generated using exmol-based algorithm
CCCO/N=C(/C)c1cc(C(=O)NC(Cc2cc(F)cc(F)c2Br)[C@@H](O)C[NH2+]Cc2cccc(OC)c2)cc(N(C)S(C)(=O)=O)c1,1,S(=O)(=O)(N(C)c1cc(cc(c1)/C(=N\OCCC)/C)C(=O)NC([C@@H](O)C[NH2+]Cc1cc(OC)ccc1)Cc1cc(F)cc(F)c1)C,1,1,0,Exmol_based,Generated using exmol-based algorithm
CCC(=O)O/N=C(/C)c1cc(C(=O)NC(Cc2cc(F)cc(F)c2)[C@@H](O)C[NH2+]Cc2cccc(OC)c2)cc(N(C)S(C)(=O)=O)c1,1,S(=O)(=O)(N(C)c1cc(cc(c1)/C(=N\OCCC)/C)C(=O)NC([C@@H](O)C[NH2+]Cc1cc(OC)ccc1)Cc1cc(F)cc(F)c1)C,1,1,0,Exmol_based,Generated using exmol-based algorithm
CCCO/N=C(/C)c1cc(C(=O)NC([CH]C[NH2+]Cc2cccc(OC)c2)Cc2cc(F)cc(F)c2)cc(N(C)S(C)(=O)=O)c1,1,S(=O)(=O)(N(C)c1cc(cc(c1)/C(=N\OCCC)/C)C(=O)NC([C@@H](O)C[NH2+]Cc1cc(OC)ccc1)Cc1cc(F)cc(F)c1)C,1,1,0,Exmol_based,Generated using exmol-based algorithm
CO/N=C(\C)c1cc(C(N)=O)cc(N(C)S(C)(=O)=O)c1.COc1cccc(C[NH2+]C[CH]O)c1.Cc1cc(F)cc(F)c1,1,S(=O)(=O)(N(C)c1cc(cc(c1)/C(=N/OC)/C)C(=O)NC([C@@H](O)C[NH2+]Cc1cc(OC)ccc1)Cc1cc(F)cc(F)c1)C,1,1,0,Exmol_based,Generated using exmol-based algorithm
CO/N=C(\C)c1cc(C(=O)N2C(Cc3cc(F)cc(F)c3)[C@@H](O)C2[NH2+]Cc2cccc(OC)c2)cc(N(C)S(C)(=O)=O)c1,1,S(=O)(=O)(N(C)c1cc(cc(c1)/C(=N/OC)/C)C(=O)NC([C@@H](O)C[NH2+]Cc1cc(OC)ccc1)Cc1cc(F)cc(F)c1)C,1,1,0,Exmol_based,Generated using exmol-based algorithm
CO/N=C(\C)c1cc2c(c(N(C)S(C)(=O)=O)c1)-c1c(cccc1OC)C[NH2+]C[C@H](O)C(Cc1cc(F)cc(F)c1)NC2=O,1,S(=O)(=O)(N(C)c1cc(cc(c1)/C(=N/OC)/C)C(=O)NC([C@@H](O)C[NH2+]Cc1cc(OC)ccc1)Cc1cc(F)cc(F)c1)C,1,1,0,Exmol_based,Generated using exmol-based algorithm
CCC1=CC=C(C(=O)NC(Cc2ccccc2)C(O)C[NH2+]C2CCCCC2)C=CN(C)S(=O)(=O)CN=C1,1,S1(=O)(=O)N(c2cc(cc3c2n(cc3CC)C1)C(=O)NC(Cc1ccccc1)C(O)C[NH2+]C1CCCCC1)C,1,1,0,Exmol_based,Generated using exmol-based algorithm
CCc1cn2c3c(cc(C(=O)NC(Cc4ccccc4)C(O)C[NH2+][SH]4CCCCC4)cc13)N(C)S(=O)(=O)C2,1,S1(=O)(=O)N(c2cc(cc3c2n(cc3CC)C1)C(=O)NC(Cc1ccccc1)C(O)C[NH2+]C1CCCCC1)C,1,1,0,Exmol_based,Generated using exmol-based algorithm
CN1c2cc(C(=O)NC(Cc3ccccc3)C(O)C[NH2+]C3CCCCC3)cc3c(CC=O)cn(c23)CS1(=O)=O,1,S1(=O)(=O)N(c2cc(cc3c2n(cc3CC)C1)C(=O)NC(Cc1ccccc1)C(O)C[NH2+]C1CCCCC1)C,1,1,0,Exmol_based,Generated using exmol-based algorithm
FC(F)(F)Oc1ccccc1.NC1=[NH+]C(c2cccc(-c3cccnc3F)c2)C2=NCCCN21,1,Fc1ncccc1-c1cc(ccc1)C1([NH+]=C(N2C1=NCCC2)N)c1ccc(OC(F)(F)F)cc1,1,1,0,Exmol_based,Generated using exmol-based algorithm
F.NC1=[NH+]C(c2ccc(OC(F)(F)F)cc2)(c2cccc(-c3cccnc3)c2)C2=NCCCN21,1,Fc1ncccc1-c1cc(ccc1)C1([NH+]=C(N2C1=NCCC2)N)c1ccc(OC(F)(F)F)cc1,1,1,0,Exmol_based,Generated using exmol-based algorithm
Fc1ccccn1.NC1=[NH+]C(c2ccccc2)(c2ccc(OC(F)(F)F)cc2)C2=NCCCN21,1,Fc1ncccc1-c1cc(ccc1)C1([NH+]=C(N2C1=NCCC2)N)c1ccc(OC(F)(F)F)cc1,1,1,0,Exmol_based,Generated using exmol-based algorithm
CCC.COCc1cc2cc(c1)C(=O)NC(C(O)C[NH2+]Cc1ccccc1)Cc1cccc(c1)OCCCCN2,1,O1CCCCNc2cc(cc(c2)C(=O)NC(Cc2cc1ccc2)C(O)C[NH2+]Cc1cc(ccc1)C(C)C)COC,1,1,0,Exmol_based,Generated using exmol-based algorithm
COCc1cc2cc(c1)C(=O)NC(C(O)C[NH2+]Cc1cccc(C(C)C)c1)Cc1cccc(c1)OCCCCN2,1,O1CCCCNc2cc(cc(c2)C(=O)NC(Cc2cc1ccc2)C(O)C[NH2+]Cc1cc(ccc1)C(C)C)COC,1,1,0,Exmol_based,Generated using exmol-based algorithm
COCc1cc2cc(c1)C(=O)NC(C(O)C[NH2+]Oc1cccc(C(C)C)c1)Cc1cccc(c1)OCCCCN2,1,O1CCCCNc2cc(cc(c2)C(=O)NC(Cc2cc1ccc2)C(O)C[NH2+]Cc1cc(ccc1)C(C)C)COC,1,1,0,Exmol_based,Generated using exmol-based algorithm
COc1ccc(C2(c3cccc(-c4ccnnc4)c3)N=C(N)N(C)C2=O)cc1OC(C)C,1,O(C(C)C)c1cc(ccc1OC)C1(N=C(N)N(C)C1=O)c1cc(ccc1)-c1cccnc1,1,1,0,Exmol_based,Generated using exmol-based algorithm
CNC(N)=NC(C=O)(c1cccc(-c2cccnc2)c1)c1ccc(OC)c(OC(C)C)c1,1,O(C(C)C)c1cc(ccc1OC)C1(N=C(N)N(C)C1=O)c1cc(ccc1)-c1cccnc1,1,1,0,Exmol_based,Generated using exmol-based algorithm
C.CC(C)Oc1cccc(C2(c3cccc(-c4cccnc4)c3)N=C(N)N(C)C2=O)c1,1,O(C(C)C)c1cc(ccc1OC)C1(N=C(N)N(C)C1=O)c1cc(ccc1)-c1cccnc1,1,1,0,Exmol_based,Generated using exmol-based algorithm
CN1C(=O)C(c2ccc(OC(F)(F)F)pc2)(c2cccc(-c3cccnc3F)c2)N=C1N,1,Fc1ncccc1-c1cc(ccc1)C1(N=C(N)N(C)C1=O)c1ccc(OC(F)(F)F)cc1,1,1,0,Exmol_based,Generated using exmol-based algorithm
CN1C(=O)C(c2ccccc2)(c2ccc(OC(F)(F)F)cc2)N=C1N.Fc1ccccn1,1,Fc1ncccc1-c1cc(ccc1)C1(N=C(N)N(C)C1=O)c1ccc(OC(F)(F)F)cc1,1,1,0,Exmol_based,Generated using exmol-based algorithm
CN1C(=O)C(c2ccc(OC(F)(F)F)cc2)(c2cccc(-c3cc(N)cnc3F)c2)N=C1N,1,Fc1ncccc1-c1cc(ccc1)C1(N=C(N)N(C)C1=O)c1ccc(OC(F)(F)F)cc1,1,1,0,Exmol_based,Generated using exmol-based algorithm
CN1C(=O)C(c2ccncc2)(c2cccc(-c3cc(F)cc(F)c3)c2)N=C1N=S,1,Fc1cc(cc(F)c1)-c1cc(ccc1)C1(N=C(N)N(C)C1=O)c1ccncc1,1,1,0,Exmol_based,Generated using exmol-based algorithm
CN1CC(c2ccncc2)(c2cccc(-c3cc(F)cc(F)c3)c2)N=C1N,1,Fc1cc(cc(F)c1)-c1cc(ccc1)C1(N=C(N)N(C)C1=O)c1ccncc1,1,1,0,Exmol_based,Generated using exmol-based algorithm
CN1C(=O)C(c2ccncc2)(c2ccc(F)c(-c3cc(F)cc(F)c3)c2)N=C1N,1,Fc1cc(cc(F)c1)-c1cc(ccc1)C1(N=C(N)N(C)C1=O)c1ccncc1,1,1,0,Exmol_based,Generated using exmol-based algorithm
NC1=N[C@@]2(c3ccc(OC(F)(F)F)cc3)C(=O)N1Cc1cc(-c3cccnc3F)cc2c1,1,Fc1ncccc1-c1cc(ccc1)[C@]1(N=C(N)N(C)C1=O)c1ccc(OC(F)(F)F)cc1,1,1,0,Exmol_based,Generated using exmol-based algorithm
CN1C(=O)[C@@](c2ccc(OC(F)(F)F)cc2)(c2cccc(-c3cccnc3F)c2)N=C1N,1,Fc1ncccc1-c1cc(ccc1)[C@]1(N=C(N)N(C)C1=O)c1ccc(OC(F)(F)F)cc1,1,1,0,Exmol_based,Generated using exmol-based algorithm
CN1C(=O)[C@@](c2ccc(O)cc2)(c2cccc(-c3cccnc3F)c2)N=C1N.F.F.F,1,Fc1ncccc1-c1cc(ccc1)[C@]1(N=C(N)N(C)C1=O)c1ccc(OC(F)(F)F)cc1,1,1,0,Exmol_based,Generated using exmol-based algorithm
CN1C(=O)[C@@]2(c3cccc(CCCC(F)(F)F)c3)N=C1Nc1cc(OC(F)F)ccc12,1,FC(F)(F)CCCc1cc(ccc1)[C@]1(N=C(N)N(C)C1=O)c1ccc(OC(F)F)cc1,1,1,0,Exmol_based,Generated using exmol-based algorithm
CN1C(=O)[C@@](c2ccc(OC(F)F)cc2)(c2cccc(CCNC(F)(F)F)c2)N=C1N,1,FC(F)(F)CCCc1cc(ccc1)[C@]1(N=C(N)N(C)C1=O)c1ccc(OC(F)F)cc1,1,1,0,Exmol_based,Generated using exmol-based algorithm
Cc1cc([C@]2(c3cccc(CCCC(F)(F)F)c3)N=C(N)N(C)C2=O)ccc1OC(F)F,1,FC(F)(F)CCCc1cc(ccc1)[C@]1(N=C(N)N(C)C1=O)c1ccc(OC(F)F)cc1,1,1,0,Exmol_based,Generated using exmol-based algorithm
CNCOc1ccc(CC2CS(=O)(=O)CC([NH2+]Cc3cccc(C(C)C)c3)C2O)cc1Br.O,1,Brc1cc(ccc1OC(=O)NC)CC1CS(=O)(=O)CC([NH2+]Cc2cc(ccc2)C(C)C)C1O,1,1,0,Exmol_based,Generated using exmol-based algorithm
Br.CNC(=O)Oc1ccc(CC2CS(=O)(=O)CC([NH2+]Cc3cccc(C(C)C)c3)C2O)cc1,1,Brc1cc(ccc1OC(=O)NC)CC1CS(=O)(=O)CC([NH2+]Cc2cc(ccc2)C(C)C)C1O,1,1,0,Exmol_based,Generated using exmol-based algorithm
CC(C)c1cccc(C[NH2+]C2CS(=O)(=O)CCC2O)c1.CNC(=O)Oc1ccccc1Br,1,Brc1cc(ccc1OC(=O)NC)CC1CS(=O)(=O)CC([NH2+]Cc2cc(ccc2)C(C)C)C1O,1,1,0,Exmol_based,Generated using exmol-based algorithm
CCCCC1CCN(C(C)CNC(Cc2cc(F)cc(F)c2)C(O)C[NH2+]Cc2cccc(OC)c2)C1=O.O,1,Fc1cc(cc(F)c1)CC(NC(=O)C(N1CCC(CCCC)C1=O)C)C(O)C[NH2+]Cc1cc(OC)ccc1,1,1,0,Exmol_based,Generated using exmol-based algorithm
C.CCCCC1CCN(CC(=O)NC(Cc2cc(F)cc(F)c2)C(O)C[NH2+]Cc2cccc(OC)c2)C1=O,1,Fc1cc(cc(F)c1)CC(NC(=O)C(N1CCC(CCCC)C1=O)C)C(O)C[NH2+]Cc1cc(OC)ccc1,1,1,0,Exmol_based,Generated using exmol-based algorithm
CCCCC1CCN(C(C)C(=O)NCC(O)C[NH2+]Cc2cccc(OC)c2)C1=O.Cc1cc(F)cc(F)c1,1,Fc1cc(cc(F)c1)CC(NC(=O)C(N1CCC(CCCC)C1=O)C)C(O)C[NH2+]Cc1cc(OC)ccc1,1,1,0,Exmol_based,Generated using exmol-based algorithm
COc1ccc(F)c(-c2ccc3c(c2)C2(N=C(N)N(C)C2=O)C(F)C(C)(C)O3)c1,1,Fc1ccc(OC)cc1-c1cc2c(OC(CC23N=C(N)N(C)C3=O)(C)C)cc1,1,1,0,Exmol_based,Generated using exmol-based algorithm
COc1ccc(F)c(C2=CC=COC(C)(C)CC3(C=C2)N=C(N)N(C)C3=O)c1,1,Fc1ccc(OC)cc1-c1cc2c(OC(CC23N=C(N)N(C)C3=O)(C)C)cc1,1,1,0,Exmol_based,Generated using exmol-based algorithm
COc1ccc(F)c(-c2ccc3c(c2)C2(CC(C)(C)O3)N=C(N)N(CF)C2=O)c1,1,Fc1ccc(OC)cc1-c1cc2c(OC(CC23N=C(N)N(C)C3=O)(C)C)cc1,1,1,0,Exmol_based,Generated using exmol-based algorithm
Cc1cc(C2N=C(N)c3c(F)cccc32)cn(C)c1=O.c1ccc(-c2cncnc2)cc1,1,Fc1c2c(ccc1)C(N=C2N)(C=1C=C(C)C(=O)N(C=1)C)c1cc(ccc1)-c1cncnc1,1,1,0,Exmol_based,Generated using exmol-based algorithm
Cn1cc(C2(c3cccc(-c4cncnc4)c3)N=C(N)c3c(F)cccc32)ccc1=O,1,Fc1c2c(ccc1)C(N=C2N)(C=1C=C(C)C(=O)N(C=1)C)c1cc(ccc1)-c1cncnc1,1,1,0,Exmol_based,Generated using exmol-based algorithm
Cc1cc(C2(c3cccc(-c4cncnc4)c3)N=C(F)c3c(F)cccc32)cn(C)c1=O,1,Fc1c2c(ccc1)C(N=C2N)(C=1C=C(C)C(=O)N(C=1)C)c1cc(ccc1)-c1cncnc1,1,1,0,Exmol_based,Generated using exmol-based algorithm
CC(=O)NC(Cc1cc(F)cc(F)c1)C(O)C[NH2+]C1(c2cccc(C(C)(C)C)c2)CCOCC1S,1,Fc1cc(cc(F)c1)CC(NC(=O)C)C(O)C[NH2+]C1(CCOCC1)c1cc(ccc1)C(C)(C)C,1,1,0,Exmol_based,Generated using exmol-based algorithm
CCOCCC([NH2+]CC(O)C(Cc1cc(F)cc(F)c1)NC(C)=O)c1cccc(C(C)(C)C)c1,1,Fc1cc(cc(F)c1)CC(NC(=O)C)C(O)C[NH2+]C1(CCOCC1)c1cc(ccc1)C(C)(C)C,1,1,0,Exmol_based,Generated using exmol-based algorithm
CC(=O)NC(C(O)C[NH2+]C1(c2cccc(C(C)(C)C)c2)CCOCC1)C(Cl)c1cc(F)cc(F)c1,1,Fc1cc(cc(F)c1)CC(NC(=O)C)C(O)C[NH2+]C1(CCOCC1)c1cc(ccc1)C(C)(C)C,1,1,0,Exmol_based,Generated using exmol-based algorithm
C[NH+](C)CC(=O)Nc1ccc(CC2CS(=O)(=O)CC([NH2+]Cc3cccc(C(C)(C)C)c3)C2O)cc1,1,S1(=O)(=O)CC(Cc2cc(F)c(NC(=O)C[NH+](C)C)cc2)C(O)C([NH2+]Cc2cc(ccc2)C(C)(C)C)C1,1,1,0,Exmol_based,Generated using exmol-based algorithm
C[NH+](C)CC(=O)Nc1ccc(CC(C[SH](=O)=O)C(O)C[NH2+]Cc2cccc(C(C)(C)C)c2)cc1F,1,S1(=O)(=O)CC(Cc2cc(F)c(NC(=O)C[NH+](C)C)cc2)C(O)C([NH2+]Cc2cc(ccc2)C(C)(C)C)C1,1,1,0,Exmol_based,Generated using exmol-based algorithm
C[NH+](C)CC(=O)Nc1ccc(C2c3cc(cc(C(C)(C)C)c3)C[NH2+]C3CS(=O)(=O)CC2C3O)cc1F,1,S1(=O)(=O)CC(Cc2cc(F)c(NC(=O)C[NH+](C)C)cc2)C(O)C([NH2+]Cc2cc(ccc2)C(C)(C)C)C1,1,1,0,Exmol_based,Generated using exmol-based algorithm
C1CC1.CC#Cc1cncc(-c2cc(C3N=C(C)C(N)=N3)ccc2O)c1,1,Oc1ccc(cc1-c1cc(cnc1)C#CC)C1(N=C(C)C(=N1)N)C1CC1,1,1,0,Exmol_based,Generated using exmol-based algorithm
C#CC.CC1=NC(c2ccc(O)c(-c3cccnc3)c2)(C2CC2)N=C1N,1,Oc1ccc(cc1-c1cc(cnc1)C#CC)C1(N=C(C)C(=N1)N)C1CC1,1,1,0,Exmol_based,Generated using exmol-based algorithm
CC#Cc1cncc(-c2cc(C3(C4CC4)N=C(C)C(N)=N3)ccc2O)c1,1,Oc1ccc(cc1-c1cc(cnc1)C#CC)C1(N=C(C)C(=N1)N)C1CC1,1,1,0,Exmol_based,Generated using exmol-based algorithm
C=CN1C(=O)C2(CC(C)(C)Oc3ccc(-c4cc(F)cc(OC)c4)cc32)N=C1N,1,Fc1cc(cc(OC)c1)-c1cc2c(OC(CC23N=C(N)N(C)C3=O)(C)C)cc1,1,1,0,Exmol_based,Generated using exmol-based algorithm
COc1cc(F)cc(-c2ccc3c(c2)C2(CC(C)(C)O3)N=C(N)N(C)C2=O)c1,1,Fc1cc(cc(OC)c1)-c1cc2c(OC(CC23N=C(N)N(C)C3=O)(C)C)cc1,1,1,0,Exmol_based,Generated using exmol-based algorithm
COc1cc(F)cc(-c2ccc3c(c2)C2(N=C(N)N(C)C2=O)OC(C)(C)O3)c1,1,Fc1cc(cc(OC)c1)-c1cc2c(OC(CC23N=C(N)N(C)C3=O)(C)C)cc1,1,1,0,Exmol_based,Generated using exmol-based algorithm
CCC1(c2cc(NC(=O)c3ccc(Cl)cn3)ccc2F)Cc2ccccc2C(N)=N1,1,Clc1ccc(nc1)C(=O)Nc1cc(C2(N=C(N)c3c(C2)cccc3)C)c(F)cc1,1,1,0,Exmol_based,Generated using exmol-based algorithm
CC(N)(Cc1ccccc1CN)c1cc(NC(=O)c2ccc(Cl)cn2)ccc1F,1,Clc1ccc(nc1)C(=O)Nc1cc(C2(N=C(N)c3c(C2)cccc3)C)c(F)cc1,1,1,0,Exmol_based,Generated using exmol-based algorithm
CC(Cc1ccccc1C(=N)N)c1cc(NC(=O)c2ccc(Cl)cn2)ccc1F,1,Clc1ccc(nc1)C(=O)Nc1cc(C2(N=C(N)c3c(C2)cccc3)C)c(F)cc1,1,1,0,Exmol_based,Generated using exmol-based algorithm
C.CCNc1cc(C(=O)NC(Cc2ccccc2)C(O)C[NH2+]Cc2cccc(C(F)(F)F)c2)cc(N2CCCC2=O)c1,1,FC(F)(F)c1cc(ccc1)C[NH2+]CC(O)C(NC(=O)c1cc(N2CCCC2=O)c(C)c(NCC)c1)Cc1ccccc1,1,1,0,Exmol_based,Generated using exmol-based algorithm
CCNc1cc(C(=O)NC(Cc2ccccc2)C(O)C[NH2+]Cc2cccc(C(F)F)c2)cc(N2CCCC2=O)c1C,1,FC(F)(F)c1cc(ccc1)C[NH2+]CC(O)C(NC(=O)c1cc(N2CCCC2=O)c(C)c(NCC)c1)Cc1ccccc1,1,1,0,Exmol_based,Generated using exmol-based algorithm
CCNc1cc(C(=O)NCC(O)C[NH2+]Cc2cccc(C(F)(F)F)c2)cc(N2CCCC2=O)c1C.Cc1ccccc1,1,FC(F)(F)c1cc(ccc1)C[NH2+]CC(O)C(NC(=O)c1cc(N2CCCC2=O)c(C)c(NCC)c1)Cc1ccccc1,1,1,0,Exmol_based,Generated using exmol-based algorithm
CN1C(=O)C2(CC(C)(C)Oc3ccc(-c4cncc(C(F)(F)F)c4)cc32)N=C1N,1,FC(F)(F)c1cc(cnc1)-c1cc2c(OC(CC23N=C(N)N(C)C3=O)(C)C)cc1,1,1,0,Exmol_based,Generated using exmol-based algorithm
CN1C(=O)C2(CC(C)(C)Oc3cc4c(-c5cncc(C(F)(F)F)c5)c-4c32)N=C1N,1,FC(F)(F)c1cc(cnc1)-c1cc2c(OC(CC23N=C(N)N(C)C3=O)(C)C)cc1,1,1,0,Exmol_based,Generated using exmol-based algorithm
CC1(C)Oc2ccc(-c3cncc(C(F)(F)F)c3)cc2C23N=C(N)N(CC12)C3=O,1,FC(F)(F)c1cc(cnc1)-c1cc2c(OC(CC23N=C(N)N(C)C3=O)(C)C)cc1,1,1,0,Exmol_based,Generated using exmol-based algorithm
CCC1(C)CC([NH2+]CC(O)C(Cc2cccc(-c3nccn3C)c2)NC(=O)COC)c2cc(CC(C)(C)C)cnc2O1,1,O1c2ncc(cc2C([NH2+]CC(O)C(NC(=O)COC)Cc2cc(ccc2)-c2nccn2C)CC12CCC2)CC(C)(C)C,1,1,0,Exmol_based,Generated using exmol-based algorithm
COCC(=O)NC(Cc1cccc(-c2nccn2C)c1)C(O)C[NH2+]C1CC2(CCC2)Oc2ncc(CC(C)(C)C)cc21,1,O1c2ncc(cc2C([NH2+]CC(O)C(NC(=O)COC)Cc2cc(ccc2)-c2nccn2C)CC12CCC2)CC(C)(C)C,1,1,0,Exmol_based,Generated using exmol-based algorithm
COCC(=O)NCC(O)C[NH2+]C1CC2(CCC2)Oc2ncc(CC(C)(C)C)cc21.Cc1cccc(-c2nccn2C)c1,1,O1c2ncc(cc2C([NH2+]CC(O)C(NC(=O)COC)Cc2cc(ccc2)-c2nccn2C)CC12CCC2)CC(C)(C)C,1,1,0,Exmol_based,Generated using exmol-based algorithm
CCCCN(C)C(=O)n1cc(C(=O)NCC(O)C[NH2+]Cc2cccc(OC)c2)c2ccc(F)cc21.Fc1cccc(F)c1,1,Fc1cc(cc(F)c1)CC(NC(=O)c1c2c(n(c1)C(=O)N(CCCC)C)cc(F)cc2)C(O)C[NH2+]Cc1cc(OC)ccc1,1,1,0,Exmol_based,Generated using exmol-based algorithm
CCCCN(C)C(=O)n1cc(C(=O)NC(C(O)C[NH2+]Cc2cccc(OC)c2)C(N)c2cc(F)cc(F)c2)c2ccc(F)cc21,1,Fc1cc(cc(F)c1)CC(NC(=O)c1c2c(n(c1)C(=O)N(CCCC)C)cc(F)cc2)C(O)C[NH2+]Cc1cc(OC)ccc1,1,1,0,Exmol_based,Generated using exmol-based algorithm
CCCCN(C)C(=O)n1cc(C(=O)NC(Pc2cc(F)cc(F)c2)C(O)C[NH2+]Cc2cccc(OC)c2)c2ccc(F)cc21,1,Fc1cc(cc(F)c1)CC(NC(=O)c1c2c(n(c1)C(=O)N(CCCC)C)cc(F)cc2)C(O)C[NH2+]Cc1cc(OC)ccc1,1,1,0,Exmol_based,Generated using exmol-based algorithm
C.NC1=NC(c2cc(NC(=O)c3ccc(F)cn3)ccc2F)C(F)(F)CO1,1,FC1(F)COC(=NC1(C)c1cc(NC(=O)c2ncc(F)cc2)ccc1F)N,1,1,0,Exmol_based,Generated using exmol-based algorithm
CC1(c2cc(NCc3ccc(F)cn3)ccc2F)N=C(N)OCC1(F)F,1,FC1(F)COC(=NC1(C)c1cc(NC(=O)c2ncc(F)cc2)ccc1F)N,1,1,0,Exmol_based,Generated using exmol-based algorithm
CC1N=C(N)OCC1(F)F.O=C(Nc1ccc(F)cc1)c1ccc(F)cn1,1,FC1(F)COC(=NC1(C)c1cc(NC(=O)c2ncc(F)cc2)ccc1F)N,1,1,0,Exmol_based,Generated using exmol-based algorithm
CCCN(CCC)C(=O)c1cc(C(=O)NC(C)(Cc2cc(F)cc(F)c2)C(O)C[NH2+]Cc2cccc(OC)c2)cc(/C(C)=N\OCc2ccccc2)c1,1,Fc1cc(cc(F)c1)CC(NC(=O)c1cc(cc(c1)/C(=N\OCc1ccccc1)/C)C(=O)N(CCC)CCC)C(O)C[NH2+]Cc1cc(OC)ccc1,1,1,0,Exmol_based,Generated using exmol-based algorithm
CCC[SH](CCC)C(=O)c1cc(C(=O)NC(Cc2cc(F)cc(F)c2)C(O)C[NH2+]Cc2cccc(OC)c2)cc(/C(C)=N\OCc2ccccc2)c1,1,Fc1cc(cc(F)c1)CC(NC(=O)c1cc(cc(c1)/C(=N\OCc1ccccc1)/C)C(=O)N(CCC)CCC)C(O)C[NH2+]Cc1cc(OC)ccc1,1,1,0,Exmol_based,Generated using exmol-based algorithm
CCCN(CCC)C(=O)c1cc(C(=O)NC(Cc2cc(F)cc(F)c2)C(O)C[NH2+]C)cc(/C(C)=N\OCc2ccccc2)c1.COc1ccccc1,1,Fc1cc(cc(F)c1)CC(NC(=O)c1cc(cc(c1)/C(=N\OCc1ccccc1)/C)C(=O)N(CCC)CCC)C(O)C[NH2+]Cc1cc(OC)ccc1,1,1,0,Exmol_based,Generated using exmol-based algorithm
CC(C)(C)c1cccc(C2([NH2+]CC(O)C3Cc4cccc(c4)OCCCCNc4cccc(c4)C(=O)N3)CCC2)c1.CO,1,O1CCCCNc2cc(cc(c2)C(=O)NC(Cc2cc1ccc2)C(O)C[NH2+]C1(CCC1)c1cc(ccc1)C(C)(C)C)COC,1,1,0,Exmol_based,Generated using exmol-based algorithm
COCc1cc2cc(c1)C(=O)NC(CC[NH2+]C1(c3cccc(C(C)(C)C)c3)CCC1)Cc1cccc(c1)OCCCCN2,1,O1CCCCNc2cc(cc(c2)C(=O)NC(Cc2cc1ccc2)C(O)C[NH2+]C1(CCC1)c1cc(ccc1)C(C)(C)C)COC,1,1,0,Exmol_based,Generated using exmol-based algorithm
COCc1cc(NCCCCO)cc(C(=O)NC(Cc2ccccc2)C(O)C[NH2+]C2(c3cccc(C(C)(C)C)c3)CCC2)c1,1,O1CCCCNc2cc(cc(c2)C(=O)NC(Cc2cc1ccc2)C(O)C[NH2+]C1(CCC1)c1cc(ccc1)C(C)(C)C)COC,1,1,0,Exmol_based,Generated using exmol-based algorithm
CC1(c2cc(NC(=O)c3ncc(Cl)cn3)ccc2F)N=C(N)OCC1(F)F,1,Clc1cnc(nc1)C(=O)Nc1cc(C2(N=C(OCC2(F)F)N)C)c(F)cc1,1,1,0,Exmol_based,Generated using exmol-based algorithm
CC(c1cc(NC(=O)c2ncc(Cl)cn2)ccc1F)C(F)(F)COC(=N)N,1,Clc1cnc(nc1)C(=O)Nc1cc(C2(N=C(OCC2(F)F)N)C)c(F)cc1,1,1,0,Exmol_based,Generated using exmol-based algorithm
CC1(c2ccccc2F)N=C(N)OCC1(F)F.O=Cc1ncc(Cl)cn1,1,Clc1cnc(nc1)C(=O)Nc1cc(C2(N=C(OCC2(F)F)N)C)c(F)cc1,1,1,0,Exmol_based,Generated using exmol-based algorithm
CCCC(O)C1CCN(C(C)C(=O)NC(Cc2cc(F)cc(F)c2)C(O)C[NH2+]C(=N)c2cccc(OC)c2)C1=O,1,Fc1cc(cc(F)c1)CC(NC(=O)C(N1CCC(C(O)CCC)C1=O)C)C(O)C[NH2+]Cc1cc(OC)ccc1,1,1,0,Exmol_based,Generated using exmol-based algorithm
C.CCCC(O)C1CCN(C(C)C(=O)NC(Cc2cc(F)cc(F)c2)C(O)C[NH2+]Cc2ccccc2)C1=O,1,Fc1cc(cc(F)c1)CC(NC(=O)C(N1CCC(C(O)CCC)C1=O)C)C(O)C[NH2+]Cc1cc(OC)ccc1,1,1,0,Exmol_based,Generated using exmol-based algorithm
CC.COc1cccc(C[NH2+]CC(O)C(Cc2cc(F)cc(F)c2)NC(=O)C(C)N2CCC(CO)C2=O)c1,1,Fc1cc(cc(F)c1)CC(NC(=O)C(N1CCC(C(O)CCC)C1=O)C)C(O)C[NH2+]Cc1cc(OC)ccc1,1,1,0,Exmol_based,Generated using exmol-based algorithm
CC(C)(C)c1ccnc(C(Br)[NH2+]C2CS(=O)(=O)CC(Cc3cc(F)c(N)c(OC(C(F)(F)F)C(F)(F)F)c3)C2O)c1,1,S1(=O)(=O)CC(Cc2cc(OC(C(F)(F)F)C(F)(F)F)c(N)c(F)c2)C(O)C([NH2+]Cc2nccc(c2)C(C)(C)C)C1,1,1,0,Exmol_based,Generated using exmol-based algorithm
CC(C)(C)c1ccnc(C[NH2+]CCS(=O)(=O)CC(CO)Cc2cc(F)c(N)c(OC(C(F)(F)F)C(F)(F)F)c2)c1,1,S1(=O)(=O)CC(Cc2cc(OC(C(F)(F)F)C(F)(F)F)c(N)c(F)c2)C(O)C([NH2+]Cc2nccc(c2)C(C)(C)C)C1,1,1,0,Exmol_based,Generated using exmol-based algorithm
CC(C)(C)c1ccnc(C[NH2+]C2CS(=O)(=O)CC(Cc3cc(F)c(N)c(OC(C(F)(F)F)C(F)(F)F)c3)C2O)c1,1,S1(=O)(=O)CC(Cc2cc(OC(C(F)(F)F)C(F)(F)F)c(N)c(F)c2)C(O)C([NH2+]Cc2nccc(c2)C(C)(C)C)C1,1,1,0,Exmol_based,Generated using exmol-based algorithm
C.C.COc1cccc(-c2ccc(O)c(C3(C)N=C(N)N(C)C3=O)c2)c1,1,O1c2c(cc(cc2)-c2cc(OC)ccc2)C2(N=C(N)N(C)C2=O)CC1(C)C,1,1,0,Exmol_based,Generated using exmol-based algorithm
COc1cccc(-c2ccc3c(c2)C2(CC(C)(CP)O3)N=C(N)N(C)C2=O)c1,1,O1c2c(cc(cc2)-c2cc(OC)ccc2)C2(N=C(N)N(C)C2=O)CC1(C)C,1,1,0,Exmol_based,Generated using exmol-based algorithm
COc1cc2cc(c1)-c1ccc3c(c1)C1(CC(C)(C)O3)N=C(N)N(C2)C1=O,1,O1c2c(cc(cc2)-c2cc(OC)ccc2)C2(N=C(N)N(C)C2=O)CC1(C)C,1,1,0,Exmol_based,Generated using exmol-based algorithm
CCN1C(=N)C(c2ccc(OC)cc2)(c2cccc(-c3cccnc3F)c2)[NH+]=C1N,1,Fc1ncccc1-c1cc(ccc1)C1([NH+]=C(N2C1=NCCC2)N)c1ccc(OC)cc1,1,1,0,Exmol_based,Generated using exmol-based algorithm
COc1ccc(C2(c3cccc(-c4cccnc4F)c3F)[NH+]=C(N)N3CCCN=C32)cc1,1,Fc1ncccc1-c1cc(ccc1)C1([NH+]=C(N2C1=NCCC2)N)c1ccc(OC)cc1,1,1,0,Exmol_based,Generated using exmol-based algorithm
C.NC1=[NH+]C(c2ccc(O)cc2)(c2cccc(-c3cccnc3F)c2)C2=NCCCN21,1,Fc1ncccc1-c1cc(ccc1)C1([NH+]=C(N2C1=NCCC2)N)c1ccc(OC)cc1,1,1,0,Exmol_based,Generated using exmol-based algorithm
COc1ccc(C(C(=O)N(C)C(=N)N)C23CC4CC(CC(C4)C2)C3)cc1,1,O(C)c1ccc(cc1)C1(N=C(N)N(C)C1=O)C12CC3CC(C1)CC(C2)C3,1,1,0,Exmol_based,Generated using exmol-based algorithm
COc1ccc(C2(C34CC5CC(C3)C(=N)C(C5)C4)N=C(N)N(C)C2=O)cc1,1,O(C)c1ccc(cc1)C1(N=C(N)N(C)C1=O)C12CC3CC(C1)CC(C2)C3,1,1,0,Exmol_based,Generated using exmol-based algorithm
CN1C(=O)C(c2ccc3cc2CO3)(C23CC4CC(CC(C4)C2)C3)N=C1N,1,O(C)c1ccc(cc1)C1(N=C(N)N(C)C1=O)C12CC3CC(C1)CC(C2)C3,1,1,0,Exmol_based,Generated using exmol-based algorithm
COc1cnc(C2(c3cccc(-c4cccnc4)c3)N=C(N)N(C)C2=O)cc1OC1CCCC1,1,O(c1cc(ccc1OC)C1(N=C(N)N(C)C1=O)c1cc(ccc1)-c1cccnc1)C1CCCC1,1,1,0,Exmol_based,Generated using exmol-based algorithm
COc1ccc(C2(c3cccc(-c4cccnc4)c3)N=C(N)N(C)C2=O)cc1.OC1CCCC1,1,O(c1cc(ccc1OC)C1(N=C(N)N(C)C1=O)c1cc(ccc1)-c1cccnc1)C1CCCC1,1,1,0,Exmol_based,Generated using exmol-based algorithm
CCCCCOc1cc(C2(c3cccc(-c4cccnc4)c3)N=C(N)N(C)C2=O)ccc1OC,1,O(c1cc(ccc1OC)C1(N=C(N)N(C)C1=O)c1cc(ccc1)-c1cccnc1)C1CCCC1,1,1,0,Exmol_based,Generated using exmol-based algorithm
CC(O)c1cc(C2(c3cccc(-c4cncnc4)c3)N=C(N)N(C)C2=O)ccn1,1,O=C1N(C)C(=NC1(c1cc(ccc1)-c1cncnc1)c1cc(ncc1)C(C)C)N,1,1,0,Exmol_based,Generated using exmol-based algorithm
CC(C)c1cc(C2(c3cccc(-c4cncnc4)c3)N=CN(C)C2=O)ccn1.N,1,O=C1N(C)C(=NC1(c1cc(ccc1)-c1cncnc1)c1cc(ncc1)C(C)C)N,1,1,0,Exmol_based,Generated using exmol-based algorithm
CC(O)c1cc(C2(c3cccc(-c4cncnc4)c3)N=C(N)N(C)C2=O)ccn1,1,O=C1N(C)C(=NC1(c1cc(ccc1)-c1cncnc1)c1cc(ncc1)C(C)C)N,1,1,0,Exmol_based,Generated using exmol-based algorithm
CNC(=O)C(N)(c1ccncc1)c1cccc(-c2cnccn2)c1.N,1,O=C1N(C)C(=NC1(c1cc(ccc1)-c1nccnc1)c1ccncc1)N,1,1,0,Exmol_based,Generated using exmol-based algorithm
CN(C=O)C(N)=NC(c1ccncc1)c1cccc(-c2cnccn2)c1,1,O=C1N(C)C(=NC1(c1cc(ccc1)-c1nccnc1)c1ccncc1)N,1,1,0,Exmol_based,Generated using exmol-based algorithm
CN1C(=O)C(C2=CS(c3cnccn3)=CC=C2)(c2ccncc2)N=C1N,1,O=C1N(C)C(=NC1(c1cc(ccc1)-c1nccnc1)c1ccncc1)N,1,1,0,Exmol_based,Generated using exmol-based algorithm
Nc1nc2ccc1NC(CO)c1ncncc1Oc1ccc(cc1)-c1ccc(-c3ccccc3Cl)n1C2,1,Clc1ccccc1-c1n(Cc2nc(N)c(NCCO)cc2)c(cc1)-c1ccc(Oc2cncnc2)cc1,1,1,0,Exmol_based,Generated using exmol-based algorithm
Nc1nc(Cn2cccc2-c2ccccc2Cl)ccc1NCCO.c1ccc(Oc2cncnc2)cc1,1,Clc1ccccc1-c1n(Cc2nc(N)c(NCCO)cc2)c(cc1)-c1ccc(Oc2cncnc2)cc1,1,1,0,Exmol_based,Generated using exmol-based algorithm
Nc1nc(Nn2c(-c3ccc(Oc4cncnc4)cc3)ccc2-c2ccccc2Cl)ccc1NCCO,1,Clc1ccccc1-c1n(Cc2nc(N)c(NCCO)cc2)c(cc1)-c1ccc(Oc2cncnc2)cc1,1,1,0,Exmol_based,Generated using exmol-based algorithm
CN1C(=O)[C@@](c2ccc(OC(F)F)cc2)(c2cccc(OCC(F)F)c2)N=C1N.F,1,Fc1ccc(cc1OCC(F)F)[C@]1(N=C(N)N(C)C1=O)c1ccc(OC(F)F)cc1,1,1,0,Exmol_based,Generated using exmol-based algorithm
CN1C(=O)[C@@](c2ccc(OC(F)F)cc2)(c2cccc(OCC(F)F)c2)N=C1N.F,1,Fc1ccc(cc1OCC(F)F)[C@]1(N=C(N)N(C)C1=O)c1ccc(OC(F)F)cc1,1,1,0,Exmol_based,Generated using exmol-based algorithm
CN1C(=O)[C@](c2ccc(F)c(OCC(F)F)c2)(c2ccc(OC(F)F)cc2O)N=C1N,1,Fc1ccc(cc1OCC(F)F)[C@]1(N=C(N)N(C)C1=O)c1ccc(OC(F)F)cc1,1,1,0,Exmol_based,Generated using exmol-based algorithm
Cc1cc([C@]2(c3cc(OCC(F)F)c(F)cc3C)N=C(N)N(C)C2=O)ccc1OC(F)F,1,Fc1ccc(cc1OCC(F)F)[C@]1(N=C(N)N(C)C1=O)c1cc(C)c(OC(F)F)cc1,1,1,0,Exmol_based,Generated using exmol-based algorithm
C#CN1C(=O)[C@@](c2ccc(OC(F)F)c(C)c2)(c2ccc(F)c(OCC(F)F)c2)N=C1N,1,Fc1ccc(cc1OCC(F)F)[C@]1(N=C(N)N(C)C1=O)c1cc(C)c(OC(F)F)cc1,1,1,0,Exmol_based,Generated using exmol-based algorithm
Cc1cc([C@]2(c3ccc(F)c(OCC(F)F)c3)N=C(N)N(C)C2=O)ccc1OCF,1,Fc1ccc(cc1OCC(F)F)[C@]1(N=C(N)N(C)C1=O)c1cc(C)c(OC(F)F)cc1,1,1,0,Exmol_based,Generated using exmol-based algorithm
CCCCN(C)Cn1cc(C(=O)NC(Cc2cc(F)cc(F)c2)C(O)C[NH2+]Cc2cccc(OC)c2)c2cc(C(=O)[O-])ccc21,1,Fc1cc(cc(F)c1)CC(NC(=O)c1c2cc(ccc2n(c1)C(=O)N(CCCC)C)C(=O)[O-])C(O)C[NH2+]Cc1cc(OC)ccc1,1,1,0,Exmol_based,Generated using exmol-based algorithm
CCC.CNC(=O)n1cc(C(=O)NC(Cc2cc(F)cc(F)c2)C(O)C[NH2+]Cc2cccc(OC)c2)c2cc(C(=O)[O-])ccc21,1,Fc1cc(cc(F)c1)CC(NC(=O)c1c2cc(ccc2n(c1)C(=O)N(CCCC)C)C(=O)[O-])C(O)C[NH2+]Cc1cc(OC)ccc1,1,1,0,Exmol_based,Generated using exmol-based algorithm
CCCCN(C)C(=O)n1cc(C(=O)NC(Cc2cc(F)cc(F)c2)C(O)C[NH2+]Cc2cccc(OC)c2)c2cc(C(=O)[O-])ccc21,1,Fc1cc(cc(F)c1)CC(NC(=O)c1c2cc(ccc2n(c1)C(=O)N(CCCC)C)C(=O)[O-])C(O)C[NH2+]Cc1cc(OC)ccc1,1,1,0,Exmol_based,Generated using exmol-based algorithm
CCCOC1C[NH2+]C(C(O)C2Cc3cc(F)c(c(F)c3)C(O)(CCC)C3CCN(C3=O)C(C)C(=O)N2)C1,1,Fc1cc(cc(F)c1)CC(NC(=O)C(N1CCC(C(O)CCC)C1=O)C)C(O)C1[NH2+]CC(OCCC)C1,1,1,0,Exmol_based,Generated using exmol-based algorithm
CCCOC1CC(C(O)C(Cc2cc(F)cc(F)c2)NC(=O)C(C)N2CCC(C(O)CCC)C2=O)[NH2+]O1,1,Fc1cc(cc(F)c1)CC(NC(=O)C(N1CCC(C(O)CCC)C1=O)C)C(O)C1[NH2+]CC(OCCC)C1,1,1,0,Exmol_based,Generated using exmol-based algorithm
CCCOC1C[NH2+]C(C(O)C2(Cc3cc(F)cc(F)c3)CC(N3CCC(C(O)CCC)C3=O)C(=O)N2)C1,1,Fc1cc(cc(F)c1)CC(NC(=O)C(N1CCC(C(O)CCC)C1=O)C)C(O)C1[NH2+]CC(OCCC)C1,1,1,0,Exmol_based,Generated using exmol-based algorithm
CN1C(=O)C(c2cccc(-c3cncnc3)c2)(c2cnn(C3CCCC3)c2)N=C1Cl,1,O=C1N(C)C(=NC1(c1cc(ccc1)-c1cncnc1)c1cn(nc1)C1CCCC1)N,1,1,0,Exmol_based,Generated using exmol-based algorithm
CN1C(=O)S(c2cccc(-c3cncnc3)c2)(c2cnn(C3CCCC3)c2)N=C1N,1,O=C1N(C)C(=NC1(c1cc(ccc1)-c1cncnc1)c1cn(nc1)C1CCCC1)N,1,1,0,Exmol_based,Generated using exmol-based algorithm
CCC(CC)n1cc(C2(c3cccc(-c4cncnc4)c3)N=C(N)N(C)C2=O)cn1,1,O=C1N(C)C(=NC1(c1cc(ccc1)-c1cncnc1)c1cn(nc1)C1CCCC1)N,1,1,0,Exmol_based,Generated using exmol-based algorithm
CN1C(=O)C(C2=CS(=N)C=C2)(c2cccc(-c3cncnc3)c2)N=C1N,1,s1cc(cc1)C1(N=C(N)N(C)C1=O)c1cc(ccc1)-c1cncnc1,1,1,0,Exmol_based,Generated using exmol-based algorithm
C.NC=NC(C=O)(c1ccsc1)c1cccc(-c2cncnc2)c1,1,s1cc(cc1)C1(N=C(N)N(C)C1=O)c1cc(ccc1)-c1cncnc1,1,1,0,Exmol_based,Generated using exmol-based algorithm
CNC(=O)C(N)(c1ccsc1)c1cccc(-c2cncnc2)c1.N,1,s1cc(cc1)C1(N=C(N)N(C)C1=O)c1cc(ccc1)-c1cncnc1,1,1,0,Exmol_based,Generated using exmol-based algorithm
CCC(CC(NC(=O)C1C[NH2+]CC12CCCc1cc(Br)ccc12)c1ccccc1)c1ccccc1,1,Brc1cc2c(cc1)C1(CCC2)C[NH2+]CC1C(=O)N1CCC(CC1c1ccccc1)c1ccccc1,1,1,0,Exmol_based,Generated using exmol-based algorithm
O=C(C1C[NH2+]CC12CCCc1cc(Br)ccc12)N1CC(=S)C(c2ccccc2)CC1c1ccccc1,1,Brc1cc2c(cc1)C1(CCC2)C[NH2+]CC1C(=O)N1CCC(CC1c1ccccc1)c1ccccc1,1,1,0,Exmol_based,Generated using exmol-based algorithm
O=C(C1C[NH2+]CC12CCCc1cc(Br)ccc12)N1CCC(S2=CC=CC=C2)CC1c1ccccc1,1,Brc1cc2c(cc1)C1(CCC2)C[NH2+]CC1C(=O)N1CCC(CC1c1ccccc1)c1ccccc1,1,1,0,Exmol_based,Generated using exmol-based algorithm
CCOc1cccc(-c2ccc3c(c2)C2(CC(C)(C)O3)N=C(N)N(S)C2=O)c1,1,O1c2c(cc(cc2)-c2cc(OCC)ccc2)C2(N=C(N)N(C)C2=O)CC1(C)C,1,1,0,Exmol_based,Generated using exmol-based algorithm
CCOc1cccc(-c2ccc3c(c2)C2(CC(C)(C)O3)N=C(N)N(C)C2=O)c1,1,O1c2c(cc(cc2)-c2cc(OCC)ccc2)C2(N=C(N)N(C)C2=O)CC1(C)C,1,1,0,Exmol_based,Generated using exmol-based algorithm
CCOc1cccc(-c2ccc3c(c2O)C2(CC(C)(C)O3)N=C(N)N(C)C2=O)c1,1,O1c2c(cc(cc2)-c2cc(OCC)ccc2)C2(N=C(N)N(C)C2=O)CC1(C)C,1,1,0,Exmol_based,Generated using exmol-based algorithm
C.COCC(=O)NC(Cc1cccc(-c2nccs2)c1F)C(O)C[NH2+]C1CC2(CCC2)Oc2ncc(CC(C)C)cc21,1,s1ccnc1-c1cccc(CC(NC(=O)COC)C(O)C[NH2+]C2CC3(Oc4ncc(cc24)CC(C)(C)C)CCC3)c1F,1,1,0,Exmol_based,Generated using exmol-based algorithm
CC(C)(C)Cc1cnc2c(c1)C([NH2+])CC1(CCC1)O2.COCC(=O)NC(CO)Cc1cccc(-c2nccs2)c1F,1,s1ccnc1-c1cccc(CC(NC(=O)COC)C(O)C[NH2+]C2CC3(Oc4ncc(cc24)CC(C)(C)C)CCC3)c1F,1,1,0,Exmol_based,Generated using exmol-based algorithm
COCC(=O)NC(CO)Cc1cccc(-c2nccs2)c1F.C[NH2+]C1CC2(CCC2)Oc2ncc(CC(C)(C)C)cc21,1,s1ccnc1-c1cccc(CC(NC(=O)COC)C(O)C[NH2+]C2CC3(Oc4ncc(cc24)CC(C)(C)C)CCC3)c1F,1,1,0,Exmol_based,Generated using exmol-based algorithm
C#CC[NH2+]C.CCc1cn2c3c(cc(C(=O)NC([CH]O)Cc4ccccc4)cc13)N(C)S(=O)(=O)CC2,1,S1(=O)(=O)N(c2cc(cc3c2n(cc3CC)CC1)C(=O)NC([C@H](O)C[NH2+]CC#C)Cc1ccccc1)C,1,1,0,Exmol_based,Generated using exmol-based algorithm
C#C.CCc1cn2c3c(cc(C(=O)NC(Cc4ccccc4)[C@H](O)C[NH2+])cc13)N(C)S(=O)(=O)CC2,1,S1(=O)(=O)N(c2cc(cc3c2n(cc3CC)CC1)C(=O)NC([C@H](O)C[NH2+]CC#C)Cc1ccccc1)C,1,1,0,Exmol_based,Generated using exmol-based algorithm
C#CC[NH2+]C[C@@H](O)C(Cc1ccccc1)NC(=O)c1cc2c3c(c1)c(CC)cn3CCS(=O)(=O)N2C,1,S1(=O)(=O)N(c2cc(cc3c2n(cc3CC)CC1)C(=O)NC([C@H](O)C[NH2+]CC#C)Cc1ccccc1)C,1,1,0,Exmol_based,Generated using exmol-based algorithm
CC(=O)NC(Cc1cc(F)cc(F)c1)C(O)C[NH2+]C(C)(CCC(C)Nc1ccccn1)c1cccc(C(C)(C)C)c1,1,Fc1cc(cc(F)c1)CC(NC(=O)C)C(O)C[NH2+]C1(CCC(Nc2ncccc2)CC1)c1cc(ccc1)C(C)(C)C,1,1,0,Exmol_based,Generated using exmol-based algorithm
CCC(CCC([NH2+]CC(O)C(Cc1cc(F)cc(F)c1)NC(C)=O)c1cccc(C(C)(C)C)c1)Nc1ccccn1,1,Fc1cc(cc(F)c1)CC(NC(=O)C)C(O)C[NH2+]C1(CCC(Nc2ncccc2)CC1)c1cc(ccc1)C(C)(C)C,1,1,0,Exmol_based,Generated using exmol-based algorithm
CC(=O)NC(Cc1cc(F)cc(F)c1)C(O)C[NH2+]C1(c2cccc(C(C)(C)C)c2)CCC(Nc2ccccn2)CC1,1,Fc1cc(cc(F)c1)CC(NC(=O)C)C(O)C[NH2+]C1(CCC(Nc2ncccc2)CC1)c1cc(ccc1)C(C)(C)C,1,1,0,Exmol_based,Generated using exmol-based algorithm
COCCN(C)Cn1cc(C(=O)NC(Cc2cc(F)cc(F)c2)C(O)C[NH2+]Cc2cccc(OC)c2)c2cccnc21.O,1,Fc1cc(cc(F)c1)CC(NC(=O)c1c2cccnc2n(c1)C(=O)N(CCOC)C)C(O)C[NH2+]Cc1cc(OC)ccc1,1,1,0,Exmol_based,Generated using exmol-based algorithm
CNC(=O)n1cc(C(=O)NC(Cc2cc(F)cc(F)c2)C(O)C[NH2+]Cc2cccc(OC)c2)c2cccnc21.COC,1,Fc1cc(cc(F)c1)CC(NC(=O)c1c2cccnc2n(c1)C(=O)N(CCOC)C)C(O)C[NH2+]Cc1cc(OC)ccc1,1,1,0,Exmol_based,Generated using exmol-based algorithm
COCCN(C)C(=O)n1cc(C(=O)NCCc2cc(F)cc(F)c2)c2cccnc21.COc1cccc(C[NH2+]CCO)c1,1,Fc1cc(cc(F)c1)CC(NC(=O)c1c2cccnc2n(c1)C(=O)N(CCOC)C)C(O)C[NH2+]Cc1cc(OC)ccc1,1,1,0,Exmol_based,Generated using exmol-based algorithm
COc1cccc(C[NH2+]CC(O)C(N)Cc2cc(F)cc(F)c2)c1.O.O=S1(=O)CCCCN1c1ccccc1,1,S1(=O)(=O)N(CCCC1)c1cc(ccc1)C(=O)NC(Cc1cc(F)cc(F)c1)C(O)C[NH2+]Cc1cc(OC)ccc1,1,1,0,Exmol_based,Generated using exmol-based algorithm
COc1cccc(C[NH2+]CC(O)C(Cc2cc(F)cc(F)c2)NCc2cccc(N3CCCCS3(=O)=O)c2)c1,1,S1(=O)(=O)N(CCCC1)c1cc(ccc1)C(=O)NC(Cc1cc(F)cc(F)c1)C(O)C[NH2+]Cc1cc(OC)ccc1,1,1,0,Exmol_based,Generated using exmol-based algorithm
COc1cccc(C(F)[NH2+]CC(O)C(Cc2cc(F)cc(F)c2)NC(=O)c2cccc(N3CCCCS3(=O)=O)c2)c1,1,S1(=O)(=O)N(CCCC1)c1cc(ccc1)C(=O)NC(Cc1cc(F)cc(F)c1)C(O)C[NH2+]Cc1cc(OC)ccc1,1,1,0,Exmol_based,Generated using exmol-based algorithm
CN1CC2(CC(C)(C)Oc3ccc(-c4cccc(C(F)(F)F)c4)cc32)N=C1N.O,1,FC(F)(F)c1cc(ccc1)-c1cc2c(OC(CC23N=C(N)N(C)C3=O)(C)C)cc1,1,1,0,Exmol_based,Generated using exmol-based algorithm
CN1C(=O)C2(CC(C)(C)Nc3ccc(-c4cccc(C(F)(F)F)c4)cc32)N=C1N,1,FC(F)(F)c1cc(ccc1)-c1cc2c(OC(CC23N=C(N)N(C)C3=O)(C)C)cc1,1,1,0,Exmol_based,Generated using exmol-based algorithm
CN1C(=O)C2(CC(C)(C)Oc3ccc(-c4cpcc(C(F)(F)F)c4)cc32)N=C1N,1,FC(F)(F)c1cc(ccc1)-c1cc2c(OC(CC23N=C(N)N(C)C3=O)(C)C)cc1,1,1,0,Exmol_based,Generated using exmol-based algorithm
COc1cccc(C[NH2+]C[CH][C@H](Cc2cc(F)cc(F)c2)NC(=O)c2cccc(N(C)S(C)(=O)=O)c2)c1.O,1,S(=O)(=O)(N(C)c1cc(ccc1)C(=O)N[C@H]([C@@H](O)C[NH2+]Cc1cc(OC)ccc1)Cc1cc(F)cc(F)c1)C,1,1,0,Exmol_based,Generated using exmol-based algorithm
CNS(C)(=O)=O.COc1cccc(C[NH2+]C[C@H](O)[C@H](Cc2cc(F)cc(F)c2)NC(=O)c2ccccc2)c1,1,S(=O)(=O)(N(C)c1cc(ccc1)C(=O)N[C@H]([C@@H](O)C[NH2+]Cc1cc(OC)ccc1)Cc1cc(F)cc(F)c1)C,1,1,0,Exmol_based,Generated using exmol-based algorithm
CN(c1cccc(C(N)=O)c1)S(C)(=O)=O.COc1cccc(C[NH2+]C[CH]O)c1.Cc1cc(F)cc(F)c1,1,S(=O)(=O)(N(C)c1cc(ccc1)C(=O)N[C@H]([C@@H](O)C[NH2+]Cc1cc(OC)ccc1)Cc1cc(F)cc(F)c1)C,1,1,0,Exmol_based,Generated using exmol-based algorithm
CC([NH2+]Cc1cccc(C(C)(C)C)c1)C(O)C(Cc1cc(F)c(N)c(OCCC(F)(F)F)c1)C[SH](=O)=O,1,S1(=O)(=O)CC(Cc2cc(OCCC(F)(F)F)c(N)c(F)c2)C(O)C([NH2+]Cc2cc(ccc2)C(C)(C)C)C1,1,1,0,Exmol_based,Generated using exmol-based algorithm
CC(C)(C)c1cccc(C[NH2+]C2CC(Cc3cc(F)c(N)c(OCCC(F)(F)F)c3)CS(=O)(=O)C2)c1,1,S1(=O)(=O)CC(Cc2cc(OCCC(F)(F)F)c(N)c(F)c2)C(O)C([NH2+]Cc2cc(ccc2)C(C)(C)C)C1,1,1,0,Exmol_based,Generated using exmol-based algorithm
C.CC(C)c1cccc(C[NH2+]C2CS(=O)(=O)CC(Cc3cc(F)c(N)c(OCCC(F)(F)F)c3)C2O)c1,1,S1(=O)(=O)CC(Cc2cc(OCCC(F)(F)F)c(N)c(F)c2)C(O)C([NH2+]Cc2cc(ccc2)C(C)(C)C)C1,1,1,0,Exmol_based,Generated using exmol-based algorithm
COc1cccc(C[NH2+]CC(O)CNC(=O)C(CCc2ccccc2)N2CCC(C(C)C)C2=O)c1.Cc1cc(F)cc(F)c1,1,Fc1cc(cc(F)c1)CC(NC(=O)C(N1CCC(C(C)C)C1=O)CCc1ccccc1)C(O)C[NH2+]Cc1cc(OC)ccc1,1,1,0,Exmol_based,Generated using exmol-based algorithm
COc1cccc(C[NH2+]CC(O)C2Cc3cc(F)cc(F)c3C3CN(C(=O)C3C(C)C)C(CCc3ccccc3)C(=O)N2)c1,1,Fc1cc(cc(F)c1)CC(NC(=O)C(N1CCC(C(C)C)C1=O)CCc1ccccc1)C(O)C[NH2+]Cc1cc(OC)ccc1,1,1,0,Exmol_based,Generated using exmol-based algorithm
COc1c2ccc(C[NH2+]CC(O)C(Cc3cc(F)cc(F)c3)NC(=O)C(CCc3ccccc3)N3CCC(C(C)C)C3=O)c1-2,1,Fc1cc(cc(F)c1)CC(NC(=O)C(N1CCC(C(C)C)C1=O)CCc1ccccc1)C(O)C[NH2+]Cc1cc(OC)ccc1,1,1,0,Exmol_based,Generated using exmol-based algorithm
COc1ccc(O)c(C[NH2+]C[C@H](O)[C@H](Cc2cc(F)cc(F)c2)NC(=O)c2cc(/C(C)=N\O)cc(N(C)S(C)(=O)=O)c2)c1,1,S(=O)(=O)(N(C)c1cc(cc(c1)/C(=N\O)/C)C(=O)N[C@H]([C@@H](O)C[NH2+]Cc1cc(OC)ccc1)Cc1cc(F)cc(F)c1)C,1,1,0,Exmol_based,Generated using exmol-based algorithm
C/C(=N/O)c1cc(C(=O)N[C@@H](Cc2cc(F)cc(F)c2)[C@H](C)O)cc(N(C)S(C)(=O)=O)c1.COc1cccc(C[NH2+])c1,1,S(=O)(=O)(N(C)c1cc(cc(c1)/C(=N\O)/C)C(=O)N[C@H]([C@@H](O)C[NH2+]Cc1cc(OC)ccc1)Cc1cc(F)cc(F)c1)C,1,1,0,Exmol_based,Generated using exmol-based algorithm
COc1cccc(C[NH2+]C[C@H](O)[C@H](Cc2cc(F)cc(F)c2)NC(=O)c2cc(/C(C)=N\O)cc(N(C)S(C)=O)c2)c1.O,1,S(=O)(=O)(N(C)c1cc(cc(c1)/C(=N\O)/C)C(=O)N[C@H]([C@@H](O)C[NH2+]Cc1cc(OC)ccc1)Cc1cc(F)cc(F)c1)C,1,1,0,Exmol_based,Generated using exmol-based algorithm
CC(C)(C)Cc1cnc2c(c1)C([NH2+]CC(O)C(CS1=CC3=C(C=C1)OCO3)NC(=O)c1ccccc1F)CC1(CCC1)O2,1,Fc1ccccc1C(=O)NC(Cc1cc2OCOc2cc1)C(O)C[NH2+]C1CC2(Oc3ncc(cc13)CC(C)(C)C)CCC2,1,1,0,Exmol_based,Generated using exmol-based algorithm
CC(C)(C)Cc1cnc2c(c1)C([NH2+]CC(O)C(Cc1ccc3c(c1)OCO3)NC(=O)c1cnccc1F)CC1(CCC1)O2,1,Fc1ccccc1C(=O)NC(Cc1cc2OCOc2cc1)C(O)C[NH2+]C1CC2(Oc3ncc(cc13)CC(C)(C)C)CCC2,1,1,0,Exmol_based,Generated using exmol-based algorithm
CC(C)(C)Cc1cnc2c(c1)C([NH2+]CC(O)C(Cc1ccc3c(c1)ONO3)NC(=O)c1ccccc1F)CC1(CCC1)O2,1,Fc1ccccc1C(=O)NC(Cc1cc2OCOc2cc1)C(O)C[NH2+]C1CC2(Oc3ncc(cc13)CC(C)(C)C)CCC2,1,1,0,Exmol_based,Generated using exmol-based algorithm
CCCCCC([NH2+]CC(O)C(Cc1cc(F)cc(F)c1)NC(C)=O)c1cc(OC)cc(C(C)(C)C)c1,1,Fc1cc(cc(F)c1)CC(NC(=O)C)C(O)C[NH2+]C1(CCCCC1)c1cc(cc(OC)c1)C(C)(C)C,1,1,0,Exmol_based,Generated using exmol-based algorithm
COc1cc(C(C)(C)C)cc(C2([NH2+]CC(O)C(Cc3cc(F)cc(F)c3)NC(C)=O)CC3CCC32)c1,1,Fc1cc(cc(F)c1)CC(NC(=O)C)C(O)C[NH2+]C1(CCCCC1)c1cc(cc(OC)c1)C(C)(C)C,1,1,0,Exmol_based,Generated using exmol-based algorithm
COc1cc(C(C)C)cc(C2([NH2+]CC(O)C(Cc3cc(F)cc(F)c3)NC(C)=O)CCCCC2)c1,1,Fc1cc(cc(F)c1)CC(NC(=O)C)C(O)C[NH2+]C1(CCCCC1)c1cc(cc(OC)c1)C(C)(C)C,1,1,0,Exmol_based,Generated using exmol-based algorithm
CC(C)(C)c1cccc(C[NH2+]C2CS(=O)(=O)CC(Cc3ccc(N)c(F)c3)C2O)c1.COCC(F)(F)F,1,S1(=O)(=O)CC(Cc2cc(CC(OC)C(F)(F)F)c(N)c(F)c2)C(O)C([NH2+]Cc2cc(ccc2)C(C)(C)C)C1,1,1,0,Exmol_based,Generated using exmol-based algorithm
COC(Cc1cc(CC2CC([NH2+]Cc3cccc(C(C)(C)C)c3)CS(=O)(=O)C2)cc(F)c1N)C(F)(F)F,1,S1(=O)(=O)CC(Cc2cc(CC(OC)C(F)(F)F)c(N)c(F)c2)C(O)C([NH2+]Cc2cc(ccc2)C(C)(C)C)C1,1,1,0,Exmol_based,Generated using exmol-based algorithm
CC(C)(C)c1cccc(C[NH2+]C2CS(=O)(=O)CCC2O)c1.COC(Cc1cc(C)cc(F)c1N)C(F)(F)F,1,S1(=O)(=O)CC(Cc2cc(CC(OC)C(F)(F)F)c(N)c(F)c2)C(O)C([NH2+]Cc2cc(ccc2)C(C)(C)C)C1,1,1,0,Exmol_based,Generated using exmol-based algorithm
Cc1cc(C2(c3cccc(-c4cncnc4)c3)N=C(N)c3c(F)cccc32)nc(C)c1OCS,1,Fc1c2c(ccc1)C(N=C2N)(c1cc(ccc1)-c1cncnc1)c1nc(C)c(OC)c(c1)C,1,1,0,Exmol_based,Generated using exmol-based algorithm
COc1c(C)cc(C2(c3cccc(-c4cncnc4)c3)N=C(N)c3c(F)cccc32)nc1N,1,Fc1c2c(ccc1)C(N=C2N)(c1cc(ccc1)-c1cncnc1)c1nc(C)c(OC)c(c1)C,1,1,0,Exmol_based,Generated using exmol-based algorithm
Cc1cc2nc(C)c1OCc1ccc(F)c3c1C2(c1cccc(-c2cncnc2)c1)N=C3N,1,Fc1c2c(ccc1)C(N=C2N)(c1cc(ccc1)-c1cncnc1)c1nc(C)c(OC)c(c1)C,1,1,0,Exmol_based,Generated using exmol-based algorithm
CCn1cc2c3c(cc(C(=O)NC(Cc4ccccc4)[C@H](O)S[NH2+]CC(F)(F)F)cc31)N(C)S(=O)(=O)CC2,1,S1(=O)(=O)N(c2cc(cc3n(cc(CC1)c23)CC)C(=O)NC([C@H](O)C[NH2+]CC(F)(F)F)Cc1ccccc1)C,1,1,0,Exmol_based,Generated using exmol-based algorithm
CCn1cc2c3c(cc(C(=O)NC(Cc4ccccc4)[C@H](O)C[NH2+]CC(F)(F)F)cc31)N(C)S(=O)(=O)CC2,1,S1(=O)(=O)N(c2cc(cc3n(cc(CC1)c23)CC)C(=O)NC([C@H](O)C[NH2+]CC(F)(F)F)Cc1ccccc1)C,1,1,0,Exmol_based,Generated using exmol-based algorithm
CCn1cc2c3c(cc(C(=O)NC(Cc4ccccc4)[C@H](O)C[SH2+]CC(F)(F)F)cc31)N(C)S(=O)(=O)CC2,1,S1(=O)(=O)N(c2cc(cc3n(cc(CC1)c23)CC)C(=O)NC([C@H](O)C[NH2+]CC(F)(F)F)Cc1ccccc1)C,1,1,0,Exmol_based,Generated using exmol-based algorithm
CC(C)(C)c1cccc(C[NH2+]C2CC(Cc3cc(F)c(N)c(-c4ccco4)c3)CS(=O)(=O)C2)c1,1,S1(=O)(=O)CC(Cc2cc(-c3occc3)c(N)c(F)c2)C(O)C([NH2+]Cc2cc(ccc2)C(C)(C)C)C1,1,1,0,Exmol_based,Generated using exmol-based algorithm
CC(C)(C)c1cccc(C[NH2+]C2CS(=O)(=O)CC(Cc3cc(F)c(N)c(-c4ccco4)c3)C2O)c1,1,S1(=O)(=O)CC(Cc2cc(-c3occc3)c(N)c(F)c2)C(O)C([NH2+]Cc2cc(ccc2)C(C)(C)C)C1,1,1,0,Exmol_based,Generated using exmol-based algorithm
CC(C)(C)c1ccccc1.Nc1c(F)cc(CC2CS(=O)(=O)CC([NH2+])C2O)cc1-c1ccco1,1,S1(=O)(=O)CC(Cc2cc(-c3occc3)c(N)c(F)c2)C(O)C([NH2+]Cc2cc(ccc2)C(C)(C)C)C1,1,1,0,Exmol_based,Generated using exmol-based algorithm
CC(=O)Nc1c(Cl)cc(CSC(=[NH2+])NC(=O)Cn2ccc3ccc(Br)cc32)cc1Cl,1,Brc1cc2n(ccc2cc1)CC(=O)NC(=[NH2+])NCc1cc(Cl)c(NC(=O)C)c(Cl)c1,1,1,0,Exmol_based,Generated using exmol-based algorithm
CC(=O)Nc1c(Cl)cc(CNC=[NH2+])cc1Cl.O=CCn1ccc2ccc(Br)cc21,1,Brc1cc2n(ccc2cc1)CC(=O)NC(=[NH2+])NCc1cc(Cl)c(NC(=O)C)c(Cl)c1,1,1,0,Exmol_based,Generated using exmol-based algorithm
CC(=O)Nc1c(Cl)cc(CNC(=[NH2+])NC(=O)Cn2cc(C)c3ccc(Br)cc32)cc1Cl,1,Brc1cc2n(ccc2cc1)CC(=O)NC(=[NH2+])NCc1cc(Cl)c(NC(=O)C)c(Cl)c1,1,1,0,Exmol_based,Generated using exmol-based algorithm
CCOc1ccc(C2(c3cccc(-c4cccnc4F)c3)CN(CCCN)C(N)=[NH+]2)cc1OCC,1,Fc1ncccc1-c1cc(ccc1)C1([NH+]=C(N2C1=NCCC2)N)c1cc(OCC)c(OCC)cc1,1,1,0,Exmol_based,Generated using exmol-based algorithm
CCOc1ccc(C2(c3cccc(-c4cccnc4F)c3)[NH+]=C(N)N3C(=S)CCN=C32)cc1OCC,1,Fc1ncccc1-c1cc(ccc1)C1([NH+]=C(N2C1=NCCC2)N)c1cc(OCC)c(OCC)cc1,1,1,0,Exmol_based,Generated using exmol-based algorithm
CCOc1ccc(C([NH+])(C2=NCCCN2)c2cccc(-c3cccnc3F)c2)cc1OCC.N,1,Fc1ncccc1-c1cc(ccc1)C1([NH+]=C(N2C1=NCCC2)N)c1cc(OCC)c(OCC)cc1,1,1,0,Exmol_based,Generated using exmol-based algorithm
CN=C1N(C)C(N)=[NH+]C1(c1ccc(OC(F)(F)F)cc1)c1cccc(-c2cccnc2F)c1,1,Fc1ncccc1-c1cc(ccc1)C1([NH+]=C(N2C1=NCC2)N)c1ccc(OC(F)(F)F)cc1,1,1,0,Exmol_based,Generated using exmol-based algorithm
FC(F)(F)Oc1ccccc1.NC1=[NH+]C(c2cccc(-c3cccnc3F)c2)C2=NCCN21,1,Fc1ncccc1-c1cc(ccc1)C1([NH+]=C(N2C1=NCC2)N)c1ccc(OC(F)(F)F)cc1,1,1,0,Exmol_based,Generated using exmol-based algorithm
NC1=[NH+]C(c2ccc(OC(F)F)cc2)(c2cccc(-c3cccnc3F)c2)C2=NCCN21,1,Fc1ncccc1-c1cc(ccc1)C1([NH+]=C(N2C1=NCC2)N)c1ccc(OC(F)(F)F)cc1,1,1,0,Exmol_based,Generated using exmol-based algorithm
NC1=[NH+]C(c2cccc(-c3cccnc3F)c2)(c2ccc(OC(F)(F)F)cc2Cl)C2=NCCCCN21,1,Fc1ncccc1-c1cc(ccc1)C1([NH+]=C(N2C1=NCCCC2)N)c1ccc(OC(F)(F)F)cc1,1,1,0,Exmol_based,Generated using exmol-based algorithm
F.NC1=[NH+]C(c2ccc(OC(F)(F)F)cc2)(c2cccc(-c3cccnc3)c2)C2=NCCCCN21,1,Fc1ncccc1-c1cc(ccc1)C1([NH+]=C(N2C1=NCCCC2)N)c1ccc(OC(F)(F)F)cc1,1,1,0,Exmol_based,Generated using exmol-based algorithm
NC1=[NH+]C(c2ccc(OC(F)(F)F)cc2)(c2cccc(-c3cccnc3F)c2)C2=NCSCCN21,1,Fc1ncccc1-c1cc(ccc1)C1([NH+]=C(N2C1=NCCCC2)N)c1ccc(OC(F)(F)F)cc1,1,1,0,Exmol_based,Generated using exmol-based algorithm
C.Cc1cc([C@]2(c3cccc(-c4cncnc4)c3)N=C(N)NC2=O)ccn1,1,O=C1N(C)C(=N[C@@]1(c1cc(ccc1)-c1cncnc1)c1cc(ncc1)C)N,1,1,0,Exmol_based,Generated using exmol-based algorithm
Cc1cc([C@]2(c3cncc(-c4cncnc4)c3)N=C(N)N(C)C2=O)ccn1,1,O=C1N(C)C(=N[C@@]1(c1cc(ccc1)-c1cncnc1)c1cc(ncc1)C)N,1,1,0,Exmol_based,Generated using exmol-based algorithm
Cc1cc([C@]2(c3cccc(-c4cncnc4)c3)N=CN(C)C2=O)ccn1.N,1,O=C1N(C)C(=N[C@@]1(c1cc(ccc1)-c1cncnc1)c1cc(ncc1)C)N,1,1,0,Exmol_based,Generated using exmol-based algorithm
CCF.CN1C(=O)[C@@](c2ccc(OC(F)F)cc2)(c2cccc(C=O)c2)N=C1N,1,FCCCC(=O)c1cc(ccc1)[C@]1(N=C(N)N(C)C1=O)c1ccc(OC(F)F)cc1,1,1,0,Exmol_based,Generated using exmol-based algorithm
CN1C(=O)[C@@](c2ccc(OC(F)F)cc2)(c2cccc(C(=O)CC(P)CF)c2)N=C1N,1,FCCCC(=O)c1cc(ccc1)[C@]1(N=C(N)N(C)C1=O)c1ccc(OC(F)F)cc1,1,1,0,Exmol_based,Generated using exmol-based algorithm
CN1C(=O)[C@@](c2ccc(OC(F)F)cc2)(c2cccc(C(=O)CCC(=O)F)c2)N=C1N,1,FCCCC(=O)c1cc(ccc1)[C@]1(N=C(N)N(C)C1=O)c1ccc(OC(F)F)cc1,1,1,0,Exmol_based,Generated using exmol-based algorithm
CCCF.CN1C(=O)[C@](c2ccccc2)(c2ccc(OC(F)F)cc2)N=C1N.F,1,FCCC[C@@H](F)c1cc(ccc1)[C@]1(N=C(N)N(C)C1=O)c1ccc(OC(F)F)cc1,1,1,0,Exmol_based,Generated using exmol-based algorithm
CN1C(=O)[C@@](c2ccc(O)cc2)(c2cccc([C@H](F)CCCF)c2)N=C1N.FCF,1,FCCC[C@@H](F)c1cc(ccc1)[C@]1(N=C(N)N(C)C1=O)c1ccc(OC(F)F)cc1,1,1,0,Exmol_based,Generated using exmol-based algorithm
CN1C(=O)[C@@](c2ccc(OC(F)F)cc2)(c2cccc([C@H](F)CCCF)c2)N=C1O,1,FCCC[C@@H](F)c1cc(ccc1)[C@]1(N=C(N)N(C)C1=O)c1ccc(OC(F)F)cc1,1,1,0,Exmol_based,Generated using exmol-based algorithm
Cc1cc([C@]2(c3ccccc3)N=C(N)N(C)C2=O)ccc1OC(F)Br,1,FC(F)Oc1ccc(cc1C)[C@@]1(N=C(N)N(C)C1=O)c1ccccc1,1,1,0,Exmol_based,Generated using exmol-based algorithm
Cc1cc([C](C(=O)N(C)CN)c2ccccc2)ccc1OC(F)F,1,FC(F)Oc1ccc(cc1C)[C@@]1(N=C(N)N(C)C1=O)c1ccccc1,1,1,0,Exmol_based,Generated using exmol-based algorithm
Cc1cc([C@]2(c3ccccc3)N=C(N)N(C)C2=O)ccc1OC(F)F,1,FC(F)Oc1ccc(cc1C)[C@@]1(N=C(N)N(C)C1=O)c1ccccc1,1,1,0,Exmol_based,Generated using exmol-based algorithm
CC(S)n1cc(C2(c3ccc(F)c(-c4cncnc4)c3)N=C(N)N(C)C2=O)cn1,1,Fc1ccc(cc1-c1cncnc1)C1(N=C(N)N(C)C1=O)c1cn(nc1)C(C)C,1,1,0,Exmol_based,Generated using exmol-based algorithm
CC(F)n1cc(C2(c3ccc(F)c(-c4cncnc4)c3)N=C(N)N(C)C2=O)cn1,1,Fc1ccc(cc1-c1cncnc1)C1(N=C(N)N(C)C1=O)c1cn(nc1)C(C)C,1,1,0,Exmol_based,Generated using exmol-based algorithm
CC(C)n1cc(C2(c3ccc(F)c(-c4cncnc4)c3)[SH]=C(N)N(C)C2=O)cn1,1,Fc1ccc(cc1-c1cncnc1)C1(N=C(N)N(C)C1=O)c1cn(nc1)C(C)C,1,1,0,Exmol_based,Generated using exmol-based algorithm
CC(=P)c1cc(C2(c3cccc(-c4cncnc4)c3)N=C(N)N(C)C2=O)cs1,1,s1cc(cc1CC)C1(N=C(N)N(C)C1=O)c1cc(ccc1)-c1cncnc1,1,1,0,Exmol_based,Generated using exmol-based algorithm
CCc1scc2c1-c1ncncc1-c1cccc(c1)C21N=C(N)N(C)C1=O,1,s1cc(cc1CC)C1(N=C(N)N(C)C1=O)c1cc(ccc1)-c1cncnc1,1,1,0,Exmol_based,Generated using exmol-based algorithm
CCc1cc(C2(c3cccc(-c4cncnc4)c3)N=C(N)N(O)C2=O)cs1,1,s1cc(cc1CC)C1(N=C(N)N(C)C1=O)c1cc(ccc1)-c1cncnc1,1,1,0,Exmol_based,Generated using exmol-based algorithm
CN1C(=O)C(c2ccccc2)(c2csc(Cl)c2)N=C1N.c1cncnc1,1,Clc1scc(c1)C1(N=C(N)N(C)C1=O)c1cc(ccc1)-c1cncnc1,1,1,0,Exmol_based,Generated using exmol-based algorithm
CN1CC(c2cccc(-c3cncnc3)c2)(c2csc(Cl)c2)N=C1N,1,Clc1scc(c1)C1(N=C(N)N(C)C1=O)c1cc(ccc1)-c1cncnc1,1,1,0,Exmol_based,Generated using exmol-based algorithm
CN1C(=O)C(c2ccccc2)(c2csc(Cl)c2)N=C1N.c1cncnc1,1,Clc1scc(c1)C1(N=C(N)N(C)C1=O)c1cc(ccc1)-c1cncnc1,1,1,0,Exmol_based,Generated using exmol-based algorithm
COCC(Oc1cc(CC2CS(=O)CC([NH2+]Cc3cccc(OC(C)C)c3)C2O)cc(F)c1N)C(F)(F)F,1,S1(=O)CC(Cc2cc(OC(COC)C(F)(F)F)c(N)c(F)c2)C(O)C([NH2+]Cc2cc(OC(C)C)ccc2)C1,1,1,0,Exmol_based,Generated using exmol-based algorithm
COCC(Oc1cc(CC2CS(=O)CC([NH2+]Cc3cccc(OC(C)C)c3)C2O)cc(F)c1N)C(F)F.F,1,S1(=O)CC(Cc2cc(OC(COC)C(F)(F)F)c(N)c(F)c2)C(O)C([NH2+]Cc2cc(OC(C)C)ccc2)C1,1,1,0,Exmol_based,Generated using exmol-based algorithm
CC(C)Oc1cccc(C[NH2+]C2CS(=O)CC(Cc3cc(F)c(N)c(OC(C)C(F)(F)F)c3)C2O)c1.CO,1,S1(=O)CC(Cc2cc(OC(COC)C(F)(F)F)c(N)c(F)c2)C(O)C([NH2+]Cc2cc(OC(C)C)ccc2)C1,1,1,0,Exmol_based,Generated using exmol-based algorithm
CCCCN(C)C(=O)n1cc(C(=O)NC(C)C(O)C[NH2+]C2(c3cccc(CC)c3)CC2)c2cccnc21.Fc1cccc(F)c1,1,Fc1cc(cc(F)c1)CC(NC(=O)c1c2cccnc2n(c1)C(=O)N(CCCC)C)C(O)C[NH2+]C1(CC1)c1cc(ccc1)CC,1,1,0,Exmol_based,Generated using exmol-based algorithm
CCCCN(C)C(=O)n1cc(C(=O)CC(Cc2cc(F)cc(F)c2)C(O)C[NH2+]C2(c3cccc(CC)c3)CC2)c2cccnc21,1,Fc1cc(cc(F)c1)CC(NC(=O)c1c2cccnc2n(c1)C(=O)N(CCCC)C)C(O)C[NH2+]C1(CC1)c1cc(ccc1)CC,1,1,0,Exmol_based,Generated using exmol-based algorithm
C.CCCCN(C)C(=O)n1cc(C(=O)NC(Cc2cc(F)cc(F)c2)C(O)C[NH2+]C2(c3cccc(C)c3)CC2)c2cccnc21,1,Fc1cc(cc(F)c1)CC(NC(=O)c1c2cccnc2n(c1)C(=O)N(CCCC)C)C(O)C[NH2+]C1(CC1)c1cc(ccc1)CC,1,1,0,Exmol_based,Generated using exmol-based algorithm
Cc1cc2cc(n1)OCCCCOc1cccc(c1)CC(C(O)C[NH2+]C(C)c1cccc(C(C)C)c1)PC2=O,1,O1CCCCOc2nc(cc(c2)C(=O)NC(Cc2cc1ccc2)C(O)C[NH2+]C(C)c1cc(ccc1)C(C)C)C,1,1,0,Exmol_based,Generated using exmol-based algorithm
Cc1cc2cc(n1)OCCCCOc1cccc(c1)CC(C(O)C[NH2+]C(C)c1cccc(C(C)CO)c1)NC2=O,1,O1CCCCOc2nc(cc(c2)C(=O)NC(Cc2cc1ccc2)C(O)C[NH2+]C(C)c1cc(ccc1)C(C)C)C,1,1,0,Exmol_based,Generated using exmol-based algorithm
CCOc1cccc(CC(NC(=O)c2cc(C)nc(OC)c2)C(O)C[NH2+]C(C)c2cccc(C(C)C)c2)c1,1,O1CCCCOc2nc(cc(c2)C(=O)NC(Cc2cc1ccc2)C(O)C[NH2+]C(C)c1cc(ccc1)C(C)C)C,1,1,0,Exmol_based,Generated using exmol-based algorithm
CC(=O)NC(Cc1cc(F)cc(F)c1)C(O)C[NH2+]C1(c2cccc(C(C)(C)C)c2)CCC(Nc2nccs2)PC1,1,s1ccnc1NC1CCC([NH2+]CC(O)C(NC(=O)C)Cc2cc(F)cc(F)c2)(CC1)c1cc(ccc1)C(C)(C)C,1,1,0,Exmol_based,Generated using exmol-based algorithm
CC(=O)NCCc1cc(F)cc(F)c1.CC(C)(C)c1cccc(C2([NH2+]CCO)CCC(Nc3nccs3)CC2)c1,1,s1ccnc1NC1CCC([NH2+]CC(O)C(NC(=O)C)Cc2cc(F)cc(F)c2)(CC1)c1cc(ccc1)C(C)(C)C,1,1,0,Exmol_based,Generated using exmol-based algorithm
CC(=O)NC(Cc1cc(F)cc(F)c1)C(O)C[NH2+]C1(c2cccc(C(C)(C)C)c2)CC2C(Nc3nccs3)CC21,1,s1ccnc1NC1CCC([NH2+]CC(O)C(NC(=O)C)Cc2cc(F)cc(F)c2)(CC1)c1cc(ccc1)C(C)(C)C,1,1,0,Exmol_based,Generated using exmol-based algorithm
CCc1cn2c3c(cc(C(=O)NCCc4ccccc4)cc13)OS(=O)(=O)CC2.O[CH]C[NH2+]CC1CCOCC1,1,S1(Oc2cc(cc3c2n(cc3CC)CC1)C(=O)NC([C@H](O)C[NH2+]CC1CCOCC1)Cc1ccccc1)(=O)=O,1,1,0,Exmol_based,Generated using exmol-based algorithm
CCc1cn(CC)c2c(O[SH](=O)=O)cc(C(=O)NC(Cc3ccccc3)[C@H](O)C[NH2+]CC3CCOCC3)cc12,1,S1(Oc2cc(cc3c2n(cc3CC)CC1)C(=O)NC([C@H](O)C[NH2+]CC1CCOCC1)Cc1ccccc1)(=O)=O,1,1,0,Exmol_based,Generated using exmol-based algorithm
CCc1cn2c3c(cc(C(=O)NC(Cc4ccccc4)[C@H](O)C[NH2+]CC4CCOCC4)cc13)OS(=O)(=O)CC2Cl,1,S1(Oc2cc(cc3c2n(cc3CC)CC1)C(=O)NC([C@H](O)C[NH2+]CC1CCOCC1)Cc1ccccc1)(=O)=O,1,1,0,Exmol_based,Generated using exmol-based algorithm
NC1=NC(c2cccc(-c3cncnc3)c2)(c2c3cnc(C4CC4)c2-3)c2cccc(F)c21,1,Fc1c2c(ccc1)C(N=C2N)(c1cc(ccc1)-c1cncnc1)c1cc(ncc1)C1CC1,1,1,0,Exmol_based,Generated using exmol-based algorithm
NC(=NC(c1cccc(-c2cncnc2)c1)c1ccnc(C2CC2)c1)c1ccccc1F,1,Fc1c2c(ccc1)C(N=C2N)(c1cc(ccc1)-c1cncnc1)c1cc(ncc1)C1CC1,1,1,0,Exmol_based,Generated using exmol-based algorithm
NC1=NC(c2cccc(-c3cncnc3)c2)(c2ccnc(C3CC3)c2)c2ccnc(F)c21,1,Fc1c2c(ccc1)C(N=C2N)(c1cc(ccc1)-c1cncnc1)c1cc(ncc1)C1CC1,1,1,0,Exmol_based,Generated using exmol-based algorithm
Cc1coc2c(N3CCCC3=O)cc(C(=O)NC(Cc3ccccc3)C(O)C[NH2+]Cc3cccc(C(F)(F)F)c3)cc12,1,FC(F)(F)c1cc(ccc1)C[NH2+]CC(O)C(NC(=O)c1cc(N2CCCC2=O)c2occ(c2c1)CC)Cc1ccccc1,1,1,0,Exmol_based,Generated using exmol-based algorithm
CCc1coc2c(N3CCCC3=O)cc(C(=O)NC(Cc3ccccc3)C(O)C[NH2+]Cc3cccc(C(F)(F)P)c3)cc12,1,FC(F)(F)c1cc(ccc1)C[NH2+]CC(O)C(NC(=O)c1cc(N2CCCC2=O)c2occ(c2c1)CC)Cc1ccccc1,1,1,0,Exmol_based,Generated using exmol-based algorithm
CCc1coc2c(NCCCC=O)cc(C(=O)NC(Cc3ccccc3)C(O)C[NH2+]Cc3cccc(C(F)(F)F)c3)cc12,1,FC(F)(F)c1cc(ccc1)C[NH2+]CC(O)C(NC(=O)c1cc(N2CCCC2=O)c2occ(c2c1)CC)Cc1ccccc1,1,1,0,Exmol_based,Generated using exmol-based algorithm
CCCCC1CCN(C(C)C(=O)NC(Cc2cc(F)cc(F)c2)C(O)C(C)[NH2+]CCOCCC)C1=O,1,Fc1cc(cc(F)c1)CC(NC(=O)C(N1CCC(CCCC)C1=O)C)C(O)C1[NH2+]CC(OCCC)C1,1,1,0,Exmol_based,Generated using exmol-based algorithm
CCCCC1CCN(C(C)C=O)C1=O.CCCOC1C[NH2+]C(C(O)C(N)Cc2cc(F)cc(F)c2)C1,1,Fc1cc(cc(F)c1)CC(NC(=O)C(N1CCC(CCCC)C1=O)C)C(O)C1[NH2+]CC(OCCC)C1,1,1,0,Exmol_based,Generated using exmol-based algorithm
C.CCCCC1CCN(CC(=O)NC(Cc2cc(F)cc(F)c2)C(O)C2CC(OCCC)C[NH2+]2)C1=O,1,Fc1cc(cc(F)c1)CC(NC(=O)C(N1CCC(CCCC)C1=O)C)C(O)C1[NH2+]CC(OCCC)C1,1,1,0,Exmol_based,Generated using exmol-based algorithm
C.CC1(c2cc(NC(=O)c3ccccn3)ccc2F)N=C(N)OCC1(F)F,1,FC1(F)COC(=NC1(C)c1cc(NC(=O)c2ncc(cc2)C)ccc1F)N,1,1,0,Exmol_based,Generated using exmol-based algorithm
CC1(c2cc(NC(=O)c3ccccn3)ccc2F)N=C(N)OCC1(F)F,1,FC1(F)COC(=NC1(C)c1cc(NC(=O)c2ncc(cc2)C)ccc1F)N,1,1,0,Exmol_based,Generated using exmol-based algorithm
Cc1cnc(C(=O)Nc2ccc(F)c(C3(C)N=C(N)OCC3(F)F)c2)c(N)c1,1,FC1(F)COC(=NC1(C)c1cc(NC(=O)c2ncc(cc2)C)ccc1F)N,1,1,0,Exmol_based,Generated using exmol-based algorithm
CC(=O)NCC(O)C[NH2+]C1(c2cccc(C3CCOC3)c2)CCCCC1.Cc1cc(F)cc(F)c1,1,Fc1cc(cc(F)c1)CC(NC(=O)C)C(O)C[NH2+]C1(CCCCC1)c1cc(ccc1)C1CCOC1,1,1,0,Exmol_based,Generated using exmol-based algorithm
CCCC(C)([NH2+]CC(O)C(Cc1cc(F)cc(F)c1)NC(C)=O)c1cccc(C2CCOC2)c1,1,Fc1cc(cc(F)c1)CC(NC(=O)C)C(O)C[NH2+]C1(CCCCC1)c1cc(ccc1)C1CCOC1,1,1,0,Exmol_based,Generated using exmol-based algorithm
CC(=O)NC(Cc1cc(F)cc(F)c1)C(O)C[NH2+]C1(c2cccc(C(C)CCO)c2)CCCCC1,1,Fc1cc(cc(F)c1)CC(NC(=O)C)C(O)C[NH2+]C1(CCCCC1)c1cc(ccc1)C1CCOC1,1,1,0,Exmol_based,Generated using exmol-based algorithm
CCC(=O)NCc1cccnc1.Cc1ccccc1-c1ccc2nc(N)ccc2c1,1,O=C(NCc1cccnc1)C(Cc1cc2cc(ccc2nc1N)-c1ccccc1C)C,1,1,0,Exmol_based,Generated using exmol-based algorithm
Cc1ccccc1-c1ccc2nc(N)c(CCC(=O)NCc3cccnc3)cc2c1,1,O=C(NCc1cccnc1)C(Cc1cc2cc(ccc2nc1N)-c1ccccc1C)C,1,1,0,Exmol_based,Generated using exmol-based algorithm
CC(Cc1cc2cc(-c3ccccc3)ccc2nc1N)C(=O)NCc1cccnc1,1,O=C(NCc1cccnc1)C(Cc1cc2cc(ccc2nc1N)-c1ccccc1C)C,1,1,0,Exmol_based,Generated using exmol-based algorithm
COc1cccc(C[NH2+]CC(O)C(Cc2cc(F)cc(F)c2)PC(=O)C(C)N2CCC(CC(C)C)C2=O)c1,1,Fc1cc(cc(F)c1)CC(NC(=O)C(N1CCC(CC(C)C)C1=O)C)C(O)C[NH2+]Cc1cc(OC)ccc1,1,1,0,Exmol_based,Generated using exmol-based algorithm
CC(C)CC1CCN(C(C)C(=O)NC(CO)Cc2cc(F)cc(F)c2)C1=O.COc1cccc(C[NH2+])c1,1,Fc1cc(cc(F)c1)CC(NC(=O)C(N1CCC(CC(C)C)C1=O)C)C(O)C[NH2+]Cc1cc(OC)ccc1,1,1,0,Exmol_based,Generated using exmol-based algorithm
COc1cccc(C[NH2+]CC(O)C(Cc2cc(F)cc(F)c2)NC(=O)C(C)N2CCC(CC(C)C)C2=O)c1,1,Fc1cc(cc(F)c1)CC(NC(=O)C(N1CCC(CC(C)C)C1=O)C)C(O)C[NH2+]Cc1cc(OC)ccc1,1,1,0,Exmol_based,Generated using exmol-based algorithm
COc1cccc(-c2ccpc(C3(c4ccncc4)N=C(N)N4CCCN=C43)c2)c1F,1,Fc1c(cccc1OC)-c1cc(ccc1)C1(N=C(N2C1=NCCC2)N)c1ccncc1,1,1,0,Exmol_based,Generated using exmol-based algorithm
COc1cccc(-c2cccc(C3(c4ccncc4)N=C(N)N4CCCN=C43)c2)c1C,1,Fc1c(cccc1OC)-c1cc(ccc1)C1(N=C(N2C1=NCCC2)N)c1ccncc1,1,1,0,Exmol_based,Generated using exmol-based algorithm
COc1cccc(-c2cccc(C3(c4ccncc4)N=C(N=P)N4CCCN=C43)c2)c1F,1,Fc1c(cccc1OC)-c1cc(ccc1)C1(N=C(N2C1=NCCC2)N)c1ccncc1,1,1,0,Exmol_based,Generated using exmol-based algorithm
CC(=O)c1cc(C(=O)N[C@@H](Cc2cc(F)cc(F)c2)[C@@H](O)C[NH2+]Cc2cccc(OCS)c2)cc(N2CCCCS2(=O)=O)c1,1,S1(=O)(=O)N(CCCC1)c1cc(cc(c1)C(=O)N[C@H]([C@@H](O)C[NH2+]Cc1cc(OC)ccc1)Cc1cc(F)cc(F)c1)C(=O)C,1,1,0,Exmol_based,Generated using exmol-based algorithm
COc1cccc(C[NH2+]C[C@H](O)[C@H](Cc2cc(F)cc(F)c2)NC(=O)c2cc(C(C)=O)cc(N3CCCCS3(=O)=O)c2)c1,1,S1(=O)(=O)N(CCCC1)c1cc(cc(c1)C(=O)N[C@H]([C@@H](O)C[NH2+]Cc1cc(OC)ccc1)Cc1cc(F)cc(F)c1)C(=O)C,1,1,0,Exmol_based,Generated using exmol-based algorithm
CCCN(c1cc(C(C)=O)cc(C(=O)N[C@@H](Cc2cc(F)cc(F)c2)[C@@H](O)C[NH2+]Cc2cccc(OC)c2)c1)S(C)(=O)=O,1,S1(=O)(=O)N(CCCC1)c1cc(cc(c1)C(=O)N[C@H]([C@@H](O)C[NH2+]Cc1cc(OC)ccc1)Cc1cc(F)cc(F)c1)C(=O)C,1,1,0,Exmol_based,Generated using exmol-based algorithm
C.COc1cc(C2(c3cccc(-c4cccnc4)c3)N=C(N)N(C)C2=O)ccc1O,1,O(C)c1cc(ccc1OC)C1(N=C(N)N(C)C1=O)c1cc(ccc1)-c1cccnc1,1,1,0,Exmol_based,Generated using exmol-based algorithm
COc1cc(C2(c3cccc(-c4cccnc4)c3)N=C(N)N(C)C2=O)ccc1PC,1,O(C)c1cc(ccc1OC)C1(N=C(N)N(C)C1=O)c1cc(ccc1)-c1cccnc1,1,1,0,Exmol_based,Generated using exmol-based algorithm
COc1cc2cc(c1OC)-c1ccc(cn1)-c1cccc(c1)C21N=C(N)N(C)C1=O,1,O(C)c1cc(ccc1OC)C1(N=C(N)N(C)C1=O)c1cc(ccc1)-c1cccnc1,1,1,0,Exmol_based,Generated using exmol-based algorithm
CN1C(=O)C(c2cccc(-c3cccnc3)c2)(c2ccc3c(c2)PCCO3)N=C1N,1,O1CCOc2c1cc(cc2)C1(N=C(N)N(C)C1=O)c1cc(ccc1)-c1cccnc1,1,1,0,Exmol_based,Generated using exmol-based algorithm
CN1C(=O)C2(N=C1N)c1ccc3c(c1)OC(CO3)c1c(-c3cccnc3)cccc12,1,O1CCOc2c1cc(cc2)C1(N=C(N)N(C)C1=O)c1cc(ccc1)-c1cccnc1,1,1,0,Exmol_based,Generated using exmol-based algorithm
CCOc1ccc(C2(c3cccc(-c4cccnc4)c3)N=C(N)N(C)C2=O)cc1,1,O1CCOc2c1cc(cc2)C1(N=C(N)N(C)C1=O)c1cc(ccc1)-c1cccnc1,1,1,0,Exmol_based,Generated using exmol-based algorithm
CCCc1cc2cc([C@@]3(c4ccc(OC(F)F)cc4)N=C(N)N(C)C3=O)c1-2,1,FC(F)Oc1ccc(cc1)[C@@]1(N=C(N)N(C)C1=O)c1cc(ccc1)CCC,1,1,0,Exmol_based,Generated using exmol-based algorithm
CCCc1cccc([C@@]2(c3ccc(OC(F)F)cc3)N=CN(C)C2=O)c1.N,1,FC(F)Oc1ccc(cc1)[C@@]1(N=C(N)N(C)C1=O)c1cc(ccc1)CCC,1,1,0,Exmol_based,Generated using exmol-based algorithm
CCCc1cccc([C@@](N=CN)(C(=O)NC)c2ccc(OC(F)F)cc2)c1,1,FC(F)Oc1ccc(cc1)[C@@]1(N=C(N)N(C)C1=O)c1cc(ccc1)CCC,1,1,0,Exmol_based,Generated using exmol-based algorithm
CCCCCc1cccc([C@@]2(c3ccc(OC(F)F)nc3)N=C(N)N(C)C2=O)c1,1,FC(F)Oc1ccc(cc1)[C@@]1(N=C(N)N(C)C1=O)c1cc(ccc1)CCCCC,1,1,0,Exmol_based,Generated using exmol-based algorithm
CCCCCc1cccc([C](N=C(N)N(C)C=O)c2ccc(OC(F)F)cc2)c1,1,FC(F)Oc1ccc(cc1)[C@@]1(N=C(N)N(C)C1=O)c1cc(ccc1)CCCCC,1,1,0,Exmol_based,Generated using exmol-based algorithm
CCCCCc1cccc([C@@](N)(C(=O)N(C)CN)c2ccc(OC(F)F)cc2)c1,1,FC(F)Oc1ccc(cc1)[C@@]1(N=C(N)N(C)C1=O)c1cc(ccc1)CCCCC,1,1,0,Exmol_based,Generated using exmol-based algorithm
NC1=N[C@](c2ccc(OC(F)F)cc2)(c2cccc(/C=C/C3CC3)c2)C(=O)N1C=O,1,FC(F)Oc1ccc(cc1)[C@@]1(N=C(N)N(C)C1=O)c1cc(ccc1)\C=C\C1CC1,1,1,0,Exmol_based,Generated using exmol-based algorithm
CNC(=O)[C@@](N=CN)(c1ccc(OC(F)F)cc1)c1cccc(/C=C/C2CC2)c1,1,FC(F)Oc1ccc(cc1)[C@@]1(N=C(N)N(C)C1=O)c1cc(ccc1)\C=C\C1CC1,1,1,0,Exmol_based,Generated using exmol-based algorithm
NC1=N[C@](c2ccc(OC(F)F)cc2)(c2cccc(/C=C/C3CC3)c2)C(=O)N1,1,FC(F)Oc1ccc(cc1)[C@@]1(N=C(N)N(C)C1=O)c1cc(ccc1)\C=C\C1CC1,1,1,0,Exmol_based,Generated using exmol-based algorithm
NC1=NC(c2ccsc2)(c2ccc(F)c(-c3cccnc3)c2)C(=O)N1,1,s1cc(cc1)C1(N=C(N)N(C)C1=O)c1cc(-c2cccnc2)c(F)cc1,1,1,0,Exmol_based,Generated using exmol-based algorithm
CN1CC(c2ccsc2)(c2ccc(F)c(-c3cccnc3)c2)N=C1N,1,s1cc(cc1)C1(N=C(N)N(C)C1=O)c1cc(-c2cccnc2)c(F)cc1,1,1,0,Exmol_based,Generated using exmol-based algorithm
C.NC=NC(C=O)(c1ccsc1)c1ccc(F)c(-c2cccnc2)c1,1,s1cc(cc1)C1(N=C(N)N(C)C1=O)c1cc(-c2cccnc2)c(F)cc1,1,1,0,Exmol_based,Generated using exmol-based algorithm
CN1C(=O)C(c2ccsc2)(c2cccc(-c3cnccn3)c2)N=C1NBr,1,s1cc(cc1)C1(N=C(N)N(C)C1=O)c1cc(ccc1)-c1nccnc1,1,1,0,Exmol_based,Generated using exmol-based algorithm
CN1C(=O)C(c2ccsc2)(c2cccc(-c3cnccn3)c2)N=C1N,1,s1cc(cc1)C1(N=C(N)N(C)C1=O)c1cc(ccc1)-c1nccnc1,1,1,0,Exmol_based,Generated using exmol-based algorithm
CN1C(=O)C(c2ccsc2)(c2cccc(-c3cnccn3)c2Cl)N=C1N,1,s1cc(cc1)C1(N=C(N)N(C)C1=O)c1cc(ccc1)-c1nccnc1,1,1,0,Exmol_based,Generated using exmol-based algorithm
CCNc1cc(C(=O)NC(C)C(O)C[NH2+]C2CCOCC2)cc(N2CCCCS2(=O)=O)c1.c1ccccc1,1,S1(=O)(=O)N(CCCC1)c1cc(cc(NCC)c1)C(=O)NC(Cc1ccccc1)C(O)C[NH2+]C1CCOCC1,1,1,0,Exmol_based,Generated using exmol-based algorithm
CCNc1cc(C(=O)NC(Cc2ccccc2)C(O)C[NH2+]C2CCOCC2)cc(N2CCCCS2(=N)=O)c1,1,S1(=O)(=O)N(CCCC1)c1cc(cc(NCC)c1)C(=O)NC(Cc1ccccc1)C(O)C[NH2+]C1CCOCC1,1,1,0,Exmol_based,Generated using exmol-based algorithm
CCNc1cc(C=O)cc(N2CCCCS2(=O)=O)c1.NC(Cc1ccccc1)C(O)C[NH2+]C1CCOCC1,1,S1(=O)(=O)N(CCCC1)c1cc(cc(NCC)c1)C(=O)NC(Cc1ccccc1)C(O)C[NH2+]C1CCOCC1,1,1,0,Exmol_based,Generated using exmol-based algorithm
C.CCc1cn(C[SH](=O)=O)c2ccc(C(=O)NC(Cc3ccccc3)C(O)C[NH2+]C)cc12,1,S1(=O)(=O)N(c2cc(cc3c2n(cc3CC)C1)C(=O)NC(Cc1ccccc1)C(O)C[NH2+]C)C,1,1,0,Exmol_based,Generated using exmol-based algorithm
CCc1cn2c3c(cc(C(=O)NC(Cc4ccccc4)C(O)C[NH2+]C)cc13)N(C)S(=O)(=O)C2,1,S1(=O)(=O)N(c2cc(cc3c2n(cc3CC)C1)C(=O)NC(Cc1ccccc1)C(O)C[NH2+]C)C,1,1,0,Exmol_based,Generated using exmol-based algorithm
CCc1cn2c3c(cc(C(=O)NC(C)C(O)C[NH2+]C)cc13)N(C)S(=O)(=O)C2.c1ccccc1,1,S1(=O)(=O)N(c2cc(cc3c2n(cc3CC)C1)C(=O)NC(Cc1ccccc1)C(O)C[NH2+]C)C,1,1,0,Exmol_based,Generated using exmol-based algorithm
CC=O.CCc1cnc2c(c1)C([NH2+]CC(O)CCc1ccccc1)CC1(CCC1)O2,1,O1c2ncc(cc2C([NH2+]CC(O)C(NC(=O)C)Cc2ccccc2)CC12CCC2)CC,1,1,0,Exmol_based,Generated using exmol-based algorithm
CCc1cnc2c(c1)C([NH2+]CC(O)C(Cc1ccccc1)NC(C)=O)C(P)C1(CCC1)O2,1,O1c2ncc(cc2C([NH2+]CC(O)C(NC(=O)C)Cc2ccccc2)CC12CCC2)CC,1,1,0,Exmol_based,Generated using exmol-based algorithm
CCc1cnc2c(c1)C([NH2+]CC(O)C(Cc1ccccc1)NC(=O)P)CC1(CCC1)O2,1,O1c2ncc(cc2C([NH2+]CC(O)C(NC(=O)C)Cc2ccccc2)CC12CCC2)CC,1,1,0,Exmol_based,Generated using exmol-based algorithm
COc1ccc(C2(c3cccc(-c4cccnc4)c3)N=C(S)N3CCCN=C32)cc1,1,O(C)c1ccc(cc1)C1(N=C(N2C1=NCCC2)N)c1cc(ccc1)-c1cccnc1,1,1,0,Exmol_based,Generated using exmol-based algorithm
COc1ccc(C2(c3ccpc(-c4cccnc4)c3)N=C(N)N3CCCN=C32)cc1,1,O(C)c1ccc(cc1)C1(N=C(N2C1=NCCC2)N)c1cc(ccc1)-c1cccnc1,1,1,0,Exmol_based,Generated using exmol-based algorithm
COc1ccc(C2(c3cccc(-c4cccnc4)n3)N=C(N)N3CCCN=C32)cc1,1,O(C)c1ccc(cc1)C1(N=C(N2C1=NCCC2)N)c1cc(ccc1)-c1cccnc1,1,1,0,Exmol_based,Generated using exmol-based algorithm
CC(=O)NC(Cc1cc(F)cc(F)c1)C(C)C[NH2+]C1(c2cccc(C(C)(C)C)c2)CCc2nc(C)ncc2C1,1,Fc1cc(cc(F)c1)CC(NC(=O)C)C(O)C[NH2+]C1(CCc2nc(ncc2C1)C)c1cc(ccc1)C(C)(C)C,1,1,0,Exmol_based,Generated using exmol-based algorithm
CC(=O)NCCc1cc(F)cc(F)c1.Cc1ncc2c(n1)CCC([NH2+]CCO)(c1cccc(C(C)(C)C)c1)C2,1,Fc1cc(cc(F)c1)CC(NC(=O)C)C(O)C[NH2+]C1(CCc2nc(ncc2C1)C)c1cc(ccc1)C(C)(C)C,1,1,0,Exmol_based,Generated using exmol-based algorithm
CC(=O)NC1Cc2cc(F)c(c(F)c2)CC(C)(C)c2cccc(c2)C2(CCc3nc(C)ncc3C2)[NH2+]CC1O,1,Fc1cc(cc(F)c1)CC(NC(=O)C)C(O)C[NH2+]C1(CCc2nc(ncc2C1)C)c1cc(ccc1)C(C)(C)C,1,1,0,Exmol_based,Generated using exmol-based algorithm
CC(=O)NC(Cc1cc(F)cc(F)c1)C(O)C[NH2+]C1(c2cc(N[PH](C)(=O)=O)cc(C(C)(C)C)c2)CCCCC1,1,S(=O)(=O)(Nc1cc(cc(c1)C(C)(C)C)C1([NH2+]CC(O)C(NC(=O)C)Cc2cc(F)cc(F)c2)CCCCC1)C,1,1,0,Exmol_based,Generated using exmol-based algorithm
CCCCCC([NH2+]CC(O)C(Cc1cc(F)cc(F)c1)NC(C)=O)c1cc(NS(C)(=O)=O)cc(C(C)(C)C)c1,1,S(=O)(=O)(Nc1cc(cc(c1)C(C)(C)C)C1([NH2+]CC(O)C(NC(=O)C)Cc2cc(F)cc(F)c2)CCCCC1)C,1,1,0,Exmol_based,Generated using exmol-based algorithm
CC(=O)NC(Cc1cc(F)cc(F)c1)C(O)C[NH2+]C1(c2cc(NS(=O)(=O)F)cc(C(C)(C)C)c2)CCCCC1,1,S(=O)(=O)(Nc1cc(cc(c1)C(C)(C)C)C1([NH2+]CC(O)C(NC(=O)C)Cc2cc(F)cc(F)c2)CCCCC1)C,1,1,0,Exmol_based,Generated using exmol-based algorithm
CC(C)(C)c1cccc(C[NH2+]C2CS(=O)(=O)CC(Cc3cc(F)cc(C4CC4)c3)C2O)c1,1,S1(=O)(=O)CC(Cc2cc(C3CC3)c(N)c(F)c2)C(O)C([NH2+]Cc2cc(ccc2)C(C)(C)C)C1,1,1,0,Exmol_based,Generated using exmol-based algorithm
C.C.C.Nc1c(F)cc(CC2CS(=O)(=O)CC([NH2+]Cc3ccccc3)C2O)cc1C1CC1,1,S1(=O)(=O)CC(Cc2cc(C3CC3)c(N)c(F)c2)C(O)C([NH2+]Cc2cc(ccc2)C(C)(C)C)C1,1,1,0,Exmol_based,Generated using exmol-based algorithm
CC(C)(C)c1cccc(C[NH2+]C2CS(=O)(=O)CC(Cc3cc(F)c(Cl)c(C4CC4)c3)C2O)c1,1,S1(=O)(=O)CC(Cc2cc(C3CC3)c(N)c(F)c2)C(O)C([NH2+]Cc2cc(ccc2)C(C)(C)C)C1,1,1,0,Exmol_based,Generated using exmol-based algorithm
CCCCC1CCN(C(C=S)C(=O)NC(Cc2cc(F)cc(F)c2)C(O)C2CC(O)C[NH2+]2)C1=O,1,Fc1cc(cc(F)c1)CC(NC(=O)C(N1CCC(CCCC)C1=O)C)C(O)C1[NH2+]CC(O)C1,1,1,0,Exmol_based,Generated using exmol-based algorithm
CCCCC1CCN(C(C)C(=O)NC(Cc2cc(F)cc(F)c2)C(O)C2CC(O)C[NH2+]2)C1=O,1,Fc1cc(cc(F)c1)CC(NC(=O)C(N1CCC(CCCC)C1=O)C)C(O)C1[NH2+]CC(O)C1,1,1,0,Exmol_based,Generated using exmol-based algorithm
CCCCCCCNC(C)C(=O)NC(Cc1cc(F)cc(F)c1)C(O)C1CC(O)C[NH2+]1.O,1,Fc1cc(cc(F)c1)CC(NC(=O)C(N1CCC(CCCC)C1=O)C)C(O)C1[NH2+]CC(O)C1,1,1,0,Exmol_based,Generated using exmol-based algorithm
CC1(c2cc(NC(=O)c3ccc(Cl)cn3)ccc2F)CC2(F)CC2C(N)=N1,1,Clc1ccc(nc1)C(=O)Nc1cc(C2(N=C(N)C3C(C2)C3)C)c(F)cc1,1,1,0,Exmol_based,Generated using exmol-based algorithm
CC1(c2cccc(NC(=O)c3ccc(Cl)cn3)c2)CC2CC2C(N)=N1.F,1,Clc1ccc(nc1)C(=O)Nc1cc(C2(N=C(N)C3C(C2)C3)C)c(F)cc1,1,1,0,Exmol_based,Generated using exmol-based algorithm
CC(C)(N=C(N)C1CC1)c1cc(NC(=O)c2ccc(Cl)cn2)ccc1F,1,Clc1ccc(nc1)C(=O)Nc1cc(C2(N=C(N)C3C(C2)C3)C)c(F)cc1,1,1,0,Exmol_based,Generated using exmol-based algorithm
C.C.C.CCNC(=O)C(C)Cc1cc2cc(-c3ncccc3OC)ccc2nc1N,1,O(C)c1cccnc1-c1cc2cc(CC(C(=O)NCCC(C)(C)C)C)c(nc2cc1)N,1,1,0,Exmol_based,Generated using exmol-based algorithm
COc1cccnc1-c1ccc2nc(N)c(CC(C)C(=O)NCCC(C)C)cc2c1,1,O(C)c1cccnc1-c1cc2cc(CC(C(=O)NCCC(C)(C)C)C)c(nc2cc1)N,1,1,0,Exmol_based,Generated using exmol-based algorithm
CCC(=O)NCCC(C)(C)C.COc1cccnc1-c1ccc2nc(N)c(C)cc2c1,1,O(C)c1cccnc1-c1cc2cc(CC(C(=O)NCCC(C)(C)C)C)c(nc2cc1)N,1,1,0,Exmol_based,Generated using exmol-based algorithm
COc1ccc(C2(c3cncc(-c4cncnc4)c3)N=C(C)C(N)=N2)cc1C,1,O(C)c1ccc(cc1C)C1(N=C(C)C(=N1)N)c1cc(ccc1)-c1cncnc1,1,1,0,Exmol_based,Generated using exmol-based algorithm
COc1ccc(C2(c3cccc(-c4cncnc4)c3)N=C(C)C(N)=N2)cc1C,1,O(C)c1ccc(cc1C)C1(N=C(C)C(=N1)N)c1cc(ccc1)-c1cncnc1,1,1,0,Exmol_based,Generated using exmol-based algorithm
COc1ccc(C2(c3cccc(-c4cncnc4)c3)N=C(C)C(N)=N2)cc1C,1,O(C)c1ccc(cc1C)C1(N=C(C)C(=N1)N)c1cc(ccc1)-c1cncnc1,1,1,0,Exmol_based,Generated using exmol-based algorithm
CC1CC2(N=C(N)N(C)C2=O)c2cc(-c3cccc(F)c3)ccc2O1,1,Fc1cc(ccc1)-c1cc2c(OC(CC23N=C(N)N(C)C3=O)(C)C)cc1,1,1,0,Exmol_based,Generated using exmol-based algorithm
CN1C(=O)C2(CC(C)(C)Oc3ccc(-c4cccc(F)c4)cc32)N=C1N,1,Fc1cc(ccc1)-c1cc2c(OC(CC23N=C(N)N(C)C3=O)(C)C)cc1,1,1,0,Exmol_based,Generated using exmol-based algorithm
CN1C(=O)C2(CC(C)(S)Oc3ccc(-c4cccc(F)c4)cc32)N=C1N,1,Fc1cc(ccc1)-c1cc2c(OC(CC23N=C(N)N(C)C3=O)(C)C)cc1,1,1,0,Exmol_based,Generated using exmol-based algorithm
CCCN1C(=N)[C@@](c2ccc(OC)cc2)(c2cccc(-c3cncnc3)c2)[NH+]=C1N,1,O(C)c1ccc(cc1)[C@@]1([NH+]=C(N2C1=NCCC2)N)c1cc(ccc1)-c1cncnc1,1,1,0,Exmol_based,Generated using exmol-based algorithm
COc1ccc([C@]2(c3cccc(-c4cncnc4)c3)[NH+]=C(N)N3CCCN=C32)c(O)c1,1,O(C)c1ccc(cc1)[C@@]1([NH+]=C(N2C1=NCCC2)N)c1cc(ccc1)-c1cncnc1,1,1,0,Exmol_based,Generated using exmol-based algorithm
COc1ccc([C@]2(c3cccc(-c4cncnc4)c3)[NH+]=C(N)N3CCCN=C32)nc1,1,O(C)c1ccc(cc1)[C@@]1([NH+]=C(N2C1=NCCC2)N)c1cc(ccc1)-c1cncnc1,1,1,0,Exmol_based,Generated using exmol-based algorithm
CCC(CC)([NH2+]CC(O)C(Cc1cc(F)cc(F)c1)NC(C)=O)c1cccc(C(C)(C)C)c1.CON,1,Fc1cc(cc(F)c1)CC(NC(=O)C)C(O)C[NH2+]C1(CCC(NOC)CC1)c1cc(ccc1)C(C)(C)C,1,1,0,Exmol_based,Generated using exmol-based algorithm
CONC1CCC([NH2+]CC(O)C(F)(Cc2cc(F)cc(F)c2)NC(C)=O)(c2cccc(C(C)(C)C)c2)CC1,1,Fc1cc(cc(F)c1)CC(NC(=O)C)C(O)C[NH2+]C1(CCC(NOC)CC1)c1cc(ccc1)C(C)(C)C,1,1,0,Exmol_based,Generated using exmol-based algorithm
CONC1CCC([NH2+]CC(O)CNC(C)=O)(c2cccc(C(C)(C)C)c2)CC1.Fc1cccc(F)c1,1,Fc1cc(cc(F)c1)CC(NC(=O)C)C(O)C[NH2+]C1(CCC(NOC)CC1)c1cc(ccc1)C(C)(C)C,1,1,0,Exmol_based,Generated using exmol-based algorithm
C1CCCCC1.CN(C=O)C(=N)N.O=C(Nc1ccccc1)c1ccco1,1,o1cccc1C(=O)Nc1cc(ccc1)C1(N=C(N)N(C)C1=O)C1CCCCC1,1,1,0,Exmol_based,Generated using exmol-based algorithm
CN1C(=O)C(c2cccc(NC(=O)c3ccco3)c2)(C2CCCCC2)N=C1N,1,o1cccc1C(=O)Nc1cc(ccc1)C1(N=C(N)N(C)C1=O)C1CCCCC1,1,1,0,Exmol_based,Generated using exmol-based algorithm
CCC(CC)C1(c2cccc(NC(=O)c3ccco3)c2)N=C(N)N(C)C1=O,1,o1cccc1C(=O)Nc1cc(ccc1)C1(N=C(N)N(C)C1=O)C1CCCCC1,1,1,0,Exmol_based,Generated using exmol-based algorithm
Cc1cc([C@]2(c3cccc(-c4cccnc4)c3)N=C(N=P)N(C)C2=O)ccn1,1,O=C1N(C)C(=N[C@@]1(c1cc(ccc1)-c1cccnc1)c1cc(ncc1)C)N,1,1,0,Exmol_based,Generated using exmol-based algorithm
Cc1cc([C@]2(c3cccc(-c4cccnc4)c3)N=C(N)N(F)C2=O)ccn1,1,O=C1N(C)C(=N[C@@]1(c1cc(ccc1)-c1cccnc1)c1cc(ncc1)C)N,1,1,0,Exmol_based,Generated using exmol-based algorithm
CN1C(=O)[C@](c2cccc(-c3cccnc3)c2)(c2ccnc(Cl)c2)N=C1N,1,O=C1N(C)C(=N[C@@]1(c1cc(ccc1)-c1cccnc1)c1cc(ncc1)C)N,1,1,0,Exmol_based,Generated using exmol-based algorithm
C=C(N)c1cccc(C2([NH2+]CC(O)C(Cc3cc(F)cc(F)c3)NC(C)=O)CCCCC2)c1,1,Fc1cc(cc(F)c1)CC(NC(=O)C)C(O)C[NH2+]C1(CCCCC1)c1cc(ccc1)C(C)=C,1,1,0,Exmol_based,Generated using exmol-based algorithm
C=C(C)c1cccc(C2([NH2+]CC(Br)C(Cc3cc(F)cc(F)c3)NC(C)=O)CCCCC2)c1,1,Fc1cc(cc(F)c1)CC(NC(=O)C)C(O)C[NH2+]C1(CCCCC1)c1cc(ccc1)C(C)=C,1,1,0,Exmol_based,Generated using exmol-based algorithm
CC(=O)NC(Cc1cc(F)cc(F)c1)C(O)C[NH2+]C1(c2cccc3c2C=C3C)CCCCC1,1,Fc1cc(cc(F)c1)CC(NC(=O)C)C(O)C[NH2+]C1(CCCCC1)c1cc(ccc1)C(C)=C,1,1,0,Exmol_based,Generated using exmol-based algorithm
CN1C[C@@](c2ccc(OC(F)F)cc2)(c2ccc(F)c(OCCCCF)c2)N=C1N,1,Fc1ccc(cc1OCCCCF)[C@]1(N=C(N)N(C)C1=O)c1ccc(OC(F)F)cc1,1,1,0,Exmol_based,Generated using exmol-based algorithm
CN(C(=N)N)C(=O)[C](c1ccc(OC(F)F)cc1)c1ccc(F)c(OCCCCF)c1,1,Fc1ccc(cc1OCCCCF)[C@]1(N=C(N)N(C)C1=O)c1ccc(OC(F)F)cc1,1,1,0,Exmol_based,Generated using exmol-based algorithm
CN1C(=O)[C@@](c2ccc(OC(F)F)cc2)(c2ccc(F)c(OCC(N)CCF)c2)N=C1N,1,Fc1ccc(cc1OCCCCF)[C@]1(N=C(N)N(C)C1=O)c1ccc(OC(F)F)cc1,1,1,0,Exmol_based,Generated using exmol-based algorithm
CN1CC(c2cccc(-c3cncnc3)c2)(c2cnn(C)c2)N=C1N.O,1,O=C1N(C)C(=NC1(c1cc(ccc1)-c1cncnc1)c1cn(nc1)C)N,1,1,0,Exmol_based,Generated using exmol-based algorithm
CN1C=NC(c2cccc(-c3cncnc3)c2)(c2cnn(C)c2)C1=O.N,1,O=C1N(C)C(=NC1(c1cc(ccc1)-c1cncnc1)c1cn(nc1)C)N,1,1,0,Exmol_based,Generated using exmol-based algorithm
CNC(N)=NC(c1cccc(-c2cncnc2)c1)c1cnn(C)c1.O,1,O=C1N(C)C(=NC1(c1cc(ccc1)-c1cncnc1)c1cn(nc1)C)N,1,1,0,Exmol_based,Generated using exmol-based algorithm
COc1ccc(C2(c3cccc(-c4cncnc4)c3)N=C(N)NC2=NCC(F)F)cc1,1,FC1(F)CN2C(=NC1)C(N=C2N)(c1cc(ccc1)-c1cncnc1)c1ccc(OC)cc1,1,1,0,Exmol_based,Generated using exmol-based algorithm
C.NC1=NC(c2ccccc2)(c2cccc(-c3cncnc3)c2)C2=NCC(F)(F)CN12,1,FC1(F)CN2C(=NC1)C(N=C2N)(c1cc(ccc1)-c1cncnc1)c1ccc(OC)cc1,1,1,0,Exmol_based,Generated using exmol-based algorithm
COc1ccc(C2(c3cccc(-c4cncnc4)c3)N=C(NF)N3CC(F)(F)CN=C32)cc1,1,FC1(F)CN2C(=NC1)C(N=C2N)(c1cc(ccc1)-c1cncnc1)c1ccc(OC)cc1,1,1,0,Exmol_based,Generated using exmol-based algorithm
C=S1(=O)CC(Cc2cc(F)c(N)c(OCCOC)c2)C(O)C([NH2+]Cc2cccc(C(C)(C)C)c2)C1,1,S1(=O)(=O)CC(Cc2cc(OCCOC)c(N)c(F)c2)C(O)C([NH2+]Cc2cc(ccc2)C(C)(C)C)C1,1,1,0,Exmol_based,Generated using exmol-based algorithm
COCCOc1cc(CC2CS(=O)(=O)CC([NH2+]Cc3cccc(C(C)(C)C#P)c3)C2O)cc(F)c1N,1,S1(=O)(=O)CC(Cc2cc(OCCOC)c(N)c(F)c2)C(O)C([NH2+]Cc2cc(ccc2)C(C)(C)C)C1,1,1,0,Exmol_based,Generated using exmol-based algorithm
COCCOc1cc(CC2CS(=O)(=O)CC([NH2+]Cc3ccpc(C(C)(C)C)c3)C2O)cc(F)c1N,1,S1(=O)(=O)CC(Cc2cc(OCCOC)c(N)c(F)c2)C(O)C([NH2+]Cc2cc(ccc2)C(C)(C)C)C1,1,1,0,Exmol_based,Generated using exmol-based algorithm
CC(=O)NC(Cc1cc(F)cc(F)c1)C(O)C[NH2+]C1(c2cc(C(C)(C)C)cs2)CCCNC1,0,s1cc(cc1C1([NH2+]CC(O)C(NC(=O)C)Cc2cc(F)cc(F)c2)CCCCC1)C(C)(C)C,0,0,0,Exmol_based,Generated using exmol-based algorithm
CC(=O)NC(Cc1cc(F)cc(F)c1)C(O)C[NH2+]C1(c2cc(C(C)(C)CBr)cs2)CCCCC1,0,s1cc(cc1C1([NH2+]CC(O)C(NC(=O)C)Cc2cc(F)cc(F)c2)CCCCC1)C(C)(C)C,0,0,0,Exmol_based,Generated using exmol-based algorithm
CC(=O)NC(Cc1cc(F)cc(F)c1)C(O)C[NH2+]C1(c2cc(C(C)(C)C)cs2)CCCCO1,0,s1cc(cc1C1([NH2+]CC(O)C(NC(=O)C)Cc2cc(F)cc(F)c2)CCCCC1)C(C)(C)C,0,0,0,Exmol_based,Generated using exmol-based algorithm
CC(=O)Nc1c(Cl)cc(CNCNC(=O)Cn2ccc3cc(Br)ccc32)cc1Cl,0,Brc1cc2c(n(cc2)CC(=O)NC(=[NH2+])NCc2cc(Cl)c(NC(=O)C)c(Cl)c2)cc1,0,0,0,Exmol_based,Generated using exmol-based algorithm
CC(=O)Nc1ccc(CNC(=[NH2+])NC(=O)Cn2ccc3cc(Br)ccc32)cc1Cl.Cl,0,Brc1cc2c(n(cc2)CC(=O)NC(=[NH2+])NCc2cc(Cl)c(NC(=O)C)c(Cl)c2)cc1,0,0,0,Exmol_based,Generated using exmol-based algorithm
CC(=O)Nc1c(Cl)cc(CNC(=[NH2+])NC(=O)Cn2cnc3cc(Br)ccc32)cc1Cl,0,Brc1cc2c(n(cc2)CC(=O)NC(=[NH2+])NCc2cc(Cl)c(NC(=O)C)c(Cl)c2)cc1,0,0,0,Exmol_based,Generated using exmol-based algorithm
COc1ccc2c(c1)C1(COC=N1)c1cc(-c3cncnc3)ccc1O2,0,O1CC2(N=C1N)c1cc(ccc1Oc1c2cc(OC)cc1)-c1cncnc1,0,0,0,Exmol_based,Generated using exmol-based algorithm
COc1ccc2c(c1)C1(COC(N)=N1)c1cc(-c3cncnc3)ccc1O2,0,O1CC2(N=C1N)c1cc(ccc1Oc1c2cc(OC)cc1)-c1cncnc1,0,0,0,Exmol_based,Generated using exmol-based algorithm
COc1ccc2c(c1)C1(COC(N)=N1)c1cc(-c3cncnc3)ccc1O2,0,O1CC2(N=C1N)c1cc(ccc1Oc1c2cc(OC)cc1)-c1cncnc1,0,0,0,Exmol_based,Generated using exmol-based algorithm
FC1(F)CN=C2N(C1)C(N=S)=NC2(c1ccncc1)c1cccc(-c2cncnc2)c1,0,FC1(F)CN2C(=NC1)C(N=C2N)(c1cc(ccc1)-c1cncnc1)c1ccncc1,0,0,0,Exmol_based,Generated using exmol-based algorithm
NC1=PC(c2ccncc2)(c2cccc(-c3cncnc3)c2)C2=NCC(F)(F)CN21,0,FC1(F)CN2C(=NC1)C(N=C2N)(c1cc(ccc1)-c1cncnc1)c1ccncc1,0,0,0,Exmol_based,Generated using exmol-based algorithm
N.NC(C1=NCC(F)(F)CN1)(c1ccncc1)c1cccc(-c2cncnc2)c1,0,FC1(F)CN2C(=NC1)C(N=C2N)(c1cc(ccc1)-c1cncnc1)c1ccncc1,0,0,0,Exmol_based,Generated using exmol-based algorithm
CC(F)(F)C(C)(N=C(N)O)c1cc(NC(=O)c2ccc(OCC(F)(F)F)cn2)ccc1F,0,FC1(F)COC(=NC1(C)c1cc(NC(=O)c2ncc(OCC(F)(F)F)cc2)ccc1F)N,0,0,0,Exmol_based,Generated using exmol-based algorithm
CC(N=C(N)O)(c1cc(NC(=O)c2ccc(OCC(F)(F)F)cn2)ccc1F)C(F)F,0,FC1(F)COC(=NC1(C)c1cc(NC(=O)c2ncc(OCC(F)(F)F)cc2)ccc1F)N,0,0,0,Exmol_based,Generated using exmol-based algorithm
CC1(c2cc(NC(=O)c3ccc(OCC(F)F)cn3)ccc2F)N=C(N)OCC1(F)F.F,0,FC1(F)COC(=NC1(C)c1cc(NC(=O)c2ncc(OCC(F)(F)F)cc2)ccc1F)N,0,0,0,Exmol_based,Generated using exmol-based algorithm
CCNc1cc(C(=O)NCCc2ccccc2)cc(N2CCCC2=O)c1OC.C[NH2+]Cc1cccc(C(F)(F)F)c1.O,0,FC(F)(F)c1cc(ccc1)C[NH2+]CC(O)C(NC(=O)c1cc(N2CCCC2=O)c(OC)c(NCC)c1)Cc1ccccc1,0,0,0,Exmol_based,Generated using exmol-based algorithm
CCNc1cc(C(=O)NC(Cc2ccccc2)C(O)C[NH2+]C(S)c2cccc(C(F)(F)F)c2)cc(N2CCCC2=O)c1OC,0,FC(F)(F)c1cc(ccc1)C[NH2+]CC(O)C(NC(=O)c1cc(N2CCCC2=O)c(OC)c(NCC)c1)Cc1ccccc1,0,0,0,Exmol_based,Generated using exmol-based algorithm
CCNc1cc(C(=O)NC(Cc2ccccc2)C(O)C[NH2+]Cc2cccc(C(F)(F)F)c2)cc(N2C(=O)CCC2=P)c1OC,0,FC(F)(F)c1cc(ccc1)C[NH2+]CC(O)C(NC(=O)c1cc(N2CCCC2=O)c(OC)c(NCC)c1)Cc1ccccc1,0,0,0,Exmol_based,Generated using exmol-based algorithm
CCCCCOc1ccc(-c2ccc(-c3ccccc3Cl)n2Cc2ccc(OCCO)cn2)cc1,0,Clc1ccccc1-c1n(Cc2nc(N)c(OCCO)cc2)c(cc1)-c1ccc(OCCCCC)cc1,0,0,0,Exmol_based,Generated using exmol-based algorithm
CCCCCOc1ccc(-c2ccc(-c3ccccc3Cl)n2Cc2ccc(OCCO)c(N)n2)cc1,0,Clc1ccccc1-c1n(Cc2nc(N)c(OCCO)cc2)c(cc1)-c1ccc(OCCCCC)cc1,0,0,0,Exmol_based,Generated using exmol-based algorithm
CCCCCOc1ccc(-c2ccc(-c3ccccc3Cl)n2Cc2ccc(O)c(N)n2)cc1.CCO,0,Clc1ccccc1-c1n(Cc2nc(N)c(OCCO)cc2)c(cc1)-c1ccc(OCCCCC)cc1,0,0,0,Exmol_based,Generated using exmol-based algorithm
CC(=O)NC(Cc1cccc(F)c1)C(O)C[NH2+]C1(c2cccc(-c3cscn3)c2)CCCCC1.F,0,s1cc(nc1)-c1cc(ccc1)C1([NH2+]CC(O)C(NC(=O)C)Cc2cc(F)cc(F)c2)CCCCC1,0,0,0,Exmol_based,Generated using exmol-based algorithm
C.NC(Cc1cc(F)cc(F)c1)C(O)C[NH2+]C1(c2cccc(-c3cscn3)c2)CCCCC1.O,0,s1cc(nc1)-c1cc(ccc1)C1([NH2+]CC(O)C(NC(=O)C)Cc2cc(F)cc(F)c2)CCCCC1,0,0,0,Exmol_based,Generated using exmol-based algorithm
O=C(Br)NC(Cc1cc(F)cc(F)c1)C(O)C[NH2+]C1(c2cccc(-c3cscn3)c2)CCCCC1,0,s1cc(nc1)-c1cc(ccc1)C1([NH2+]CC(O)C(NC(=O)C)Cc2cc(F)cc(F)c2)CCCCC1,0,0,0,Exmol_based,Generated using exmol-based algorithm
CC(=O)N[CH][C@H](O)C[NH2+]C1(c2cccc(-n3cccn3)c2)CCOCC1.Cc1cc(F)cc(F)c1,0,Fc1cc(cc(F)c1)C[C@H](NC(=O)C)[C@H](O)C[NH2+]C1(CCOCC1)c1cc(-n2nccc2)ccc1,0,0,0,Exmol_based,Generated using exmol-based algorithm
CC(=O)N[C@@H](Cc1cc(F)cc(F)c1)[C@@H](C)O.[NH2+]C1(c2cccc(-n3cccn3)c2)CCOCC1,0,Fc1cc(cc(F)c1)C[C@H](NC(=O)C)[C@H](O)C[NH2+]C1(CCOCC1)c1cc(-n2nccc2)ccc1,0,0,0,Exmol_based,Generated using exmol-based algorithm
CCC(CC)([NH2+]C[C@@H](O)[C@H](Cc1cc(F)cc(F)c1)NC(C)=O)c1cccc(-n2cccn2)c1,0,Fc1cc(cc(F)c1)C[C@H](NC(=O)C)[C@H](O)C[NH2+]C1(CCOCC1)c1cc(-n2nccc2)ccc1,0,0,0,Exmol_based,Generated using exmol-based algorithm
CC(C)Cc1cccc([C@@]2(c3ccc(OC(F)F)cc3)N=C(N)N(C)C2=O)c1,0,FC(F)Oc1ccc(cc1)[C@@]1(N=C(N)N(C)C1=O)c1cc(ccc1)C[C@@H](CC)C,0,0,0,Exmol_based,Generated using exmol-based algorithm
CC[C@@H](C)Cc1cccc([C@@]2(c3ccc(OC(F)F)cc3)N=C(N)N(C)C2=O)n1,0,FC(F)Oc1ccc(cc1)[C@@]1(N=C(N)N(C)C1=O)c1cc(ccc1)C[C@@H](CC)C,0,0,0,Exmol_based,Generated using exmol-based algorithm
CC(=O)[C@@H](C)Cc1cccc([C@@]2(c3ccc(OC(F)F)cc3)N=C(N)N(C)C2=O)c1,0,FC(F)Oc1ccc(cc1)[C@@]1(N=C(N)N(C)C1=O)c1cc(ccc1)C[C@@H](CC)C,0,0,0,Exmol_based,Generated using exmol-based algorithm
C=CCO/N=C(/C)c1cc(NCCCC)cc(C(=O)N[C@@H](Cc2cc(F)cc(F)c2)[C@@H](O)C[NH2+]Cc2cccc(OC)c2)c1.O.O,0,S1(=O)(=O)N(CCCC1)c1cc(cc(c1)/C(=N\OCC=C)/C)C(=O)N[C@H]([C@@H](O)C[NH2+]Cc1cc(OC)ccc1)Cc1cc(F)cc(F)c1,0,0,0,Exmol_based,Generated using exmol-based algorithm
C.CO/N=C(/C)c1cc(C(=O)N[C@@H](Cc2cc(F)cc(F)c2)[C@@H](O)C[NH2+]Cc2cccc(OC)c2)cc(N2CCCCS2(=O)=O)c1,0,S1(=O)(=O)N(CCCC1)c1cc(cc(c1)/C(=N\OCC=C)/C)C(=O)N[C@H]([C@@H](O)C[NH2+]Cc1cc(OC)ccc1)Cc1cc(F)cc(F)c1,0,0,0,Exmol_based,Generated using exmol-based algorithm
C=CCO/N=C(/C)c1cc(C(=O)N[C@@H](Cc2cc(F)cc(F)c2)[C@@H](O)C[NH2+]Cc2cccc(OC)c2)cc(N(CC)S(C)(=O)=O)c1,0,S1(=O)(=O)N(CCCC1)c1cc(cc(c1)/C(=N\OCC=C)/C)C(=O)N[C@H]([C@@H](O)C[NH2+]Cc1cc(OC)ccc1)Cc1cc(F)cc(F)c1,0,0,0,Exmol_based,Generated using exmol-based algorithm
C.CC1CC2(N=C(N)N(C)C2=O)c2cc(-c3cccnc3)ccc2O1,0,O1c2c(cc(cc2)-c2cccnc2)C2(N=C(N)N(C)C2=O)CC1(C)C,0,0,0,Exmol_based,Generated using exmol-based algorithm
CN1C(=O)C2(C=CC(c3cccnc3)=CC=COC(C)(C)C2)N=C1N,0,O1c2c(cc(cc2)-c2cccnc2)C2(N=C(N)N(C)C2=O)CC1(C)C,0,0,0,Exmol_based,Generated using exmol-based algorithm
C.C.CN1C(=O)C(C)(c2cc(-c3cccnc3)ccc2O)N=C1N,0,O1c2c(cc(cc2)-c2cccnc2)C2(N=C(N)N(C)C2=O)CC1(C)C,0,0,0,Exmol_based,Generated using exmol-based algorithm
CCNc1cc(C(=O)NC(Cc2ccccc2)C(O)C[NH2+]C2CP2)cc(N2CCCCS2(=O)=O)c1,0,S1(=O)(=O)N(CCCC1)c1cc(cc(NCC)c1)C(=O)NC(Cc1ccccc1)C(O)C[NH2+]C1CC1,0,0,0,Exmol_based,Generated using exmol-based algorithm
CCNc1cc(C(=O)NC(Cc2ccccc2)C(O)C[NH2+]CC)cc(N2CCCCS2(=O)=O)c1,0,S1(=O)(=O)N(CCCC1)c1cc(cc(NCC)c1)C(=O)NC(Cc1ccccc1)C(O)C[NH2+]C1CC1,0,0,0,Exmol_based,Generated using exmol-based algorithm
CCNc1cc(C(=O)NC(Cc2ccccc2)C(O)C[NH2+]C2CC2)cc(N2CCCCS2=O)c1,0,S1(=O)(=O)N(CCCC1)c1cc(cc(NCC)c1)C(=O)NC(Cc1ccccc1)C(O)C[NH2+]C1CC1,0,0,0,Exmol_based,Generated using exmol-based algorithm
CC(=O)NC(Cc1cc(F)cc(F)c1)C(O)(Cl)C[NH2+]C1(c2cccc(C(C)(C)C)c2)CCC(=O)CC1,0,Fc1cc(cc(F)c1)CC(NC(=O)C)C(O)C[NH2+]C1(CCC(=O)CC1)c1cc(ccc1)C(C)(C)C,0,0,0,Exmol_based,Generated using exmol-based algorithm
CCC(CCC=O)([NH2+]CC(O)C(Cc1cc(F)cc(F)c1)NC(C)=O)c1cccc(C(C)(C)C)c1,0,Fc1cc(cc(F)c1)CC(NC(=O)C)C(O)C[NH2+]C1(CCC(=O)CC1)c1cc(ccc1)C(C)(C)C,0,0,0,Exmol_based,Generated using exmol-based algorithm
CCC(CC)([NH2+]CC(O)C(Cc1cc(F)cc(F)c1)NC(C)=O)c1cccc(C(C)(C)C)c1.O,0,Fc1cc(cc(F)c1)CC(NC(=O)C)C(O)C[NH2+]C1(CCC(=O)CC1)c1cc(ccc1)C(C)(C)C,0,0,0,Exmol_based,Generated using exmol-based algorithm
CCC(C)c1cc(C2(c3cccc(-c4cccnc4)c3)N=C(N)N(C)C2=O)ccc1OC,0,O(C)c1ccc(cc1C1CCCC1)C1(N=C(N)N(C)C1=O)c1cc(ccc1)-c1cccnc1,0,0,0,Exmol_based,Generated using exmol-based algorithm
CN1C(=O)C(c2cccc(-c3cccnc3)c2)N=C1N.COc1ccccc1C1CCCC1,0,O(C)c1ccc(cc1C1CCCC1)C1(N=C(N)N(C)C1=O)c1cc(ccc1)-c1cccnc1,0,0,0,Exmol_based,Generated using exmol-based algorithm
CCc1ccc(C2(c3cccc(-c4cccnc4)c3)N=C(N)N(C)C2=O)cc1C1CCCC1,0,O(C)c1ccc(cc1C1CCCC1)C1(N=C(N)N(C)C1=O)c1cc(ccc1)-c1cccnc1,0,0,0,Exmol_based,Generated using exmol-based algorithm
CN1C(=O)C(c2cccc(-c3cnccp3)c2)(c2ccc3c(c2)CCO3)N=C1N,0,O1CCc2cc(ccc12)C1(N=C(N)N(C)C1=O)c1cc(ccc1)-c1cccnc1,0,0,0,Exmol_based,Generated using exmol-based algorithm
CN1C(=O)C(C2=CC=COCCC=C2)(c2cccc(-c3cccnc3)c2)N=C1N,0,O1CCc2cc(ccc12)C1(N=C(N)N(C)C1=O)c1cc(ccc1)-c1cccnc1,0,0,0,Exmol_based,Generated using exmol-based algorithm
CN(C=O)C(=N)N.c1ccc(-c2cccnc2)cc1.c1ccc2c(c1)CCO2,0,O1CCc2cc(ccc12)C1(N=C(N)N(C)C1=O)c1cc(ccc1)-c1cccnc1,0,0,0,Exmol_based,Generated using exmol-based algorithm
CCCCNC(=O)C(C)CC(O)C(CC(C)C=N)NC(=O)C(C)NC(=O)C(CC(C)C)NC(C)=O,0,OC(C(NC(=O)C(NC(=O)C(NC(=O)C)CC(C)C)C)CC(C)C)CC(C(=O)NCCCC)C,0,0,0,Exmol_based,Generated using exmol-based algorithm
CCCCNC(=O)C(C)CC(O)C(CC(C)C)NC(=O)C(C)NC(=O)C(CC(C)C)NC=O,0,OC(C(NC(=O)C(NC(=O)C(NC(=O)C)CC(C)C)C)CC(C)C)CC(C(=O)NCCCC)C,0,0,0,Exmol_based,Generated using exmol-based algorithm
CCCCNC(=O)C(C)CC(O)C(CC(C)C)NCC(C)NC(=O)C(CC(C)C)NC(C)=O,0,OC(C(NC(=O)C(NC(=O)C(NC(=O)C)CC(C)C)C)CC(C)C)CC(C(=O)NCCCC)C,0,0,0,Exmol_based,Generated using exmol-based algorithm
O=C1Cc2c(F)cc(F)cc2CC(C(O)C[NH2+]C2(c3cccc(-c4ccoc4)c3)CCCCC2)N1,0,Fc1cc(cc(F)c1)CC(NC(=O)C)C(O)C[NH2+]C1(CCCCC1)c1cc(ccc1)-c1ccoc1,0,0,0,Exmol_based,Generated using exmol-based algorithm
CC(=O)NC(Cc1cccc(F)c1)C(O)C[NH2+]C1(c2cccc(-c3ccoc3)c2)CCCCC1,0,Fc1cc(cc(F)c1)CC(NC(=O)C)C(O)C[NH2+]C1(CCCCC1)c1cc(ccc1)-c1ccoc1,0,0,0,Exmol_based,Generated using exmol-based algorithm
CC(=O)NC(Cc1cc(F)cc(F)c1)C(C[NH2+]C1(c2cccc(-c3ccoc3)c2)CCCCC1)OS,0,Fc1cc(cc(F)c1)CC(NC(=O)C)C(O)C[NH2+]C1(CCCCC1)c1cc(ccc1)-c1ccoc1,0,0,0,Exmol_based,Generated using exmol-based algorithm
CN1C(=O)[C@@](c2ccc(OC(F)F)cc2)(c2ccc(F)c(OCC(F)F)c2)N=C1N,0,Fc1ccc(cc1OCCF)[C@]1(N=C(N)N(C)C1=O)c1ccc(OC(F)F)cc1,0,0,0,Exmol_based,Generated using exmol-based algorithm
CN1C(=O)[C@@](c2ccc(OC(F)F)cc2)(c2ccc(F)c(OCCF)c2)[N+]([O-])=C1N,0,Fc1ccc(cc1OCCF)[C@]1(N=C(N)N(C)C1=O)c1ccc(OC(F)F)cc1,0,0,0,Exmol_based,Generated using exmol-based algorithm
CC(F)Oc1ccc([C@]2(c3ccc(F)c(OCCF)c3)N=C(N)N(C)C2=O)cc1,0,Fc1ccc(cc1OCCF)[C@]1(N=C(N)N(C)C1=O)c1ccc(OC(F)F)cc1,0,0,0,Exmol_based,Generated using exmol-based algorithm
CCCCN(C)C(=O)n1cc(C(=O)NC(Cc2cc(F)cc(F)c2)C(O)C[NH2+]Cc2cc(OC)ccc2Cl)c2ccc(C#N)cc21,0,Fc1cc(cc(F)c1)CC(NC(=O)c1c2c(n(c1)C(=O)N(CCCC)C)cc(cc2)C#N)C(O)C[NH2+]Cc1cc(OC)ccc1,0,0,0,Exmol_based,Generated using exmol-based algorithm
CCCCN(C)C(=O)n1cc(C(=O)NC(Cc2cc(F)cc(F)c2)C(O)C[NH2+]Cc2cccc(OC)c2)c2ccc(C#N)cc21,0,Fc1cc(cc(F)c1)CC(NC(=O)c1c2c(n(c1)C(=O)N(CCCC)C)cc(cc2)C#N)C(O)C[NH2+]Cc1cc(OC)ccc1,0,0,0,Exmol_based,Generated using exmol-based algorithm
CCCCN(C)C(=O)n1cc(C(=O)NC(Cc2cc(F)cc(F)c2)C(O)C[NH2+]Cc2cccc(OC)c2)c2ccc(C#N)cc21,0,Fc1cc(cc(F)c1)CC(NC(=O)c1c2c(n(c1)C(=O)N(CCCC)C)cc(cc2)C#N)C(O)C[NH2+]Cc1cc(OC)ccc1,0,0,0,Exmol_based,Generated using exmol-based algorithm
CN1C(=O)C(c2ccc(F)c(-c3cncnc3)c2)(c2cnn(C)c2)N=C1N.FC(F)F,0,Fc1ccc(cc1-c1cncnc1)C1(N=C(N)N(C)C1=O)c1cn(nc1)CC(F)(F)F,0,0,0,Exmol_based,Generated using exmol-based algorithm
CN1C(=O)C(c2ccc(F)c(-c3cncnc3)c2)(c2cnn(CC(F)(F)F)c2)N=C1N,0,Fc1ccc(cc1-c1cncnc1)C1(N=C(N)N(C)C1=O)c1cn(nc1)CC(F)(F)F,0,0,0,Exmol_based,Generated using exmol-based algorithm
CN1C(=O)C(c2ccc(F)c(-c3cncnc3)c2)N=C1N.FC(F)(F)Cn1cccn1,0,Fc1ccc(cc1-c1cncnc1)C1(N=C(N)N(C)C1=O)c1cn(nc1)CC(F)(F)F,0,0,0,Exmol_based,Generated using exmol-based algorithm
CC(C)(C)c1cccc(C[NH2+]CCS(=O)(=O)CC(CO)Cc2ccc3[nH]cc(CC(F)(F)F)c3c2)c1,0,S1(=O)(=O)CC(Cc2cc3c([nH]cc3CC(F)(F)F)cc2)C(O)C([NH2+]Cc2cc(ccc2)C(C)(C)C)C1,0,0,0,Exmol_based,Generated using exmol-based algorithm
CC(C)(C)c1cccc(C[NH2+]C2CS(=O)(=O)CC(Cc3ccc[nH]cc(CC(F)(F)F)cc3)C2O)c1,0,S1(=O)(=O)CC(Cc2cc3c([nH]cc3CC(F)(F)F)cc2)C(O)C([NH2+]Cc2cc(ccc2)C(C)(C)C)C1,0,0,0,Exmol_based,Generated using exmol-based algorithm
CC(C)(C)c1cccc(C[NH2+]C2CC(Cc3ccc4[nH]cc(CC(F)(F)F)c4c3)CS(=O)(=O)C2)c1,0,S1(=O)(=O)CC(Cc2cc3c([nH]cc3CC(F)(F)F)cc2)C(O)C([NH2+]Cc2cc(ccc2)C(C)(C)C)C1,0,0,0,Exmol_based,Generated using exmol-based algorithm
CC(C)(C)c1cccc(C[NH2+]C2CS(=O)(=O)CC(Cc3cc(O)c(P)c(F)c3)C2O)c1,0,S1(=O)(=O)CC(Cc2cc(O)c(N)c(F)c2)C(O)C([NH2+]Cc2cc(ccc2)C(C)(C)C)C1,0,0,0,Exmol_based,Generated using exmol-based algorithm
CC(Cc1cc(O)c(N)c(F)c1)C(O)C(C[SH](=O)=O)[NH2+]Cc1cccc(C(C)(C)C)c1,0,S1(=O)(=O)CC(Cc2cc(O)c(N)c(F)c2)C(O)C([NH2+]Cc2cc(ccc2)C(C)(C)C)C1,0,0,0,Exmol_based,Generated using exmol-based algorithm
CC(Cc1cc(O)c(N)c(F)c1)C(O)C(C)[NH2+]Cc1cccc(C(C)(C)C)c1.O.O,0,S1(=O)(=O)CC(Cc2cc(O)c(N)c(F)c2)C(O)C([NH2+]Cc2cc(ccc2)C(C)(C)C)C1,0,0,0,Exmol_based,Generated using exmol-based algorithm
CC1(c2cc(NC(=O)c3ccc(Cl)cn3)ccc2F)N=C(N)c2ccccc2O1,0,Clc1ccc(nc1)C(=O)Nc1cc(C2(Oc3c(cccc3)C(=N2)N)C)c(F)cc1,0,0,0,Exmol_based,Generated using exmol-based algorithm
NC1=NC(CF)(c2cc(NC(=O)c3ccc(Cl)cn3)ccc2F)Oc2ccccc21,0,Clc1ccc(nc1)C(=O)Nc1cc(C2(Oc3c(cccc3)C(=N2)N)C)c(F)cc1,0,0,0,Exmol_based,Generated using exmol-based algorithm
CC(N)(Oc1ccccc1CN)c1cc(NC(=O)c2ccc(Cl)cn2)ccc1F,0,Clc1ccc(nc1)C(=O)Nc1cc(C2(Oc3c(cccc3)C(=N2)N)C)c(F)cc1,0,0,0,Exmol_based,Generated using exmol-based algorithm
CCCN(CCC)C(=O)c1cc2cc(c1)C([NH3+])Cc1c(cccc1OC)C[NH2+]CC(O)C(Cc1cc(F)cc(F)c1)NC2=O,0,Fc1cc(cc(F)c1)CC(NC(=O)c1cc(cc(c1)C(=O)N(CCC)CCC)C([NH3+])C)C(O)C[NH2+]Cc1cc(OC)ccc1,0,0,0,Exmol_based,Generated using exmol-based algorithm
CCCN(CCC)C(=O)c1cc(C(=O)NC(Cc2cc(F)cc(F)c2)C(O)C[NH2+]Cc2cccc(OC)c2)cc(C(C)[NH3+])c1,0,Fc1cc(cc(F)c1)CC(NC(=O)c1cc(cc(c1)C(=O)N(CCC)CCC)C([NH3+])C)C(O)C[NH2+]Cc1cc(OC)ccc1,0,0,0,Exmol_based,Generated using exmol-based algorithm
CCCN(C(=O)c1cc(C(=O)NC(Cc2cc(F)cc(F)c2)C(O)C[NH2+]Cc2cccc(OC)c2)cc(C(C)[NH3+])c1)C(N)CC,0,Fc1cc(cc(F)c1)CC(NC(=O)c1cc(cc(c1)C(=O)N(CCC)CCC)C([NH3+])C)C(O)C[NH2+]Cc1cc(OC)ccc1,0,0,0,Exmol_based,Generated using exmol-based algorithm
CNc1cc(C(C)=O)cc(C(=O)N[C@@H](Cc2cc(F)cc(F)c2)[C@@H](O)C[NH2+]Cc2cccc(OC)c2)c1.C[SH](=O)=O,0,S(=O)(=O)(N(C)c1cc(cc(c1)C(=O)N[C@H]([C@@H](O)C[NH2+]Cc1cc(OC)ccc1)Cc1cc(F)cc(F)c1)C(=O)C)C,0,0,0,Exmol_based,Generated using exmol-based algorithm
CCc1cc(C(=O)N[C@@H](Cc2cc(F)cc(F)c2)[C@@H](O)C[NH2+]Cc2cccc(OC)c2)cc(N(C)S(C)(=O)=O)c1.O,0,S(=O)(=O)(N(C)c1cc(cc(c1)C(=O)N[C@H]([C@@H](O)C[NH2+]Cc1cc(OC)ccc1)Cc1cc(F)cc(F)c1)C(=O)C)C,0,0,0,Exmol_based,Generated using exmol-based algorithm
COc1cccc(C[NH2+]C[C@H](O)[C@H](Cc2cccc(F)c2)NC(=O)c2cc(C(C)=O)cc(N(C)S(C)(=O)=O)c2)c1,0,S(=O)(=O)(N(C)c1cc(cc(c1)C(=O)N[C@H]([C@@H](O)C[NH2+]Cc1cc(OC)ccc1)Cc1cc(F)cc(F)c1)C(=O)C)C,0,0,0,Exmol_based,Generated using exmol-based algorithm
N[PH]1=NC(c2ccncc2)(c2cccc(-c3cncnc3)c2)c2cccc(F)c21,0,Fc1c2c(ccc1)C(N=C2N)(c1cc(ccc1)-c1cncnc1)c1ccncc1,0,0,0,Exmol_based,Generated using exmol-based algorithm
N.NC(c1ccncc1)(c1cccc(F)c1)c1cccc(-c2cncnc2)c1,0,Fc1c2c(ccc1)C(N=C2N)(c1cc(ccc1)-c1cncnc1)c1ccncc1,0,0,0,Exmol_based,Generated using exmol-based algorithm
F.NC1=NC(c2ccncc2)(c2cccc(-c3cncnc3)c2)c2ccccc21,0,Fc1c2c(ccc1)C(N=C2N)(c1cc(ccc1)-c1cncnc1)c1ccncc1,0,0,0,Exmol_based,Generated using exmol-based algorithm
COc1ccccc1N(c1cccc(C(=O)NC(Cc2cccc(S)c2)C(O)C[NH2+]C(C)C(=O)NC2CCCCC2)c1)S(C)(=O)=O,0,S(=O)(=O)(N(c1ccccc1OC)c1cc(ccc1)C(=O)NC(Cc1ccccc1)C(O)C[NH2+]C(C(=O)NC1CCCCC1)C)C,0,0,0,Exmol_based,Generated using exmol-based algorithm
COc1ccccc1N(c1cc2ccc1N(C1CCCCC1)C(=O)C(C)[NH2+]CC(O)C(Cc1ccccc1)NC2=O)S(C)(=O)=O,0,S(=O)(=O)(N(c1ccccc1OC)c1cc(ccc1)C(=O)NC(Cc1ccccc1)C(O)C[NH2+]C(C(=O)NC1CCCCC1)C)C,0,0,0,Exmol_based,Generated using exmol-based algorithm
CCC(=O)NC1CCCCC1.COc1ccccc1N(c1cccc(C(=O)NC(Cc2ccccc2)C(O)C[NH2+])c1)S(C)(=O)=O,0,S(=O)(=O)(N(c1ccccc1OC)c1cc(ccc1)C(=O)NC(Cc1ccccc1)C(O)C[NH2+]C(C(=O)NC1CCCCC1)C)C,0,0,0,Exmol_based,Generated using exmol-based algorithm
CC#Cc1ccnc(-c2cc(C(N=C(C)CN)C3CC3)ccc2O)c1,0,Oc1ccc(cc1-c1nccc(c1)C#CC)C1(N=C(C)C(=N1)N)C1CC1,0,0,0,Exmol_based,Generated using exmol-based algorithm
CC#Cc1ccnc(-c2cc(C3(C4CC4)N=CC(N)=N3)ccc2O)c1,0,Oc1ccc(cc1-c1nccc(c1)C#CC)C1(N=C(C)C(=N1)N)C1CC1,0,0,0,Exmol_based,Generated using exmol-based algorithm
CC#Cc1ccnc(-c2cc(C3(C4CC4)N=CC(N)=N3)ccc2O)c1,0,Oc1ccc(cc1-c1nccc(c1)C#CC)C1(N=C(C)C(=N1)N)C1CC1,0,0,0,Exmol_based,Generated using exmol-based algorithm
CN1C(=O)C2(CC(C)(C)Oc3ccc(-c4cccnc4F)cc32)N=C1N,0,Fc1ncccc1-c1cc2c(OC(CC23N=C(N)N(C)C3=O)(C)C)cc1,0,0,0,Exmol_based,Generated using exmol-based algorithm
CN1C(=O)C2(CC(C)(C)Oc3cc(Br)c(-c4cccnc4F)cc32)N=C1N,0,Fc1ncccc1-c1cc2c(OC(CC23N=C(N)N(C)C3=O)(C)C)cc1,0,0,0,Exmol_based,Generated using exmol-based algorithm
CN1C(=O)C2(CC(C)(CBr)Oc3ccc(-c4cccnc4F)cc32)N=C1N,0,Fc1ncccc1-c1cc2c(OC(CC23N=C(N)N(C)C3=O)(C)C)cc1,0,0,0,Exmol_based,Generated using exmol-based algorithm
[NH+][C@](C1=NCCCCCN1CN)(c1ccc(OC(F)(F)F)cc1)c1cccc(-c2cccnc2F)c1,0,Fc1ncccc1-c1cc(ccc1)[C@]1([NH+]=C(N2C1=NCCCCC2)N)c1ccc(OC(F)(F)F)cc1,0,0,0,Exmol_based,Generated using exmol-based algorithm
NC=[NH+][C@](C1=NCCCCCN1)(c1ccc(OC(F)(F)F)cc1)c1cccc(-c2cccnc2F)c1,0,Fc1ncccc1-c1cc(ccc1)[C@]1([NH+]=C(N2C1=NCCCCC2)N)c1ccc(OC(F)(F)F)cc1,0,0,0,Exmol_based,Generated using exmol-based algorithm
NC1=[NH+][C@](c2ccc(OC(F)(F)F)cc2)(c2cccc(-c3ccc(S)nc3F)c2)C2=NCCCCCN21,0,Fc1ncccc1-c1cc(ccc1)[C@]1([NH+]=C(N2C1=NCCCCC2)N)c1ccc(OC(F)(F)F)cc1,0,0,0,Exmol_based,Generated using exmol-based algorithm
CNC(=O)C(N)(c1ccc(OC)c(C)c1)c1ccc(C)c(-c2cccnc2)c1.N,0,O(C)c1ccc(cc1C)C1(N=C(N)N(C)C1=O)c1cc(-c2cccnc2)c(cc1)C,0,0,0,Exmol_based,Generated using exmol-based algorithm
C.Cc1cccc(C2(c3ccc(C)c(-c4cccnc4)c3)N=C(N)N(C)C2=O)c1,0,O(C)c1ccc(cc1C)C1(N=C(N)N(C)C1=O)c1cc(-c2cccnc2)c(cc1)C,0,0,0,Exmol_based,Generated using exmol-based algorithm
COc1ccc(C2(c3ccc(C)c(-c4cccnc4)c3)N=C(N)N(C)C2=O)cc1C,0,O(C)c1ccc(cc1C)C1(N=C(N)N(C)C1=O)c1cc(-c2cccnc2)c(cc1)C,0,0,0,Exmol_based,Generated using exmol-based algorithm
Cc1cccc(-c2cccc(C3(c4ccncc4)N=C(N)N(C)C3=O)c2)c1,0,O=C1N(C)C(=NC1(c1cc(ccc1)-c1ccccc1)c1ccncc1)N,0,0,0,Exmol_based,Generated using exmol-based algorithm
CN(C=O)C(N)=NC(c1ccncc1)c1cccc(-c2ccccc2)c1,0,O=C1N(C)C(=NC1(c1cc(ccc1)-c1ccccc1)c1ccncc1)N,0,0,0,Exmol_based,Generated using exmol-based algorithm
C[SH]1C(=O)C(c2ccncc2)(c2cccc(-c3ccccc3)c2)N=C1N,0,O=C1N(C)C(=NC1(c1cc(ccc1)-c1ccccc1)c1ccncc1)N,0,0,0,Exmol_based,Generated using exmol-based algorithm
CCC(C)(S)c1cccc(C2([NH2+]CC(O)C(Cc3cc(F)cc(F)c3)NC(C)=O)CCCCC2)c1,0,Fc1cc(cc(F)c1)CC(NC(=O)C)C(O)C[NH2+]C1(CCCCC1)c1cc(ccc1)C(CC)(C)C,0,0,0,Exmol_based,Generated using exmol-based algorithm
CCC(C)(C)c1cccc(C2([NH2+]CC(O)C(Cc3cc(F)cc(F)c3)NC(C)=O)CCCCC2)c1,0,Fc1cc(cc(F)c1)CC(NC(=O)C)C(O)C[NH2+]C1(CCCCC1)c1cc(ccc1)C(CC)(C)C,0,0,0,Exmol_based,Generated using exmol-based algorithm
CC(=O)NCCc1cc(F)cc(F)c1.CCC(C)(C)c1cccc(C2([NH2+]CCO)CCCCC2)c1,0,Fc1cc(cc(F)c1)CC(NC(=O)C)C(O)C[NH2+]C1(CCCCC1)c1cc(ccc1)C(CC)(C)C,0,0,0,Exmol_based,Generated using exmol-based algorithm
CC(C)c1cccc(C[NH2+]C2CS(=O)(=O)CC(Cc3ccc(N)c(OC(F)(F)F)c3)C2O)c1,0,S1(=O)(=O)CC(Cc2cc(OC(F)(F)F)c(N)cc2)C(O)C([NH2+]Cc2cc(ccc2)C(C)(C)C)C1,0,0,0,Exmol_based,Generated using exmol-based algorithm
CC(C)(C)c1cccc(C[NH2+]C2CS(=O)(=O)CC3(Cc4cc(OC(F)(F)F)c(N)cc43)C2O)c1,0,S1(=O)(=O)CC(Cc2cc(OC(F)(F)F)c(N)cc2)C(O)C([NH2+]Cc2cc(ccc2)C(C)(C)C)C1,0,0,0,Exmol_based,Generated using exmol-based algorithm
CC(C)(C)c1cccc(C[NH2+]C2CS(=O)(=O)CC(Cc3ccc(N)c(OC(F)F)c3)C2O)c1.F,0,S1(=O)(=O)CC(Cc2cc(OC(F)(F)F)c(N)cc2)C(O)C([NH2+]Cc2cc(ccc2)C(C)(C)C)C1,0,0,0,Exmol_based,Generated using exmol-based algorithm
CCCc1cc(PC2CS(=O)(=O)CC([NH2+]Cc3cccc(C(C)(C)C)c3)C2O)cc(F)c1N,0,S1(=O)(=O)CC(Cc2cc(CCC)c(N)c(F)c2)C(O)C([NH2+]Cc2cc(ccc2)C(C)(C)C)C1,0,0,0,Exmol_based,Generated using exmol-based algorithm
CCCc1cc(CC2CS(=O)(=O)CC([NH2+]Cc3cccc(C(C)(C)C)c3)C2O)ccc1N.F,0,S1(=O)(=O)CC(Cc2cc(CCC)c(N)c(F)c2)C(O)C([NH2+]Cc2cc(ccc2)C(C)(C)C)C1,0,0,0,Exmol_based,Generated using exmol-based algorithm
C.CCCc1cc(CC2CS(=O)(=O)CC([NH2+]Cc3cccc(C(C)C)c3)C2O)cc(F)c1N,0,S1(=O)(=O)CC(Cc2cc(CCC)c(N)c(F)c2)C(O)C([NH2+]Cc2cc(ccc2)C(C)(C)C)C1,0,0,0,Exmol_based,Generated using exmol-based algorithm
CC(C)(C)c1cccc(C[NH2+]CC(O)C(Cc2cc(F)c(N)c(CCC(F)(F)F)c2)C[SH](=O)=O)c1,0,S1(=O)(=O)CC(Cc2cc(CCC(F)(F)F)c(N)c(F)c2)C(O)C([NH2+]Cc2cc(ccc2)C(C)(C)C)C1,0,0,0,Exmol_based,Generated using exmol-based algorithm
CC(C)(C)c1cccc(P[NH2+]C2CS(=O)(=O)CC(Cc3cc(F)c(N)c(CCC(F)(F)F)c3)C2O)c1,0,S1(=O)(=O)CC(Cc2cc(CCC(F)(F)F)c(N)c(F)c2)C(O)C([NH2+]Cc2cc(ccc2)C(C)(C)C)C1,0,0,0,Exmol_based,Generated using exmol-based algorithm
CC(C)(C)c1cccc(C[NH2+]C2CS(=O)(=O)CCC2O)c1.Cc1cc(F)c(N)c(CCC(F)(F)F)c1,0,S1(=O)(=O)CC(Cc2cc(CCC(F)(F)F)c(N)c(F)c2)C(O)C([NH2+]Cc2cc(ccc2)C(C)(C)C)C1,0,0,0,Exmol_based,Generated using exmol-based algorithm
COc1cc2c3cc1-c1cc(c(cc1-c1cccc(Cl)c1)C21COC(N)=N1)O3,0,Clc1cc(ccc1)-c1cc2c(Oc3c(cc(OC)cc3)C23N=C(OC3)N)cc1,0,0,0,Exmol_based,Generated using exmol-based algorithm
COc1ccc2c3c1-c1ccc(cc1Cl)-c1ccc(c(c1)C31COC(N)=N1)O2,0,Clc1cc(ccc1)-c1cc2c(Oc3c(cc(OC)cc3)C23N=C(OC3)N)cc1,0,0,0,Exmol_based,Generated using exmol-based algorithm
COc1ccc2c(c1)C(N)(CO)c1cc(-c3cccc(Cl)c3)ccc1O2.N,0,Clc1cc(ccc1)-c1cc2c(Oc3c(cc(OC)cc3)C23N=C(OC3)N)cc1,0,0,0,Exmol_based,Generated using exmol-based algorithm
CC(=O)NC(Cc1cc(F)cc(F)c1)C(O)C[NH2+]C1(c2cc(CC(C)(C)C)cs2)CCNCC1,0,s1cc(cc1C1([NH2+]CC(O)C(NC(=O)C)Cc2cc(F)cc(F)c2)CCCCC1)CC(C)(C)C,0,0,0,Exmol_based,Generated using exmol-based algorithm
CCNC(Cc1cc(F)cc(F)c1)C(O)C[NH2+]C1(c2cc(CC(C)(C)C)cs2)CCCCC1.O,0,s1cc(cc1C1([NH2+]CC(O)C(NC(=O)C)Cc2cc(F)cc(F)c2)CCCCC1)CC(C)(C)C,0,0,0,Exmol_based,Generated using exmol-based algorithm
CC(=O)NC(Cc1cc(F)cc(F)c1)C(O)C(S)[NH2+]C1(c2cc(CC(C)(C)C)cs2)CCCCC1,0,s1cc(cc1C1([NH2+]CC(O)C(NC(=O)C)Cc2cc(F)cc(F)c2)CCCCC1)CC(C)(C)C,0,0,0,Exmol_based,Generated using exmol-based algorithm
NC1=NC(c2ccccc2)(c2ccnc(C(F)(F)F)c2)c2ccccc21.c1cncnc1,0,FC(F)(F)c1nccc(c1)C1(N=C(N)c2c1cccc2)c1cc(ccc1)-c1cncnc1,0,0,0,Exmol_based,Generated using exmol-based algorithm
NC1=NC(c2cccc(-c3cncnc3)c2)(c2ccnc(C(F)(F)F)c2)c2cc(Cl)ccc21,0,FC(F)(F)c1nccc(c1)C1(N=C(N)c2c1cccc2)c1cc(ccc1)-c1cncnc1,0,0,0,Exmol_based,Generated using exmol-based algorithm
NC1=NC(c2ccnc(C(F)(F)F)c2)(c2ccpc(-c3cncnc3)c2)c2ccccc21,0,FC(F)(F)c1nccc(c1)C1(N=C(N)c2c1cccc2)c1cc(ccc1)-c1cncnc1,0,0,0,Exmol_based,Generated using exmol-based algorithm
COc1ccc(C2(c3cccc(-c4cncnc4)c3)N=C(N)c3c(F)cccc32)cc1,0,Fc1c2c(ccc1)C(N=C2N)(c1cc(ccc1)-c1cncnc1)c1ccc(OC)cc1,0,0,0,Exmol_based,Generated using exmol-based algorithm
COc1ccc(C2(c3cccc(-c4cncnc4)c3)N=C(N)c3c(F)cccc32)cc1,0,Fc1c2c(ccc1)C(N=C2N)(c1cc(ccc1)-c1cncnc1)c1ccc(OC)cc1,0,0,0,Exmol_based,Generated using exmol-based algorithm
CO.NC1=NC(c2ccccc2)(c2cccc(-c3cncnc3)c2)c2cccc(F)c21,0,Fc1c2c(ccc1)C(N=C2N)(c1cc(ccc1)-c1cncnc1)c1ccc(OC)cc1,0,0,0,Exmol_based,Generated using exmol-based algorithm
Fc1cncc(-c2cccc(C3(c4ccncc4)N=C(NP)c4c(F)cccc43)c2)c1,0,Fc1c2c(ccc1)C(N=C2N)(c1cc(ccc1)-c1cc(F)cnc1)c1ccncc1,0,0,0,Exmol_based,Generated using exmol-based algorithm
NC1=NC(c2ccncc2)(c2cccc(-c3cncc(F)c3)c2)c2ccccc21,0,Fc1c2c(ccc1)C(N=C2N)(c1cc(ccc1)-c1cc(F)cnc1)c1ccncc1,0,0,0,Exmol_based,Generated using exmol-based algorithm
N=C(N)c1c(F)cccc1C(c1ccncc1)c1cccc(-c2cncc(F)c2)c1,0,Fc1c2c(ccc1)C(N=C2N)(c1cc(ccc1)-c1cc(F)cnc1)c1ccncc1,0,0,0,Exmol_based,Generated using exmol-based algorithm
CC1(c2cc(NC(=O)c3ccccn3)ccc2F)CCOC(N)=N1,0,Clc1ccc(nc1)C(=O)Nc1cc(C2(N=C(OCC2)N)C)c(F)cc1,0,0,0,Exmol_based,Generated using exmol-based algorithm
CC1(c2cc(N)ccc2F)CCOC(N)=N1.O=Cc1ccc(Cl)cn1,0,Clc1ccc(nc1)C(=O)Nc1cc(C2(N=C(OCC2)N)C)c(F)cc1,0,0,0,Exmol_based,Generated using exmol-based algorithm
CC1(c2cc(NC(=O)c3ccc(Cl)cn3)ccc2F)CCOC(N)=N1,0,Clc1ccc(nc1)C(=O)Nc1cc(C2(N=C(OCC2)N)C)c(F)cc1,0,0,0,Exmol_based,Generated using exmol-based algorithm
CC(=O)NC(Cc1cc(N)cc(F)c1)C(O)C[NH2+]C1(c2cc(CC(C)(C)C)no2)CCCCC1,0,Fc1cc(cc(F)c1)CC(NC(=O)C)C(O)C[NH2+]C1(CCCCC1)c1onc(c1)CC(C)(C)C,0,0,0,Exmol_based,Generated using exmol-based algorithm
CC(=O)NC(Cc1cccc(F)c1)C(O)C[NH2+]C1(c2cc(CC(C)(C)C)no2)CCCCC1.F,0,Fc1cc(cc(F)c1)CC(NC(=O)C)C(O)C[NH2+]C1(CCCCC1)c1onc(c1)CC(C)(C)C,0,0,0,Exmol_based,Generated using exmol-based algorithm
CCCC(CC)([NH2+]CC(O)C(Cc1cc(F)cc(F)c1)NC(C)=O)c1cc(CC(C)(C)C)no1,0,Fc1cc(cc(F)c1)CC(NC(=O)C)C(O)C[NH2+]C1(CCCCC1)c1onc(c1)CC(C)(C)C,0,0,0,Exmol_based,Generated using exmol-based algorithm
CC(N)=O.COC1CCC([NH2+]CCO)(c2cccc(C(C)(C)C)c2)CC1.Cc1cc(F)cc(F)c1,0,Fc1cc(cc(F)c1)CC(NC(=O)C)C(O)C[NH2+]C1(CCC(OC)CC1)c1cc(ccc1)C(C)(C)C,0,0,0,Exmol_based,Generated using exmol-based algorithm
CC(=O)NCCc1cc(F)cc(F)c1.COC1CCC([NH2+]CCO)(c2cccc(C(C)(C)C)c2)CC1,0,Fc1cc(cc(F)c1)CC(NC(=O)C)C(O)C[NH2+]C1(CCC(OC)CC1)c1cc(ccc1)C(C)(C)C,0,0,0,Exmol_based,Generated using exmol-based algorithm
COC1CCC([NH2+]CC(O)C(Cc2cc(F)c(S)c(F)c2)NC(C)=O)(c2cccc(C(C)(C)C)c2)CC1,0,Fc1cc(cc(F)c1)CC(NC(=O)C)C(O)C[NH2+]C1(CCC(OC)CC1)c1cc(ccc1)C(C)(C)C,0,0,0,Exmol_based,Generated using exmol-based algorithm
CC(NC(=O)c1cc(C=O)cc(N(C)S(C)(=O)=O)c1)c1ccccc1.COc1ccc(COCC(CC(O)CCOc2cc(F)cc(F)c2)OC)cc1,0,S(=O)(=O)(N(C)c1cc(cc(c1)C(=O)NC(C(O)CC(OC)COCc1ccc(OC)cc1)COc1cc(F)cc(F)c1)C(=O)NC(C)c1ccccc1)C,0,0,0,Exmol_based,Generated using exmol-based algorithm
COc1ccc(COCC(CC(O)C(COc2cc(F)cc(F)c2)NC(=N)c2cc(C(=O)NC(C)c3ccccc3)cc(N(C)S(C)(=O)=O)c2)OC)cc1,0,S(=O)(=O)(N(C)c1cc(cc(c1)C(=O)NC(C(O)CC(OC)COCc1ccc(OC)cc1)COc1cc(F)cc(F)c1)C(=O)NC(C)c1ccccc1)C,0,0,0,Exmol_based,Generated using exmol-based algorithm
CNc1cc(C(=O)NC(C)c2ccccc2)cc(C(=O)NC(COc2cc(F)cc(F)c2)C(O)CC(COCc2ccc(OC)cc2)OC)c1.C[SH](=O)=O,0,S(=O)(=O)(N(C)c1cc(cc(c1)C(=O)NC(C(O)CC(OC)COCc1ccc(OC)cc1)COc1cc(F)cc(F)c1)C(=O)NC(C)c1ccccc1)C,0,0,0,Exmol_based,Generated using exmol-based algorithm
CN1C(=O)[C@](c2cccc(-c3cncnc3)c2)(c2cc3nc(c2)C=C3)N=C1N,0,O=C1N(C)C(=N[C@]1(c1cc(nc(c1)C)C)c1cc(ccc1)-c1cncnc1)N,0,0,0,Exmol_based,Generated using exmol-based algorithm
Cc1cc([C@]2(c3cccc(-c4cncnc4)c3)N=C(N)N(C)C2=O)cc(CP)n1,0,O=C1N(C)C(=N[C@]1(c1cc(nc(c1)C)C)c1cc(ccc1)-c1cncnc1)N,0,0,0,Exmol_based,Generated using exmol-based algorithm
Cc1cc([C@]2(c3cccc(-c4cncnn4)c3)N=C(N)N(C)C2=O)cc(C)n1,0,O=C1N(C)C(=N[C@]1(c1cc(nc(c1)C)C)c1cc(ccc1)-c1cncnc1)N,0,0,0,Exmol_based,Generated using exmol-based algorithm
CC(=O)NC(Cc1cc(F)cc(F)c1)C(O)C[NH2+]C1(c2cccc(C(C)C)c2)CC1,0,Fc1cc(cc(F)c1)CC(NC(=O)C)C(O)C[NH2+]C1(CC1)c1cc(ccc1)C(C)(C)C,0,0,0,Exmol_based,Generated using exmol-based algorithm
CC(=O)NC1(Cc2cc(F)cc(F)c2)CC(C)(C)c2cccc(c2)C2(CC2)[NH2+]CC1O,0,Fc1cc(cc(F)c1)CC(NC(=O)C)C(O)C[NH2+]C1(CC1)c1cc(ccc1)C(C)(C)C,0,0,0,Exmol_based,Generated using exmol-based algorithm
C.CC(=O)NC(Cc1cc(F)cc(F)c1)C(O)C[NH2+]C1(c2cccc(C(C)C)c2)CC1,0,Fc1cc(cc(F)c1)CC(NC(=O)C)C(O)C[NH2+]C1(CC1)c1cc(ccc1)C(C)(C)C,0,0,0,Exmol_based,Generated using exmol-based algorithm
Cc1cc(C2(c3cccc(-c4cncnc4Br)c3)N=C(N)N(C)C2=O)cs1,0,s1cc(cc1C)C1(N=C(N)N(C)C1=O)c1cc(ccc1)-c1cncnc1,0,0,0,Exmol_based,Generated using exmol-based algorithm
Cc1scc2c1-c1c(-c3cncnc3)cccc1C21N=C(N)N(C)C1=O,0,s1cc(cc1C)C1(N=C(N)N(C)C1=O)c1cc(ccc1)-c1cncnc1,0,0,0,Exmol_based,Generated using exmol-based algorithm
Cc1cc(C2(c3cccc(-c4cncnc4)c3)CN(C)C(N)=N2)cs1,0,s1cc(cc1C)C1(N=C(N)N(C)C1=O)c1cc(ccc1)-c1cncnc1,0,0,0,Exmol_based,Generated using exmol-based algorithm
CCC(C)C(CC)(NC(C)=O)C(=O)NC(CCc1ccccc1)C(=O)NC(Cc1cc(F)cc(F)c1)[C@H](O)[C@@H]1Cc2cccc(OC)c2C[NH2+]1,0,Fc1cc(cc(F)c1)CC(NC(=O)C(N1CCC(NC(=O)C)(C(CC)C)C1=O)CCc1ccccc1)[C@H](O)[C@H]1[NH2+]Cc2c(C1)cccc2OC,0,0,0,Exmol_based,Generated using exmol-based algorithm
C.CCC1(NC(C)=O)CCN(C(CCc2ccccc2)C(=O)NC(Cc2cc(F)cc(F)c2)[C@H](O)[C@@H]2Cc3cccc(OC)c3C[NH2+]2)C1=O,0,Fc1cc(cc(F)c1)CC(NC(=O)C(N1CCC(NC(=O)C)(C(CC)C)C1=O)CCc1ccccc1)[C@H](O)[C@H]1[NH2+]Cc2c(C1)cccc2OC,0,0,0,Exmol_based,Generated using exmol-based algorithm
CCC(C)C1(NC(C)=O)CCN(C(CCc2ccccc2)C(=O)NC(Cc2cc(F)c(C)c(F)c2)[C@H](O)[C@@H]2Cc3cccc(OC)c3C[NH2+]2)C1=O,0,Fc1cc(cc(F)c1)CC(NC(=O)C(N1CCC(NC(=O)C)(C(CC)C)C1=O)CCc1ccccc1)[C@H](O)[C@H]1[NH2+]Cc2c(C1)cccc2OC,0,0,0,Exmol_based,Generated using exmol-based algorithm
CC(C)c1cccc(C[NH2+]C2CS(=O)(=O)CC(Cc3ccc(N)c(Br)c3)C2O)c1,0,Brc1cc(ccc1N)CC1CS(=O)(=O)CC([NH2+]Cc2cc(ccc2)C(C)(C)C)C1O,0,0,0,Exmol_based,Generated using exmol-based algorithm
CC(C)(C)c1cccc(C[NH2+]CCS(=O)(=O)CCCc2ccc(N)c(Br)c2)c1.O,0,Brc1cc(ccc1N)CC1CS(=O)(=O)CC([NH2+]Cc2cc(ccc2)C(C)(C)C)C1O,0,0,0,Exmol_based,Generated using exmol-based algorithm
CC(C)(C)c1cccc(C[NH2+]C2CS(=O)(=O)CC(Cc3cccc(Br)c3)C2O)c1,0,Brc1cc(ccc1N)CC1CS(=O)(=O)CC([NH2+]Cc2cc(ccc2)C(C)(C)C)C1O,0,0,0,Exmol_based,Generated using exmol-based algorithm
CC(C)C(=O)NC(Cc1ccc2c(c1)OCO2)C(F)C[NH2+]C1CC2(CCC2)Oc2ncc(CC(C)(C)C)cc21,0,O1c2ncc(cc2C([NH2+]CC(O)C(NC(=O)C(C)C)Cc2cc3OCOc3cc2)CC12CCC2)CC(C)(C)C,0,0,0,Exmol_based,Generated using exmol-based algorithm
CC(C)(C)Cc1cnc2c(c1)C([NH2+]CC(O)CCc1ccc3c(c1)OCO3)CC1(CCC1)O2.CC(C)C=O,0,O1c2ncc(cc2C([NH2+]CC(O)C(NC(=O)C(C)C)Cc2cc3OCOc3cc2)CC12CCC2)CC(C)(C)C,0,0,0,Exmol_based,Generated using exmol-based algorithm
CC(C)(C)Cc1cnc2c(c1)C([NH2+]CC(O)C(N)Cc1ccc3c(c1)OCO3)CC1(CCC1)O2.CCC.O,0,O1c2ncc(cc2C([NH2+]CC(O)C(NC(=O)C(C)C)Cc2cc3OCOc3cc2)CC12CCC2)CC(C)(C)C,0,0,0,Exmol_based,Generated using exmol-based algorithm
CN1C=NC2(CC(C)(C)Oc3ccc(-c4cncc(F)c4)cc32)C1=O,0,Fc1cc(cnc1)-c1cc2c(OC(CC23N=C(N)N(C)C3=O)(C)C)cc1,0,0,0,Exmol_based,Generated using exmol-based algorithm
CN1C=NC2(CC(C)(C)Oc3ccc(-c4cncc(F)c4)cc32)C1=O.N,0,Fc1cc(cnc1)-c1cc2c(OC(CC23N=C(N)N(C)C3=O)(C)C)cc1,0,0,0,Exmol_based,Generated using exmol-based algorithm
CN1C(=O)C2(CC(C)(C)Oc3ccc(-c4cccnc4)cc32)N=C1N,0,Fc1cc(cnc1)-c1cc2c(OC(CC23N=C(N)N(C)C3=O)(C)C)cc1,0,0,0,Exmol_based,Generated using exmol-based algorithm
CCNc1cc(C(=O)NC(CC[NH2+]C2CC2)Cc2ccccc2)cc2c1CCCS(=O)(=O)N2C.O,0,S1(=O)(=O)N(c2c(CCC1)c(NCC)cc(c2)C(=O)NC(Cc1ccccc1)C(O)C[NH2+]C1CC1)C,0,0,0,Exmol_based,Generated using exmol-based algorithm
CCNc1cc(C(=O)NC(Cc2ccccc2)C(O)C[NH2+]C2CC2)cc(N(C)S(=O)(=O)CC)c1,0,S1(=O)(=O)N(c2c(CCC1)c(NCC)cc(c2)C(=O)NC(Cc1ccccc1)C(O)C[NH2+]C1CC1)C,0,0,0,Exmol_based,Generated using exmol-based algorithm
CCNc1cc(C(=O)NC(Pc2ccccc2)C(O)C[NH2+]C2CC2)cc2c1CCCS(=O)(=O)N2C,0,S1(=O)(=O)N(c2c(CCC1)c(NCC)cc(c2)C(=O)NC(Cc1ccccc1)C(O)C[NH2+]C1CC1)C,0,0,0,Exmol_based,Generated using exmol-based algorithm
COc1ccc(C2(c3cccc(-c4cccnc4)c3)N=C(N)N(C)C2=O)nc1C#N,0,O(C)c1ccc(cc1C#N)C1(N=C(N)N(C)C1=O)c1cc(ccc1)-c1cccnc1,0,0,0,Exmol_based,Generated using exmol-based algorithm
COc1cpc(C2(c3cccc(-c4cccnc4)c3)N=C(N)N(C)C2=O)cc1C#N,0,O(C)c1ccc(cc1C#N)C1(N=C(N)N(C)C1=O)c1cc(ccc1)-c1cccnc1,0,0,0,Exmol_based,Generated using exmol-based algorithm
COc1ccc(C2(c3cccc(-c4cccnc4)c3)N=C(N)N(C)C2=O)cc1C#N,0,O(C)c1ccc(cc1C#N)C1(N=C(N)N(C)C1=O)c1cc(ccc1)-c1cccnc1,0,0,0,Exmol_based,Generated using exmol-based algorithm
C.Cc1cc([C@]2(c3cccc(-c4cncnc4)c3)N=C(N)N(C)C2=O)ccn1,0,O=C1N(C)C(=N[C@]1(c1cc(nc(c1)C)CC)c1cc(ccc1)-c1cncnc1)N,0,0,0,Exmol_based,Generated using exmol-based algorithm
CCc1cc([C@]2(c3cccc(-c4cncnc4)c3)N=CN(C)C2=O)cc(C)n1,0,O=C1N(C)C(=N[C@]1(c1cc(nc(c1)C)CC)c1cc(ccc1)-c1cncnc1)N,0,0,0,Exmol_based,Generated using exmol-based algorithm
CCc1cc([C@]2(c3cccc(-c4cncnc4)c3)N=CN(C)C2=O)cc(C)n1,0,O=C1N(C)C(=N[C@]1(c1cc(nc(c1)C)CC)c1cc(ccc1)-c1cncnc1)N,0,0,0,Exmol_based,Generated using exmol-based algorithm
C.CCC(=O)N(C)C(C)(C)C1CCCC(C(=O)NC(Cc2ccccc2)C(O)C[NH2+]Cc2cccc(CC)c2)C1,0,OC(C(NC(=O)C1CC(CCC1)C(N(C(=O)CC)C)(C)C)Cc1ccccc1)C[NH2+]Cc1cc(ccc1)C(C)C,0,0,0,Exmol_based,Generated using exmol-based algorithm
CC(C)c1cccc(C[NH2+])c1.CCC(=O)N(C)C(C)(C)C1CCCC(C(=O)NC(Cc2ccccc2)C(C)O)C1,0,OC(C(NC(=O)C1CC(CCC1)C(N(C(=O)CC)C)(C)C)Cc1ccccc1)C[NH2+]Cc1cc(ccc1)C(C)C,0,0,0,Exmol_based,Generated using exmol-based algorithm
CCC(=O)N(C)C(C)(C)C1CCCC(C(=O)NC(Cc2ccccc2)C(O)C[NH2+]Cc2cccc(C(C)C)n2)C1,0,OC(C(NC(=O)C1CC(CCC1)C(N(C(=O)CC)C)(C)C)Cc1ccccc1)C[NH2+]Cc1cc(ccc1)C(C)C,0,0,0,Exmol_based,Generated using exmol-based algorithm
CCCCc1cc2cc(c1O)C1(C2)CS(=O)(=O)CC([NH2+]Cc2cccc(C(C)C)c2)C1O,0,S1(=O)(=O)CC(Cc2cc(CCCC)c(O)cc2)C(O)C([NH2+]Cc2cc(ccc2)C(C)C)C1,0,0,0,Exmol_based,Generated using exmol-based algorithm
CCCCc1cc(CC2CS(=O)(=O)CC([NH2+]Cc3cccc(C(C)C)c3)C2O)ccc1O,0,S1(=O)(=O)CC(Cc2cc(CCCC)c(O)cc2)C(O)C([NH2+]Cc2cc(ccc2)C(C)C)C1,0,0,0,Exmol_based,Generated using exmol-based algorithm
CCC.Cc1cc(CC2CS(=O)(=O)CC([NH2+]Cc3cccc(C(C)C)c3)C2O)ccc1O,0,S1(=O)(=O)CC(Cc2cc(CCCC)c(O)cc2)C(O)C([NH2+]Cc2cc(ccc2)C(C)C)C1,0,0,0,Exmol_based,Generated using exmol-based algorithm
CC(C)(C)c1cccc(C[NH2+]C2CS(=O)(=O)CC(Cc3ccc(N)c(-c4ccoc4)c3)C2O)c1.F,0,S1(=O)(=O)CC(Cc2cc(-c3ccoc3)c(N)c(F)c2)C(O)C([NH2+]Cc2cc(ccc2)C(C)(C)C)C1,0,0,0,Exmol_based,Generated using exmol-based algorithm
CC(C)(S)c1cccc(C[NH2+]C2CS(=O)(=O)CC(Cc3cc(F)c(N)c(-c4ccoc4)c3)C2O)c1,0,S1(=O)(=O)CC(Cc2cc(-c3ccoc3)c(N)c(F)c2)C(O)C([NH2+]Cc2cc(ccc2)C(C)(C)C)C1,0,0,0,Exmol_based,Generated using exmol-based algorithm
CC(C)(C)c1cccc(C[NH2+]C2CS(=O)(=O)CC(Cc3cc(Cl)c(N)c(-c4ccoc4)c3)C2O)c1,0,S1(=O)(=O)CC(Cc2cc(-c3ccoc3)c(N)c(F)c2)C(O)C([NH2+]Cc2cc(ccc2)C(C)(C)C)C1,0,0,0,Exmol_based,Generated using exmol-based algorithm
C=CCO/N=C(/C)c1cccc(N(C)S(C)(=O)=O)c1.COc1cccc(C[NH2+]C[C@H](O)[C@@H](N)Cc2cc(F)cc(F)c2)c1.O,0,S(=O)(=O)(N(C)c1cc(cc(c1)/C(=N\OCC=C)/C)C(=O)N[C@H]([C@@H](O)C[NH2+]Cc1cc(OC)ccc1)Cc1cc(F)cc(F)c1)C,0,0,0,Exmol_based,Generated using exmol-based algorithm
C.C=CCO/N=C(/C)c1cc(NC)cc(C(=O)N[C@@H](Cc2cc(F)cc(F)c2)[C@@H](O)C[NH2+]Cc2cccc(OC)c2)c1.O.O,0,S(=O)(=O)(N(C)c1cc(cc(c1)/C(=N\OCC=C)/C)C(=O)N[C@H]([C@@H](O)C[NH2+]Cc1cc(OC)ccc1)Cc1cc(F)cc(F)c1)C,0,0,0,Exmol_based,Generated using exmol-based algorithm
C=CCO/N=C(/C)c1cc(C(=O)N[C@@H](Cc2cc(F)cc(F)c2)[C@@H](O)C[NH2+]Cc2cccc(OC)c2)cc(N(C)S(C)(=O)=O)c1,0,S(=O)(=O)(N(C)c1cc(cc(c1)/C(=N\OCC=C)/C)C(=O)N[C@H]([C@@H](O)C[NH2+]Cc1cc(OC)ccc1)Cc1cc(F)cc(F)c1)C,0,0,0,Exmol_based,Generated using exmol-based algorithm
CN1C(=S)C2(CC(C)(C)Oc3ccc(-c4cncnc4)cc32)N=C1N,0,O1c2c(cc(cc2)-c2cncnc2)C2(N=C(N)N(C)C2=O)CC1(C)C,0,0,0,Exmol_based,Generated using exmol-based algorithm
C.CC1(C)CC(C=O)(N=CN)c2cc(-c3cncnc3)ccc2O1,0,O1c2c(cc(cc2)-c2cncnc2)C2(N=C(N)N(C)C2=O)CC1(C)C,0,0,0,Exmol_based,Generated using exmol-based algorithm
CNC(N)=NC1(C=O)CC(C)(C)Oc2ccc(-c3cncnc3)cc21,0,O1c2c(cc(cc2)-c2cncnc2)C2(N=C(N)N(C)C2=O)CC1(C)C,0,0,0,Exmol_based,Generated using exmol-based algorithm
Cn1cc(N)c(C(=O)Nc2ccc(F)c(C3(C)N=C(N)OCC3(F)F)c2)n1,0,Clc1cn(nc1C(=O)Nc1cc(C2(N=C(OCC2(F)F)N)C)c(F)cc1)C,0,0,0,Exmol_based,Generated using exmol-based algorithm
Cn1cc(Cl)c(C(=O)Nc2ccc(F)c(C3N=C(N)OCC3(F)F)c2)n1,0,Clc1cn(nc1C(=O)Nc1cc(C2(N=C(OCC2(F)F)N)C)c(F)cc1)C,0,0,0,Exmol_based,Generated using exmol-based algorithm
Cn1cc(Cl)c(C(=O)Nc2ccc(F)c(C3(C)N=C(N)OCC3(F)F)c2)n1,0,Clc1cn(nc1C(=O)Nc1cc(C2(N=C(OCC2(F)F)N)C)c(F)cc1)C,0,0,0,Exmol_based,Generated using exmol-based algorithm
CCN=C1NC(N)=[NH+]C1(c1cccc(-c2cccnc2F)c1)c1ccc2c(c1)OCO2,0,Fc1ncccc1-c1cc(ccc1)C1([NH+]=C(N2C1=NCCC2)N)c1cc2OCOc2cc1,0,0,0,Exmol_based,Generated using exmol-based algorithm
CCN=C1N(C)C(N)=[NH+]C1(c1cccc(-c2cccnc2F)c1)c1ccc2c(c1)OCO2,0,Fc1ncccc1-c1cc(ccc1)C1([NH+]=C(N2C1=NCCC2)N)c1cc2OCOc2cc1,0,0,0,Exmol_based,Generated using exmol-based algorithm
[NH+]C(C1=NCCCN1CN)(c1cccc(-c2cccnc2F)c1)c1ccc2c(c1)OCO2,0,Fc1ncccc1-c1cc(ccc1)C1([NH+]=C(N2C1=NCCC2)N)c1cc2OCOc2cc1,0,0,0,Exmol_based,Generated using exmol-based algorithm
CC(=O)NC1(Cc2cc(F)cc(F)c2)c2c(C(C)=O)cc(cc2C(C)(C)C)C2(CCCCC2)[NH2+]CC1O,0,Fc1cc(cc(F)c1)CC(NC(=O)C)C(O)C[NH2+]C1(CCCCC1)c1cc(cc(c1)C(=O)C)C(C)(C)C,0,0,0,Exmol_based,Generated using exmol-based algorithm
CC(=O)NC(CO)Cc1cc(F)cc(F)c1.C[NH2+]C1(c2cc(C(C)=O)cc(C(C)(C)C)c2)CCCCC1,0,Fc1cc(cc(F)c1)CC(NC(=O)C)C(O)C[NH2+]C1(CCCCC1)c1cc(cc(c1)C(=O)C)C(C)(C)C,0,0,0,Exmol_based,Generated using exmol-based algorithm
CC(=O)c1cc(C(C)(C)C)cc(C2([NH2+]CCO)CCCCC2)c1.CC(N)=O.Cc1cc(F)cc(F)c1,0,Fc1cc(cc(F)c1)CC(NC(=O)C)C(O)C[NH2+]C1(CCCCC1)c1cc(cc(c1)C(=O)C)C(C)(C)C,0,0,0,Exmol_based,Generated using exmol-based algorithm
CCCCN(C)C(=O)n1cc(C(=O)NC(C(O)C[NH2+]Cc2cccc(OC)c2)C(P)c2cc(F)cc(F)c2)c2cc(C(F)(F)F)ccc21,0,Fc1cc(cc(F)c1)CC(NC(=O)c1c2cc(ccc2n(c1)C(=O)N(CCCC)C)C(F)(F)F)C(O)C[NH2+]Cc1cc(OC)ccc1,0,0,0,Exmol_based,Generated using exmol-based algorithm
C.CCCCN(C)C(=O)n1cc(C(=O)NC(Cc2cc(F)cc(F)c2)C(O)C[NH2+]Cc2ccccc2)c2cc(C(F)(F)F)ccc21,0,Fc1cc(cc(F)c1)CC(NC(=O)c1c2cc(ccc2n(c1)C(=O)N(CCCC)C)C(F)(F)F)C(O)C[NH2+]Cc1cc(OC)ccc1,0,0,0,Exmol_based,Generated using exmol-based algorithm
CCCCNC(=O)n1cc(C(=O)NC(Cc2cc(F)cc(F)c2)C(O)C[NH2+]Cc2cccc(OC)c2)c2cc(C(F)(F)F)ccc21,0,Fc1cc(cc(F)c1)CC(NC(=O)c1c2cc(ccc2n(c1)C(=O)N(CCCC)C)C(F)(F)F)C(O)C[NH2+]Cc1cc(OC)ccc1,0,0,0,Exmol_based,Generated using exmol-based algorithm
CCCOC1C[NH2+]C(C(O)C(Cc2cc(F)cc(F)c2)NC(=O)C(C)N(C)C(=O)CC(C)C)C1,0,Fc1cc(cc(F)c1)CC(NC(=O)C(N1CCC(C(C)C)C1=O)C)C(O)C1[NH2+]CC(OCCC)C1,0,0,0,Exmol_based,Generated using exmol-based algorithm
CCCOC1C[NH2+]C(C(O)C(Cc2cc(F)cc(F)c2)NC(=O)C(C)N2CCC(C(C)C)C2)C1.O,0,Fc1cc(cc(F)c1)CC(NC(=O)C(N1CCC(C(C)C)C1=O)C)C(O)C1[NH2+]CC(OCCC)C1,0,0,0,Exmol_based,Generated using exmol-based algorithm
CCCOC1C[NH2+]C(C(O)C(Cc2cc(F)cc(F)c2)NCC(C)N2CCC(C(C)C)C2=O)C1.O,0,Fc1cc(cc(F)c1)CC(NC(=O)C(N1CCC(C(C)C)C1=O)C)C(O)C1[NH2+]CC(OCCC)C1,0,0,0,Exmol_based,Generated using exmol-based algorithm
CC(=O)NCC(O)C[NH2+]C1(c2cccc(C(C)(C)C#N)c2)CCCCC1.Fc1cccc(F)c1,0,Fc1cc(cc(F)c1)CC(NC(=O)C)C(O)C[NH2+]C1(CCCCC1)c1cc(ccc1)C(C#N)(C)C,0,0,0,Exmol_based,Generated using exmol-based algorithm
CCNC(Cc1cc(F)cc(F)c1)C(O)C[NH2+]C1(c2cccc(C(C)(C)C#N)c2)CCCCC1.O,0,Fc1cc(cc(F)c1)CC(NC(=O)C)C(O)C[NH2+]C1(CCCCC1)c1cc(ccc1)C(C#N)(C)C,0,0,0,Exmol_based,Generated using exmol-based algorithm
CCNC(Cc1cc(F)cc(F)c1)C(O)C[NH2+]C1(c2cccc(C(C)(C)C#N)c2)CCCCC1,0,Fc1cc(cc(F)c1)CC(NC(=O)C)C(O)C[NH2+]C1(CCCCC1)c1cc(ccc1)C(C#N)(C)C,0,0,0,Exmol_based,Generated using exmol-based algorithm
CCCC.COc1ccc(-c2ccc(-c3ccccc3Cl)n2Cc2ccc(NCCO)c(N)n2)cc1,0,Clc1ccccc1-c1n(Cc2nc(N)c(NCCO)cc2)c(cc1)-c1ccc(OCCCCC)cc1,0,0,0,Exmol_based,Generated using exmol-based algorithm
CCCCCOc1ccc(-c2ccc(-c3ccccc3Cl)n2Cc2ccc(NNCO)c(N)n2)cc1,0,Clc1ccccc1-c1n(Cc2nc(N)c(NCCO)cc2)c(cc1)-c1ccc(OCCCCC)cc1,0,0,0,Exmol_based,Generated using exmol-based algorithm
CCCCCOc1ccc(-c2ccc(-c3ccccc3Cl)n2Cc2ccc(NCCO)c(N)n2)cc1,0,Clc1ccccc1-c1n(Cc2nc(N)c(NCCO)cc2)c(cc1)-c1ccc(OCCCCC)cc1,0,0,0,Exmol_based,Generated using exmol-based algorithm
CC(=O)NC(CC[NH2+]C1(c2cc(O)cc(C(C)(C)C)c2)CCCCC1)Cc1cc(F)cc(F)c1.O,0,Fc1cc(cc(F)c1)CC(NC(=O)C)C(O)C[NH2+]C1(CCCCC1)c1cc(cc(O)c1)C(C)(C)C,0,0,0,Exmol_based,Generated using exmol-based algorithm
CCCC(C)([NH2+]CC(O)C(Cc1cc(F)cc(F)c1)NC(C)=O)c1cc(O)cc(C(C)(C)C)c1,0,Fc1cc(cc(F)c1)CC(NC(=O)C)C(O)C[NH2+]C1(CCCCC1)c1cc(cc(O)c1)C(C)(C)C,0,0,0,Exmol_based,Generated using exmol-based algorithm
CC(=O)NC(Cc1cc(F)cc(F)c1)C(O)C[NH2+]C1(c2cc(O)cc(C(C)(C)C)c2)CCCPC1,0,Fc1cc(cc(F)c1)CC(NC(=O)C)C(O)C[NH2+]C1(CCCCC1)c1cc(cc(O)c1)C(C)(C)C,0,0,0,Exmol_based,Generated using exmol-based algorithm
CN1C(=O)[C@](c2ccccc2)(c2ccc(OCF)cc2)N=C1N,0,FC(F)Oc1ccc(cc1)[C@@]1(N=C(N)N(C)C1=O)c1ccccc1,0,0,0,Exmol_based,Generated using exmol-based algorithm
CNC(N)=N[C@@](C=O)(c1ccccc1)c1ccc(OC(F)F)cc1,0,FC(F)Oc1ccc(cc1)[C@@]1(N=C(N)N(C)C1=O)c1ccccc1,0,0,0,Exmol_based,Generated using exmol-based algorithm
CN1C(=O)[C@@]2(N=C1N)c1ccc(cc1)OC(F)(F)c1ccc2cc1,0,FC(F)Oc1ccc(cc1)[C@@]1(N=C(N)N(C)C1=O)c1ccccc1,0,0,0,Exmol_based,Generated using exmol-based algorithm
C.C.COc1cccc(C[NH2+]CC(O)C(Cc2cc(F)cc(F)c2)NC(=O)C(C)N2CCCC2=O)c1,0,Fc1cc(cc(F)c1)CC(NC(=O)C(N1CCC(C(C)C)C1=O)C)C(O)C[NH2+]Cc1cc(OC)ccc1,0,0,0,Exmol_based,Generated using exmol-based algorithm
CC(C)C1CCN(C(C)C(=O)NCCc2cc(F)cc(F)c2)C1=O.COc1cccc(C[NH2+]CCO)c1,0,Fc1cc(cc(F)c1)CC(NC(=O)C(N1CCC(C(C)C)C1=O)C)C(O)C[NH2+]Cc1cc(OC)ccc1,0,0,0,Exmol_based,Generated using exmol-based algorithm
CCN1CCC(C(C)C)C1=O.COc1cccc(C[NH2+]CC(O)C(Cc2cc(F)cc(F)c2)NC=O)c1,0,Fc1cc(cc(F)c1)CC(NC(=O)C(N1CCC(C(C)C)C1=O)C)C(O)C[NH2+]Cc1cc(OC)ccc1,0,0,0,Exmol_based,Generated using exmol-based algorithm
CC1=NC(c2ccncc2)(c2cccc(-c3cccc(OO)c3)c2)N=C1N,0,O(C)c1cc(ccc1)-c1cc(ccc1)C1(N=C(C)C(=N1)N)c1ccncc1,0,0,0,Exmol_based,Generated using exmol-based algorithm
CCC(N)=NC(N)(c1ccncc1)c1cccc(-c2cccc(OC)c2)c1,0,O(C)c1cc(ccc1)-c1cc(ccc1)C1(N=C(C)C(=N1)N)c1ccncc1,0,0,0,Exmol_based,Generated using exmol-based algorithm
COc1cc(S)cc(-c2cccc(C3(c4ccncc4)N=C(C)C(N)=N3)c2)c1,0,O(C)c1cc(ccc1)-c1cc(ccc1)C1(N=C(C)C(=N1)N)c1ccncc1,0,0,0,Exmol_based,Generated using exmol-based algorithm
CC1(C)Cc2cc(Cl)ccc2C(NC(Cc2cccc(Cl)c2)c2nc3ccncc3c(=O)[nH]2)=N1,0,Clc1cc2CC(N=C(NC(Cc3ccccc3)C=3NC(=O)c4c(N=3)ccnc4)c2cc1)(C)C,0,0,0,Exmol_based,Generated using exmol-based algorithm
CC1(C)Cc2cc(Cl)ccc2C(N)=N1.Cc1ccccc1.O=c1[nH]cnc2ccncc12,0,Clc1cc2CC(N=C(NC(Cc3ccccc3)C=3NC(=O)c4c(N=3)ccnc4)c2cc1)(C)C,0,0,0,Exmol_based,Generated using exmol-based algorithm
CC1(C)Cc2cc(Cl)ccc2C(NCc2nc3ccncc3c(=O)[nH]2)=N1.c1ccccc1,0,Clc1cc2CC(N=C(NC(Cc3ccccc3)C=3NC(=O)c4c(N=3)ccnc4)c2cc1)(C)C,0,0,0,Exmol_based,Generated using exmol-based algorithm
COc1cccc(C[NH2+]C[C@H](O)[C@H](Cc2cc(F)cc(F)c2)NC(=O)c2cc(/C(C)=N\OCC(C)C)cc(N(C)S(C)=O)c2)c1,0,S(=O)(=O)(N(C)c1cc(cc(c1)/C(=N\OCC(C)C)/C)C(=O)N[C@H]([C@@H](O)C[NH2+]Cc1cc(OC)ccc1)Cc1cc(F)cc(F)c1)C,0,0,0,Exmol_based,Generated using exmol-based algorithm
COc1cccc(C(N)[NH2+]C[C@H](O)[C@H](Cc2cc(F)cc(F)c2)NC(=O)c2cc(/C(C)=N\OCC(C)C)cc(N(C)S(C)(=O)=O)c2)c1,0,S(=O)(=O)(N(C)c1cc(cc(c1)/C(=N\OCC(C)C)/C)C(=O)N[C@H]([C@@H](O)C[NH2+]Cc1cc(OC)ccc1)Cc1cc(F)cc(F)c1)C,0,0,0,Exmol_based,Generated using exmol-based algorithm
COc1cccc(C[NH2+]C[C@H](O)[C@H]2NC(=O)c3cc(N(C)S(C)(=O)=O)cc(/C(C)=N\OCC(C)C)c3C2c2cc(F)cc(F)c2)c1,0,S(=O)(=O)(N(C)c1cc(cc(c1)/C(=N\OCC(C)C)/C)C(=O)N[C@H]([C@@H](O)C[NH2+]Cc1cc(OC)ccc1)Cc1cc(F)cc(F)c1)C,0,0,0,Exmol_based,Generated using exmol-based algorithm
C.CC(=O)NC(Cc1cc(F)cc(F)c1)C(O)C[NH2+]C1(c2cc(Br)cc(C(C)C)c2)CCCCC1,0,Brc1cc(cc(c1)C(C)(C)C)C1([NH2+]CC(O)C(NC(=O)C)Cc2cc(F)cc(F)c2)CCCCC1,0,0,0,Exmol_based,Generated using exmol-based algorithm
Br.CC(=O)NC(Cc1cc(F)cc(F)c1)C(O)C[NH2+]C1(c2cccc(C(C)(C)C)c2)CCCCC1,0,Brc1cc(cc(c1)C(C)(C)C)C1([NH2+]CC(O)C(NC(=O)C)Cc2cc(F)cc(F)c2)CCCCC1,0,0,0,Exmol_based,Generated using exmol-based algorithm
CC(=O)NC(Cc1cc(F)cc(F)c1)C1(O)C[NH2+]C2(CCCCC2)c2cc(Br)c1c(C(C)(C)C)c2,0,Brc1cc(cc(c1)C(C)(C)C)C1([NH2+]CC(O)C(NC(=O)C)Cc2cc(F)cc(F)c2)CCCCC1,0,0,0,Exmol_based,Generated using exmol-based algorithm
CC(C)(C)c1cccc(C(CF)[NH2+]CCO)c1.COCc1cc2cc(c1)C(=O)NCCc1cccc(c1)OCCCCN2,0,FCC([NH2+]CC(O)C1NC(=O)c2cc(cc(NCCCCOc3cc(C1)ccc3)c2)COC)c1cc(ccc1)C(C)(C)C,0,0,0,Exmol_based,Generated using exmol-based algorithm
CO.Cc1cc2cc(c1)C(=O)NC(C(O)C[NH2+]C(CF)c1cccc(C(C)(C)C)c1)Cc1cccc(c1)OCCCCN2,0,FCC([NH2+]CC(O)C1NC(=O)c2cc(cc(NCCCCOc3cc(C1)ccc3)c2)COC)c1cc(ccc1)C(C)(C)C,0,0,0,Exmol_based,Generated using exmol-based algorithm
C.CC(C)(C)c1cccc(C(CF)[NH2+]CC(O)C2Cc3cccc(c3)OCCCCNc3cc(CO)cc(c3)C(=O)N2)c1,0,FCC([NH2+]CC(O)C1NC(=O)c2cc(cc(NCCCCOc3cc(C1)ccc3)c2)COC)c1cc(ccc1)C(C)(C)C,0,0,0,Exmol_based,Generated using exmol-based algorithm
CC([NH2+]CC(O)C(Cc1ccccc1)NC(=O)c1cccc(N(Cc2ccccc2)S(C)(=O)=O)c1)C(=O)NC1CCCCC1P,0,S(=O)(=O)(N(Cc1ccccc1)c1cc(ccc1)C(=O)NC(Cc1ccccc1)C(O)C[NH2+]C(C(=O)NC1CCCCC1)C)C,0,0,0,Exmol_based,Generated using exmol-based algorithm
CC([NH2+]CC(O)C(Cc1ccccc1)NC(=O)c1cc(N(Cc2ccccc2)S(C)(=O)=O)ccp1)C(=O)NC1CCCCC1,0,S(=O)(=O)(N(Cc1ccccc1)c1cc(ccc1)C(=O)NC(Cc1ccccc1)C(O)C[NH2+]C(C(=O)NC1CCCCC1)C)C,0,0,0,Exmol_based,Generated using exmol-based algorithm
CC([PH2+]CC(O)C(Cc1ccccc1)NC(=O)c1cccc(N(Cc2ccccc2)S(C)(=O)=O)c1)C(=O)NC1CCCCC1,0,S(=O)(=O)(N(Cc1ccccc1)c1cc(ccc1)C(=O)NC(Cc1ccccc1)C(O)C[NH2+]C(C(=O)NC1CCCCC1)C)C,0,0,0,Exmol_based,Generated using exmol-based algorithm
CC(=O)NC(Cc1cc(F)cc(F)c1)C(O)C[NH2+]C12CCCCC1C1CCC(O1)c1cccc2c1,0,Fc1cc(cc(F)c1)CC(NC(=O)C)C(O)C[NH2+]C1(CCCCC1)c1cc(ccc1)C1OCCC1,0,0,0,Exmol_based,Generated using exmol-based algorithm
CC(=O)NC(Cc1cc(O)cc(F)c1)C(O)C[NH2+]C1(c2cccc(C3CCCO3)c2)CCCCC1,0,Fc1cc(cc(F)c1)CC(NC(=O)C)C(O)C[NH2+]C1(CCCCC1)c1cc(ccc1)C1OCCC1,0,0,0,Exmol_based,Generated using exmol-based algorithm
C[PH](=O)NC(Cc1cc(F)cc(F)c1)C(O)C[NH2+]C1(c2cccc(C3CCCO3)c2)CCCCC1,0,Fc1cc(cc(F)c1)CC(NC(=O)C)C(O)C[NH2+]C1(CCCCC1)c1cc(ccc1)C1OCCC1,0,0,0,Exmol_based,Generated using exmol-based algorithm
C.CC(=O)NC(Cc1cc(F)cc(F)c1)C(O)C[NH2+]C1(c2cc(C)cc(C(C)C)c2)CCCCC1,0,Fc1cc(cc(F)c1)CC(NC(=O)C)C(O)C[NH2+]C1(CCCCC1)c1cc(cc(c1)C)C(C)(C)C,0,0,0,Exmol_based,Generated using exmol-based algorithm
CC(=O)NC(Cc1cc(F)cc(F)c1)C(O)C[NH2+]C1(c2cc(C(C)(C)C)cc(C)c2Br)CCCCC1,0,Fc1cc(cc(F)c1)CC(NC(=O)C)C(O)C[NH2+]C1(CCCCC1)c1cc(cc(c1)C)C(C)(C)C,0,0,0,Exmol_based,Generated using exmol-based algorithm
CC(=O)NC(Cc1cc(F)cc(F)c1)C(O)C[NH2+]C1(c2cc(C)cc(C(C)(C)C)c2)CCCSC1,0,Fc1cc(cc(F)c1)CC(NC(=O)C)C(O)C[NH2+]C1(CCCCC1)c1cc(cc(c1)C)C(C)(C)C,0,0,0,Exmol_based,Generated using exmol-based algorithm
CCc1cc(C2(c3cc(-c4cncnc4)ccc3F)N=C(N)N(C)C2=O)c(C)s1,0,s1c(C)c(cc1CC)C1(N=C(N)N(C)C1=O)c1cc(ccc1)-c1cncnc1,0,0,0,Exmol_based,Generated using exmol-based algorithm
CCc1cc(C(N)(C(=O)N(C)CN)c2cccc(-c3cncnc3)c2)c(C)s1,0,s1c(C)c(cc1CC)C1(N=C(N)N(C)C1=O)c1cc(ccc1)-c1cncnc1,0,0,0,Exmol_based,Generated using exmol-based algorithm
CCc1cc(C2(c3cccc(-c4cccnc4)c3)N=C(N)N(C)C2=O)c(C)s1,0,s1c(C)c(cc1CC)C1(N=C(N)N(C)C1=O)c1cc(ccc1)-c1cncnc1,0,0,0,Exmol_based,Generated using exmol-based algorithm
CC(C)c1cccc(C(=S)[NH2+]CC(O)C2COC/C=C/CCCNC(=O)c3cc(cc(N(C)S(C)(=O)=O)c3)C(=O)N2)c1,0,S(=O)(=O)(N(C)c1cc2cc(c1)C(=O)NCCC\C=C\COCC(NC2=O)C(O)C[NH2+]Cc1cc(ccc1)C(C)C)C,0,0,0,Exmol_based,Generated using exmol-based algorithm
CC(C)c1ccccc1.CN(c1cc2cc(c1)C(=O)NC(C(O)C[NH2+])COC/C=C/CCCNC2=O)S(C)(=O)=O,0,S(=O)(=O)(N(C)c1cc2cc(c1)C(=O)NCCC\C=C\COCC(NC2=O)C(O)C[NH2+]Cc1cc(ccc1)C(C)C)C,0,0,0,Exmol_based,Generated using exmol-based algorithm
CC(C)c1cccc(C[NH2+]CC(O)C2COC/C=C/CCCNC(=O)c3cc(cc(N(C)S(C)(=O)=O)c3)C(=O)N2)c1,0,S(=O)(=O)(N(C)c1cc2cc(c1)C(=O)NCCC\C=C\COCC(NC2=O)C(O)C[NH2+]Cc1cc(ccc1)C(C)C)C,0,0,0,Exmol_based,Generated using exmol-based algorithm
CCNc1cccc2c1CCCS(=O)(=O)N2C.NC(Cc1ccccc1)C(O)C[NH2+]C1CCOCC1.O,0,S1(=O)(=O)N(c2c(CCC1)c(NCC)cc(c2)C(=O)NC(Cc1ccccc1)C(O)C[NH2+]C1CCOCC1)C,0,0,0,Exmol_based,Generated using exmol-based algorithm
CCNc1cc(CNC(Cc2ccccc2)C(O)C[NH2+]C2CCOCC2)cc2c1CCCS(=O)(=O)N2C.O,0,S1(=O)(=O)N(c2c(CCC1)c(NCC)cc(c2)C(=O)NC(Cc1ccccc1)C(O)C[NH2+]C1CCOCC1)C,0,0,0,Exmol_based,Generated using exmol-based algorithm
CCCS(=O)(=O)N(C)c1cc(NCC)cc(C(=O)NC(Cc2ccccc2)C(O)C[NH2+]C2CCOCC2)c1,0,S1(=O)(=O)N(c2c(CCC1)c(NCC)cc(c2)C(=O)NC(Cc1ccccc1)C(O)C[NH2+]C1CCOCC1)C,0,0,0,Exmol_based,Generated using exmol-based algorithm
NC1=[NH+][C@@](c2cccc(-c3ccc(Cl)nc3F)c2)(c2ccc3c(c2)OCCO3)C2=NCCCN21,0,Fc1ncccc1-c1cc(ccc1)[C@]1([NH+]=C(N2C1=NCCC2)N)c1cc2OCCOc2cc1,0,0,0,Exmol_based,Generated using exmol-based algorithm
NC=[NH+][C@@](C1=NCCCN1)(c1cccc(-c2cccnc2F)c1)c1ccc2c(c1)OCCO2,0,Fc1ncccc1-c1cc(ccc1)[C@]1([NH+]=C(N2C1=NCCC2)N)c1cc2OCCOc2cc1,0,0,0,Exmol_based,Generated using exmol-based algorithm
NC1=[NH+][C@](c2ccc(OCCO)cc2)(c2cccc(-c3cccnc3F)c2)C2=NCCCN21,0,Fc1ncccc1-c1cc(ccc1)[C@]1([NH+]=C(N2C1=NCCC2)N)c1cc2OCCOc2cc1,0,0,0,Exmol_based,Generated using exmol-based algorithm
CC(C)(N)CN1C[C@@](c2ccc(OC(F)(F)F)cc2)(c2cccc(-c3cccnc3F)c2)[NH+]=C1N,0,Fc1ncccc1-c1cc(ccc1)[C@]1([NH+]=C(N2CC(N=C12)(C)C)N)c1ccc(OC(F)(F)F)cc1,0,0,0,Exmol_based,Generated using exmol-based algorithm
CC1(C)CN2C(=N1)[C@@](c1ccc(OS(F)(F)F)cc1)(c1cccc(-c3cccnc3F)c1)[NH+]=C2N,0,Fc1ncccc1-c1cc(ccc1)[C@]1([NH+]=C(N2CC(N=C12)(C)C)N)c1ccc(OC(F)(F)F)cc1,0,0,0,Exmol_based,Generated using exmol-based algorithm
CC(C)(C)N=C[C@@]([NH+]=CN)(c1ccc(OC(F)(F)F)cc1)c1cccc(-c2cccnc2F)c1,0,Fc1ncccc1-c1cc(ccc1)[C@]1([NH+]=C(N2CC(N=C12)(C)C)N)c1ccc(OC(F)(F)F)cc1,0,0,0,Exmol_based,Generated using exmol-based algorithm
CC([NH2+]CC(O)C(N)Cc1ccccc1)C(=O)NC1CCCCC1.CS(=O)(=O)N(c1ccc(C#N)cc1)c1cccc(C=O)c1,0,S(=O)(=O)(N(c1cc(ccc1)C(=O)NC(Cc1ccccc1)C(O)C[NH2+]C(C(=O)NC1CCCCC1)C)c1ccc(cc1)C#N)C,0,0,0,Exmol_based,Generated using exmol-based algorithm
CC([NH2+]CC(O)C(Cc1ccccc1)NC(=O)c1ccccc1)C(=O)NC1CCCCC1.C[SH](=O)=O.N#Cc1ccccc1,0,S(=O)(=O)(N(c1cc(ccc1)C(=O)NC(Cc1ccccc1)C(O)C[NH2+]C(C(=O)NC1CCCCC1)C)c1ccc(cc1)C#N)C,0,0,0,Exmol_based,Generated using exmol-based algorithm
CC([NH2+]CC(O)C(N)Cc1ccccc1)C(=O)NC1CCCCC1.CS(=O)(=O)N(c1ccccc1)c1ccc(C#N)cc1.O,0,S(=O)(=O)(N(c1cc(ccc1)C(=O)NC(Cc1ccccc1)C(O)C[NH2+]C(C(=O)NC1CCCCC1)C)c1ccc(cc1)C#N)C,0,0,0,Exmol_based,Generated using exmol-based algorithm
CCCCNC(=O)n1cc(C(N)=O)c2ccccc21.COc1cccc(C[NH2+]CC(O)CCc2cc(F)cc(F)c2)c1,0,Fc1cc(cc(F)c1)CC(NC(=O)c1c2c(n(c1)C(=O)NCCCC)cccc2)C(O)C[NH2+]Cc1cc(OC)ccc1,0,0,0,Exmol_based,Generated using exmol-based algorithm
CCCCNC(=O)n1ccc2ccccc21.COc1cccc(C[NH2+]CC(O)C(N)Cc2cc(F)cc(F)c2)c1.O,0,Fc1cc(cc(F)c1)CC(NC(=O)c1c2c(n(c1)C(=O)NCCCC)cccc2)C(O)C[NH2+]Cc1cc(OC)ccc1,0,0,0,Exmol_based,Generated using exmol-based algorithm
CCCCNC(=O)n1cc(C(=O)NC(Cc2cc(F)cc(F)c2)C(O)C[NH2+]Cc2cccc(OC)p2)c2ccccc21,0,Fc1cc(cc(F)c1)CC(NC(=O)c1c2c(n(c1)C(=O)NCCCC)cccc2)C(O)C[NH2+]Cc1cc(OC)ccc1,0,0,0,Exmol_based,Generated using exmol-based algorithm
CCCc1cc(CC2C(O)C([NH2+]Cc3cccc(C(C)C)c3)CS(=O)(=O)C2N)ccc1O,0,S1(=O)(=O)CC(Cc2cc(CCC)c(O)cc2)C(O)C([NH2+]Cc2cc(ccc2)C(C)C)C1,0,0,0,Exmol_based,Generated using exmol-based algorithm
CCCc1cc(CC2C(O)C3CS(=O)(=O)C2c2ccc(cc2C(C)C)C[NH2+]3)ccc1O,0,S1(=O)(=O)CC(Cc2cc(CCC)c(O)cc2)C(O)C([NH2+]Cc2cc(ccc2)C(C)C)C1,0,0,0,Exmol_based,Generated using exmol-based algorithm
CCCc1cc(CC2(Br)CS(=O)(=O)CC([NH2+]Cc3cccc(C(C)C)c3)C2O)ccc1O,0,S1(=O)(=O)CC(Cc2cc(CCC)c(O)cc2)C(O)C([NH2+]Cc2cc(ccc2)C(C)C)C1,0,0,0,Exmol_based,Generated using exmol-based algorithm
CC(=O)N[C@H]([CH]O)Cc1cc(F)cc(F)c1.C[NH2+]C(C)(C)c1cccc(C(C)(C)C)c1,0,Fc1cc(cc(F)c1)C[C@H](NC(=O)C)[C@H](O)C[NH2+]C(C)(C)c1cc(ccc1)C(C)(C)C,0,0,0,Exmol_based,Generated using exmol-based algorithm
C.CC(=O)N[C@@H](Cc1cc(F)cc(F)c1)[C@H](O)C[NH2+]C(C)(C)c1cccc(C(C)C)c1,0,Fc1cc(cc(F)c1)C[C@H](NC(=O)C)[C@H](O)C[NH2+]C(C)(C)c1cc(ccc1)C(C)(C)C,0,0,0,Exmol_based,Generated using exmol-based algorithm
CC(=O)N[C@H]1C(c2cc(F)cc(F)c2)CC(C)(c2cccc(C(C)(C)C)c2)[NH2+]C[C@H]1O,0,Fc1cc(cc(F)c1)C[C@H](NC(=O)C)[C@H](O)C[NH2+]C(C)(C)c1cc(ccc1)C(C)(C)C,0,0,0,Exmol_based,Generated using exmol-based algorithm
CN1C(=O)[C@@](c2ccc(OCF)cc2)(c2cccc(OCCC(F)(F)F)c2)N=C1N.F,0,FC(F)(F)CCOc1cc(ccc1)[C@]1(N=C(N)N(C)C1=O)c1ccc(OC(F)F)cc1,0,0,0,Exmol_based,Generated using exmol-based algorithm
CCC(F)(F)F.CN1C(=O)[C@@](c2ccc(OC(F)F)cc2)(c2cccc(O)c2)N=C1N,0,FC(F)(F)CCOc1cc(ccc1)[C@]1(N=C(N)N(C)C1=O)c1ccc(OC(F)F)cc1,0,0,0,Exmol_based,Generated using exmol-based algorithm
CN1C(=O)[C@@](c2ccc(OC(F)F)cc2)(c2cccc(OCCC(F)F)c2)N=C1N.F,0,FC(F)(F)CCOc1cc(ccc1)[C@]1(N=C(N)N(C)C1=O)c1ccc(OC(F)F)cc1,0,0,0,Exmol_based,Generated using exmol-based algorithm
CN(C=O)C(N)=N[C](c1ccc(OC(F)F)cc1)c1cccc(OC(F)F)c1,0,FC(F)Oc1cc(ccc1)[C@]1(N=C(N)N(C)C1=O)c1ccc(OC(F)F)cc1,0,0,0,Exmol_based,Generated using exmol-based algorithm
CN1C(=O)[C@@](c2ccccc2)(c2cccc(OC(F)F)c2)N=C1N.FCF,0,FC(F)Oc1cc(ccc1)[C@]1(N=C(N)N(C)C1=O)c1ccc(OC(F)F)cc1,0,0,0,Exmol_based,Generated using exmol-based algorithm
CNC(N)=N[C](c1ccc(OC(F)F)cc1)c1cccc(OC(F)F)c1.O,0,FC(F)Oc1cc(ccc1)[C@]1(N=C(N)N(C)C1=O)c1ccc(OC(F)F)cc1,0,0,0,Exmol_based,Generated using exmol-based algorithm
CCc1c[nH]c2ccc(PC3CS(=O)(=O)CC([NH2+]Cc4cccc(C(C)(C)C)c4)C3O)cc12,0,S1(=O)(=O)CC(Cc2cc3c([nH]cc3CC)cc2)C(O)C([NH2+]Cc2cc(ccc2)C(C)(C)C)C1,0,0,0,Exmol_based,Generated using exmol-based algorithm
CCc1c[nH]c2ccc(CC3CS(=O)(=O)CC([NH2+]Cc4cccc(C(C)(C)Cl)c4)C3O)cc12,0,S1(=O)(=O)CC(Cc2cc3c([nH]cc3CC)cc2)C(O)C([NH2+]Cc2cc(ccc2)C(C)(C)C)C1,0,0,0,Exmol_based,Generated using exmol-based algorithm
CSc1c[nH]c2ccc(CC3CS(=O)(=O)CC([NH2+]Cc4cccc(C(C)(C)C)c4)C3O)cc12,0,S1(=O)(=O)CC(Cc2cc3c([nH]cc3CC)cc2)C(O)C([NH2+]Cc2cc(ccc2)C(C)(C)C)C1,0,0,0,Exmol_based,Generated using exmol-based algorithm
FC(F)(F)Oc1ccccc1.[NH+]=C(N)N1C=NCCC1.c1ccc(CCC2CC2)cc1,0,FC(F)(F)Oc1ccc(cc1)[C@@]1([NH+]=C(N2C1=NCCC2)N)c1cc(ccc1)CCC1CC1,0,0,0,Exmol_based,Generated using exmol-based algorithm
CCN1C(=NC)[C@@](c2ccc(OC(F)(F)F)cc2)(c2cccc(CCC3CC3)c2)[NH+]=C1N,0,FC(F)(F)Oc1ccc(cc1)[C@@]1([NH+]=C(N2C1=NCCC2)N)c1cc(ccc1)CCC1CC1,0,0,0,Exmol_based,Generated using exmol-based algorithm
NC1=[NH+][C@](c2ccc(OC(F)(F)Cl)cc2)(c2cccc(CCC3CC3)c2)C2=NCCCN21,0,FC(F)(F)Oc1ccc(cc1)[C@@]1([NH+]=C(N2C1=NCCC2)N)c1cc(ccc1)CCC1CC1,0,0,0,Exmol_based,Generated using exmol-based algorithm
C.CC(=O)NC(Cc1cc(F)cc(F)c1)C(O)C[NH2+]C1(c2cccc(C(C)C)c2)CCC(S(C)(=O)=O)CC1,0,S(=O)(=O)(C)C1CCC([NH2+]CC(O)C(NC(=O)C)Cc2cc(F)cc(F)c2)(CC1)c1cc(ccc1)C(C)(C)C,0,0,0,Exmol_based,Generated using exmol-based algorithm
CC(=O)NC(Cc1cccc(F)c1)C(O)C[NH2+]C1(c2cccc(C(C)(C)C)c2)CCC(S(C)(=O)=O)CC1.F,0,S(=O)(=O)(C)C1CCC([NH2+]CC(O)C(NC(=O)C)Cc2cc(F)cc(F)c2)(CC1)c1cc(ccc1)C(C)(C)C,0,0,0,Exmol_based,Generated using exmol-based algorithm
CC(=O)NC(Cc1cc(F)cc(F)c1)C(O)C[NH2+]C1(c2cccc(C(C)(C)C)c2)CCC(S(C)=O)CC1,0,S(=O)(=O)(C)C1CCC([NH2+]CC(O)C(NC(=O)C)Cc2cc(F)cc(F)c2)(CC1)c1cc(ccc1)C(C)(C)C,0,0,0,Exmol_based,Generated using exmol-based algorithm
CC(=O)NC(Cc1cc(F)cc(F)c1)C(O)C[NH2+]C1(c2cccc(C(C)C)c2)CCC(NC=O)CC1,0,Fc1cc(cc(F)c1)CC(NC(=O)C)C(O)C[NH2+]C1(CCC(NC=O)CC1)c1cc(ccc1)C(C)(C)C,0,0,0,Exmol_based,Generated using exmol-based algorithm
CNC1CCC([NH2+]CC(O)C(Cc2cc(F)cc(F)c2)NC(C)=O)(c2cccc(C(C)(C)C)c2)CC1.O,0,Fc1cc(cc(F)c1)CC(NC(=O)C)C(O)C[NH2+]C1(CCC(NC=O)CC1)c1cc(ccc1)C(C)(C)C,0,0,0,Exmol_based,Generated using exmol-based algorithm
CC(=O)NCCc1cc(F)cc(F)c1.C[NH2+]C1(c2cccc(C(C)(C)C)c2)CCC(NC=O)CC1.O,0,Fc1cc(cc(F)c1)CC(NC(=O)C)C(O)C[NH2+]C1(CCC(NC=O)CC1)c1cc(ccc1)C(C)(C)C,0,0,0,Exmol_based,Generated using exmol-based algorithm
CN1C(=O)[C](C2CCCCC2)N=C1N.COCC(=O)Nc1ccccc1,0,O=C1N(C)C(=N[C@]1(C1CCCCC1)c1cc(NC(=O)COC)ccc1)N,0,0,0,Exmol_based,Generated using exmol-based algorithm
CN1C(=O)[C@](c2cccc(NC=O)c2)(C2CCCCC2)N=C1N.CO,0,O=C1N(C)C(=N[C@]1(C1CCCCC1)c1cc(NC(=O)COC)ccc1)N,0,0,0,Exmol_based,Generated using exmol-based algorithm
CCCCC.COCC(=O)Nc1cccc([C]2N=C(N)N(C)C2=O)c1,0,O=C1N(C)C(=N[C@]1(C1CCCCC1)c1cc(NC(=O)COC)ccc1)N,0,0,0,Exmol_based,Generated using exmol-based algorithm
CS(=O)(=O)N(c1ccncc1)c1cccc(C(=O)NC(Cc2ccccc2)C(O)C[NH2+]Cc2cccc(C(F)F)c2)c1.F,0,S(=O)(=O)(N(c1cc(ccc1)C(=O)NC(Cc1ccccc1)C(O)C[NH2+]Cc1cc(ccc1)C(F)(F)F)c1ccncc1)C,0,0,0,Exmol_based,Generated using exmol-based algorithm
CS(=O)(=O)[SH](c1ccncc1)c1cccc(C(=O)NC(Cc2ccccc2)C(O)C[NH2+]Cc2cccc(C(F)(F)F)c2)c1,0,S(=O)(=O)(N(c1cc(ccc1)C(=O)NC(Cc1ccccc1)C(O)C[NH2+]Cc1cc(ccc1)C(F)(F)F)c1ccncc1)C,0,0,0,Exmol_based,Generated using exmol-based algorithm
CS(=O)(=O)N(c1ccncc1)c1cccc(C(=O)NC(Cc2ccccc2)C(O)C[NH2+]Cc2cccc(C(F)(F)S)c2)c1,0,S(=O)(=O)(N(c1cc(ccc1)C(=O)NC(Cc1ccccc1)C(O)C[NH2+]Cc1cc(ccc1)C(F)(F)F)c1ccncc1)C,0,0,0,Exmol_based,Generated using exmol-based algorithm
CCNC(Cc1cc(F)cc(F)c1)C(O)C[NH2+]C1(c2ccn(CC(C)(C)C)n2)CCCCC1.O,0,Fc1cc(cc(F)c1)CC(NC(=O)C)C(O)C[NH2+]C1(CCCCC1)c1nn(cc1)CC(C)(C)C,0,0,0,Exmol_based,Generated using exmol-based algorithm
CC(=O)NC(Cc1cc(F)cc(F)c1)C(O)C[NH2+]C1(c2ccn(CC(C)(C)C)n2)CCCCC1,0,Fc1cc(cc(F)c1)CC(NC(=O)C)C(O)C[NH2+]C1(CCCCC1)c1nn(cc1)CC(C)(C)C,0,0,0,Exmol_based,Generated using exmol-based algorithm
CC(=O)NC(Cc1cc(F)cc(F)c1)C(O)C[NH2+]C1(c2ccn(CC(C)(C)C)n2)CCCCC1,0,Fc1cc(cc(F)c1)CC(NC(=O)C)C(O)C[NH2+]C1(CCCCC1)c1nn(cc1)CC(C)(C)C,0,0,0,Exmol_based,Generated using exmol-based algorithm
CCCN(CC1CC1)C(=O)n1cc(C(=O)NCCc2cc(F)cc(F)c2)c2cccnc21.COc1cccc(C[NH2+]CCO)c1,0,Fc1cc(cc(F)c1)CC(NC(=O)c1c2cccnc2n(c1)C(=O)N(CC1CC1)CCC)C(O)C[NH2+]Cc1cc(OC)ccc1,0,0,0,Exmol_based,Generated using exmol-based algorithm
CCCN(CC1CC1)C(=O)n1cc(C(=O)NC(Cc2cccc(F)c2)C(O)C[NH2+]Cc2cccc(OC)c2)c2cccnc21,0,Fc1cc(cc(F)c1)CC(NC(=O)c1c2cccnc2n(c1)C(=O)N(CC1CC1)CCC)C(O)C[NH2+]Cc1cc(OC)ccc1,0,0,0,Exmol_based,Generated using exmol-based algorithm
CCCN(CC1CC1)C(=O)n1cnccccc(C(=O)NC(Cc2cc(F)cc(F)c2)C(O)C[NH2+]Cc2cccc(OC)c2)c1,0,Fc1cc(cc(F)c1)CC(NC(=O)c1c2cccnc2n(c1)C(=O)N(CC1CC1)CCC)C(O)C[NH2+]Cc1cc(OC)ccc1,0,0,0,Exmol_based,Generated using exmol-based algorithm
COCC(Oc1cc2cc(F)c1N=S1(=O)CC(C2)C(O)C([NH2+]Cc2cccc(OC(F)(F)F)c2)C1)C(F)(F)F,0,S1(=O)CC(Cc2cc(OC(COC)C(F)(F)F)c(N)c(F)c2)C(O)C([NH2+]Cc2cc(OC(F)(F)F)ccc2)C1,0,0,0,Exmol_based,Generated using exmol-based algorithm
COCC(Oc1cc(CC2CS(=O)CC([NH2+]Cc3cccc(OC(F)F)c3)C2O)cc(F)c1N)C(F)(F)F,0,S1(=O)CC(Cc2cc(OC(COC)C(F)(F)F)c(N)c(F)c2)C(O)C([NH2+]Cc2cc(OC(F)(F)F)ccc2)C1,0,0,0,Exmol_based,Generated using exmol-based algorithm
C.CC(Oc1cc(CC2CS(=O)CC([NH2+]Cc3cccc(OC(F)(F)F)c3)C2O)cc(F)c1N)C(F)(F)F,0,S1(=O)CC(Cc2cc(OC(COC)C(F)(F)F)c(N)c(F)c2)C(O)C([NH2+]Cc2cc(OC(F)(F)F)ccc2)C1,0,0,0,Exmol_based,Generated using exmol-based algorithm
CC(=O)NC(Cc1cccc(F)c1)C(O)C[NH2+]C1(c2cccc(C(C)(C)C)c2)CCCC1,0,Fc1cc(cc(F)c1)CC(NC(=O)C)C(O)C[NH2+]C1(CCCC1)c1cc(ccc1)C(C)(C)C,0,0,0,Exmol_based,Generated using exmol-based algorithm
CC(C)(C)c1cccc(C2([NH2+]CC(O)CCc3cc(F)cc(F)c3)CCCC2)c1.CC(N)=O,0,Fc1cc(cc(F)c1)CC(NC(=O)C)C(O)C[NH2+]C1(CCCC1)c1cc(ccc1)C(C)(C)C,0,0,0,Exmol_based,Generated using exmol-based algorithm
CC(=O)NC(Cc1cc(F)cc(F)c1)C(O)C[NH2+]C1(c2cccc(C(C)(C)C)c2)CCOC1,0,Fc1cc(cc(F)c1)CC(NC(=O)C)C(O)C[NH2+]C1(CCCC1)c1cc(ccc1)C(C)(C)C,0,0,0,Exmol_based,Generated using exmol-based algorithm
CCCCC(=P)Oc1ccc(-c2ccc(-c3ccccc3Cl)n2Cc2ccc(NCCCO)c(N)n2)cc1,0,Clc1ccccc1-c1n(Cc2nc(N)c(NCCCO)cc2)c(cc1)-c1ccc(OCCCCC)cc1,0,0,0,Exmol_based,Generated using exmol-based algorithm
CCCCCOc1ccc(-c2ccc(-c3ccccc3Cl)n2Cc2ccc(NCCC)c(N)n2)cc1,0,Clc1ccccc1-c1n(Cc2nc(N)c(NCCCO)cc2)c(cc1)-c1ccc(OCCCCC)cc1,0,0,0,Exmol_based,Generated using exmol-based algorithm
CCCCCOc1ccc(-c2ccc(-c3ncccc3Cl)n2Cc2ccc(NCCCO)c(N)n2)cc1,0,Clc1ccccc1-c1n(Cc2nc(N)c(NCCCO)cc2)c(cc1)-c1ccc(OCCCCC)cc1,0,0,0,Exmol_based,Generated using exmol-based algorithm
CC(C)(C)c1cccc(C[NH2+]C2CS(=O)(=O)CCC2O)c1.CCCc1n[nH]c2ccc(C)cc12,0,S1(=O)(=O)CC(Cc2cc3c([nH]nc3CCC)cc2)C(O)C([NH2+]Cc2cc(ccc2)C(C)(C)C)C1,0,0,0,Exmol_based,Generated using exmol-based algorithm
CCCc1n[nH]c2ccc(CC3CS(=O)(=O)CC([NH2+]Cc4cccc(C(C)(C)C)c4)C3O)cc12,0,S1(=O)(=O)CC(Cc2cc3c([nH]nc3CCC)cc2)C(O)C([NH2+]Cc2cc(ccc2)C(C)(C)C)C1,0,0,0,Exmol_based,Generated using exmol-based algorithm
CCCc1n[nH]c2ccc(CC3CS(=O)(=O)CC([NH2+]Cc4cccc(C(C)(C)C#N)c4)C3O)cc12,0,S1(=O)(=O)CC(Cc2cc3c([nH]nc3CCC)cc2)C(O)C([NH2+]Cc2cc(ccc2)C(C)(C)C)C1,0,0,0,Exmol_based,Generated using exmol-based algorithm
CC(=O)NC(Cc1cc(F)cc(F)c1)C(F)C[NH2+]C1(c2cc(I)cc(C(C)(C)C)c2)CCCCC1,0,Ic1cc(cc(c1)C(C)(C)C)C1([NH2+]CC(O)C(NC(=O)C)Cc2cc(F)cc(F)c2)CCCCC1,0,0,0,Exmol_based,Generated using exmol-based algorithm
CC(=O)NC(Cc1cc(F)cc(F)c1)C(O)C[NH2+]C1(c2cc(I)cc(C(C)C)c2)CCCCC1,0,Ic1cc(cc(c1)C(C)(C)C)C1([NH2+]CC(O)C(NC(=O)C)Cc2cc(F)cc(F)c2)CCCCC1,0,0,0,Exmol_based,Generated using exmol-based algorithm
CC(=O)NC(Cc1cc(F)cc(F)c1)C(S)C[NH2+]C1(c2cc(I)cc(C(C)(C)C)c2)CCCCC1,0,Ic1cc(cc(c1)C(C)(C)C)C1([NH2+]CC(O)C(NC(=O)C)Cc2cc(F)cc(F)c2)CCCCC1,0,0,0,Exmol_based,Generated using exmol-based algorithm
COc1ccc2ccn(CC(=O)NC(=[NH2+])NCc3cc(Cl)c(NC(C)=O)c(Cl)c3)c2c1,0,Clc1cc(cc(Cl)c1NC(=O)C)CNC(=[NH2+])NC(=O)Cn1c2cc(OC)ccc2cc1,0,0,0,Exmol_based,Generated using exmol-based algorithm
CC(=O)Nc1c(Cl)cc(CNC(=[NH2+])NC(=O)Cn2ccc3ccc(O)cc32)cc1Cl,0,Clc1cc(cc(Cl)c1NC(=O)C)CNC(=[NH2+])NC(=O)Cn1c2cc(OC)ccc2cc1,0,0,0,Exmol_based,Generated using exmol-based algorithm
CC(=O)Nc1c(Cl)cc(CNC(=[NH2+])NC(=O)Cn2ccc3ccc(OC=S)cc32)cc1Cl,0,Clc1cc(cc(Cl)c1NC(=O)C)CNC(=[NH2+])NC(=O)Cn1c2cc(OC)ccc2cc1,0,0,0,Exmol_based,Generated using exmol-based algorithm
COCC(Oc1cc(CC2CS(=O)CC([NH2+]Cc3cc(C(C)(C)C)ccn3)C2O)cc(F)c1N)C(F)(F)S,0,S1(=O)CC(Cc2cc(OC(COC)C(F)(F)F)c(N)c(F)c2)C(O)C([NH2+]Cc2nccc(c2)C(C)(C)C)C1,0,0,0,Exmol_based,Generated using exmol-based algorithm
COCC(Oc1cc(CCC(O)C(C[SH]=O)[NH2+]Cc2cc(C(C)(C)C)ccn2)cc(F)c1N)C(F)(F)F,0,S1(=O)CC(Cc2cc(OC(COC)C(F)(F)F)c(N)c(F)c2)C(O)C([NH2+]Cc2nccc(c2)C(C)(C)C)C1,0,0,0,Exmol_based,Generated using exmol-based algorithm
COCC(Oc1cc(F)cc(CC2CS(=O)CC([NH2+]Cc3cc(C(C)(C)C)ccn3)C2O)c1)C(F)(F)F.N,0,S1(=O)CC(Cc2cc(OC(COC)C(F)(F)F)c(N)c(F)c2)C(O)C([NH2+]Cc2nccc(c2)C(C)(C)C)C1,0,0,0,Exmol_based,Generated using exmol-based algorithm
CC(=O)N[C@@H](Cc1cc(F)cc(F)c1)[C@H](O)C[NH2+]C1(c2cccc(C(C)(C)P(F)F)c2)CC1,0,Fc1cc(cc(F)c1)C[C@H](NC(=O)C)[C@H](O)C[NH2+]C1(CC1)c1cc(ccc1)C(C(F)F)(C)C,0,0,0,Exmol_based,Generated using exmol-based algorithm
C[PH](=O)N[C@@H](Cc1cc(F)cc(F)c1)[C@H](O)C[NH2+]C1(c2cccc(C(C)(C)C(F)F)c2)CC1,0,Fc1cc(cc(F)c1)C[C@H](NC(=O)C)[C@H](O)C[NH2+]C1(CC1)c1cc(ccc1)C(C(F)F)(C)C,0,0,0,Exmol_based,Generated using exmol-based algorithm
CC(=P)N[C@@H](Cc1cc(F)cc(F)c1)[C@H](O)C[NH2+]C1(c2cccc(C(C)(C)C(F)F)c2)CC1,0,Fc1cc(cc(F)c1)C[C@H](NC(=O)C)[C@H](O)C[NH2+]C1(CC1)c1cc(ccc1)C(C(F)F)(C)C,0,0,0,Exmol_based,Generated using exmol-based algorithm
Cc1ccc(C(=O)Nc2ccc(OC(C)(C)CC3N=C(N)N(C)C3=O)cc2)o1,0,O1c2c(cc(NC(=O)c3oc(cc3)C)cc2)C2(N=C(N)N(C)C2=O)CC1(C)C,0,0,0,Exmol_based,Generated using exmol-based algorithm
Cc1ccc(C(=O)Nc2ccc3c(c2)C2(CC(C)O3)N=C(N)N(C)C2=O)o1,0,O1c2c(cc(NC(=O)c3oc(cc3)C)cc2)C2(N=C(N)N(C)C2=O)CC1(C)C,0,0,0,Exmol_based,Generated using exmol-based algorithm
CN1C(=O)C2(CC(C)(C)Oc3ccc(NC=O)cc32)N=C1N.Cc1ccco1,0,O1c2c(cc(NC(=O)c3oc(cc3)C)cc2)C2(N=C(N)N(C)C2=O)CC1(C)C,0,0,0,Exmol_based,Generated using exmol-based algorithm
COC(=O)NN1CCC([NH2+]CC(O)C(Cc2cc(F)cc(F)c2)NC(C)=O)(c2cccc(C(C)(C)C)c2)CC1,0,Fc1cc(cc(F)c1)CC(NC(=O)C)C(O)C[NH2+]C1(CCC(NC(OC)=O)CC1)c1cc(ccc1)C(C)(C)C,0,0,0,Exmol_based,Generated using exmol-based algorithm
COC(=O)NC1CCC2(CC1)[NH2+]CC(O)C(Cc1cc(F)cc(F)c1)NC(=O)C#CC(C)(C)c1cccc2c1,0,Fc1cc(cc(F)c1)CC(NC(=O)C)C(O)C[NH2+]C1(CCC(NC(OC)=O)CC1)c1cc(ccc1)C(C)(C)C,0,0,0,Exmol_based,Generated using exmol-based algorithm
CC(=O)NC(Cc1cc(F)cc(F)c1)C(O)C[NH2+]C1(c2cccc(C(C)(C)C)c2)CCC(NC(=O)ON)CC1,0,Fc1cc(cc(F)c1)CC(NC(=O)C)C(O)C[NH2+]C1(CCC(NC(OC)=O)CC1)c1cc(ccc1)C(C)(C)C,0,0,0,Exmol_based,Generated using exmol-based algorithm
CC(=O)NC(Cc1cc(F)cc(F)c1)C(O)C[NH2+]C1(c2cccc(C(C)(C)C#P)c2)CCC(N(O)C(C)=O)CC1,0,Fc1cc(cc(F)c1)CC(NC(=O)C)C(O)C[NH2+]C1(CCC(N(O)C(=O)C)CC1)c1cc(ccc1)C(C)(C)C,0,0,0,Exmol_based,Generated using exmol-based algorithm
CC(=O)NC(Cc1cc(F)cc(F)c1)C(O)C[NH2+]C1(c2cccc(C(C)(C)C)c2)CCC(N(O)C(C)=O)PC1,0,Fc1cc(cc(F)c1)CC(NC(=O)C)C(O)C[NH2+]C1(CCC(N(O)C(=O)C)CC1)c1cc(ccc1)C(C)(C)C,0,0,0,Exmol_based,Generated using exmol-based algorithm
CC(=O)N(O)C1CCC([NH2+]CC(O)C(Cc2cc(F)cc(F)c2)NC(=O)S)(c2cccc(C(C)(C)C)c2)CC1,0,Fc1cc(cc(F)c1)CC(NC(=O)C)C(O)C[NH2+]C1(CCC(N(O)C(=O)C)CC1)c1cc(ccc1)C(C)(C)C,0,0,0,Exmol_based,Generated using exmol-based algorithm
COC(COCc1ccccc1)CC(O)C(COc1cc(F)cc(F)c1)NC(=O)c1cc(C(=O)NC(C)c2ccccc2)cc(N(C)S(C)=O)c1.O,0,S(=O)(=O)(N(C)c1cc(cc(c1)C(=O)NC(C(O)CC(OC)COCc1ccccc1)COc1cc(F)cc(F)c1)C(=O)NC(C)c1ccccc1)C,0,0,0,Exmol_based,Generated using exmol-based algorithm
COC(COCc1ccccc1)CC(O)CNC(=O)c1cc(C(=O)NC(C)c2ccccc2)cc(N(C)S(C)(=O)=O)c1.COc1cc(F)cc(F)c1,0,S(=O)(=O)(N(C)c1cc(cc(c1)C(=O)NC(C(O)CC(OC)COCc1ccccc1)COc1cc(F)cc(F)c1)C(=O)NC(C)c1ccccc1)C,0,0,0,Exmol_based,Generated using exmol-based algorithm
COC(COCc1ccccc1)CC(O)C(COc1cc(F)cc(F)c1)NC(=O)c1cc(C(=O)NC(C)c2ccccc2Br)cc(N(C)S(C)(=O)=O)c1,0,S(=O)(=O)(N(C)c1cc(cc(c1)C(=O)NC(C(O)CC(OC)COCc1ccccc1)COc1cc(F)cc(F)c1)C(=O)NC(C)c1ccccc1)C,0,0,0,Exmol_based,Generated using exmol-based algorithm
CN1C(=O)C(c2ccnnc2)(c2cccc(-c3ccsc3)c2)N=C1N,0,s1cc(cc1)-c1cc(ccc1)C1(N=C(N)N(C)C1=O)c1ccncc1,0,0,0,Exmol_based,Generated using exmol-based algorithm
CN1C(=O)C(c2cccc(-c3ccsc3)c2)(c2ccncn2)N=C1N,0,s1cc(cc1)-c1cc(ccc1)C1(N=C(N)N(C)C1=O)c1ccncc1,0,0,0,Exmol_based,Generated using exmol-based algorithm
CN1C(=O)C(c2ccncc2)(c2cccc(-c3ccsc3)c2)N=C1Cl,0,s1cc(cc1)-c1cc(ccc1)C1(N=C(N)N(C)C1=O)c1ccncc1,0,0,0,Exmol_based,Generated using exmol-based algorithm
CCCN(CCC)C(=O)n1cc(C(=O)NC(CO)Cc2ccccc2)c2ccccc21.COc1cccc(C[NH2+])c1,0,O(C)c1cc(ccc1)C[NH2+]CC(O)C(NC(=O)c1c2c(n(c1)C(=O)N(CCC)CCC)cccc2)Cc1ccccc1,0,0,0,Exmol_based,Generated using exmol-based algorithm
C.CCCN(CC)C(=O)n1cc(C(=O)NC(Cc2ccccc2)C(O)C[NH2+]Cc2cccc(OC)c2)c2ccccc21,0,O(C)c1cc(ccc1)C[NH2+]CC(O)C(NC(=O)c1c2c(n(c1)C(=O)N(CCC)CCC)cccc2)Cc1ccccc1,0,0,0,Exmol_based,Generated using exmol-based algorithm
CCCN(CCC)C(=O)n1ccccccc(C(=O)NC(Cc2ccccc2)C(O)C[NH2+]Cc2cccc(OC)c2)c1,0,O(C)c1cc(ccc1)C[NH2+]CC(O)C(NC(=O)c1c2c(n(c1)C(=O)N(CCC)CCC)cccc2)Cc1ccccc1,0,0,0,Exmol_based,Generated using exmol-based algorithm
CC(C)SC(NC(=O)C(CCC1COCc2cccc(c2)C(c2ccccc2)NC(=O)c2cc(cc(N(C)S(C)(=O)=O)c2)C(=O)N1)C(C)C)C(=O)NCc1ccccc1,0,S(C(C)C)C(NC(=O)C(C(C)C)CC(O)C1NC(=O)c2cc(N(S(=O)(=O)C)C)cc(c2)C(=O)NC(c2cc(COC1)ccc2)c1ccccc1)C(=O)NCc1ccccc1,0,0,0,Exmol_based,Generated using exmol-based algorithm
CC(C)SC(NC(=O)C(CC(O)CCOCc1cccc(C(NC(=O)c2cc(C(N)=O)cc(N(C)S(C)(=O)=O)c2)c2ccccc2)c1)C(C)C)C(=O)NCc1ccccc1,0,S(C(C)C)C(NC(=O)C(C(C)C)CC(O)C1NC(=O)c2cc(N(S(=O)(=O)C)C)cc(c2)C(=O)NC(c2cc(COC1)ccc2)c1ccccc1)C(=O)NCc1ccccc1,0,0,0,Exmol_based,Generated using exmol-based algorithm
CC(C)SC(NC(=O)C(CC(O)C1COCc2cccc(c2)C(c2ccccc2)NC(=O)c2cc(cc(N(C)S(C)(=O)=O)c2)C(=O)O1)C(C)C)C(=O)NCc1ccccc1,0,S(C(C)C)C(NC(=O)C(C(C)C)CC(O)C1NC(=O)c2cc(N(S(=O)(=O)C)C)cc(c2)C(=O)NC(c2cc(COC1)ccc2)c1ccccc1)C(=O)NCc1ccccc1,0,0,0,Exmol_based,Generated using exmol-based algorithm
NC1=NC(c2cccc(-c3cncnc3)c2)(c2ccnc(C(F)(F)F)c2)c2c(F)ccc(F)c21,0,Fc1c2c(ccc1)C(N=C2N)(c1cc(ccc1)-c1cncnc1)c1cc(ncc1)C(F)(F)F,0,0,0,Exmol_based,Generated using exmol-based algorithm
N=C(N)c1c(F)cccc1C(c1cccc(-c2cncnc2)c1)c1ccnc(C(F)(F)F)c1,0,Fc1c2c(ccc1)C(N=C2N)(c1cc(ccc1)-c1cncnc1)c1cc(ncc1)C(F)(F)F,0,0,0,Exmol_based,Generated using exmol-based algorithm
F.NC1=NC(c2cccc(-c3cncnc3)c2)(c2ccnc(C(F)(F)F)c2)c2ccccc21,0,Fc1c2c(ccc1)C(N=C2N)(c1cc(ccc1)-c1cncnc1)c1cc(ncc1)C(F)(F)F,0,0,0,Exmol_based,Generated using exmol-based algorithm
COc1c2ccc(C[NH2+]C[C@H](O)[C@H](Cc3cc(F)cc(F)c3)NC(=O)c3cc(/C(C)=N/OCC(C)C)cc(N(c4ccccc4)S(C)(=O)=O)c3)c1-2,0,S(=O)(=O)(N(c1cc(cc(c1)/C(=N/OCC(C)C)/C)C(=O)N[C@H]([C@@H](O)C[NH2+]Cc1cc(OC)ccc1)Cc1cc(F)cc(F)c1)c1ccccc1)C,0,0,0,Exmol_based,Generated using exmol-based algorithm
COc1cccc(C[NH2+]C[C@H](O)[C@H](Cc2cc(F)cc(F)c2)NC(=O)c2cc(/C(C)=N/OCC(C)C)cc(N(c3ccccc3)S(C)(=O)=O)c2)c1,0,S(=O)(=O)(N(c1cc(cc(c1)/C(=N/OCC(C)C)/C)C(=O)N[C@H]([C@@H](O)C[NH2+]Cc1cc(OC)ccc1)Cc1cc(F)cc(F)c1)c1ccccc1)C,0,0,0,Exmol_based,Generated using exmol-based algorithm
COc1cccc(C[NH2+]C[C@H](O)[C@H](Cc2cc(F)cc(F)c2)NC(=O)c2cc(/C(C)=N/OCC(C)C)cc(N(c3ccccc3)S(C)(=O)=O)c2)n1,0,S(=O)(=O)(N(c1cc(cc(c1)/C(=N/OCC(C)C)/C)C(=O)N[C@H]([C@@H](O)C[NH2+]Cc1cc(OC)ccc1)Cc1cc(F)cc(F)c1)c1ccccc1)C,0,0,0,Exmol_based,Generated using exmol-based algorithm
CCCCC[NH2+]CC(O)C(Cc1ccccc1)NC(=O)c1cccc(N(c2ccccc2)S(C)(=O)=O)c1,0,S(=O)(=O)(N(c1cc(ccc1)C(=O)NC(Cc1ccccc1)C(O)C[NH2+]C1CCCCC1)c1ccccc1)C,0,0,0,Exmol_based,Generated using exmol-based algorithm
CS(=O)(=O)N(c1ccccc1)c1cccc(C(=O)NC(Cc2ccccn2)C(O)C[NH2+]C2CCCCC2)c1,0,S(=O)(=O)(N(c1cc(ccc1)C(=O)NC(Cc1ccccc1)C(O)C[NH2+]C1CCCCC1)c1ccccc1)C,0,0,0,Exmol_based,Generated using exmol-based algorithm
CS(=O)(=O)N(c1ccccc1)c1cccc(C(=O)NC2C(c3ccccc3)=C3CCCCC3[NH2+]CC2O)c1,0,S(=O)(=O)(N(c1cc(ccc1)C(=O)NC(Cc1ccccc1)C(O)C[NH2+]C1CCCCC1)c1ccccc1)C,0,0,0,Exmol_based,Generated using exmol-based algorithm
CCc1cn2c3c(cc(C(=O)NC([CH]O)Cc4ccccc4)cc13)OS(=O)(=O)CC2.[NH2+]C1CC1,0,S1(Oc2cc(cc3c2n(cc3CC)CC1)C(=O)NC([C@H](O)C[NH2+]C1CC1)Cc1ccccc1)(=O)=O,0,0,0,Exmol_based,Generated using exmol-based algorithm
CC.CCc1cn2c3c(cc(C(=O)NC(Cc4ccccc4)[C@H](O)C[NH2+])cc13)OS(=O)(=O)CC2,0,S1(Oc2cc(cc3c2n(cc3CC)CC1)C(=O)NC([C@H](O)C[NH2+]C1CC1)Cc1ccccc1)(=O)=O,0,0,0,Exmol_based,Generated using exmol-based algorithm
CCc1cn2c3c(cc(C(=O)NC(Cc4ccccc4)[C@H](O)C[NH2+]C4CC4)cc13)OS(=O)CC2.O,0,S1(Oc2cc(cc3c2n(cc3CC)CC1)C(=O)NC([C@H](O)C[NH2+]C1CC1)Cc1ccccc1)(=O)=O,0,0,0,Exmol_based,Generated using exmol-based algorithm
COc1cccc(C2(c3cccc(-c4cccnc4)c3)N=C(N)N(C)C2=O)c1,0,O1c2cc(ccc2OC1)C1(N=C(N)N(C)C1=O)c1cc(ccc1)-c1cccnc1,0,0,0,Exmol_based,Generated using exmol-based algorithm
CN(C=O)C(=N)N.c1ccc(-c2cccnc2)cc1.c1ccc2c(c1)OCO2,0,O1c2cc(ccc2OC1)C1(N=C(N)N(C)C1=O)c1cc(ccc1)-c1cccnc1,0,0,0,Exmol_based,Generated using exmol-based algorithm
CN1C=NC(c2cccc(-c3cccnc3)c2)(c2ccc3c(c2)OCO3)C1=O,0,O1c2cc(ccc2OC1)C1(N=C(N)N(C)C1=O)c1cc(ccc1)-c1cccnc1,0,0,0,Exmol_based,Generated using exmol-based algorithm
CN1C(=O)C(c2ccncc2)(c2cccc(-c3cccc(C(F)(F)F)c3)c2)N=C1N,0,FC(F)(F)c1cc(ccc1)-c1cc(ccc1)C1(N=C(N)N(C)C1=O)c1ccncc1,0,0,0,Exmol_based,Generated using exmol-based algorithm
CN(CN)C(=O)C(c1ccncc1)c1cccc(-c2cccc(C(F)(F)F)c2)c1,0,FC(F)(F)c1cc(ccc1)-c1cc(ccc1)C1(N=C(N)N(C)C1=O)c1ccncc1,0,0,0,Exmol_based,Generated using exmol-based algorithm
C.NC=NC(C=O)(c1ccncc1)c1cccc(-c2cccc(C(F)(F)F)c2)c1,0,FC(F)(F)c1cc(ccc1)-c1cc(ccc1)C1(N=C(N)N(C)C1=O)c1ccncc1,0,0,0,Exmol_based,Generated using exmol-based algorithm
CCCCC(C)([NH2+]CC(O)C(Cc1cc(F)cc(F)c1)NC(C)=O)c1cccc(N2CCCCC2=O)c1,0,Fc1cc(cc(F)c1)CC(NC(=O)C)C(O)C[NH2+]C1(CCCCC1)c1cc(N2CCCCC2=O)ccc1,0,0,0,Exmol_based,Generated using exmol-based algorithm
CC(=O)NC(CC[NH2+]C1(c2cccc(N3CCCCC3=O)c2)CCCCC1)Cc1cc(F)cc(F)c1,0,Fc1cc(cc(F)c1)CC(NC(=O)C)C(O)C[NH2+]C1(CCCCC1)c1cc(N2CCCCC2=O)ccc1,0,0,0,Exmol_based,Generated using exmol-based algorithm
CC(=O)NC(Cc1cc(F)cc(F)c1)C(O)C[NH2+]C12CCC(CC1)c1ccc(N3CCCCC3=O)cc12,0,Fc1cc(cc(F)c1)CC(NC(=O)C)C(O)C[NH2+]C1(CCCCC1)c1cc(N2CCCCC2=O)ccc1,0,0,0,Exmol_based,Generated using exmol-based algorithm
N#Cc1cncc(-c2cccc(C3(c4ccnc(C(F)(F)F)c4)N=C(N)c4c(Cl)cccc43)c2)c1,0,Fc1c2c(ccc1)C(N=C2N)(c1cc(ccc1)-c1cc(cnc1)C#N)c1cc(ncc1)C(F)(F)F,0,0,0,Exmol_based,Generated using exmol-based algorithm
CC(F)(F)c1cc(C2(c3cccc(-c4cncc(C#N)c4)c3)N=C(N)c3c(F)cccc32)ccn1,0,Fc1c2c(ccc1)C(N=C2N)(c1cc(ccc1)-c1cc(cnc1)C#N)c1cc(ncc1)C(F)(F)F,0,0,0,Exmol_based,Generated using exmol-based algorithm
N.N#Cc1cncc(-c2cccc(C(N)(c3cccc(F)c3)c3ccnc(C(F)(F)F)c3)c2)c1,0,Fc1c2c(ccc1)C(N=C2N)(c1cc(ccc1)-c1cc(cnc1)C#N)c1cc(ncc1)C(F)(F)F,0,0,0,Exmol_based,Generated using exmol-based algorithm
CC(=O)NC(Cc1cc(F)cc(F)c1)C(O)C[NH2+]C12CCCCC1c1ccc(C(C)(C)CO)cc12,0,Fc1cc(cc(F)c1)CC(NC(=O)C)C(O)C[NH2+]C1(CCCCC1)c1cc(ccc1)C(CO)(C)C,0,0,0,Exmol_based,Generated using exmol-based algorithm
CC(C)(CO)c1cccc(C2([NH2+]CC(O)C(N)Cc3cc(F)cc(F)c3)CCCCC2)c1.CC=O,0,Fc1cc(cc(F)c1)CC(NC(=O)C)C(O)C[NH2+]C1(CCCCC1)c1cc(ccc1)C(CO)(C)C,0,0,0,Exmol_based,Generated using exmol-based algorithm
CC(=O)NC(Cc1cc(F)cc(F)c1)C(O)C[NH2+]C1(c2ccnc(C(C)(C)CO)c2)CCCCC1,0,Fc1cc(cc(F)c1)CC(NC(=O)C)C(O)C[NH2+]C1(CCCCC1)c1cc(ccc1)C(CO)(C)C,0,0,0,Exmol_based,Generated using exmol-based algorithm
C#Cc1cc2ccc1-c1cc(OC(F)F)ccc1[C@@]21N=C(N)N(C)C1=O,0,FC(F)Oc1ccc(cc1)[C@@]1(N=C(N)N(C)C1=O)c1cc(ccc1)C#C,0,0,0,Exmol_based,Generated using exmol-based algorithm
C#Cc1cccc([C@@]2(c3ccc(OC(F)Br)cc3)N=C(N)N(C)C2=O)c1,0,FC(F)Oc1ccc(cc1)[C@@]1(N=C(N)N(C)C1=O)c1cc(ccc1)C#C,0,0,0,Exmol_based,Generated using exmol-based algorithm
C#Cc1cccc([C@]2(c3ccc(OC(F)F)cc3)CN(C)C(N)=N2)c1.O,0,FC(F)Oc1ccc(cc1)[C@@]1(N=C(N)N(C)C1=O)c1cc(ccc1)C#C,0,0,0,Exmol_based,Generated using exmol-based algorithm
CCN1C(=O)C2(CC(C)(C)Oc3ccccc32)N=C1N.Clc1ccccc1,0,Clc1cc(ccc1)-c1cc2c(OC(CC23N=C(N)N(CC)C3=O)(C)C)cc1,0,0,0,Exmol_based,Generated using exmol-based algorithm
CCN1C(=O)C2(CC(C)(C)Oc3ccc(-c4cccc(Cl)p4)cc32)N=C1N,0,Clc1cc(ccc1)-c1cc2c(OC(CC23N=C(N)N(CC)C3=O)(C)C)cc1,0,0,0,Exmol_based,Generated using exmol-based algorithm
CCN(C(=N)N)C(=O)C1CC(C)(C)Oc2ccc(-c3cccc(Cl)c3)cc21,0,Clc1cc(ccc1)-c1cc2c(OC(CC23N=C(N)N(CC)C3=O)(C)C)cc1,0,0,0,Exmol_based,Generated using exmol-based algorithm
NC1=NC(c2ccncc2)(c2cccc(-c3cnccc3P)c2)C2=NCCCN12,0,n1cc(ccc1)-c1cc(ccc1)C1(N=C(N2C1=NCCC2)N)c1ccncc1,0,0,0,Exmol_based,Generated using exmol-based algorithm
CCCN1C(=N)C(c2ccncc2)(c2cccc(-c3cccnc3)c2)N=C1N,0,n1cc(ccc1)-c1cc(ccc1)C1(N=C(N2C1=NCCC2)N)c1ccncc1,0,0,0,Exmol_based,Generated using exmol-based algorithm
NC1=NC(c2ccncc2)(c2cccc(-c3cc4cnc3=4)c2)C2=NCCCN12,0,n1cc(ccc1)-c1cc(ccc1)C1(N=C(N2C1=NCCC2)N)c1ccncc1,0,0,0,Exmol_based,Generated using exmol-based algorithm
CC(=O)NC(CO)Cc1cc(F)cc(F)c1.[NH2+]C1(c2cccc(-n3cccn3)c2)CCCOC1,0,Fc1cc(cc(F)c1)CC(NC(=O)C)C(O)C[NH2+]C1(CCCOC1)c1cc(-n2nccc2)ccc1,0,0,0,Exmol_based,Generated using exmol-based algorithm
CC(=O)NC(Cc1cc(F)cc(F)c1)C(O)C[NH2+]C1(c2cccc(-n3nccc3N)c2)CCCOC1,0,Fc1cc(cc(F)c1)CC(NC(=O)C)C(O)C[NH2+]C1(CCCOC1)c1cc(-n2nccc2)ccc1,0,0,0,Exmol_based,Generated using exmol-based algorithm
CC(=O)NC(Cc1cc(F)cc(F)c1)C(O)C[NH2+]C1(c2cccc(-n3cccn3)c2)CCC(Br)OC1,0,Fc1cc(cc(F)c1)CC(NC(=O)C)C(O)C[NH2+]C1(CCCOC1)c1cc(-n2nccc2)ccc1,0,0,0,Exmol_based,Generated using exmol-based algorithm
COc1ccc(C(C(=O)N(C)CN)C23CC4CC(CC(C4)C2)C3)cc1OC,0,O(C)c1cc(ccc1OC)C1(N=C(N)N(C)C1=O)C12CC3CC(C1)CC(C2)C3,0,0,0,Exmol_based,Generated using exmol-based algorithm
COc1ccc(C2(C34CCCC(CC(C)C3)C4)N=C(N)N(C)C2=O)cc1OC,0,O(C)c1cc(ccc1OC)C1(N=C(N)N(C)C1=O)C12CC3CC(C1)CC(C2)C3,0,0,0,Exmol_based,Generated using exmol-based algorithm
COc1ccc(C2(C34CC5CC(CC(C5)C3)C4)N=CN(C)C2=O)cc1OC,0,O(C)c1cc(ccc1OC)C1(N=C(N)N(C)C1=O)C12CC3CC(C1)CC(C2)C3,0,0,0,Exmol_based,Generated using exmol-based algorithm
C=CCCNC(=O)c1cc(C(=O)NC(COC)C(O)C[NH2+]Cc2ccccc2)cc(N(C)S(C)(=O)=O)c1,0,S(=O)(=O)(N(C)c1cc2cc(c1)C(=O)NCC\C=C\COCC(NC2=O)C(O)C[NH2+]Cc1ccccc1)C,0,0,0,Exmol_based,Generated using exmol-based algorithm
CN(c1cc2cc(c1)C(=O)NC(C(O)C[NH2+]Cc1ccccc1)COC/C=C/CCNC2=O)S(=O)(=O)Cl,0,S(=O)(=O)(N(C)c1cc2cc(c1)C(=O)NCC\C=C\COCC(NC2=O)C(O)C[NH2+]Cc1ccccc1)C,0,0,0,Exmol_based,Generated using exmol-based algorithm
CS(=O)(=O)N(P)c1cc2cc(c1)C(=O)NC(C(O)C[NH2+]Cc1ccccc1)COC/C=C/CCNC2=O,0,S(=O)(=O)(N(C)c1cc2cc(c1)C(=O)NCC\C=C\COCC(NC2=O)C(O)C[NH2+]Cc1ccccc1)C,0,0,0,Exmol_based,Generated using exmol-based algorithm
CNS(=O)(=O)N(c1cccc(F)c1)C1(C)CC[NH+](Cc2ccc(O)cc2)C(C)C1,0,S1(=O)(=O)N(C2(CC([NH+](CC2)Cc2ccc(O)cc2)C)CN1C)c1cc(F)ccc1,0,0,0,Exmol_based,Generated using exmol-based algorithm
CC1CC2(CC[NH+]1Cc1ccc(O)cc1)CN(C)S(=O)(=O)N2c1cccc(P)c1,0,S1(=O)(=O)N(C2(CC([NH+](CC2)Cc2ccc(O)cc2)C)CN1C)c1cc(F)ccc1,0,0,0,Exmol_based,Generated using exmol-based algorithm
C.CC1CC(C)(N(c2cccc(F)c2)[SH](=O)=O)CC[NH+]1Cc1ccc(O)cc1,0,S1(=O)(=O)N(C2(CC([NH+](CC2)Cc2ccc(O)cc2)C)CN1C)c1cc(F)ccc1,0,0,0,Exmol_based,Generated using exmol-based algorithm
COc1ccc(C2(c3cccc(-c4cncnc4)c3)N=C(C)C(N)=N2)pc1,0,O(C)c1ccc(cc1)C1(N=C(C)C(=N1)N)c1cc(ccc1)-c1cncnc1,0,0,0,Exmol_based,Generated using exmol-based algorithm
COc1ccc(C2(c3cccc(-c4cncnc4)c3)N=C(C)C(N)=N2)cc1,0,O(C)c1ccc(cc1)C1(N=C(C)C(=N1)N)c1cc(ccc1)-c1cncnc1,0,0,0,Exmol_based,Generated using exmol-based algorithm
CCC(N)=NC(c1ccc(OC)cc1)c1cccc(-c2cncnc2)c1,0,O(C)c1ccc(cc1)C1(N=C(C)C(=N1)N)c1cc(ccc1)-c1cncnc1,0,0,0,Exmol_based,Generated using exmol-based algorithm
CCCC(CC)c1ccc2c(c1)C1(CC(C)(C)O2)N=C(N)N(C)C1=O,0,O1c2c(cc(cc2)C2CCCCC2)C2(N=C(N)N(C)C2=O)CC1(C)C,0,0,0,Exmol_based,Generated using exmol-based algorithm
CCCCC(C)c1ccc2c(c1)C1(CC(C)(C)O2)N=C(N)N(C)C1=O,0,O1c2c(cc(cc2)C2CCCCC2)C2(N=C(N)N(C)C2=O)CC1(C)C,0,0,0,Exmol_based,Generated using exmol-based algorithm
CN1C(=O)C2(CC(C)(C)Oc3ccc(C4CCCCC4)cc32)N=C1N,0,O1c2c(cc(cc2)C2CCCCC2)C2(N=C(N)N(C)C2=O)CC1(C)C,0,0,0,Exmol_based,Generated using exmol-based algorithm
CCc1cc(C(C(=O)N(C)C(=N)N)C23CC4CC(CC(C4)C2)C3)ccc1OC,0,O(C)c1ccc(cc1CC)C1(N=C(N)N(C)C1=O)C12CC3CC(C1)CC(C2)C3,0,0,0,Exmol_based,Generated using exmol-based algorithm
CCc1cc(C2(C3(C)CC4CCCC(C4)C3)N=C(N)N(C)C2=O)ccc1OC,0,O(C)c1ccc(cc1CC)C1(N=C(N)N(C)C1=O)C12CC3CC(C1)CC(C2)C3,0,0,0,Exmol_based,Generated using exmol-based algorithm
CCc1cc(C2(C34CC5CC(C3)C(=N)C(C5)C4)N=C(N)N(C)C2=O)ccc1OC,0,O(C)c1ccc(cc1CC)C1(N=C(N)N(C)C1=O)C12CC3CC(C1)CC(C2)C3,0,0,0,Exmol_based,Generated using exmol-based algorithm
Cl.Nc1cccc(Cn2c(-c3ccccc3)ccc2-c2ccc(Oc3nccs3)cc2)n1,0,Clc1ccccc1-c1n(Cc2nc(N)ccc2)c(cc1)-c1ccc(Oc2sccn2)cc1,0,0,0,Exmol_based,Generated using exmol-based algorithm
Nc1ccc(Br)c(Cn2c(-c3ccc(Oc4nccs4)cc3)ccc2-c2ccccc2Cl)n1,0,Clc1ccccc1-c1n(Cc2nc(N)ccc2)c(cc1)-c1ccc(Oc2sccn2)cc1,0,0,0,Exmol_based,Generated using exmol-based algorithm
Nc1cccc(Cn2c(-c3ccc(Oc4ncns4)cc3)ccc2-c2ccccc2Cl)n1,0,Clc1ccccc1-c1n(Cc2nc(N)ccc2)c(cc1)-c1ccc(Oc2sccn2)cc1,0,0,0,Exmol_based,Generated using exmol-based algorithm
CS(=O)(=O)N(c1cccc(C(=O)NC(Cc2ccccc2)C(O)(S)C[NH2+]Cc2cccc(C(F)(F)F)c2)c1)c1ccccn1,0,S(=O)(=O)(N(c1cc(ccc1)C(=O)NC(Cc1ccccc1)C(O)C[NH2+]Cc1cc(ccc1)C(F)(F)F)c1ncccc1)C,0,0,0,Exmol_based,Generated using exmol-based algorithm
NS(=O)(=O)N(c1cccc(C(=O)NC(Cc2ccccc2)C(O)C[NH2+]Cc2cccc(C(F)(F)F)c2)c1)c1ccccn1,0,S(=O)(=O)(N(c1cc(ccc1)C(=O)NC(Cc1ccccc1)C(O)C[NH2+]Cc1cc(ccc1)C(F)(F)F)c1ncccc1)C,0,0,0,Exmol_based,Generated using exmol-based algorithm
CS(=O)(=O)N(c1cccc(C(=O)NC(Cc2cccc(Br)c2)C(O)C[NH2+]Cc2cccc(C(F)(F)F)c2)c1)c1ccccn1,0,S(=O)(=O)(N(c1cc(ccc1)C(=O)NC(Cc1ccccc1)C(O)C[NH2+]Cc1cc(ccc1)C(F)(F)F)c1ncccc1)C,0,0,0,Exmol_based,Generated using exmol-based algorithm
CCN[C@@H](Cc1cc(F)cc(F)c1)[C@H](O)C[NH2+]C1(c2cccc([C@H]3CCOC3)c2)CCOCC1.O,0,Fc1cc(cc(F)c1)C[C@H](NC(=O)C)[C@H](O)C[NH2+]C1(CCOCC1)c1cc(ccc1)[C@H]1CCOC1,0,0,0,Exmol_based,Generated using exmol-based algorithm
CC(=O)N[C@@H](Cc1cc(F)cc(F)c1)[C@H](O)C[NH2+]C1(c2cccc([C@H]3CCOC3=N)c2)CCOCC1,0,Fc1cc(cc(F)c1)C[C@H](NC(=O)C)[C@H](O)C[NH2+]C1(CCOCC1)c1cc(ccc1)[C@H]1CCOC1,0,0,0,Exmol_based,Generated using exmol-based algorithm
CC(=O)N[C@@H](Cc1cccc(F)c1)[C@H](O)C[NH2+]C1(c2cccc([C@H]3CCOC3)c2)CCOCC1.F,0,Fc1cc(cc(F)c1)C[C@H](NC(=O)C)[C@H](O)C[NH2+]C1(CCOCC1)c1cc(ccc1)[C@H]1CCOC1,0,0,0,Exmol_based,Generated using exmol-based algorithm
CC(=O)N[C@@H](Cc1cc(F)cc(F)c1)[C@H](O)O[NH2+]C1(c2cccc(C(C)(C)CF)c2)CC1,0,Fc1cc(cc(F)c1)C[C@H](NC(=O)C)[C@H](O)C[NH2+]C1(CC1)c1cc(ccc1)C(CF)(C)C,0,0,0,Exmol_based,Generated using exmol-based algorithm
C.C.CC(=O)N[C@@H](Cc1cc(F)cc(F)c1)[C@H](O)C[NH2+]C1(c2ccccc2)CC1.CF,0,Fc1cc(cc(F)c1)C[C@H](NC(=O)C)[C@H](O)C[NH2+]C1(CC1)c1cc(ccc1)C(CF)(C)C,0,0,0,Exmol_based,Generated using exmol-based algorithm
CC(=O)N[C@@H](Cc1cccc(F)c1)[C@H](O)C[NH2+]C1(c2cccc(C(C)(C)CF)c2)CC1.F,0,Fc1cc(cc(F)c1)C[C@H](NC(=O)C)[C@H](O)C[NH2+]C1(CC1)c1cc(ccc1)C(CF)(C)C,0,0,0,Exmol_based,Generated using exmol-based algorithm
C=C([NH2+]CC(O)C1Cc2cccc(c2)OCCCCNc2cccc(c2)C(=O)N1)c1cccc(C(C)C)c1,0,O1CCCCNc2cc(ccc2)C(=O)NC(Cc2cc1ccc2)C(O)C[NH2+]Cc1cc(ccc1)C(C)C,0,0,0,Exmol_based,Generated using exmol-based algorithm
CC(C)c1cccc(C[NH2+])c1.O=C1NC(CO)Cc2cccc(c2)OCCCCNc2cccc1c2,0,O1CCCCNc2cc(ccc2)C(=O)NC(Cc2cc1ccc2)C(O)C[NH2+]Cc1cc(ccc1)C(C)C,0,0,0,Exmol_based,Generated using exmol-based algorithm
CC(C)c1cccc(C[NH2+]CC(O)C2Cc3cccc(c3)OCCCCNc3cccc(c3)CN2)c1,0,O1CCCCNc2cc(ccc2)C(=O)NC(Cc2cc1ccc2)C(O)C[NH2+]Cc1cc(ccc1)C(C)C,0,0,0,Exmol_based,Generated using exmol-based algorithm
CC(F)(F)C(C)(N=C(N)O)c1cc(NC(=O)c2ccccn2)ccc1F,0,FC1(F)COC(=NC1(C)c1cc(NC(=O)c2ncccc2)ccc1F)N,0,0,0,Exmol_based,Generated using exmol-based algorithm
CC1(c2cc(N)ccc2F)N=C(N)OCC1(F)F.O=Cc1ccccn1,0,FC1(F)COC(=NC1(C)c1cc(NC(=O)c2ncccc2)ccc1F)N,0,0,0,Exmol_based,Generated using exmol-based algorithm
CC1(c2cc(NC(=O)c3ccccn3)ccc2F)N=C(N)OCC1(F)F,0,FC1(F)COC(=NC1(C)c1cc(NC(=O)c2ncccc2)ccc1F)N,0,0,0,Exmol_based,Generated using exmol-based algorithm
CC1CN(C)C(=O)C(N)=N1.O=C(Nc1ccccc1)c1ccc(Cl)cn1,0,Clc1ccc(nc1)C(=O)Nc1cc(ccc1)C1(N=C(N)C(=O)N(C1)C)C,0,0,0,Exmol_based,Generated using exmol-based algorithm
CN1CC(C)(c2cccc(NC(=O)c3ccc(Cl)cn3)c2)N=CC1=O,0,Clc1ccc(nc1)C(=O)Nc1cc(ccc1)C1(N=C(N)C(=O)N(C1)C)C,0,0,0,Exmol_based,Generated using exmol-based algorithm
CC1(c2cccc(NC(=O)c3ccc(Cl)cn3)c2)CN(Cl)C(=O)C(N)=N1,0,Clc1ccc(nc1)C(=O)Nc1cc(ccc1)C1(N=C(N)C(=O)N(C1)C)C,0,0,0,Exmol_based,Generated using exmol-based algorithm
Cc1cc(C2(c3cccc(-c4cncnc4)c3)N=C(N)N(C)C2=O)cc(C(C)C)n1,0,O=C1N(C)C(=NC1(c1cc(nc(c1)C)C(C)C)c1cc(ccc1)-c1cncnc1)N,0,0,0,Exmol_based,Generated using exmol-based algorithm
Cc1cc(C2(c3cccc(-c4cncnc4)c3)N=C(N)N(Br)C2=O)cc(C(C)C)n1,0,O=C1N(C)C(=NC1(c1cc(nc(c1)C)C(C)C)c1cc(ccc1)-c1cncnc1)N,0,0,0,Exmol_based,Generated using exmol-based algorithm
CN1C(=O)C(c2cccc(-c3cncnc3)c2)N=C1N.Cc1cccc(C(C)C)n1,0,O=C1N(C)C(=NC1(c1cc(nc(c1)C)C(C)C)c1cc(ccc1)-c1cncnc1)N,0,0,0,Exmol_based,Generated using exmol-based algorithm
CCCCC(C)NC(=O)C(C)[NH2+]CC(O)C(Cc1ccccc1)NC(=O)c1cccc(N(C2CCCCC2)S(C)(=O)=O)c1,0,S(=O)(=O)(N(C1CCCCC1)c1cc(ccc1)C(=O)NC(Cc1ccccc1)C(O)C[NH2+]C(C(=O)NC1CCCCC1)C)C,0,0,0,Exmol_based,Generated using exmol-based algorithm
CC([NH2+]CC(O)P(Cc1ccccc1)NC(=O)c1cccc(N(C2CCCCC2)S(C)(=O)=O)c1)C(=O)NC1CCCCC1,0,S(=O)(=O)(N(C1CCCCC1)c1cc(ccc1)C(=O)NC(Cc1ccccc1)C(O)C[NH2+]C(C(=O)NC1CCCCC1)C)C,0,0,0,Exmol_based,Generated using exmol-based algorithm
CC([NH2+]CC(O)C(Cc1ccccc1)NC(=O)c1cccc(N(C2CCCCC2)S(C)=O)c1)C(=O)NC1CCCCC1.O,0,S(=O)(=O)(N(C1CCCCC1)c1cc(ccc1)C(=O)NC(Cc1ccccc1)C(O)C[NH2+]C(C(=O)NC1CCCCC1)C)C,0,0,0,Exmol_based,Generated using exmol-based algorithm
CC(C)c1cccc(C[NH2+]C2CS(=O)(=O)CC(Cc3ccc(O)c(Br)c3)C2O)c1,0,Brc1cc(ccc1O)CC1CS(=O)(=O)CC([NH2+]Cc2cc(ccc2)C(C)C)C1O,0,0,0,Exmol_based,Generated using exmol-based algorithm
C.CCc1cccc(C[NH2+]C2CS(=O)(=O)CC(Cc3ccc(O)c(Br)c3)C2O)c1,0,Brc1cc(ccc1O)CC1CS(=O)(=O)CC([NH2+]Cc2cc(ccc2)C(C)C)C1O,0,0,0,Exmol_based,Generated using exmol-based algorithm
CC(C)c1cccc(C[NH2+]C23CS(=O)(=O)CC(C2O)C3c2ccc(O)c(Br)c2)c1,0,Brc1cc(ccc1O)CC1CS(=O)(=O)CC([NH2+]Cc2cc(ccc2)C(C)C)C1O,0,0,0,Exmol_based,Generated using exmol-based algorithm
CC(NC(=O)c1cc(COC(=O)C([NH3+])(CN)Cc2ccccc2)cc(N(C)S(C)(=O)=O)c1)c1ccc(F)cc1,0,S(=O)(=O)(N(C)c1cc(cc(c1)COC(=O)C([NH3+])(Cc1ccccc1)CO)C(=O)NC(C)c1ccc(F)cc1)C,0,0,0,Exmol_based,Generated using exmol-based algorithm
CC(NC(=O)c1cccc(N(C)S(C)(=O)=O)c1)c1ccc(F)cc1.[NH3+]C(CO)(Cc1ccccc1)C(=O)O,0,S(=O)(=O)(N(C)c1cc(cc(c1)COC(=O)C([NH3+])(Cc1ccccc1)CO)C(=O)NC(C)c1ccc(F)cc1)C,0,0,0,Exmol_based,Generated using exmol-based algorithm
CC(NC(=O)c1cc(COC=O)cc(N(C)S(C)(=O)=O)c1)c1ccc(F)cc1.CO.Cc1ccccc1.[NH3+],0,S(=O)(=O)(N(C)c1cc(cc(c1)COC(=O)C([NH3+])(Cc1ccccc1)CO)C(=O)NC(C)c1ccc(F)cc1)C,0,0,0,Exmol_based,Generated using exmol-based algorithm
CP([NH2+]CC(O)C(Cc1ccccc1)NC(=O)c1cccc(N(c2ccccc2C#N)S(C)(=O)=O)c1)C(=O)NC1CCCCC1,0,S(=O)(=O)(N(c1ccccc1C#N)c1cc(ccc1)C(=O)NC(Cc1ccccc1)C(O)C[NH2+]C(C(=O)NC1CCCCC1)C)C,0,0,0,Exmol_based,Generated using exmol-based algorithm
CCCCC(C)NC(=O)C(C)[NH2+]CC(O)C(Cc1ccccc1)NC(=O)c1cccc(N(c2ccccc2C#N)S(C)(=O)=O)c1,0,S(=O)(=O)(N(c1ccccc1C#N)c1cc(ccc1)C(=O)NC(Cc1ccccc1)C(O)C[NH2+]C(C(=O)NC1CCCCC1)C)C,0,0,0,Exmol_based,Generated using exmol-based algorithm
CS(=O)(=O)N(c1cccc(C(=O)NCCc2ccccc2)c1)c1ccccc1C#N.C[NH2+]C(C)C(=O)NC1CCCCC1.O,0,S(=O)(=O)(N(c1ccccc1C#N)c1cc(ccc1)C(=O)NC(Cc1ccccc1)C(O)C[NH2+]C(C(=O)NC1CCCCC1)C)C,0,0,0,Exmol_based,Generated using exmol-based algorithm
C.NC1=NC(c2cccc(-c3cncc(Cl)c3)c2)(C2CC2)N=C1,0,Clc1cc(cnc1)-c1cc(ccc1)C1(N=C(C)C(=N1)N)C1CC1,0,0,0,Exmol_based,Generated using exmol-based algorithm
CCC(N)=NC(N)(c1cccc(-c2cncc(Cl)c2)c1)C1CC1,0,Clc1cc(cnc1)-c1cc(ccc1)C1(N=C(C)C(=N1)N)C1CC1,0,0,0,Exmol_based,Generated using exmol-based algorithm
CCC1(c2cccc(-c3cncc(Cl)c3)c2)N=C(C)C(N)=N1,0,Clc1cc(cnc1)-c1cc(ccc1)C1(N=C(C)C(=N1)N)C1CC1,0,0,0,Exmol_based,Generated using exmol-based algorithm
CC1(C)Cc2cc(Cl)ccc2C(NCC(=O)[O-])=N1.Cc1cscc1Br,0,Brc1cscc1CC(NC1=NC(Cc2c1ccc(Cl)c2)(C)C)C(=O)[O-],0,0,0,Exmol_based,Generated using exmol-based algorithm
C.CC1Cc2cc(Cl)ccc2C(NC(Cc2cscc2Br)C(=O)[O-])=N1,0,Brc1cscc1CC(NC1=NC(Cc2c1ccc(Cl)c2)(C)C)C(=O)[O-],0,0,0,Exmol_based,Generated using exmol-based algorithm
CC1(C)Cc2cc(Cl)ccc2C(NCC(=O)[O-])=N1.Cc1cscc1Br,0,Brc1cscc1CC(NC1=NC(Cc2c1ccc(Cl)c2)(C)C)C(=O)[O-],0,0,0,Exmol_based,Generated using exmol-based algorithm
CC(C)(C)c1cc(N)cc(C2([NH2+]CC(O)C(Cc3cc(F)cc(F)c3)NC=O)CCCCC2)c1,0,Fc1cc(cc(F)c1)CC(NC(=O)C)C(O)C[NH2+]C1(CCCCC1)c1cc(cc(N)c1)C(C)(C)C,0,0,0,Exmol_based,Generated using exmol-based algorithm
CC(=O)NC(Cc1cc(F)cc(F)c1)C(O)C[NH2+]C1(c2cc(P)cc(C(C)(C)C)c2)CCCCC1,0,Fc1cc(cc(F)c1)CC(NC(=O)C)C(O)C[NH2+]C1(CCCCC1)c1cc(cc(N)c1)C(C)(C)C,0,0,0,Exmol_based,Generated using exmol-based algorithm
CCCCC(C)([NH2+]CC(O)C(Cc1cc(F)cc(F)c1)NC(C)=O)c1cc(N)cc(C(C)(C)C)c1,0,Fc1cc(cc(F)c1)CC(NC(=O)C)C(O)C[NH2+]C1(CCCCC1)c1cc(cc(N)c1)C(C)(C)C,0,0,0,Exmol_based,Generated using exmol-based algorithm
CN1C(=O)C(c2ccc(OC(F)(F)F)cc2)(c2cc(F)cc(-c3cncnc3)c2)N=C1N,0,Fc1cc(cc(c1)-c1cncnc1)C1(N=C(N)N(C)C1=O)c1ccc(OC(F)(F)F)cc1,0,0,0,Exmol_based,Generated using exmol-based algorithm
CN1C(=O)C(c2ccc(PC(F)(F)F)cc2)(c2cc(F)cc(-c3cncnc3)c2)N=C1N,0,Fc1cc(cc(c1)-c1cncnc1)C1(N=C(N)N(C)C1=O)c1ccc(OC(F)(F)F)cc1,0,0,0,Exmol_based,Generated using exmol-based algorithm
CN1C(=O)C(c2ccc(OC(F)(F)F)cc2)(c2cccc(F)c2)N=C1N.c1cncnc1,0,Fc1cc(cc(c1)-c1cncnc1)C1(N=C(N)N(C)C1=O)c1ccc(OC(F)(F)F)cc1,0,0,0,Exmol_based,Generated using exmol-based algorithm
CCc1cc(C2([NH2+]CC(O)C(Cc3cc(F)cc(F)c3)NC(C)=O)CCCCC2)cs1,0,s1cc(cc1C(C)C)C1([NH2+]CC(O)C(NC(=O)C)Cc2cc(F)cc(F)c2)CCCCC1,0,0,0,Exmol_based,Generated using exmol-based algorithm
CCc1cc(C2([NH2+]CC(O)C(Cc3cc(F)cc(F)c3)NC(C)=O)CCCCC2)cs1,0,s1cc(cc1C(C)C)C1([NH2+]CC(O)C(NC(=O)C)Cc2cc(F)cc(F)c2)CCCCC1,0,0,0,Exmol_based,Generated using exmol-based algorithm
CC(=O)NC(C)C(O)C[NH2+]C1(c2csc(C(C)C)c2)CCCCC1.Fc1cccc(F)c1,0,s1cc(cc1C(C)C)C1([NH2+]CC(O)C(NC(=O)C)Cc2cc(F)cc(F)c2)CCCCC1,0,0,0,Exmol_based,Generated using exmol-based algorithm
COc1ccc(C2(c3cccc(-c4cncnc4)c3)N=Cn3nc(C)cc32)cc1,0,O(C)c1ccc(cc1)C1(N=C(n2nc(cc12)C)N)c1cc(ccc1)-c1cncnc1,0,0,0,Exmol_based,Generated using exmol-based algorithm
COc1ccc(C2(c3cccc(-c4cncnc4)c3)N=C(N)n3nc(C#P)cc32)cc1,0,O(C)c1ccc(cc1)C1(N=C(n2nc(cc12)C)N)c1cc(ccc1)-c1cncnc1,0,0,0,Exmol_based,Generated using exmol-based algorithm
COc1ccc(C2(c3cccc(-c4cncnc4)p3)N=C(N)n3nc(C)cc32)cc1,0,O(C)c1ccc(cc1)C1(N=C(n2nc(cc12)C)N)c1cc(ccc1)-c1cncnc1,0,0,0,Exmol_based,Generated using exmol-based algorithm
CC(=O)NC(Cc1cccc(F)c1)C(O)C[NH2+]C1(c2cccc(C(C)(C)C)c2)CCCN(C(N)=O)C1,0,Fc1cc(cc(F)c1)CC(NC(=O)C)C(O)C[NH2+]C1(CCCN(C1)C(=O)N)c1cc(ccc1)C(C)(C)C,0,0,0,Exmol_based,Generated using exmol-based algorithm
CC(=O)NC(Cc1cc(F)cc(F)c1)C(O)C[NH2+]C1(c2cccc(C(C)(C)C)c2)CCCN(CN)C1.O,0,Fc1cc(cc(F)c1)CC(NC(=O)C)C(O)C[NH2+]C1(CCCN(C1)C(=O)N)c1cc(ccc1)C(C)(C)C,0,0,0,Exmol_based,Generated using exmol-based algorithm
C.CC(C)(C)c1cccc(C2([NH2+]CC(O)C(Cc3cc(F)cc(F)c3)NC=O)CCCN(C(N)=O)C2)c1,0,Fc1cc(cc(F)c1)CC(NC(=O)C)C(O)C[NH2+]C1(CCCN(C1)C(=O)N)c1cc(ccc1)C(C)(C)C,0,0,0,Exmol_based,Generated using exmol-based algorithm
CCOc1ccc(C2(C3(C)CC(C)CC(C)C3)N=C(N)N(C)C2=O)cc1,0,O(CC)c1ccc(cc1)C1(N=C(N)N(C)C1=O)C12CC3CC(C1)CC(C2)C3,0,0,0,Exmol_based,Generated using exmol-based algorithm
C.COc1ccc(C2(C34CC5CC(CC(C5)C3)C4)N=C(N)N(C)C2=O)cc1,0,O(CC)c1ccc(cc1)C1(N=C(N)N(C)C1=O)C12CC3CC(C1)CC(C2)C3,0,0,0,Exmol_based,Generated using exmol-based algorithm
CCOc1ccc(C(N=CN)(C(=O)NC)C23CC4CC(CC(C4)C2)C3)cc1,0,O(CC)c1ccc(cc1)C1(N=C(N)N(C)C1=O)C12CC3CC(C1)CC(C2)C3,0,0,0,Exmol_based,Generated using exmol-based algorithm
C.NC1=N[C@](c2ccc(OC(F)F)cc2)(c2cccc(C#CC3CCCCC3)c2)C(=O)N1,0,FC(F)Oc1ccc(cc1)[C@@]1(N=C(N)N(C)C1=O)c1cc(ccc1)C#CC1CCCCC1,0,0,0,Exmol_based,Generated using exmol-based algorithm
CN1C=N[C@](c2ccc(OC(F)F)cc2)(c2cccc(C#CC3CCCCC3)c2)C1=O,0,FC(F)Oc1ccc(cc1)[C@@]1(N=C(N)N(C)C1=O)c1cc(ccc1)C#CC1CCCCC1,0,0,0,Exmol_based,Generated using exmol-based algorithm
CN1C(=O)[C](c2cccc(C#CC3CCCCC3)c2)N=C1N.FC(F)Oc1ccccc1,0,FC(F)Oc1ccc(cc1)[C@@]1(N=C(N)N(C)C1=O)c1cc(ccc1)C#CC1CCCCC1,0,0,0,Exmol_based,Generated using exmol-based algorithm
CC1=NC(c2cccc(-c3cccnc3)c2)(c2ccc3c(c2)CO3)N=C1N,0,O(C)c1ccc(cc1)C1(N=C(C)C(=N1)N)c1cc(ccc1)-c1cccnc1,0,0,0,Exmol_based,Generated using exmol-based algorithm
COc1ccc(C2(c3cccc(-c4cccnc4)c3)N=C(C)C(O)=N2)cc1,0,O(C)c1ccc(cc1)C1(N=C(C)C(=N1)N)c1cc(ccc1)-c1cccnc1,0,0,0,Exmol_based,Generated using exmol-based algorithm
COc1ccc(C2(c3cccc(-c4cccnc4)c3)C=C(C)C(N)=N2)cc1,0,O(C)c1ccc(cc1)C1(N=C(C)C(=N1)N)c1cc(ccc1)-c1cccnc1,0,0,0,Exmol_based,Generated using exmol-based algorithm
CC(=O)NC(Cc1cc(F)cc(F)c1P)C(O)C[NH2+]C1(c2cccc(N3C(=O)C4CCC3C4)c2)CCCCC1,0,Fc1cc(cc(F)c1)CC(NC(=O)C)C(O)C[NH2+]C1(CCCCC1)c1cc(N2C3CC(CC3)C2=O)ccc1,0,0,0,Exmol_based,Generated using exmol-based algorithm
O=CNC(Cc1cc(F)cc(F)c1)C(O)C[NH2+]C1(c2cccc(N3C(=O)C4CCC3C4)c2)CCCCC1,0,Fc1cc(cc(F)c1)CC(NC(=O)C)C(O)C[NH2+]C1(CCCCC1)c1cc(N2C3CC(CC3)C2=O)ccc1,0,0,0,Exmol_based,Generated using exmol-based algorithm
CC(=O)NC(Cc1cc(F)cc(F)c1)C(O)C[NH2+]C1(c2cccc(N3C(=O)CCCC3C)c2)CCCCC1,0,Fc1cc(cc(F)c1)CC(NC(=O)C)C(O)C[NH2+]C1(CCCCC1)c1cc(N2C3CC(CC3)C2=O)ccc1,0,0,0,Exmol_based,Generated using exmol-based algorithm
CC(=O)N(Br)C(Cc1cc(F)cc(F)c1)C(O)C[NH2+]C1(c2cccc(CC(C)(C)C)c2)CC1,0,Fc1cc(cc(F)c1)CC(NC(=O)C)C(O)C[NH2+]C1(CC1)c1cc(ccc1)CC(C)(C)C,0,0,0,Exmol_based,Generated using exmol-based algorithm
CC(=O)NC(Cc1cc(F)cc(F)c1)C(O)C[NH2+]C1(c2cccc(CC(C)(C)C)c2)CS1,0,Fc1cc(cc(F)c1)CC(NC(=O)C)C(O)C[NH2+]C1(CC1)c1cc(ccc1)CC(C)(C)C,0,0,0,Exmol_based,Generated using exmol-based algorithm
CC(=O)NC(Cc1cc(F)cc(F)c1)C(O)C[NH2+]C1(c2cc3cc(c2)CC(C)(C)C3)CC1,0,Fc1cc(cc(F)c1)CC(NC(=O)C)C(O)C[NH2+]C1(CC1)c1cc(ccc1)CC(C)(C)C,0,0,0,Exmol_based,Generated using exmol-based algorithm
CC(NC(=O)c1cc(COCC(C)([NH3+])Cc2ccccc2)cc(N(C)S(C)=O)c1)c1ccc(F)cc1,0,S(=O)(=O)(N(C)c1cc(cc(c1)COCC([NH3+])(Cc1ccccc1)C)C(=O)NC(C)c1ccc(F)cc1)C,0,0,0,Exmol_based,Generated using exmol-based algorithm
CN(c1cc(COCC(C)([NH3+])Cc2ccccc2)cc(C(=O)NC(N)c2ccc(F)cc2)c1)S(C)(=O)=O,0,S(=O)(=O)(N(C)c1cc(cc(c1)COCC([NH3+])(Cc1ccccc1)C)C(=O)NC(C)c1ccc(F)cc1)C,0,0,0,Exmol_based,Generated using exmol-based algorithm
CCNC(=O)c1cc(COCC(C)([NH3+])Cc2ccccc2)cc(N(C)S(C)(=O)=O)c1.Fc1ccccc1,0,S(=O)(=O)(N(C)c1cc(cc(c1)COCC([NH3+])(Cc1ccccc1)C)C(=O)NC(C)c1ccc(F)cc1)C,0,0,0,Exmol_based,Generated using exmol-based algorithm
CSc1cc2ccc1c1c3c(ccc21)OC(C)(C)CC31N=C(N)N(C)C1=O,0,S(C)c1cc(ccc1)-c1cc2c(OC(CC23N=C(N)N(C)C3=O)(C)C)cc1,0,0,0,Exmol_based,Generated using exmol-based algorithm
CN1C(=O)C2(CC(C)(C)Oc3ccc(-c4cccc(SC=O)c4)cc32)N=C1N,0,S(C)c1cc(ccc1)-c1cc2c(OC(CC23N=C(N)N(C)C3=O)(C)C)cc1,0,0,0,Exmol_based,Generated using exmol-based algorithm
CSc1cccc(-c2ccc3c(c2)C2(CC(C)O3)N=C(N)N(C)C2=O)c1,0,S(C)c1cc(ccc1)-c1cc2c(OC(CC23N=C(N)N(C)C3=O)(C)C)cc1,0,0,0,Exmol_based,Generated using exmol-based algorithm
CC(=O)NC(CC[NH2+]C1(c2cnn(CC(C)(C)C)c2)CC1)Cc1cc(F)cc(F)c1.O,0,Fc1cc(cc(F)c1)CC(NC(=O)C)C(O)C[NH2+]C1(CC1)c1cn(nc1)CC(C)(C)C,0,0,0,Exmol_based,Generated using exmol-based algorithm
CC(=O)NC(Cc1cc(F)cc(F)c1)C(O)C[NH2+]C1(c2cn(CC(C)(C)C)[n+]([O-])c2)CC1,0,Fc1cc(cc(F)c1)CC(NC(=O)C)C(O)C[NH2+]C1(CC1)c1cn(nc1)CC(C)(C)C,0,0,0,Exmol_based,Generated using exmol-based algorithm
CC(=O)NC(Cc1cc(F)cc(P)c1)C(O)C[NH2+]C1(c2cnn(CC(C)(C)C)c2)CC1,0,Fc1cc(cc(F)c1)CC(NC(=O)C)C(O)C[NH2+]C1(CC1)c1cn(nc1)CC(C)(C)C,0,0,0,Exmol_based,Generated using exmol-based algorithm
CC(N)(C(=O)NCCN)c1cccc(NC(=O)c2ccc(Cl)cn2)c1,0,Clc1ccc(nc1)C(=O)Nc1cc(ccc1)C1(N=C(N)CNC1=O)C,0,0,0,Exmol_based,Generated using exmol-based algorithm
CC1(c2cc(NC(=O)c3ccc(Cl)cn3)ccc2S)N=C(N)CNC1=O,0,Clc1ccc(nc1)C(=O)Nc1cc(ccc1)C1(N=C(N)CNC1=O)C,0,0,0,Exmol_based,Generated using exmol-based algorithm
CCC1(c2cccc(NC(=O)c3ccc(Cl)cn3)c2)N=C(N)CNC1=O,0,Clc1ccc(nc1)C(=O)Nc1cc(ccc1)C1(N=C(N)CNC1=O)C,0,0,0,Exmol_based,Generated using exmol-based algorithm
CC(=O)NC1CCC([NH2+]CC(O)C(Cc2cc(F)cc(F)c2)NC(N)=O)(c2cccc(C(C)(C)C)c2)CC1,0,Fc1cc(cc(F)c1)CC(NC(=O)C)C(O)C[NH2+]C1(CCC(NC(=O)C)CC1)c1cc(ccc1)C(C)(C)C,0,0,0,Exmol_based,Generated using exmol-based algorithm
CCNC1CCC([NH2+]CC(O)C(Cc2cc(F)cc(F)c2)NC(C)=O)(c2cccc(C(C)(C)C)c2)CC1,0,Fc1cc(cc(F)c1)CC(NC(=O)C)C(O)C[NH2+]C1(CCC(NC(=O)C)CC1)c1cc(ccc1)C(C)(C)C,0,0,0,Exmol_based,Generated using exmol-based algorithm
C.CC(=O)NC1CCC([NH2+]CC(O)C(Cc2cc(F)cc(F)c2)NC=O)(c2cccc(C(C)(C)C)c2)CC1,0,Fc1cc(cc(F)c1)CC(NC(=O)C)C(O)C[NH2+]C1(CCC(NC(=O)C)CC1)c1cc(ccc1)C(C)(C)C,0,0,0,Exmol_based,Generated using exmol-based algorithm
CCCC.N=C1NC(CCC2CCCCC2)(CC2CCCCC2)C(=O)N1Cc1ccc(CNC=O)cc1,0,O=C1N(Cc2ccc(cc2)CNC(=O)NCCCC)C(NC1(CC1CCCCC1)CCC1CCCCC1)=N,0,0,0,Exmol_based,Generated using exmol-based algorithm
CCCCNC(N)=O.Cc1ccc(CN2C(=N)NC(CCC3CCCCC3)(CC3CCCCC3)C2=O)cc1,0,O=C1N(Cc2ccc(cc2)CNC(=O)NCCCC)C(NC1(CC1CCCCC1)CCC1CCCCC1)=N,0,0,0,Exmol_based,Generated using exmol-based algorithm
CCCCCCC1(CCC2CCCCC2)NC(=N)N(Cc2ccc(CNC(=O)NCCCC)cc2)C1=O,0,O=C1N(Cc2ccc(cc2)CNC(=O)NCCCC)C(NC1(CC1CCCCC1)CCC1CCCCC1)=N,0,0,0,Exmol_based,Generated using exmol-based algorithm
CC(C)(C)c1cccc(C[NH2+]C2CS(=O)(=O)CC(Cc3ccc(N)cc3)C2O)c1.F,0,S1(=O)(=O)CC(Cc2cc(F)c(N)cc2)C(O)C([NH2+]Cc2cc(ccc2)C(C)(C)C)C1,0,0,0,Exmol_based,Generated using exmol-based algorithm
CC(C)(C)c1cccc(C[NH2+]C2CS(=O)(=O)CP(Cc3ccc(N)c(F)c3)C2O)c1,0,S1(=O)(=O)CC(Cc2cc(F)c(N)cc2)C(O)C([NH2+]Cc2cc(ccc2)C(C)(C)C)C1,0,0,0,Exmol_based,Generated using exmol-based algorithm
CC(C)(C)c1cccc(C[NH2+]C2CS(=O)(=O)CC(Cc3ccc(N)c(F)c3)C2N)c1,0,S1(=O)(=O)CC(Cc2cc(F)c(N)cc2)C(O)C([NH2+]Cc2cc(ccc2)C(C)(C)C)C1,0,0,0,Exmol_based,Generated using exmol-based algorithm
CCCC(CC)([NH2+]CC(O)C(Cc1cc(F)cc(F)c1)NC(C)=O)c1cc(C(C)C)cs1,0,s1cc(cc1C1([NH2+]CC(O)C(NC(=O)C)Cc2cc(F)cc(F)c2)CCCCC1)C(C)C,0,0,0,Exmol_based,Generated using exmol-based algorithm
CC(=O)NC(Cc1cc(F)cc(F)c1)C(O)C[NH2+].CC(C)c1ccsc1.CCCCC,0,s1cc(cc1C1([NH2+]CC(O)C(NC(=O)C)Cc2cc(F)cc(F)c2)CCCCC1)C(C)C,0,0,0,Exmol_based,Generated using exmol-based algorithm
CCCCC([NH2+]CC(O)C(Cc1cc(F)cc(F)c1)NC(C)=O)c1cc(C(C)C)cs1,0,s1cc(cc1C1([NH2+]CC(O)C(NC(=O)C)Cc2cc(F)cc(F)c2)CCCCC1)C(C)C,0,0,0,Exmol_based,Generated using exmol-based algorithm
C#CC[NH2+]C.CCc1cn2c3c(cc(C(=O)NCCc4ccccc4)cc13)OS(=O)(=O)CC2.O,0,S1(Oc2cc(cc3c2n(cc3CC)CC1)C(=O)NC([C@H](O)C[NH2+]CC#C)Cc1ccccc1)(=O)=O,0,0,0,Exmol_based,Generated using exmol-based algorithm
C#CC[NH2+]C[C@@H](O)C(Cc1ccccc1)NC=O.CCc1cn2c3c(cccc13)OS(=O)(=O)CC2,0,S1(Oc2cc(cc3c2n(cc3CC)CC1)C(=O)NC([C@H](O)C[NH2+]CC#C)Cc1ccccc1)(=O)=O,0,0,0,Exmol_based,Generated using exmol-based algorithm
C#CC[NH2+]P[C@@H](O)C(Cc1ccccc1)NC(=O)c1cc2c3c(c1)c(CC)cn3CCS(=O)(=O)O2,0,S1(Oc2cc(cc3c2n(cc3CC)CC1)C(=O)NC([C@H](O)C[NH2+]CC#C)Cc1ccccc1)(=O)=O,0,0,0,Exmol_based,Generated using exmol-based algorithm
CCN1C(=NC)[C@](c2ccc(OC(F)(F)F)cc2)(c2cccc(-c3cccnc3F)c2)[NH+]=C1N,0,Fc1ncccc1-c1cc(ccc1)[C@@]1([NH+]=C(N2C1=NCCC2)N)c1ccc(OC(F)(F)F)cc1,0,0,0,Exmol_based,Generated using exmol-based algorithm
F.NC1=[NH+][C@@](c2ccc(OC(F)(F)F)cc2)(c2cccc(-c3cccnc3)c2)C2=NCCCN21,0,Fc1ncccc1-c1cc(ccc1)[C@@]1([NH+]=C(N2C1=NCCC2)N)c1ccc(OC(F)(F)F)cc1,0,0,0,Exmol_based,Generated using exmol-based algorithm
NC1=[NH+][C@@](c2ccc(OC(F)(F)F)cc2)(c2cccc(-c3cccnc3F)c2)C2=CCCCN21,0,Fc1ncccc1-c1cc(ccc1)[C@@]1([NH+]=C(N2C1=NCCC2)N)c1ccc(OC(F)(F)F)cc1,0,0,0,Exmol_based,Generated using exmol-based algorithm
CC(C)C.CCCCNC(=O)C(C)CCO.CSCCC(NC(=O)C(NC(C)=O)C(C)C)C(N)=O,0,S(CCC(NC(=O)C(NC(=O)C)C(C)C)C(=O)NC(C(O)CC(C(=O)NCCCC)C)CC(C)C)C,0,0,0,Exmol_based,Generated using exmol-based algorithm
CC(C)C.CCCCNC(=O)C(C)CCO.CSCCC(NC(=O)C(NC(C)=O)C(C)C)C(N)=O,0,S(CCC(NC(=O)C(NC(=O)C)C(C)C)C(=O)NC(C(O)CC(C(=O)NCCCC)C)CC(C)C)C,0,0,0,Exmol_based,Generated using exmol-based algorithm
CCCCNC(=O)C(C)CC(O)C(CC(C)C)NC(=O)C(CCSC)NC(=O)C(NC=O)C(C)C,0,S(CCC(NC(=O)C(NC(=O)C)C(C)C)C(=O)NC(C(O)CC(C(=O)NCCCC)C)CC(C)C)C,0,0,0,Exmol_based,Generated using exmol-based algorithm
CC(=O)NC(CO)Cc1cc(F)cc(F)c1.C[NH2+]C1(c2cccc(-c3cccs3)c2)CCCCC1,0,s1cccc1-c1cc(ccc1)C1([NH2+]CC(O)C(NC(=O)C)Cc2cc(F)cc(F)c2)CCCCC1,0,0,0,Exmol_based,Generated using exmol-based algorithm
CC(=O)NCCc1cc(F)cc(F)c1.C[NH2+]C1(c2cccc(-c3cccs3)c2)CCCCC1.O,0,s1cccc1-c1cc(ccc1)C1([NH2+]CC(O)C(NC(=O)C)Cc2cc(F)cc(F)c2)CCCCC1,0,0,0,Exmol_based,Generated using exmol-based algorithm
CC(=O)NC(Cc1cc(F)cc(F)n1)C(O)C[NH2+]C1(c2cccc(-c3cccs3)c2)CCCCC1,0,s1cccc1-c1cc(ccc1)C1([NH2+]CC(O)C(NC(=O)C)Cc2cc(F)cc(F)c2)CCCCC1,0,0,0,Exmol_based,Generated using exmol-based algorithm
C.CCc1cccc(C[NH2+]C2CS(=O)(=O)CC(Cc3ccc(O)c(CC)c3)C2O)c1,0,S1(=O)(=O)CC(Cc2cc(CC)c(O)cc2)C(O)C([NH2+]Cc2cc(ccc2)C(C)C)C1,0,0,0,Exmol_based,Generated using exmol-based algorithm
CCc1cc(CC2CS(=O)(=O)CC([NH2+]Cc3cccc(C(C)C)c3)C2O)ccc1O,0,S1(=O)(=O)CC(Cc2cc(CC)c(O)cc2)C(O)C([NH2+]Cc2cc(ccc2)C(C)C)C1,0,0,0,Exmol_based,Generated using exmol-based algorithm
C.Cc1cc(CC2CS(=O)(=O)CC([NH2+]Cc3cccc(C(C)C)c3)C2O)ccc1O,0,S1(=O)(=O)CC(Cc2cc(CC)c(O)cc2)C(O)C([NH2+]Cc2cc(ccc2)C(C)C)C1,0,0,0,Exmol_based,Generated using exmol-based algorithm
CN1C(=O)C(c2cccc(-c3cncnc3)c2)(c2ccsc2CN)N=C1N,0,s1ccc(C2(N=C(N)N(C)C2=O)c2cc(ccc2)-c2cncnc2)c1C,0,0,0,Exmol_based,Generated using exmol-based algorithm
Cc1sccc1C1(c2cccc(-c3cncnc3)c2)N=C(N)NC1=O,0,s1ccc(C2(N=C(N)N(C)C2=O)c2cc(ccc2)-c2cncnc2)c1C,0,0,0,Exmol_based,Generated using exmol-based algorithm
Cc1sccc1C1(c2cccc(-c3cncnc3)c2)N=S(N)N(C)C1=O,0,s1ccc(C2(N=C(N)N(C)C2=O)c2cc(ccc2)-c2cncnc2)c1C,0,0,0,Exmol_based,Generated using exmol-based algorithm
CC(=O)NC(Cc1cc(F)cc(F)c1)C(O)C[NH2+]C1(c2cccc(C(C)(C)C)c2)CCN(CN)CC1,0,Fc1cc(cc(F)c1)CC(NC(=O)C)C(O)C[NH2+]C1(CCN(CC1)C(=O)N)c1cc(ccc1)C(C)(C)C,0,0,0,Exmol_based,Generated using exmol-based algorithm
CC(=O)NC(Cc1cc(F)cc(F)c1)C(O)C[NH2+]C(C)(CCN(C)C(N)=O)c1cccc(C(C)(C)C)c1,0,Fc1cc(cc(F)c1)CC(NC(=O)C)C(O)C[NH2+]C1(CCN(CC1)C(=O)N)c1cc(ccc1)C(C)(C)C,0,0,0,Exmol_based,Generated using exmol-based algorithm
CC(=O)NP(Cc1cc(F)cc(F)c1)C(O)C[NH2+]C1(c2cccc(C(C)(C)C)c2)CCN(C(N)=O)CC1,0,Fc1cc(cc(F)c1)CC(NC(=O)C)C(O)C[NH2+]C1(CCN(CC1)C(=O)N)c1cc(ccc1)C(C)(C)C,0,0,0,Exmol_based,Generated using exmol-based algorithm
CC(=O)NC(Cc1cc(O)cc(F)c1)C(O)C[NH2+]C1(c2cccc(C(C)(C)C)c2)CCC(C#N)CC1,0,Fc1cc(cc(F)c1)CC(NC(=O)C)C(O)C[NH2+]C1(CCC(CC1)C#N)c1cc(ccc1)C(C)(C)C,0,0,0,Exmol_based,Generated using exmol-based algorithm
CCC(C#N)CCC([NH2+]CC(O)C(Cc1cc(F)cc(F)c1)NC(C)=O)c1cccc(C(C)(C)C)c1,0,Fc1cc(cc(F)c1)CC(NC(=O)C)C(O)C[NH2+]C1(CCC(CC1)C#N)c1cc(ccc1)C(C)(C)C,0,0,0,Exmol_based,Generated using exmol-based algorithm
CC(C)(C)c1cccc(C2([NH2+]CC(O)C(Cc3cc(F)cc(F)c3)NC=O)CCC(C#N)CC2)c1,0,Fc1cc(cc(F)c1)CC(NC(=O)C)C(O)C[NH2+]C1(CCC(CC1)C#N)c1cc(ccc1)C(C)(C)C,0,0,0,Exmol_based,Generated using exmol-based algorithm
CN1C(=O)C(c2cc(NC(=O)c3ccc4c(c3)OCO4)ccn2)(C2CCCCC2)N=C1N,0,O1c2cc(ccc2OC1)C(=O)Nc1cc(ccc1)C1(N=C(N)N(C)C1=O)C1CCCCC1,0,0,0,Exmol_based,Generated using exmol-based algorithm
CN1C(=O)C(c2cccc(NC(=O)c3ccc4c(c3)OCO4)c2)(C2CCCCS2)N=C1N,0,O1c2cc(ccc2OC1)C(=O)Nc1cc(ccc1)C1(N=C(N)N(C)C1=O)C1CCCCC1,0,0,0,Exmol_based,Generated using exmol-based algorithm
CN1C(=O)C(c2cccc(NC(=O)c3ccc4c(c3Br)OCO4)c2)(C2CCCCC2)N=C1N,0,O1c2cc(ccc2OC1)C(=O)Nc1cc(ccc1)C1(N=C(N)N(C)C1=O)C1CCCCC1,0,0,0,Exmol_based,Generated using exmol-based algorithm
C.C/C=C(\C)c1cccc(C2([NH2+]CC(O)C(Cc3cc(F)cc(F)c3)NC=O)CCCCC2)c1,0,Fc1cc(cc(F)c1)CC(NC(=O)C)C(O)C[NH2+]C1(CCCCC1)c1cc(ccc1)/C(=C/C)/C,0,0,0,Exmol_based,Generated using exmol-based algorithm
C/C=C(\C)c1cccc(C(C)(CCCC)[NH2+]CC(O)C(Cc2cc(F)cc(F)c2)NC(C)=O)c1,0,Fc1cc(cc(F)c1)CC(NC(=O)C)C(O)C[NH2+]C1(CCCCC1)c1cc(ccc1)/C(=C/C)/C,0,0,0,Exmol_based,Generated using exmol-based algorithm
C.CCc1cccc(C2([NH2+]CC(O)C(Cc3cc(F)cc(F)c3)NC(C)=O)CCCCC2)c1,0,Fc1cc(cc(F)c1)CC(NC(=O)C)C(O)C[NH2+]C1(CCCCC1)c1cc(ccc1)/C(=C/C)/C,0,0,0,Exmol_based,Generated using exmol-based algorithm
CCCCC(C)C1(c2ccccc2)N=C(N)N(CC2CCC(C(=O)[O-])CC2)C1=O,0,O=C1N(CC2CCC(CC2)C(=O)[O-])C(=NC1(C1CCCCC1)c1ccccc1)N,0,0,0,Exmol_based,Generated using exmol-based algorithm
O=C([O-])C1CCC(CN2C=NC(c3ccccc3)(C3CCCCC3)C2=O)CC1,0,O=C1N(CC2CCC(CC2)C(=O)[O-])C(=NC1(C1CCCCC1)c1ccccc1)N,0,0,0,Exmol_based,Generated using exmol-based algorithm
CCCC(CC)C1(c2ccccc2)N=C(N)N(CC2CCC(C(=O)[O-])CC2)C1=O,0,O=C1N(CC2CCC(CC2)C(=O)[O-])C(=NC1(C1CCCCC1)c1ccccc1)N,0,0,0,Exmol_based,Generated using exmol-based algorithm
CC(CF)(CF)c1cccc(C2([NH2+]C[C@@H](O)[C@H](Cc3cc(F)cc(F)c3)NC=O)CC2)c1,0,Fc1cc(cc(F)c1)C[C@H](NC(=O)C)[C@H](O)C[NH2+]C1(CC1)c1cc(ccc1)C(CF)(CF)C,0,0,0,Exmol_based,Generated using exmol-based algorithm
CC(CF)(CF)c1cccc(C2([NH2+]C[C@@H](O)[C@@H](N)Cc3cc(F)cc(F)c3)CC2)c1.CC=O,0,Fc1cc(cc(F)c1)C[C@H](NC(=O)C)[C@H](O)C[NH2+]C1(CC1)c1cc(ccc1)C(CF)(CF)C,0,0,0,Exmol_based,Generated using exmol-based algorithm
CC(CF)(CF)c1cccc(C2([NH2+]C[CH]O)CC2)c1.CC(N)=O.Cc1cc(F)cc(F)c1,0,Fc1cc(cc(F)c1)C[C@H](NC(=O)C)[C@H](O)C[NH2+]C1(CC1)c1cc(ccc1)C(CF)(CF)C,0,0,0,Exmol_based,Generated using exmol-based algorithm
CC(Cc1cc2cc(-c3ncc(F)cc3C#N)ccc2nc1N)C(=O)NCCC(C)(C)C,0,O=C(NCCC(C)(C)C)C(Cc1cc2cc(ccc2nc1N)-c1ncccc1C#N)C,0,0,0,Exmol_based,Generated using exmol-based algorithm
Cc1nc2ccc(-c3ncccc3C#N)cc2cc1CC(C)C(=O)NCCC(C)(C)C,0,O=C(NCCC(C)(C)C)C(Cc1cc2cc(ccc2nc1N)-c1ncccc1C#N)C,0,0,0,Exmol_based,Generated using exmol-based algorithm
CC1Cc2cc3cc(-c4ncccc4C#N)ccc3nc2N=C(C(C)(C)C)CNC1=O,0,O=C(NCCC(C)(C)C)C(Cc1cc2cc(ccc2nc1N)-c1ncccc1C#N)C,0,0,0,Exmol_based,Generated using exmol-based algorithm
CC(=O)NC(Cc1cc(F)cc(F)c1Cl)C(O)C[NH2+]C1(c2cn(C34CC5CC(CC(C5)C3)C4)nn2)CCCCC1,0,Fc1cc(cc(F)c1)CC(NC(=O)C)C(O)C[NH2+]C1(CCCCC1)c1nnn(c1)C12CC3CC(C1)CC(C2)C3,0,0,0,Exmol_based,Generated using exmol-based algorithm
CC(=O)NC(Cc1cc(F)cc(F)c1)C(O)C[NH2+]C1(c2cn(C34CC5CC(CC(C5)C3)C4)nn2)CCCCC1,0,Fc1cc(cc(F)c1)CC(NC(=O)C)C(O)C[NH2+]C1(CCCCC1)c1nnn(c1)C12CC3CC(C1)CC(C2)C3,0,0,0,Exmol_based,Generated using exmol-based algorithm
CC(=O)NC(Cc1cccc(F)c1)C(O)C[NH2+]C1(c2cn(C34CC5CC(CC(C5)C3)C4)nn2)CCCCC1,0,Fc1cc(cc(F)c1)CC(NC(=O)C)C(O)C[NH2+]C1(CCCCC1)c1nnn(c1)C12CC3CC(C1)CC(C2)C3,0,0,0,Exmol_based,Generated using exmol-based algorithm
CC(=O)NC(CC[NH2+]C1(c2cccc(C(C)(C)C)c2)CCCN(O)C1)Cc1cc(F)cc(F)c1,0,Fc1cc(cc(F)c1)CC(NC(=O)C)C(O)C[NH2+]C1(CCCN(O)C1)c1cc(ccc1)C(C)(C)C,0,0,0,Exmol_based,Generated using exmol-based algorithm
CC(=O)NC(Cc1cc(F)cc(F)c1)C(O)C[NH2+]C1(c2cccc(C(C)(C)O)c2)CCCN(O)C1,0,Fc1cc(cc(F)c1)CC(NC(=O)C)C(O)C[NH2+]C1(CCCN(O)C1)c1cc(ccc1)C(C)(C)C,0,0,0,Exmol_based,Generated using exmol-based algorithm
CC(=O)NC(Cc1cc(F)cc(F)c1)C(O)C[NH2+]C1(c2cccc(C(C)(C)C)c2)CCCN(O)C1,0,Fc1cc(cc(F)c1)CC(NC(=O)C)C(O)C[NH2+]C1(CCCN(O)C1)c1cc(ccc1)C(C)(C)C,0,0,0,Exmol_based,Generated using exmol-based algorithm
CC(=O)NC(Cc1cc(F)cc(F)c1)C(O)C[NH2+]C1CCC(NS(C)(=O)=O)CC1.CC(C)(C)c1ccccc1,0,S(=O)(=O)(NC1CCC([NH2+]CC(O)C(NC(=O)C)Cc2cc(F)cc(F)c2)(CC1)c1cc(ccc1)C(C)(C)C)C,0,0,0,Exmol_based,Generated using exmol-based algorithm
CC(=O)NC(Cc1cccc(F)c1)C(O)C[NH2+]C1(c2cccc(C(C)(C)C)c2)CCC(NS(C)(=O)=O)CC1,0,S(=O)(=O)(NC1CCC([NH2+]CC(O)C(NC(=O)C)Cc2cc(F)cc(F)c2)(CC1)c1cc(ccc1)C(C)(C)C)C,0,0,0,Exmol_based,Generated using exmol-based algorithm
CC(=O)NC(Cc1cc(F)cc(F)c1)C(O)C[NH2+]C1(c2cccc(C(C)(C)C)c2)CCC(NS(C)(=O)=O)CC1,0,S(=O)(=O)(NC1CCC([NH2+]CC(O)C(NC(=O)C)Cc2cc(F)cc(F)c2)(CC1)c1cc(ccc1)C(C)(C)C)C,0,0,0,Exmol_based,Generated using exmol-based algorithm
COc1cc(C2(c3cccc(-c4cncnc4)c3)N=C(N=O)c3c(F)cccc32)ccn1,0,Fc1c2c(ccc1)C(N=C2N)(c1cc(ccc1)-c1cncnc1)c1cc(OC)ncc1,0,0,0,Exmol_based,Generated using exmol-based algorithm
COc1nccc2c1NC1=NC2(c2cccc(-c3cncnc3)c2)c2cccc(F)c21,0,Fc1c2c(ccc1)C(N=C2N)(c1cc(ccc1)-c1cncnc1)c1cc(OC)ncc1,0,0,0,Exmol_based,Generated using exmol-based algorithm
COc1cc(C23N=C(Nc4ccc2cc4-c2cncnc2)c2c(F)cccc23)ccn1,0,Fc1c2c(ccc1)C(N=C2N)(c1cc(ccc1)-c1cncnc1)c1cc(OC)ncc1,0,0,0,Exmol_based,Generated using exmol-based algorithm
Nc1cccc(Cn2c(-c3ccccc3)ccc2-c2ccccc2Cl)n1.c1ccncc1,0,Clc1ccccc1-c1n(Cc2nc(N)ccc2)c(cc1)-c1ccc(Oc2cccnc2)cc1,0,0,0,Exmol_based,Generated using exmol-based algorithm
Nc1cccc(Cn2c(-c3ccc(Oc4cccnc4)cc3)ccc2-c2ccccc2Cl)n1,0,Clc1ccccc1-c1n(Cc2nc(N)ccc2)c(cc1)-c1ccc(Oc2cccnc2)cc1,0,0,0,Exmol_based,Generated using exmol-based algorithm
Nc1cccc(Cn2c(-c3ccccc3)ccc2-c2ccc(Oc3cccnc3)cc2)n1,0,Clc1ccccc1-c1n(Cc2nc(N)ccc2)c(cc1)-c1ccc(Oc2cccnc2)cc1,0,0,0,Exmol_based,Generated using exmol-based algorithm
Nc1cccc(Cn2c(-c3ccc(Oc4cccnn4)cc3)ccc2-c2ccccc2Cl)n1,0,Clc1ccccc1-c1n(Cc2nc(N)ccc2)c(cc1)-c1ccc(Oc2nnccc2)cc1,0,0,0,Exmol_based,Generated using exmol-based algorithm
Nc1cccc(Cn2c(-c3ccc(Oc4ccnnn4)cc3)ccc2-c2ccccc2Cl)n1,0,Clc1ccccc1-c1n(Cc2nc(N)ccc2)c(cc1)-c1ccc(Oc2nnccc2)cc1,0,0,0,Exmol_based,Generated using exmol-based algorithm
Nc1cccc(Cn2c(-c3ccccc3)ccc2-c2ccccc2Cl)n1.Oc1cccnn1,0,Clc1ccccc1-c1n(Cc2nc(N)ccc2)c(cc1)-c1ccc(Oc2nnccc2)cc1,0,0,0,Exmol_based,Generated using exmol-based algorithm
CC(=O)NC(CC[NH2+]C1(c2cccc(N(C)C)c2)CCCCC1)Cc1cc(F)cc(F)c1.O,0,Fc1cc(cc(F)c1)CC(NC(=O)C)C(O)C[NH2+]C1(CCCCC1)c1cc(N(C)C)ccc1,0,0,0,Exmol_based,Generated using exmol-based algorithm
CC(N)=O.CN(C)c1cccc(C2([NH2+]CC(O)CCc3cc(F)cc(F)c3)CCCCC2)c1,0,Fc1cc(cc(F)c1)CC(NC(=O)C)C(O)C[NH2+]C1(CCCCC1)c1cc(N(C)C)ccc1,0,0,0,Exmol_based,Generated using exmol-based algorithm
CC(N)=O.CN(C)c1cccc(C2([NH2+]CC(O)CCc3cc(F)cc(F)c3)CCCCC2)c1,0,Fc1cc(cc(F)c1)CC(NC(=O)C)C(O)C[NH2+]C1(CCCCC1)c1cc(N(C)C)ccc1,0,0,0,Exmol_based,Generated using exmol-based algorithm
CCN(C(C)=O)c1cc(C(=O)NC(Cc2ccccc2)C(O)C[NH2+]Cc2cccc(OC)c2)cc2c1[nH]c(=O)n2CC,0,O(C)c1cc(ccc1)C[NH2+]CC(O)C(NC(=O)c1cc(N2CCCC2=O)c2NC(=O)N(c2c1)CC)Cc1ccccc1,0,0,0,Exmol_based,Generated using exmol-based algorithm
CCn1c(=O)[nH]c2c(N3CCCC3=O)cc(C(N)=O)cc21.COc1cccc(C[NH2+]CC(O)CCc2ccccc2)c1,0,O(C)c1cc(ccc1)C[NH2+]CC(O)C(NC(=O)c1cc(N2CCCC2=O)c2NC(=O)N(c2c1)CC)Cc1ccccc1,0,0,0,Exmol_based,Generated using exmol-based algorithm
COc1cccc(C[NH2+]CC(O)C(Cc2ccccc2)NC(=O)c2cc(N3CCCC3=O)c3[nH]c(=O)n(CCl)c3c2)c1,0,O(C)c1cc(ccc1)C[NH2+]CC(O)C(NC(=O)c1cc(N2CCCC2=O)c2NC(=O)N(c2c1)CC)Cc1ccccc1,0,0,0,Exmol_based,Generated using exmol-based algorithm
COc1cccc(C[NH2+]C[C@H](O)[C@H](Cc2cc(F)cc(F)c2)NC(=O)c2cc(NCCCC[SH](=O)=O)cc(/C(C)=N\OCC(C)C)c2)c1,0,S1(=O)(=O)N(CCCC1)c1cc(cc(c1)/C(=N\OCC(C)C)/C)C(=O)N[C@H]([C@@H](O)C[NH2+]Cc1cc(OC)ccc1)Cc1cc(F)cc(F)c1,0,0,0,Exmol_based,Generated using exmol-based algorithm
COc1cccc(C[NH2+]C[C@H](O)[CH]NC(=O)c2cc(/C(C)=N\OCC(C)C)cc(N3CCCCS3(=O)=O)c2)c1.Cc1cc(F)cc(F)c1,0,S1(=O)(=O)N(CCCC1)c1cc(cc(c1)/C(=N\OCC(C)C)/C)C(=O)N[C@H]([C@@H](O)C[NH2+]Cc1cc(OC)ccc1)Cc1cc(F)cc(F)c1,0,0,0,Exmol_based,Generated using exmol-based algorithm
COc1cccc(C[NH2+]C[C@H](O)[C@@H](NC(=O)c2cc(/C(C)=N\OCC(C)C)cc(N3CCCCS3(=O)=O)c2)C(Cl)c2cc(F)cc(F)c2)c1,0,S1(=O)(=O)N(CCCC1)c1cc(cc(c1)/C(=N\OCC(C)C)/C)C(=O)N[C@H]([C@@H](O)C[NH2+]Cc1cc(OC)ccc1)Cc1cc(F)cc(F)c1,0,0,0,Exmol_based,Generated using exmol-based algorithm
CC(C)COC1=CC=COC(C)(C)CC2(C=C1)N=C(N)N(C)C2=O,0,O1c2c(cc(OCC(C)C)cc2)C2(N=C(N)N(C)C2=O)CC1(C)C,0,0,0,Exmol_based,Generated using exmol-based algorithm
CNC(=O)C1(N)CC(C)(C)Oc2ccc(OCC(C)C)cc21.N,0,O1c2c(cc(OCC(C)C)cc2)C2(N=C(N)N(C)C2=O)CC1(C)C,0,0,0,Exmol_based,Generated using exmol-based algorithm
CC(C)C.CN1C(=O)C2(CC(C)(C)Oc3ccccc32)N=C1N,0,O1c2c(cc(OCC(C)C)cc2)C2(N=C(N)N(C)C2=O)CC1(C)C,0,0,0,Exmol_based,Generated using exmol-based algorithm
C[SH](=O)=O.O=C(NC(Cc1ccccc1)C(O)C[NH2+]C1CC1)c1ccccc1.c1ccccc1,0,S(=O)(=O)(N(c1cc(ccc1)C(=O)NC(Cc1ccccc1)C(O)C[NH2+]C1CC1)c1ccccc1)C,0,0,0,Exmol_based,Generated using exmol-based algorithm
CC(NC(=O)c1cccc(N(c2ccccc2)S(C)(=O)=O)c1)C(O)C[NH2+]C1CC1.c1ccccc1,0,S(=O)(=O)(N(c1cc(ccc1)C(=O)NC(Cc1ccccc1)C(O)C[NH2+]C1CC1)c1ccccc1)C,0,0,0,Exmol_based,Generated using exmol-based algorithm
CS(=O)(=O)N(c1ccccc1)c1cccc(C(=O)NC(Cc2cccc(N)c2)C(O)C[NH2+]C2CC2)c1,0,S(=O)(=O)(N(c1cc(ccc1)C(=O)NC(Cc1ccccc1)C(O)C[NH2+]C1CC1)c1ccccc1)C,0,0,0,Exmol_based,Generated using exmol-based algorithm
Cn1ccc(C(=O)Nc2cccc(C3(C)N=C(N)OCC3(F)F)c2)n1,0,FC1(F)COC(=NC1(C)c1cc(NC(=O)c2nn(cc2)C)ccc1F)N,0,0,0,Exmol_based,Generated using exmol-based algorithm
Cn1ccc(C(=O)Nc2ccc(Cl)c(C3(C)N=C(N)OCC3(F)F)c2)n1,0,FC1(F)COC(=NC1(C)c1cc(NC(=O)c2nn(cc2)C)ccc1F)N,0,0,0,Exmol_based,Generated using exmol-based algorithm
COC(N)=NC(C)c1cc(NC(=O)c2ccn(C)n2)ccc1F.F.F,0,FC1(F)COC(=NC1(C)c1cc(NC(=O)c2nn(cc2)C)ccc1F)N,0,0,0,Exmol_based,Generated using exmol-based algorithm
CC(C)(C)Cn1cc(C2([NH2+]CCO)CC2)nn1.CC(N)=O.Cc1cc(F)cc(F)c1,0,Fc1cc(cc(F)c1)CC(NC(=O)C)C(O)C[NH2+]C1(CC1)c1nnn(c1)CC(C)(C)C,0,0,0,Exmol_based,Generated using exmol-based algorithm
CC(=O)N1C(Cc2cc(F)cc(F)c2)C1(O)C[NH2+]C1(c2cn(CC(C)(C)C)nn2)CC1,0,Fc1cc(cc(F)c1)CC(NC(=O)C)C(O)C[NH2+]C1(CC1)c1nnn(c1)CC(C)(C)C,0,0,0,Exmol_based,Generated using exmol-based algorithm
CC(=O)NC(Cc1cc(F)cc(F)c1)C(P)C[NH2+]C1(c2cn(CC(C)(C)C)nn2)CC1,0,Fc1cc(cc(F)c1)CC(NC(=O)C)C(O)C[NH2+]C1(CC1)c1nnn(c1)CC(C)(C)C,0,0,0,Exmol_based,Generated using exmol-based algorithm
CC(C)(N)Cc1cccc(Cl)c1.NC(Cc1cscc1-c1cn[nH]c1)C(=O)[O-],0,Clc1cc2CC(N=C(NC(Cc3cscc3-c3cn[nH]c3)C(=O)[O-])c2cc1)(C)C,0,0,0,Exmol_based,Generated using exmol-based algorithm
CC1(C)Cc2cc(Cl)ccc2C(NC(C=O)Cc2cscc2-c2cn[nH]c2)=N1,0,Clc1cc2CC(N=C(NC(Cc3cscc3-c3cn[nH]c3)C(=O)[O-])c2cc1)(C)C,0,0,0,Exmol_based,Generated using exmol-based algorithm
CC1(C)Cc2cc(Cl)ccc2C(NC(Cc2cscc2-c2cn[nH]c2)C(=O)[O-])=N1,0,Clc1cc2CC(N=C(NC(Cc3cscc3-c3cn[nH]c3)C(=O)[O-])c2cc1)(C)C,0,0,0,Exmol_based,Generated using exmol-based algorithm
COc1ccc2c(ccn2CC(=O)NC(=[NH2+])NCc2cc(O)c(NC(C)=O)c(Cl)c2)c1,0,Clc1cc(cc(Cl)c1NC(=O)C)CNC(=[NH2+])NC(=O)Cn1c2c(cc(OC)cc2)cc1,0,0,0,Exmol_based,Generated using exmol-based algorithm
COc1ccc2c(ccn2CC(=O)NC(=[NH2+])NCc2c3c(Cl)c(NC(C)=O)c(Cl)c2-3)c1,0,Clc1cc(cc(Cl)c1NC(=O)C)CNC(=[NH2+])NC(=O)Cn1c2c(cc(OC)cc2)cc1,0,0,0,Exmol_based,Generated using exmol-based algorithm
COc1ccc2c(ccn2CCNC(=[NH2+])NCc2cc(Cl)c(NC(C)=O)c(Cl)c2)c1.O,0,Clc1cc(cc(Cl)c1NC(=O)C)CNC(=[NH2+])NC(=O)Cn1c2c(cc(OC)cc2)cc1,0,0,0,Exmol_based,Generated using exmol-based algorithm
CN1C(=O)C2(CC(C)(C)Oc3cc(F)c(-c4ccccc4)cc32)N=C1N,0,O1c2c(cc(cc2)-c2ccccc2)C2(N=C(N)N(C)C2=O)CC1(C)C,0,0,0,Exmol_based,Generated using exmol-based algorithm
CN1C(=O)C2(CC(C)(C=S)Oc3ccc(-c4ccccc4)cc32)N=C1N,0,O1c2c(cc(cc2)-c2ccccc2)C2(N=C(N)N(C)C2=O)CC1(C)C,0,0,0,Exmol_based,Generated using exmol-based algorithm
CC1(C)CC2(N=C(N)N(N)C2=O)c2cc(-c3ccccc3)ccc2O1,0,O1c2c(cc(cc2)-c2ccccc2)C2(N=C(N)N(C)C2=O)CC1(C)C,0,0,0,Exmol_based,Generated using exmol-based algorithm
Nc1cccc(Cn2c(-c3ccc(Oc4cnccn4)cc3N)ccc2-c2ccccc2Cl)n1,0,Clc1ccccc1-c1n(Cc2nc(N)ccc2)c(cc1)-c1ccc(Oc2nccnc2)cc1,0,0,0,Exmol_based,Generated using exmol-based algorithm
Nc1cccc(Cn2c(-c3ccc(Oc4nccnc4P)cc3)ccc2-c2ccccc2Cl)n1,0,Clc1ccccc1-c1n(Cc2nc(N)ccc2)c(cc1)-c1ccc(Oc2nccnc2)cc1,0,0,0,Exmol_based,Generated using exmol-based algorithm
Nc1cccc(Cn2c(-c3ccc(Oc4cpccn4)cc3)ccc2-c2ccccc2Cl)n1,0,Clc1ccccc1-c1n(Cc2nc(N)ccc2)c(cc1)-c1ccc(Oc2nccnc2)cc1,0,0,0,Exmol_based,Generated using exmol-based algorithm
CC(=O)NC(Cc1cc(F)cc(F)c1)C(O)C[NH2+]C1(c2cccc(I)c2)CCCCC1,0,Ic1cc(ccc1)C1([NH2+]CC(O)C(NC(=O)C)Cc2cc(F)cc(F)c2)CCCCC1,0,0,0,Exmol_based,Generated using exmol-based algorithm
CCCCC([NH2+]CC(O)C(Cc1cc(F)cc(F)c1)NC(C)=O)c1cccc(I)c1,0,Ic1cc(ccc1)C1([NH2+]CC(O)C(NC(=O)C)Cc2cc(F)cc(F)c2)CCCCC1,0,0,0,Exmol_based,Generated using exmol-based algorithm
CC(=O)NC(CS1=CC(F)=CC(F)=C1)C(O)C[NH2+]C1(c2cccc(I)c2)CCCCC1,0,Ic1cc(ccc1)C1([NH2+]CC(O)C(NC(=O)C)Cc2cc(F)cc(F)c2)CCCCC1,0,0,0,Exmol_based,Generated using exmol-based algorithm
C.NC1=NC(c2ccc(OC(F)(F)F)cc2)(C23CC4CC(CC(C4)C2)C3)C(=O)N1,0,FC(F)(F)Oc1ccc(cc1)C1(N=C(N)N(C)C1=O)C12CC3CC(C1)CC(C2)C3,0,0,0,Exmol_based,Generated using exmol-based algorithm
CN1C(=O)C(c2ccc(OC(F)(F)F)cc2)(C23CC4CC(CC(C4)C2=S)C3)N=C1N,0,FC(F)(F)Oc1ccc(cc1)C1(N=C(N)N(C)C1=O)C12CC3CC(C1)CC(C2)C3,0,0,0,Exmol_based,Generated using exmol-based algorithm
C#CN1C(=O)C(c2ccc(OC(F)(F)F)cc2)(C23CC4CC(CC(C4)C2)C3)N=C1N,0,FC(F)(F)Oc1ccc(cc1)C1(N=C(N)N(C)C1=O)C12CC3CC(C1)CC(C2)C3,0,0,0,Exmol_based,Generated using exmol-based algorithm
Cc1cc(C2(c3cccc(-c4cncnc4)c3)N=C(N)NC2=O)c(Cl)s1,0,Clc1sc(cc1C1(N=C(N)N(C)C1=O)c1cc(ccc1)-c1cncnc1)C,0,0,0,Exmol_based,Generated using exmol-based algorithm
Cc1cc(C2(c3cccc(-c4cncnc4)c3)N=C(N)N(C)C2=O)c(Cl)s1,0,Clc1sc(cc1C1(N=C(N)N(C)C1=O)c1cc(ccc1)-c1cncnc1)C,0,0,0,Exmol_based,Generated using exmol-based algorithm
CN1C(=O)C(c2cccc(-c3cncnc3)c2)(c2cc(O)sc2Cl)N=C1N,0,Clc1sc(cc1C1(N=C(N)N(C)C1=O)c1cc(ccc1)-c1cncnc1)C,0,0,0,Exmol_based,Generated using exmol-based algorithm
CC1(C)Cc2cc(Cl)ccc2C(NC(Cc2ccccc2)c2nc(P)c(C#N)c(=O)[nH]2)=N1,0,Clc1cc2CC(N=C(NC(Cc3ccccc3)C=3NC(=O)C(=CN=3)C#N)c2cc1)(C)C,0,0,0,Exmol_based,Generated using exmol-based algorithm
CC12Cc3cc(Cl)ccc3C(=N1)NC(Cc1ccccc1)c1nc(c(C#N)c(=O)[nH]1)C2,0,Clc1cc2CC(N=C(NC(Cc3ccccc3)C=3NC(=O)C(=CN=3)C#N)c2cc1)(C)C,0,0,0,Exmol_based,Generated using exmol-based algorithm
CC1(C)Cc2cc(Cl)ccc2C(NCCc2ccccc2)=N1.N#Cc1cnc[nH]c1=O,0,Clc1cc2CC(N=C(NC(Cc3ccccc3)C=3NC(=O)C(=CN=3)C#N)c2cc1)(C)C,0,0,0,Exmol_based,Generated using exmol-based algorithm
COC(COC(C)C)CC(O)C(COc1cccc(F)c1)NC(=O)c1cc(C(=O)NC(C)c2ccccc2)cc(N(C)S(C)(=O)=O)c1.F,0,S(=O)(=O)(N(C)c1cc(cc(c1)C(=O)NC(C(O)CC(OC)COC(C)C)COc1cc(F)cc(F)c1)C(=O)NC(C)c1ccccc1)C,0,0,0,Exmol_based,Generated using exmol-based algorithm
COC(COC(C)P)CC(O)C(COc1cc(F)cc(F)c1)NC(=O)c1cc(C(=O)NC(C)c2ccccc2)cc(N(C)S(C)(=O)=O)c1,0,S(=O)(=O)(N(C)c1cc(cc(c1)C(=O)NC(C(O)CC(OC)COC(C)C)COc1cc(F)cc(F)c1)C(=O)NC(C)c1ccccc1)C,0,0,0,Exmol_based,Generated using exmol-based algorithm
COC1COC(C)CC(COc2cc(F)cc(F)c2)(NC(=O)c2cc(C(=O)NC(C)c3ccccc3)cc(N(C)S(C)(=O)=O)c2)C(O)C1,0,S(=O)(=O)(N(C)c1cc(cc(c1)C(=O)NC(C(O)CC(OC)COC(C)C)COc1cc(F)cc(F)c1)C(=O)NC(C)c1ccccc1)C,0,0,0,Exmol_based,Generated using exmol-based algorithm
CCN(C=O)C(C)C(=O)NC(Cc1cc(F)cc(F)c1)C(O)C[NH2+]Cc1cccc(OC)c1.COC,0,Fc1cc(cc(F)c1)CC(NC(=O)C(N1CCC(COC)C1=O)C)C(O)C[NH2+]Cc1cc(OC)ccc1,0,0,0,Exmol_based,Generated using exmol-based algorithm
C.COc1cccc(C[NH2+]CC(O)C(Cc2cc(F)cc(F)c2)NC(=O)C(C)N2CCC(C)C2=O)c1,0,Fc1cc(cc(F)c1)CC(NC(=O)C(N1CCC(COC)C1=O)C)C(O)C[NH2+]Cc1cc(OC)ccc1,0,0,0,Exmol_based,Generated using exmol-based algorithm
COCC1CCN(C(C)C(=O)NC(CC[NH2+]Cc2cccc(OC)c2)Cc2cc(F)cc(F)c2)C1=O,0,Fc1cc(cc(F)c1)CC(NC(=O)C(N1CCC(COC)C1=O)C)C(O)C[NH2+]Cc1cc(OC)ccc1,0,0,0,Exmol_based,Generated using exmol-based algorithm
CC.O=C(NC(Cc1ccccc1)C(O)C[NH2+]C1CC1)c1cc2c3c(ccn3CCCS(=O)(=O)N2)c1,0,S1(=O)(=O)Nc2cc(cc3c2n(cc3CC)CCC1)C(=O)NC(Cc1ccccc1)C(O)C[NH2+]C1CC1,0,0,0,Exmol_based,Generated using exmol-based algorithm
CCc1cn2c3c(cc(C(=O)NC(Cc4ccccc4)C(O)C[NH2+]C4CC4)cc13)NS(=O)CCC2.O,0,S1(=O)(=O)Nc2cc(cc3c2n(cc3CC)CCC1)C(=O)NC(Cc1ccccc1)C(O)C[NH2+]C1CC1,0,0,0,Exmol_based,Generated using exmol-based algorithm
CCc1cn(C)c2c(NS(=O)(=O)CC)cc(C(=O)NC(Cc3ccccc3)C(O)C[NH2+]C3CC3)cc12,0,S1(=O)(=O)Nc2cc(cc3c2n(cc3CC)CCC1)C(=O)NC(Cc1ccccc1)C(O)C[NH2+]C1CC1,0,0,0,Exmol_based,Generated using exmol-based algorithm
C.CCCN(CC)C(=O)c1cc(C)cc(C(=O)NC(Cc2cc(F)cc(F)c2)C(O)C2C[NH2+]CC[NH2+]2)c1,0,Fc1cc(cc(F)c1)CC(NC(=O)c1cc(cc(c1)C)C(=O)N(CCC)CCC)C(O)C1[NH2+]CC[NH2+]C1,0,0,0,Exmol_based,Generated using exmol-based algorithm
CCCN(CCC)C(=O)c1cc(C)cc(C(=O)NC(Cc2cc(F)cc(F)c2)C(O)C[NH2+]CC[NH2+])c1,0,Fc1cc(cc(F)c1)CC(NC(=O)c1cc(cc(c1)C)C(=O)N(CCC)CCC)C(O)C1[NH2+]CC[NH2+]C1,0,0,0,Exmol_based,Generated using exmol-based algorithm
CCCN(CCC)C(=O)c1cc(C)cc(C(=O)NC(Cc2cc(F)cc(F)c2)C(O)C2C[SH2+]CC[NH2+]2)c1,0,Fc1cc(cc(F)c1)CC(NC(=O)c1cc(cc(c1)C)C(=O)N(CCC)CCC)C(O)C1[NH2+]CC[NH2+]C1,0,0,0,Exmol_based,Generated using exmol-based algorithm
CC1=NC2(N=C1N)c1cccc(c1)-c1cncc(c1)-c1cc(F)ccc12,0,Fc1ccc(cc1)C1(N=C(C)C(=N1)N)c1cc(ccc1)-c1cccnc1,0,0,0,Exmol_based,Generated using exmol-based algorithm
CC1=NC(c2ccccc2)(c2ccc(F)cc2)N=C1N.c1ccncc1,0,Fc1ccc(cc1)C1(N=C(C)C(=N1)N)c1cc(ccc1)-c1cccnc1,0,0,0,Exmol_based,Generated using exmol-based algorithm
CC1=NC(c2ccccc2)(c2ccc(F)cc2)N=C1N.c1ccncc1,0,Fc1ccc(cc1)C1(N=C(C)C(=N1)N)c1cc(ccc1)-c1cccnc1,0,0,0,Exmol_based,Generated using exmol-based algorithm
CC(=O)NC(Cc1cc(F)cc(F)c1)C(C)C[NH2+]C1(c2cccc(C(C)(C)C)c2)CCC(Nc2cccnc2)CC1,0,Fc1cc(cc(F)c1)CC(NC(=O)C)C(O)C[NH2+]C1(CCC(Nc2cccnc2)CC1)c1cc(ccc1)C(C)(C)C,0,0,0,Exmol_based,Generated using exmol-based algorithm
CC(=O)NC(Cc1cc(F)cc(F)c1)C(O)C[NH2+]C1(c2cccc(C(C)(C)Br)c2)CCC(Nc2cccnc2)CC1,0,Fc1cc(cc(F)c1)CC(NC(=O)C)C(O)C[NH2+]C1(CCC(Nc2cccnc2)CC1)c1cc(ccc1)C(C)(C)C,0,0,0,Exmol_based,Generated using exmol-based algorithm
CC(=O)NC1(Cc2cc(F)cc(F)c2)C(O)C[NH2+]C2(c3cccc(C(C)(C)C)c3)CCC1(Nc1cccnc1)CC2,0,Fc1cc(cc(F)c1)CC(NC(=O)C)C(O)C[NH2+]C1(CCC(Nc2cccnc2)CC1)c1cc(ccc1)C(C)(C)C,0,0,0,Exmol_based,Generated using exmol-based algorithm
CC(C)c1cccc(C[NH2+])c1.Cc1cc2cc(c1)C(=O)NC(CO)COC/C=C/CCNC2=O,0,O1CC(NC(=O)c2cc(cc(c2)C(=O)NCC\C=C\C1)C)C(O)C[NH2+]Cc1cc(ccc1)C(C)C,0,0,0,Exmol_based,Generated using exmol-based algorithm
Cc1cc2cc(c1)C(=O)NC(C(N)C[NH2+]Cc1cccc(C(C)C)c1)COC/C=C/CCNC2=O,0,O1CC(NC(=O)c2cc(cc(c2)C(=O)NCC\C=C\C1)C)C(O)C[NH2+]Cc1cc(ccc1)C(C)C,0,0,0,Exmol_based,Generated using exmol-based algorithm
Cc1cc(C=O)cc(C(=O)NCC/C=C/COCCC(O)C[NH2+]Cc2cccc(C(C)C)c2)c1,0,O1CC(NC(=O)c2cc(cc(c2)C(=O)NCC\C=C\C1)C)C(O)C[NH2+]Cc1cc(ccc1)C(C)C,0,0,0,Exmol_based,Generated using exmol-based algorithm
NC1=NC(c2ccncc2)(c2cncc(-c3cncnc3)c2)c2ccccc21,0,n1ccc(cc1)C1(N=C(N)c2c1cccc2)c1cc(ccc1)-c1cncnc1,0,0,0,Exmol_based,Generated using exmol-based algorithm
C1=NC(c2ccncc2)(c2cccc(-c3cncnc3)c2)c2ccccc21,0,n1ccc(cc1)C1(N=C(N)c2c1cccc2)c1cc(ccc1)-c1cncnc1,0,0,0,Exmol_based,Generated using exmol-based algorithm
NC1=NC(c2ccncc2)(c2ccc(F)c(-c3cncnc3)c2)c2ccccc21,0,n1ccc(cc1)C1(N=C(N)c2c1cccc2)c1cc(ccc1)-c1cncnc1,0,0,0,Exmol_based,Generated using exmol-based algorithm
COc1cccc(-c2cccc(C(N=CN)(SC)c3ccncc3)c2)c1,0,S1CC(=NC1(c1cc(ccc1)-c1cc(OC)ccc1)c1ccncc1)N,0,0,0,Exmol_based,Generated using exmol-based algorithm
COc1cccc(-c2cccc(C3(c4ccncc4)N=CCS3)c2)c1,0,S1CC(=NC1(c1cc(ccc1)-c1cc(OC)ccc1)c1ccncc1)N,0,0,0,Exmol_based,Generated using exmol-based algorithm
COc1cccc(-c2cccc(C(N=CN)(SC)c3ccncc3)c2)c1,0,S1CC(=NC1(c1cc(ccc1)-c1cc(OC)ccc1)c1ccncc1)N,0,0,0,Exmol_based,Generated using exmol-based algorithm
CN1C(=O)C2(CC(C)(C)Oc3ccc(S4=NSC=C4)cc32)N=C1N,0,s1nc(cc1)-c1cc2c(OC(CC23N=C(N)N(C)C3=O)(C)C)cc1,0,0,0,Exmol_based,Generated using exmol-based algorithm
CN1C(=O)C2(CC3(C)Cc4cc(-c5ccsn5)cc2c4O3)N=C1N,0,s1nc(cc1)-c1cc2c(OC(CC23N=C(N)N(C)C3=O)(C)C)cc1,0,0,0,Exmol_based,Generated using exmol-based algorithm
CNC(N)=NC1(C=O)CC(C)(C)Oc2ccc(-c3ccsn3)cc21,0,s1nc(cc1)-c1cc2c(OC(CC23N=C(N)N(C)C3=O)(C)C)cc1,0,0,0,Exmol_based,Generated using exmol-based algorithm
CC#Cc1cscc1CC(NC1=NC(C)(C)Cc2cc(Cl)ccc21)C([O-])=S,0,Clc1cc2CC(N=C(NC(Cc3cscc3C#CC)C(=O)[O-])c2cc1)(C)C,0,0,0,Exmol_based,Generated using exmol-based algorithm
CC#Cc1ccsc1.CC(NC1=NC(C)(C)Cc2cc(Cl)ccc21)C(=O)[O-],0,Clc1cc2CC(N=C(NC(Cc3cscc3C#CC)C(=O)[O-])c2cc1)(C)C,0,0,0,Exmol_based,Generated using exmol-based algorithm
CC#Cc1cscc1CC(NC1=NC(C)Cc2cc(Cl)ccc21)C(=O)[O-],0,Clc1cc2CC(N=C(NC(Cc3cscc3C#CC)C(=O)[O-])c2cc1)(C)C,0,0,0,Exmol_based,Generated using exmol-based algorithm
COc1ncccc1-c1cccc(C2(c3ccc(OC(F)(F)F)cc3)CN(C)C(N)=N2)c1,0,FC(F)(F)Oc1ccc(cc1)C1(N=C(N)N(C)C1=O)c1cc(ccc1)-c1cccnc1OC,0,0,0,Exmol_based,Generated using exmol-based algorithm
COc1ncccc1-c1cccc(C2(c3ccc(OC(F)F)cc3)N=C(N)N(C)C2=O)c1,0,FC(F)(F)Oc1ccc(cc1)C1(N=C(N)N(C)C1=O)c1cc(ccc1)-c1cccnc1OC,0,0,0,Exmol_based,Generated using exmol-based algorithm
COc1ncccc1-c1cccc(C2(c3ccccc3)N=C(N)N(C)C2=O)c1.FC(F)F,0,FC(F)(F)Oc1ccc(cc1)C1(N=C(N)N(C)C1=O)c1cc(ccc1)-c1cccnc1OC,0,0,0,Exmol_based,Generated using exmol-based algorithm
C.CC(C)c1cccc(C[NH2+]C2CS(=O)CC(Cc3cc(O)c(N)c(F)c3)C2O)c1,0,S1(=O)CC(Cc2cc(O)c(N)c(F)c2)C(O)C([NH2+]Cc2cc(ccc2)C(C)(C)C)C1,0,0,0,Exmol_based,Generated using exmol-based algorithm
CC(C)(C)c1cccc(C[NH2+]C2CS(=O)CC(Cc3ccc(N)c(F)c3)C2O)c1.O,0,S1(=O)CC(Cc2cc(O)c(N)c(F)c2)C(O)C([NH2+]Cc2cc(ccc2)C(C)(C)C)C1,0,0,0,Exmol_based,Generated using exmol-based algorithm
CC(C)(C)c1cccc(C[NH2+]C2CS(=O)CC(Cc3cc(O)c(N)c(F)c3)C2OS)c1,0,S1(=O)CC(Cc2cc(O)c(N)c(F)c2)C(O)C([NH2+]Cc2cc(ccc2)C(C)(C)C)C1,0,0,0,Exmol_based,Generated using exmol-based algorithm
CN1C(=O)[C@@](c2ccc(OC(F)F)cc2)(c2cc(/C(F)=C/C3CC3)ccc2Br)N=C1N,0,FC(F)Oc1ccc(cc1)[C@@]1(N=C(N)N(C)C1=O)c1cc(ccc1)/C(/F)=C/C1CC1,0,0,0,Exmol_based,Generated using exmol-based algorithm
C1CC1.C=C(F)c1cccc([C@@]2(c3ccc(OC(F)F)cc3)N=C(N)N(C)C2=O)c1,0,FC(F)Oc1ccc(cc1)[C@@]1(N=C(N)N(C)C1=O)c1cc(ccc1)/C(/F)=C/C1CC1,0,0,0,Exmol_based,Generated using exmol-based algorithm
CN1C(=O)[C@@](c2ccc(OC(F)F)cc2)(c2cccc(/C(F)=C/C3CC3)c2)N=C1N,0,FC(F)Oc1ccc(cc1)[C@@]1(N=C(N)N(C)C1=O)c1cc(ccc1)/C(/F)=C/C1CC1,0,0,0,Exmol_based,Generated using exmol-based algorithm
CCN(CC)C1=CC(C(=O)NC(Cc2ccccc2)C(O)C[NH2+]C2CC2)=CC2C1[NH+]CCS(=O)(=O)N2C,0,S1(=O)(=O)N(C2C=C(C=C3N(CC[NH+](C23)CC1)CC)C(=O)NC(Cc1ccccc1)C(O)C[NH2+]C1CC1)C,0,0,0,Exmol_based,Generated using exmol-based algorithm
CCN1CC[NH+]2CCS(=O)(=O)N(C)C3C=C(C(=O)NC(Cc4ccccc4)C(C[NH2+]C4CC4)ON)C=C1C32,0,S1(=O)(=O)N(C2C=C(C=C3N(CC[NH+](C23)CC1)CC)C(=O)NC(Cc1ccccc1)C(O)C[NH2+]C1CC1)C,0,0,0,Exmol_based,Generated using exmol-based algorithm
CCN1CC[NH+]CCS(=O)(=O)N(C)C2C=C(C(=O)NC(Cc3ccccc3)C(O)C[NH2+]C3CC3)C=C1C2,0,S1(=O)(=O)N(C2C=C(C=C3N(CC[NH+](C23)CC1)CC)C(=O)NC(Cc1ccccc1)C(O)C[NH2+]C1CC1)C,0,0,0,Exmol_based,Generated using exmol-based algorithm
Nc1cccc(Cn2c(-c3ccc(OCCCCS)cc3)ccc2-c2ccccc2Cl)n1,0,Clc1ccccc1-c1n(Cc2nc(N)ccc2)c(cc1)-c1ccc(OCCCCC)cc1,0,0,0,Exmol_based,Generated using exmol-based algorithm
CCCCCOc1ccc(-c2ccc(-c3ccccc3Cl)n2Cc2cccc(N)n2)c(O)c1,0,Clc1ccccc1-c1n(Cc2nc(N)ccc2)c(cc1)-c1ccc(OCCCCC)cc1,0,0,0,Exmol_based,Generated using exmol-based algorithm
CPCCCOc1ccc(-c2ccc(-c3ccccc3Cl)n2Cc2cccc(N)n2)cc1,0,Clc1ccccc1-c1n(Cc2nc(N)ccc2)c(cc1)-c1ccc(OCCCCC)cc1,0,0,0,Exmol_based,Generated using exmol-based algorithm
Cc1cc(NC(=O)c2ccc(Cl)cn2)cc(C2(C)N=C(N)c3ccccc32)c1,0,Clc1ccc(nc1)C(=O)Nc1cc(ccc1)C1(N=C(N)c2c1cccc2)C,0,0,0,Exmol_based,Generated using exmol-based algorithm
CC1(c2cccc(NC(=O)c3ccc(Cl)cn3)c2)N=C(N)c2ccccc21,0,Clc1ccc(nc1)C(=O)Nc1cc(ccc1)C1(N=C(N)c2c1cccc2)C,0,0,0,Exmol_based,Generated using exmol-based algorithm
CC(N=C(N)c1ccccc1)c1cccc(NC(=O)c2ccc(Cl)cn2)c1,0,Clc1ccc(nc1)C(=O)Nc1cc(ccc1)C1(N=C(N)c2c1cccc2)C,0,0,0,Exmol_based,Generated using exmol-based algorithm
CNC(N)=NC(c1ccc(OC)c(C)c1)c1ccc(F)c(-c2cccnc2F)c1.O,0,Fc1ccc(cc1-c1cccnc1F)C1(N=C(N)N(C)C1=O)c1cc(C)c(OC)cc1,0,0,0,Exmol_based,Generated using exmol-based algorithm
CNC(N)=NC(c1ccc(OC)c(C)c1)c1ccc(F)c(-c2cccnc2F)c1.O,0,Fc1ccc(cc1-c1cccnc1F)C1(N=C(N)N(C)C1=O)c1cc(C)c(OC)cc1,0,0,0,Exmol_based,Generated using exmol-based algorithm
COc1ccc(C(C(=O)N(C)CN)c2ccc(F)c(-c3cccnc3F)c2)cc1C,0,Fc1ccc(cc1-c1cccnc1F)C1(N=C(N)N(C)C1=O)c1cc(C)c(OC)cc1,0,0,0,Exmol_based,Generated using exmol-based algorithm
CC(=O)NC(Cc1cc(F)cc(F)c1)C(O)C[NH2+]C1(c2cccc(C3CCOCOC3)c2)CCCCO1,0,Fc1cc(cc(F)c1)CC(NC(=O)C)C(O)C[NH2+]C1(CCCCC1)c1cc(ccc1)C1CCOCOC1,0,0,0,Exmol_based,Generated using exmol-based algorithm
CC(=O)NC(CO)Cc1cc(F)cc(F)c1.C[NH2+]C1(c2cccc(C3CCOCOC3)c2)CCCCC1,0,Fc1cc(cc(F)c1)CC(NC(=O)C)C(O)C[NH2+]C1(CCCCC1)c1cc(ccc1)C1CCOCOC1,0,0,0,Exmol_based,Generated using exmol-based algorithm
CCOCOCCc1cccc(C2([NH2+]CC(O)C(Cc3cc(F)cc(F)c3)NC(C)=O)CCCCC2)c1,0,Fc1cc(cc(F)c1)CC(NC(=O)C)C(O)C[NH2+]C1(CCCCC1)c1cc(ccc1)C1CCOCOC1,0,0,0,Exmol_based,Generated using exmol-based algorithm
CCCC1CNc2c(F)cc(CC3CS(=O)(=O)CC([NH2+]Cc4cccc(C(C)(C)C)c4)C3O)cc21,0,S1(=O)(=O)CC(Cc2cc(F)c3NCC4(CCC4)c3c2)C(O)C([NH2+]Cc2cc(ccc2)C(C)(C)C)C1,0,0,0,Exmol_based,Generated using exmol-based algorithm
CC(C)(C)c1cccc(C[NH2+]C2CS(=O)CC(Cc3cc(F)c4c(c3)C3(CCC3)CN4)C2O)c1,0,S1(=O)(=O)CC(Cc2cc(F)c3NCC4(CCC4)c3c2)C(O)C([NH2+]Cc2cc(ccc2)C(C)(C)C)C1,0,0,0,Exmol_based,Generated using exmol-based algorithm
CC1CS(=O)(=O)CC([NH2+]Cc2cccc(C(C)(C)C)c2)C1O.Fc1cccc2c1NCC21CCC1,0,S1(=O)(=O)CC(Cc2cc(F)c3NCC4(CCC4)c3c2)C(O)C([NH2+]Cc2cc(ccc2)C(C)(C)C)C1,0,0,0,Exmol_based,Generated using exmol-based algorithm
Cc1cc(Cl)ccc1C(=NC(C)C)NC(Cc1ccccc1)c1ncc(Cl)c(=O)[nH]1,0,ClC1=CN=C(NC1=O)C(NC1=NC(Cc2c1ccc(Cl)c2)(C)C)Cc1ccccc1,0,0,0,Exmol_based,Generated using exmol-based algorithm
CC12C=C(c3ccccc3)C(c3ncc(Cl)c(=O)[nH]3)NC(=N1)c1ccc(Cl)cc1C2,0,ClC1=CN=C(NC1=O)C(NC1=NC(Cc2c1ccc(Cl)c2)(C)C)Cc1ccccc1,0,0,0,Exmol_based,Generated using exmol-based algorithm
CC1(C)Cc2cc(Cl)ccc2C(N)=N1.Cc1ccccc1.O=c1[nH]cncc1Cl,0,ClC1=CN=C(NC1=O)C(NC1=NC(Cc2c1ccc(Cl)c2)(C)C)Cc1ccccc1,0,0,0,Exmol_based,Generated using exmol-based algorithm
CC(C)(N)Cc1cccc(Cl)c1.NC(Cc1cscc1CCC1CC1)C(=O)[O-],0,Clc1cc2CC(N=C(NC(Cc3cscc3CCC3CC3)C(=O)[O-])c2cc1)(C)C,0,0,0,Exmol_based,Generated using exmol-based algorithm
CC(C)N=C(NC(Cc1cscc1CCC1CC1)C(=O)[O-])c1ccc(Cl)cc1,0,Clc1cc2CC(N=C(NC(Cc3cscc3CCC3CC3)C(=O)[O-])c2cc1)(C)C,0,0,0,Exmol_based,Generated using exmol-based algorithm
CC1(C)Cc2cc(Cl)ccc2[PH](NC(Cc2cscc2CCC2CC2)C(=O)[O-])=N1,0,Clc1cc2CC(N=C(NC(Cc3cscc3CCC3CC3)C(=O)[O-])c2cc1)(C)C,0,0,0,Exmol_based,Generated using exmol-based algorithm
CCC(=O)NC(C)(C)C1CCCC(C(=O)NC(Cc2ccccc2)C(O)C[NH2+]Cc2cc(N)cc(C(C)C)c2)C1,0,OC(C(NC(=O)C1CC(CCC1)C(NC(=O)CC)(C)C)Cc1ccccc1)C[NH2+]Cc1cc(ccc1)C(C)C,0,0,0,Exmol_based,Generated using exmol-based algorithm
CCCNC(C)(C)C1CCCC(C(=O)NC(Cc2ccccc2)C(O)C[NH2+]Cc2cccc(C(C)C)c2)C1.O,0,OC(C(NC(=O)C1CC(CCC1)C(NC(=O)CC)(C)C)Cc1ccccc1)C[NH2+]Cc1cc(ccc1)C(C)C,0,0,0,Exmol_based,Generated using exmol-based algorithm
CC(C)c1cccc(C[NH2+]CC(O)C2Cc3ccccc3CCC(=O)NC(C)(C)C3CCCC(C3)C(=O)N2)c1,0,OC(C(NC(=O)C1CC(CCC1)C(NC(=O)CC)(C)C)Cc1ccccc1)C[NH2+]Cc1cc(ccc1)C(C)C,0,0,0,Exmol_based,Generated using exmol-based algorithm
CC(=O)NC(Cc1cc(F)cc(Br)c1)C(O)C[NH2+]C1(c2cccc(C3CCCO3)c2)CC1,0,Fc1cc(cc(F)c1)CC(NC(=O)C)C(O)C[NH2+]C1(CC1)c1cc(ccc1)C1OCCC1,0,0,0,Exmol_based,Generated using exmol-based algorithm
CC(=O)CC(Cc1cc(F)cc(F)c1)C(O)C[NH2+]C1(c2cccc(C3CCCO3)c2)CC1,0,Fc1cc(cc(F)c1)CC(NC(=O)C)C(O)C[NH2+]C1(CC1)c1cc(ccc1)C1OCCC1,0,0,0,Exmol_based,Generated using exmol-based algorithm
CC(N)=O.Cc1cc(F)cc(F)c1.OCC[NH2+]C1(c2cccc(C3CCCO3)c2)CC1,0,Fc1cc(cc(F)c1)CC(NC(=O)C)C(O)C[NH2+]C1(CC1)c1cc(ccc1)C1OCCC1,0,0,0,Exmol_based,Generated using exmol-based algorithm
CCC(C)(O)c1cccc(C2([NH2+]CC(O)C(Cc3cc(F)cc(F)c3)NC(C)=O)CC2)c1,0,Fc1cc(cc(F)c1)CC(NC(=O)C)C(O)C[NH2+]C1(CC1)c1cc(ccc1)C1(OCCC1)C,0,0,0,Exmol_based,Generated using exmol-based algorithm
CC(=O)NC(Cc1cc(C)cc(F)c1)C(O)C[NH2+]C1(c2cccc(C3(C)CCCO3)c2)CC1,0,Fc1cc(cc(F)c1)CC(NC(=O)C)C(O)C[NH2+]C1(CC1)c1cc(ccc1)C1(OCCC1)C,0,0,0,Exmol_based,Generated using exmol-based algorithm
CCCC(C)(O)c1cccc(C2([NH2+]CC(O)C(Cc3cc(F)cc(F)c3)NC(C)=O)CC2)c1,0,Fc1cc(cc(F)c1)CC(NC(=O)C)C(O)C[NH2+]C1(CC1)c1cc(ccc1)C1(OCCC1)C,0,0,0,Exmol_based,Generated using exmol-based algorithm
C=CCNC(=O)c1ccc(-c2ccc(-c3ccccc3)n2Cc2cccc(N)n2)cc1,0,O=C(NCC=C)c1ccc(cc1)-c1n(Cc2nc(N)ccc2)c(cc1)-c1ccccc1,0,0,0,Exmol_based,Generated using exmol-based algorithm
C=CCNC(=O)c1ccc(-c2ccc(-c3ccccc3)n2Cc2nc(N)ccp2)cc1,0,O=C(NCC=C)c1ccc(cc1)-c1n(Cc2nc(N)ccc2)c(cc1)-c1ccccc1,0,0,0,Exmol_based,Generated using exmol-based algorithm
C=CCNC(=O)c1ccc(-c2ccc(-c3ccccc3)n2C(C)c2cccc(N)n2)cc1,0,O=C(NCC=C)c1ccc(cc1)-c1n(Cc2nc(N)ccc2)c(cc1)-c1ccccc1,0,0,0,Exmol_based,Generated using exmol-based algorithm
Nc1cccc(Cn2c(-c3ccccc3)ccc2-c2ccc(Oc3ccncc3)cc2)n1,0,Clc1ccccc1-c1n(Cc2nc(N)ccc2)c(cc1)-c1ccc(Oc2ccncc2)cc1,0,0,0,Exmol_based,Generated using exmol-based algorithm
Nc1cccc(Cn2c(-c3ccc(Oc4ccnnc4)cc3)ccc2-c2ccccc2Cl)n1,0,Clc1ccccc1-c1n(Cc2nc(N)ccc2)c(cc1)-c1ccc(Oc2ccncc2)cc1,0,0,0,Exmol_based,Generated using exmol-based algorithm
Nc1cccc(Cn2c(-c3ccc(Oc4ccncn4)cc3)ccc2-c2ccccc2Cl)n1,0,Clc1ccccc1-c1n(Cc2nc(N)ccc2)c(cc1)-c1ccc(Oc2ccncc2)cc1,0,0,0,Exmol_based,Generated using exmol-based algorithm
Cc1ccc(CC(NC2=NC(C)(C)Cc3cc(Cl)ccc32)c2ncc(I)c(=O)[nH]2)cc1,0,IC1=CN=C(NC1=O)C(NC1=NC(Cc2c1ccc(Cl)c2)(C)C)Cc1ccccc1,0,0,0,Exmol_based,Generated using exmol-based algorithm
CC(C)Cc1cc(Cl)ccc1C(=N)NC(Cc1ccccc1)c1ncc(I)c(=O)[nH]1,0,IC1=CN=C(NC1=O)C(NC1=NC(Cc2c1ccc(Cl)c2)(C)C)Cc1ccccc1,0,0,0,Exmol_based,Generated using exmol-based algorithm
CC1(S)Cc2cc(Cl)ccc2C(NC(Cc2ccccc2)c2ncc(I)c(=O)[nH]2)=N1,0,IC1=CN=C(NC1=O)C(NC1=NC(Cc2c1ccc(Cl)c2)(C)C)Cc1ccccc1,0,0,0,Exmol_based,Generated using exmol-based algorithm
CCC(C)C1(NC(C)=O)CCN(C(C)C(=O)NC(Cc2cc(F)cc(F)c2)[C@H](O)[C@@H]2Cc3ccccc3C[NH2+]2)C1=O.Cc1ccccc1,0,Fc1cc(cc(F)c1)CC(NC(=O)C(N1CCC(NC(=O)C)(C(CC)C)C1=O)CCc1ccccc1)[C@H](O)[C@H]1[NH2+]Cc2c(C1)cccc2,0,0,0,Exmol_based,Generated using exmol-based algorithm
CCC(C)C1(NC(C)=O)CCN(C(CCc2ccccc2)C(=O)NC(Cc2cc(F)cc(F)c2)[C@H](O)[C@@H]2Cc3ccccc3C[NH2+]2)C1,0,Fc1cc(cc(F)c1)CC(NC(=O)C(N1CCC(NC(=O)C)(C(CC)C)C1=O)CCc1ccccc1)[C@H](O)[C@H]1[NH2+]Cc2c(C1)cccc2,0,0,0,Exmol_based,Generated using exmol-based algorithm
CPC(C)C1(NC(C)=O)CCN(C(CCc2ccccc2)C(=O)NC(Cc2cc(F)cc(F)c2)[C@H](O)[C@@H]2Cc3ccccc3C[NH2+]2)C1=O,0,Fc1cc(cc(F)c1)CC(NC(=O)C(N1CCC(NC(=O)C)(C(CC)C)C1=O)CCc1ccccc1)[C@H](O)[C@H]1[NH2+]Cc2c(C1)cccc2,0,0,0,Exmol_based,Generated using exmol-based algorithm
O=C(C1C[NH2+]CC1c1ccccc1Br)N1SCC(c2ccccc2)CC1c1ccccc1,0,Brc1ccccc1C1C[NH2+]CC1C(=O)N1CCC(CC1c1ccccc1)c1ccccc1,0,0,0,Exmol_based,Generated using exmol-based algorithm
O=C(C1C[NH2+]CC1c1ccccc1Br)N1CC[SH](c2ccccc2)CC1c1ccccc1,0,Brc1ccccc1C1C[NH2+]CC1C(=O)N1CCC(CC1c1ccccc1)c1ccccc1,0,0,0,Exmol_based,Generated using exmol-based algorithm
C[NH2+]CC(Cc1ccccc1Br)C(=O)N1CCC(c2ccccc2)CC1c1ccccc1,0,Brc1ccccc1C1C[NH2+]CC1C(=O)N1CCC(CC1c1ccccc1)c1ccccc1,0,0,0,Exmol_based,Generated using exmol-based algorithm
CC1(C)CC2(C=CC(c3cccc(Cl)c3)=CC=CO1)N=C(N)N(CC(F)(F)F)C2=O,0,Clc1cc(ccc1)-c1cc2c(OC(CC23N=C(N)N(CC(F)(F)F)C3=O)(C)C)cc1,0,0,0,Exmol_based,Generated using exmol-based algorithm
CC1(C)CC(N=C(N)N(C=O)CC(F)(F)F)c2cc(-c3cccc(Cl)c3)ccc2O1,0,Clc1cc(ccc1)-c1cc2c(OC(CC23N=C(N)N(CC(F)(F)F)C3=O)(C)C)cc1,0,0,0,Exmol_based,Generated using exmol-based algorithm
CC(C)Oc1ccc(-c2cccc(Cl)c2)cc1C1N=C(N)N(CC(F)(F)F)C1=O,0,Clc1cc(ccc1)-c1cc2c(OC(CC23N=C(N)N(CC(F)(F)F)C3=O)(C)C)cc1,0,0,0,Exmol_based,Generated using exmol-based algorithm
C.CC(C)(C)c1cccc(C2([NH2+]C[C@@H](O)[C@@H](N)Cc3cc(F)cc(F)c3)CCC2)c1.O,0,Fc1cc(cc(F)c1)C[C@H](NC(=O)C)[C@H](O)C[NH2+]C1(CCC1)c1cc(ccc1)C(C)(C)C,0,0,0,Exmol_based,Generated using exmol-based algorithm
CC(=O)N[C@@H](Cc1cc(F)cc(F)c1)[C@H](O)C[NH2+].CC(C)(C)c1cccc(C2CCC2)c1,0,Fc1cc(cc(F)c1)C[C@H](NC(=O)C)[C@H](O)C[NH2+]C1(CCC1)c1cc(ccc1)C(C)(C)C,0,0,0,Exmol_based,Generated using exmol-based algorithm
CC(=O)N[C@@H](Cc1cccc(F)c1)[C@H](O)C[NH2+]C1(c2cccc(C(C)(C)C)c2)CCC1.F,0,Fc1cc(cc(F)c1)C[C@H](NC(=O)C)[C@H](O)C[NH2+]C1(CCC1)c1cc(ccc1)C(C)(C)C,0,0,0,Exmol_based,Generated using exmol-based algorithm
CC(C)(C#[SH])c1cccc(C[NH2+]C2CS(=O)(=O)CC(Cc3cccc(Br)c3)C2O)c1,0,Brc1cc(ccc1)CC1CS(=O)(=O)CC([NH2+]Cc2cc(ccc2)C(C)(C)C)C1O,0,0,0,Exmol_based,Generated using exmol-based algorithm
CC(C)(C)c1ccc(F)c(C[NH2+]C2CS(=O)(=O)CC(Cc3cccc(Br)c3)C2O)c1,0,Brc1cc(ccc1)CC1CS(=O)(=O)CC([NH2+]Cc2cc(ccc2)C(C)(C)C)C1O,0,0,0,Exmol_based,Generated using exmol-based algorithm
CC(C)c1cccc(C[NH2+]C2CS(=O)(=O)CC(Cc3cccc(Br)c3)C2O)c1,0,Brc1cc(ccc1)CC1CS(=O)(=O)CC([NH2+]Cc2cc(ccc2)C(C)(C)C)C1O,0,0,0,Exmol_based,Generated using exmol-based algorithm
CCSc1cscc1CC(NC1=NC(C)(C)Cc2cc(Cl)ccc21)C(=O)[O-],0,Clc1cc2CC(N=C(NC(Cc3cscc3CCC)C(=O)[O-])c2cc1)(C)C,0,0,0,Exmol_based,Generated using exmol-based algorithm
CC1(C)Cc2cc(Cl)ccc2C(NCC(=O)[O-])=N1.CCCc1ccsc1,0,Clc1cc2CC(N=C(NC(Cc3cscc3CCC)C(=O)[O-])c2cc1)(C)C,0,0,0,Exmol_based,Generated using exmol-based algorithm
[C-]C(=O)C(Cc1cscc1CCC)NC1=NC(C)(C)Cc2cc(Cl)ccc21,0,Clc1cc2CC(N=C(NC(Cc3cscc3CCC)C(=O)[O-])c2cc1)(C)C,0,0,0,Exmol_based,Generated using exmol-based algorithm
COc1ccc(C2(c3ccc(C#N)c(-c4cccnc4)c3)N=C(N)N(C)C2=O)cc1Br,0,O(C)c1ccc(cc1C)C1(N=C(N)N(C)C1=O)c1cc(-c2cccnc2)c(cc1)C#N,0,0,0,Exmol_based,Generated using exmol-based algorithm
CN1C(=O)C(c2ccc(C#N)c(-c3cccnc3)c2)N=C1N.COc1ccccc1C,0,O(C)c1ccc(cc1C)C1(N=C(N)N(C)C1=O)c1cc(-c2cccnc2)c(cc1)C#N,0,0,0,Exmol_based,Generated using exmol-based algorithm
COc1ccc(C2(c3ccc(C#N)c(-c4cccnc4)c3)CN(C)C(N)=N2)cc1C,0,O(C)c1ccc(cc1C)C1(N=C(N)N(C)C1=O)c1cc(-c2cccnc2)c(cc1)C#N,0,0,0,Exmol_based,Generated using exmol-based algorithm
CN1C(=O)C(c2ccncc2)N=C1N.c1ccc(-c2ccoc2)cc1,0,o1cc(cc1)-c1cc(ccc1)C1(N=C(N)N(C)C1=O)c1ccncc1,0,0,0,Exmol_based,Generated using exmol-based algorithm
CN1C(=O)C2(c3ccncc3)N=C1Nc1cocc1-c1cccc2c1,0,o1cc(cc1)-c1cc(ccc1)C1(N=C(N)N(C)C1=O)c1ccncc1,0,0,0,Exmol_based,Generated using exmol-based algorithm
CN1C(=O)C(c2cccc(-c3ccoc3)c2)(c2ccnc(N)c2)N=C1N,0,o1cc(cc1)-c1cc(ccc1)C1(N=C(N)N(C)C1=O)c1ccncc1,0,0,0,Exmol_based,Generated using exmol-based algorithm
CCc1cscc1CC(NC1=NC(C)(C)Pc2cc(Cl)ccc21)C(=O)[O-],0,Clc1cc2CC(N=C(NC(Cc3cscc3CC)C(=O)[O-])c2cc1)(C)C,0,0,0,Exmol_based,Generated using exmol-based algorithm
CCc1cscc1CC(NC1=NC(C)(C)Sc2cc(Cl)ccc21)C(=O)[O-],0,Clc1cc2CC(N=C(NC(Cc3cscc3CC)C(=O)[O-])c2cc1)(C)C,0,0,0,Exmol_based,Generated using exmol-based algorithm
CC(C)(N)Cc1cccc(Cl)c1.CCc1cscc1CC(N)C(=O)[O-],0,Clc1cc2CC(N=C(NC(Cc3cscc3CC)C(=O)[O-])c2cc1)(C)C,0,0,0,Exmol_based,Generated using exmol-based algorithm
COc1cccc(-c2cccc(C(C)(N=CN)SC)c2)c1,0,S1CCC(=NC1(C)c1cc(ccc1)-c1cc(OC)ccc1)N,0,0,0,Exmol_based,Generated using exmol-based algorithm
COc1cccc(-c2cc(P)cc(C3(C)N=C(N)CCS3)c2)c1,0,S1CCC(=NC1(C)c1cc(ccc1)-c1cc(OC)ccc1)N,0,0,0,Exmol_based,Generated using exmol-based algorithm
COc1cc(Br)cc(-c2cccc(C3(C)N=C(N)CCS3)c2)c1,0,S1CCC(=NC1(C)c1cc(ccc1)-c1cc(OC)ccc1)N,0,0,0,Exmol_based,Generated using exmol-based algorithm
COc1ccc(C2(c3cccc(-c4cncnc4)c3)N=C(N)c3nc(C)sc32)cc1Br,0,s1c2c(nc1C)C(=NC2(c1cc(ccc1)-c1cncnc1)c1ccc(OC)cc1)N,0,0,0,Exmol_based,Generated using exmol-based algorithm
COc1ccc(C2(c3cccc(-c4cncnc4)c3)c3sc(C)nc3C(N)=[N+]2[O-])cc1,0,s1c2c(nc1C)C(=NC2(c1cc(ccc1)-c1cncnc1)c1ccc(OC)cc1)N,0,0,0,Exmol_based,Generated using exmol-based algorithm
COc1ccc(C2(c3cccc(-c4cncnc4)c3)N=Cc3nc(C)sc32)cc1.N,0,s1c2c(nc1C)C(=NC2(c1cc(ccc1)-c1cncnc1)c1ccc(OC)cc1)N,0,0,0,Exmol_based,Generated using exmol-based algorithm
CC(=O)NC(CO)Cc1cc(F)cc(F)c1.CC(C)(C)c1ccnc(C2([NH2+])CC2)c1,0,Fc1cc(cc(F)c1)CC(NC(=O)C)C(O)C[NH2+]C1(CC1)c1nccc(c1)C(C)(C)C,0,0,0,Exmol_based,Generated using exmol-based algorithm
CC(=O)NC(Cc1cc(F)cc(F)c1)C(O)C[NH2+]C1(c2cc(C(C)(C)CO)ccn2)CC1,0,Fc1cc(cc(F)c1)CC(NC(=O)C)C(O)C[NH2+]C1(CC1)c1nccc(c1)C(C)(C)C,0,0,0,Exmol_based,Generated using exmol-based algorithm
CC.CC(=O)NC(Cc1cc(F)cc(F)c1)C(O)C[NH2+].CC(C)(C)c1ccncc1,0,Fc1cc(cc(F)c1)CC(NC(=O)C)C(O)C[NH2+]C1(CC1)c1nccc(c1)C(C)(C)C,0,0,0,Exmol_based,Generated using exmol-based algorithm
COCC([NH2+]CC(O)C1Cc2cccc(c2)OCCCCNc2cc(POC)cc(c2)C(=O)N1)c1cccc(C(C)(C)C)c1,0,O1CCCCNc2cc(cc(c2)C(=O)NC(Cc2cc1ccc2)C(O)C[NH2+]C(COC)c1cc(ccc1)C(C)(C)C)COC,0,0,0,Exmol_based,Generated using exmol-based algorithm
COCc1cc2cc(c1)C(=O)NC(C(O)C[NH2+]C(COC)c1cccc(C(C)(C)C)c1)Cc1cccc(c1)OCCSCN2,0,O1CCCCNc2cc(cc(c2)C(=O)NC(Cc2cc1ccc2)C(O)C[NH2+]C(COC)c1cc(ccc1)C(C)(C)C)COC,0,0,0,Exmol_based,Generated using exmol-based algorithm
COCc1cc2cc(c1)C(=O)NC(C(O)C[NH2+]C(COC)c1cccc(C(C)(C)C)c1)Cc1cccc(c1)OCCCPN2,0,O1CCCCNc2cc(cc(c2)C(=O)NC(Cc2cc1ccc2)C(O)C[NH2+]C(COC)c1cc(ccc1)C(C)(C)C)COC,0,0,0,Exmol_based,Generated using exmol-based algorithm
CC(C)(C)c1cccc(C[NH2+])c1.CCCOc1cccc(CC2CS(=O)(=O)CCC2O)c1,0,S1(=O)(=O)CC(Cc2cc(OCCC)ccc2)C(O)C([NH2+]Cc2cc(ccc2)C(C)(C)C)C1,0,0,0,Exmol_based,Generated using exmol-based algorithm
CCCOc1cccc(CC(C[SH](=O)=O)C(O)C(C)[NH2+]Cc2cccc(C(C)(C)C)c2)c1,0,S1(=O)(=O)CC(Cc2cc(OCCC)ccc2)C(O)C([NH2+]Cc2cc(ccc2)C(C)(C)C)C1,0,0,0,Exmol_based,Generated using exmol-based algorithm
CCCOc1cccc(C2CC(C)(C)c3cccc(c3)C[NH2+]C3CS(=O)(=O)CC2C3O)c1,0,S1(=O)(=O)CC(Cc2cc(OCCC)ccc2)C(O)C([NH2+]Cc2cc(ccc2)C(C)(C)C)C1,0,0,0,Exmol_based,Generated using exmol-based algorithm
CCCCCC([NH2+]CC(O)C(Cc1cc(F)cc(F)c1)NC(C)=O)c1cccc(CC)c1,0,Fc1cc(cc(F)c1)CC(NC(=O)C)C(O)C[NH2+]C1(CCCCC1)c1cc(ccc1)CC,0,0,0,Exmol_based,Generated using exmol-based algorithm
CC(=O)NC(Cc1cc(F)cc(F)c1)C(O)C[NH2+]C1CCCCC1.CCc1ccccc1,0,Fc1cc(cc(F)c1)CC(NC(=O)C)C(O)C[NH2+]C1(CCCCC1)c1cc(ccc1)CC,0,0,0,Exmol_based,Generated using exmol-based algorithm
CCc1cccc(C2([NH2+]CC(O)C(Cc3cc(F)cc(F)c3)NC(C)=O)CCCCC2)c1,0,Fc1cc(cc(F)c1)CC(NC(=O)C)C(O)C[NH2+]C1(CCCCC1)c1cc(ccc1)CC,0,0,0,Exmol_based,Generated using exmol-based algorithm
CC(=O)NC(CC[NH2+]C1(c2cccc(N3CCCOCC3)c2)CCCCC1)Cc1cc(F)cc(F)c1,0,Fc1cc(cc(F)c1)CC(NC(=O)C)C(O)C[NH2+]C1(CCCCC1)c1cc(N2CCCOCC2)ccc1,0,0,0,Exmol_based,Generated using exmol-based algorithm
CC(=O)NC(Cc1cc(F)cc(F)c1)C(O)C[NH2+].CCCCC.c1ccc(N2CCCOCC2)cc1,0,Fc1cc(cc(F)c1)CC(NC(=O)C)C(O)C[NH2+]C1(CCCCC1)c1cc(N2CCCOCC2)ccc1,0,0,0,Exmol_based,Generated using exmol-based algorithm
CC(=O)NC(Cc1cccc(F)c1)C(O)C[NH2+]C1(c2cccc(N3CCCOCC3)c2)CCCCC1.F,0,Fc1cc(cc(F)c1)CC(NC(=O)C)C(O)C[NH2+]C1(CCCCC1)c1cc(N2CCCOCC2)ccc1,0,0,0,Exmol_based,Generated using exmol-based algorithm
C.CC1CC2(N=C(N)N(C)C2=O)c2cc(-c3cncnc3)ccc2C1=O,0,O=C1c2c(cc(cc2)-c2cncnc2)C2(N=C(N)N(C)C2=O)CC1(C)C,0,0,0,Exmol_based,Generated using exmol-based algorithm
CN1C(=O)C2(CC(C)(C)C(=O)c3ccc(-c4cncnc4)c(S)c32)N=C1N,0,O=C1c2c(cc(cc2)-c2cncnc2)C2(N=C(N)N(C)C2=O)CC1(C)C,0,0,0,Exmol_based,Generated using exmol-based algorithm
C.CC1CC2(N=C(N)N(C)C2=O)c2cc(-c3cncnc3)ccc2C1=O,0,O=C1c2c(cc(cc2)-c2cncnc2)C2(N=C(N)N(C)C2=O)CC1(C)C,0,0,0,Exmol_based,Generated using exmol-based algorithm
CC1(Cl)Cc2cc(Cl)ccc2C(NC(Cc2sccc2Br)C(=O)[O-])=N1,0,Brc1ccsc1CC(NC1=NC(Cc2c1ccc(Cl)c2)(C)C)C(=O)[O-],0,0,0,Exmol_based,Generated using exmol-based algorithm
CC(C)Cc1cc(Cl)ccc1C(=N)NC(Cc1sccc1Br)C(=O)[O-],0,Brc1ccsc1CC(NC1=NC(Cc2c1ccc(Cl)c2)(C)C)C(=O)[O-],0,0,0,Exmol_based,Generated using exmol-based algorithm
CC1(C)Cc2cc(Cl)ccc2C(NC(Cc2sc(Br)cc2Br)C(=O)[O-])=N1,0,Brc1ccsc1CC(NC1=NC(Cc2c1ccc(Cl)c2)(C)C)C(=O)[O-],0,0,0,Exmol_based,Generated using exmol-based algorithm
CCCCC([NH2+]CC(O)C(Cc1cc(F)cc(F)c1)NC(C)=O)c1cccc(S(C)(=O)=O)c1,0,S(=O)(=O)(C)c1cc(ccc1)C1([NH2+]CC(O)C(NC(=O)C)Cc2cc(F)cc(F)c2)CCCCC1,0,0,0,Exmol_based,Generated using exmol-based algorithm
CC(=O)NC(Cc1cc(F)c2c(F)c1-2)C(O)C[NH2+]C1(c2cccc(S(C)(=O)=O)c2)CCCCC1,0,S(=O)(=O)(C)c1cc(ccc1)C1([NH2+]CC(O)C(NC(=O)C)Cc2cc(F)cc(F)c2)CCCCC1,0,0,0,Exmol_based,Generated using exmol-based algorithm
CC(=O)NCC(O)C[NH2+]C1(c2cccc(S(C)(=O)=O)c2)CCCCC1.Fc1cccc(F)c1,0,S(=O)(=O)(C)c1cc(ccc1)C1([NH2+]CC(O)C(NC(=O)C)Cc2cc(F)cc(F)c2)CCCCC1,0,0,0,Exmol_based,Generated using exmol-based algorithm
CC(=O)NC(Cc1cc(F)cc(F)c1)C(O)C[NH2+]C1(c2cc(CC(C)(C)C)c[n+]([O-])c2)CC1,0,Fc1cc(cc(F)c1)CC(NC(=O)C)C(O)C[NH2+]C1(CC1)c1cc(c[n+]([O-])c1)CC(C)(C)C,0,0,0,Exmol_based,Generated using exmol-based algorithm
CC(=O)NC(Cc1cc(F)cc(F)c1)C(O)C[NH2+]C1(C2=CC(CC(C)(C)C)=C[N+]=C2)CC1,0,Fc1cc(cc(F)c1)CC(NC(=O)C)C(O)C[NH2+]C1(CC1)c1cc(c[n+]([O-])c1)CC(C)(C)C,0,0,0,Exmol_based,Generated using exmol-based algorithm
CC(=O)NC(CO)Cc1cc(F)cc(F)c1.CC(C)(C)Cc1cc(C2([NH2+])CC2)c[n+]([O-])c1,0,Fc1cc(cc(F)c1)CC(NC(=O)C)C(O)C[NH2+]C1(CC1)c1cc(c[n+]([O-])c1)CC(C)(C)C,0,0,0,Exmol_based,Generated using exmol-based algorithm
NC1=[NH+][C@](c2cccc(OC(O)(F)F)c2)(c2cccc(-c3cccnc3F)c2)C2=NCCCN21,0,Fc1ncccc1-c1cc(ccc1)[C@]1([NH+]=C(N2C1=NCCC2)N)c1cc2OC(F)(F)Oc2cc1,0,0,0,Exmol_based,Generated using exmol-based algorithm
Fc1ncccc1-c1cccc([C@@]2(c3ccc4c(c3)OC(F)(F)O4)[NH+]=C(S)N3CCCN=C32)c1,0,Fc1ncccc1-c1cc(ccc1)[C@]1([NH+]=C(N2C1=NCCC2)N)c1cc2OC(F)(F)Oc2cc1,0,0,0,Exmol_based,Generated using exmol-based algorithm
CN=C1N(C)C(N)=[NH+][C@@]1(c1cccc(-c2cccnc2F)c1)c1ccc2c(c1)OC(F)(F)O2,0,Fc1ncccc1-c1cc(ccc1)[C@]1([NH+]=C(N2C1=NCCC2)N)c1cc2OC(F)(F)Oc2cc1,0,0,0,Exmol_based,Generated using exmol-based algorithm
COc1cccc(C2(c3cc(-c4cc(OC)ccc4F)ccc3O)COC(N)=N2)c1,0,Fc1ccc(OC)cc1-c1cc2c(Oc3c(cc(OC)cc3)C23N=C(OC3)N)cc1,0,0,0,Exmol_based,Generated using exmol-based algorithm
COc1ccc(F)c(-c2ccc3c(c2)C2(COC(N)=N2)c2cc(OC)ccc2O3)c1,0,Fc1ccc(OC)cc1-c1cc2c(Oc3c(cc(OC)cc3)C23N=C(OC3)N)cc1,0,0,0,Exmol_based,Generated using exmol-based algorithm
COc1ccc(F)c(-c2ccc3c(c2)C(N)(CO)c2cc(OC)ccc2O3)c1.N,0,Fc1ccc(OC)cc1-c1cc2c(Oc3c(cc(OC)cc3)C23N=C(OC3)N)cc1,0,0,0,Exmol_based,Generated using exmol-based algorithm
CC(=O)NC(Cc1cc(F)cc(F)c1)C(O)C[NH2+]C1(c2cccc([SH]3CCCOCC3=O)c2)CCCCC1,0,Fc1cc(cc(F)c1)CC(NC(=O)C)C(O)C[NH2+]C1(CCCCC1)c1cc(N2CCCOCC2=O)ccc1,0,0,0,Exmol_based,Generated using exmol-based algorithm
CC(=O)NCCc1cc(F)cc(F)c1.O=C1COCCCN1c1cccc(C2([NH2+]CCO)CCCCC2)c1,0,Fc1cc(cc(F)c1)CC(NC(=O)C)C(O)C[NH2+]C1(CCCCC1)c1cc(N2CCCOCC2=O)ccc1,0,0,0,Exmol_based,Generated using exmol-based algorithm
CCCOCC(=O)Nc1cccc(C2([NH2+]CC(O)C(Cc3cc(F)cc(F)c3)NC(C)=O)CCCCC2)c1,0,Fc1cc(cc(F)c1)CC(NC(=O)C)C(O)C[NH2+]C1(CCCCC1)c1cc(N2CCCOCC2=O)ccc1,0,0,0,Exmol_based,Generated using exmol-based algorithm
CC1(C)Cc2cc(Cl)ccc2C(PC(Cc2ccccc2)c2noc(=O)[nH]2)=N1,0,Clc1cc2CC(N=C(NC(Cc3ccccc3)C=3NC(ON=3)=O)c2cc1)(C)C,0,0,0,Exmol_based,Generated using exmol-based algorithm
CC1(C)Cc2cc(Cl)ccc2C(NCc2noc(=O)[nH]2)=N1.Cc1ccccc1,0,Clc1cc2CC(N=C(NC(Cc3ccccc3)C=3NC(ON=3)=O)c2cc1)(C)C,0,0,0,Exmol_based,Generated using exmol-based algorithm
CC1(C)Cc2cc(Cl)ccc2C(NC(Cc2ccccc2)c2noc(=O)[nH]2)=N1,0,Clc1cc2CC(N=C(NC(Cc3ccccc3)C=3NC(ON=3)=O)c2cc1)(C)C,0,0,0,Exmol_based,Generated using exmol-based algorithm
CC(=O)N[C@@H](Cc1cc(F)cc(F)c1)[C@H](O)C[NH2+]C(C)c1cccc([C@H]2CCOC2)c1,0,Fc1cc(cc(F)c1)C[C@H](NC(=O)C)[C@H](O)C[NH2+]C1(CC1)c1cc(ccc1)[C@H]1CCOC1,0,0,0,Exmol_based,Generated using exmol-based algorithm
CC(=O)N[C@@H](Cc1cc(F)cc(F)c1)[C@H](O)C[NH2+]C(C)(C)c1cccc([C@H]2CCOC2)c1,0,Fc1cc(cc(F)c1)C[C@H](NC(=O)C)[C@H](O)C[NH2+]C1(CC1)c1cc(ccc1)[C@H]1CCOC1,0,0,0,Exmol_based,Generated using exmol-based algorithm
CC(=O)N[C@@H](Cc1cc(F)cc(F)c1)[C@H](O)C[NH2+]C1(c2cccc([C@H]3CCOC3)c2)CC1N,0,Fc1cc(cc(F)c1)C[C@H](NC(=O)C)[C@H](O)C[NH2+]C1(CC1)c1cc(ccc1)[C@H]1CCOC1,0,0,0,Exmol_based,Generated using exmol-based algorithm
CC(C)c1cccc(C[NH2+]CC(O)C(Cc2cccc(Br)c2)C[SH](=O)=O)c1,0,Brc1cc(ccc1)CC1CS(=O)(=O)CC([NH2+]Cc2cc(ccc2)C(C)C)C1O,0,0,0,Exmol_based,Generated using exmol-based algorithm
CC(C)c1cccc(C[NH2+]C2CS(=O)(=O)CC(C(C)c3cccc(Br)c3)C2O)c1,0,Brc1cc(ccc1)CC1CS(=O)(=O)CC([NH2+]Cc2cc(ccc2)C(C)C)C1O,0,0,0,Exmol_based,Generated using exmol-based algorithm
CC(C)c1cccc(C[NH2+]C(C[SH](=O)=O)C(O)CCc2cccc(Br)c2)c1,0,Brc1cc(ccc1)CC1CS(=O)(=O)CC([NH2+]Cc2cc(ccc2)C(C)C)C1O,0,0,0,Exmol_based,Generated using exmol-based algorithm
C#Cc1cscc1CC(NC1=NC(C)(C)Cc2cc(Cl)c(P)cc21)C(=O)[O-],0,Clc1cc2CC(N=C(NC(Cc3cscc3C#C)C(=O)[O-])c2cc1)(C)C,0,0,0,Exmol_based,Generated using exmol-based algorithm
Cc1cscc1CC(NC1=NC(C)(C)Cc2cc(Cl)ccc21)C(=O)[O-],0,Clc1cc2CC(N=C(NC(Cc3cscc3C#C)C(=O)[O-])c2cc1)(C)C,0,0,0,Exmol_based,Generated using exmol-based algorithm
C#Cc1c(CC(NC2=NC(C)(C)Cc3cc(Cl)ccc32)C(=O)[O-])csc1Cl,0,Clc1cc2CC(N=C(NC(Cc3cscc3C#C)C(=O)[O-])c2cc1)(C)C,0,0,0,Exmol_based,Generated using exmol-based algorithm
Clc1cccnc1.NC1=NC2(c3cccc(N)c3)CC2CS1.O,0,Clc1ccc(nc1)C(=O)Nc1cc(ccc1)C12N=C(SCC1C2)N,0,0,0,Exmol_based,Generated using exmol-based algorithm
NC1=NC2(c3cccc(NC(=O)c4ccc(Cl)cp4)c3)CC2CS1,0,Clc1ccc(nc1)C(=O)Nc1cc(ccc1)C12N=C(SCC1C2)N,0,0,0,Exmol_based,Generated using exmol-based algorithm
NC1=NC(c2cccc(NC(=O)c3ccc(Cl)cn3)c2)CCCS1,0,Clc1ccc(nc1)C(=O)Nc1cc(ccc1)C12N=C(SCC1C2)N,0,0,0,Exmol_based,Generated using exmol-based algorithm
CC(=O)NC(Cc1cc(F)cc(F)c1)C(O)C[NH2+]C1(c2cncc(CC(C)C)c2)CC1,0,Fc1cc(cc(F)c1)CC(NC(=O)C)C(O)C[NH2+]C1(CC1)c1cc(cnc1)CC(C)(C)C,0,0,0,Exmol_based,Generated using exmol-based algorithm
CC(=O)NC(C)C(O)C[NH2+]C1(c2cncc(CC(C)(C)C)c2)CC1.Fc1cccc(F)c1,0,Fc1cc(cc(F)c1)CC(NC(=O)C)C(O)C[NH2+]C1(CC1)c1cc(cnc1)CC(C)(C)C,0,0,0,Exmol_based,Generated using exmol-based algorithm
C.CC(=O)NC(Cc1cc(F)cc(F)c1)C(O)C[NH2+]C1(c2cncc(CC(C)C)c2)CC1,0,Fc1cc(cc(F)c1)CC(NC(=O)C)C(O)C[NH2+]C1(CC1)c1cc(cnc1)CC(C)(C)C,0,0,0,Exmol_based,Generated using exmol-based algorithm
CC1(C)Cc2ccc(-c3cncc(Cl)c3)cc2C2(COC(N)=N2)C1,0,Clc1cc(cnc1)-c1cc2c(CC(CC23N=C(OC3)N)(C)C)cc1,0,0,0,Exmol_based,Generated using exmol-based algorithm
Cc1ccc(-c2cncc(Cl)c2)cc1C1(CC(C)C)COC(N)=N1,0,Clc1cc(cnc1)-c1cc2c(CC(CC23N=C(OC3)N)(C)C)cc1,0,0,0,Exmol_based,Generated using exmol-based algorithm
CC1(C)CC=CC=C(c2cncc(Cl)c2)C=CC2(COC(N)=N2)C1,0,Clc1cc(cnc1)-c1cc2c(CC(CC23N=C(OC3)N)(C)C)cc1,0,0,0,Exmol_based,Generated using exmol-based algorithm
Cc1ncncc1-c1cccc([C@]2(c3ccc(OC(F)(F)F)cc3)[NH+]=C(N)N3CCCN=C32)c1,0,FC(F)(F)Oc1ccc(cc1)[C@]1([NH+]=C(N2C1=NCCC2)N)c1cc(ccc1)-c1cncnc1,0,0,0,Exmol_based,Generated using exmol-based algorithm
NC1=[NH+][C@](c2ccccc2)(c2ccc(OC(F)(F)F)cc2)C2=NCCCN21.c1cncnc1,0,FC(F)(F)Oc1ccc(cc1)[C@]1([NH+]=C(N2C1=NCCC2)N)c1cc(ccc1)-c1cncnc1,0,0,0,Exmol_based,Generated using exmol-based algorithm
NC1=[NH+][C@@](c2ccc(OC(F)F)cc2)(c2cccc(-c3cncnc3)c2)C2=NCCCN21,0,FC(F)(F)Oc1ccc(cc1)[C@]1([NH+]=C(N2C1=NCCC2)N)c1cc(ccc1)-c1cncnc1,0,0,0,Exmol_based,Generated using exmol-based algorithm
COc1ccc(C2(c3cc(F)cc(-c4cccnc4)c3)N=C(N)CS2)cc1,0,S1CC(=NC1(c1cc(ccc1)-c1cccnc1)c1ccc(OC)cc1)N,0,0,0,Exmol_based,Generated using exmol-based algorithm
COc1ccccc1.N=C(N)CS.c1ccc(-c2cccnc2)cc1,0,S1CC(=NC1(c1cc(ccc1)-c1cccnc1)c1ccc(OC)cc1)N,0,0,0,Exmol_based,Generated using exmol-based algorithm
COc1ccc(C2(c3cccc(-c4cccnc4)c3)N=C(N)C(S)S2)cc1,0,S1CC(=NC1(c1cc(ccc1)-c1cccnc1)c1ccc(OC)cc1)N,0,0,0,Exmol_based,Generated using exmol-based algorithm
C#CC(CC(O)C(Cc1ccccc1)NC(=O)C1CCCC(C(NC(C)=O)C(C)C)C1)C(=O)NCCCC,0,OC(C(NC(=O)C1CC(CCC1)C(NC(=O)C)C(C)C)Cc1ccccc1)CC(C(=O)NCCCC)C,0,0,0,Exmol_based,Generated using exmol-based algorithm
CCCCNC(=O)C(C)CC(O)C(Cc1ccccc1)NC(=O)C1CCCC(C(CC)NC(C)=O)C1,0,OC(C(NC(=O)C1CC(CCC1)C(NC(=O)C)C(C)C)Cc1ccccc1)CC(C(=O)NCCCC)C,0,0,0,Exmol_based,Generated using exmol-based algorithm
CCCCNC(=O)C(C)CC(O)CNC(=O)C1CCCC(C(NC(C)=O)C(C)C)C1.Cc1ccccc1,0,OC(C(NC(=O)C1CC(CCC1)C(NC(=O)C)C(C)C)Cc1ccccc1)CC(C(=O)NCCCC)C,0,0,0,Exmol_based,Generated using exmol-based algorithm
CCCC(C)([NH2+]CC(O)C(Cc1cc(F)cc(F)c1)NC(C)=O)c1cccc(C2CCCC2=O)c1,0,Fc1cc(cc(F)c1)CC(NC(=O)C)C(O)C[NH2+]C1(CCCCC1)c1cc(ccc1)C1CCCC1=O,0,0,0,Exmol_based,Generated using exmol-based algorithm
CCCCc1cccc(C2([NH2+]CC(O)C(Cc3cc(F)cc(F)c3)NC(C)=O)CCCCC2)c1.O,0,Fc1cc(cc(F)c1)CC(NC(=O)C)C(O)C[NH2+]C1(CCCCC1)c1cc(ccc1)C1CCCC1=O,0,0,0,Exmol_based,Generated using exmol-based algorithm
CC(=O)NC(Cc1cc(F)cc(F)c1)C(O)C[NH2+].CCCCC.O=C1CCCC1c1ccccc1,0,Fc1cc(cc(F)c1)CC(NC(=O)C)C(O)C[NH2+]C1(CCCCC1)c1cc(ccc1)C1CCCC1=O,0,0,0,Exmol_based,Generated using exmol-based algorithm
COc1cc2c(cp1)Oc1ccc(-c3cccnc3F)cc1C21COC(N)=N1,0,Fc1ncccc1-c1cc2c(Oc3c(cc(OC)cc3)C23N=C(OC3)N)cc1,0,0,0,Exmol_based,Generated using exmol-based algorithm
NC1=NC2(CO1)c1cc(O)ccc1Oc1ccc(-c3cccnc3F)cc12,0,Fc1ncccc1-c1cc2c(Oc3c(cc(OC)cc3)C23N=C(OC3)N)cc1,0,0,0,Exmol_based,Generated using exmol-based algorithm
COc1cccc(C2(c3cc(-c4cccnc4F)ccc3O)COC(N)=N2)c1,0,Fc1ncccc1-c1cc2c(Oc3c(cc(OC)cc3)C23N=C(OC3)N)cc1,0,0,0,Exmol_based,Generated using exmol-based algorithm
COc1cccc(-c2cc(O)cc(C3(C4CCN(C(C)=O)CC4)N=C(C)C(N)=N3)c2)c1,0,O(C)c1cc(ccc1)-c1cc(ccc1)C1(N=C(C)C(=N1)N)C1CCN(CC1)C(=O)C,0,0,0,Exmol_based,Generated using exmol-based algorithm
COc1cccc(-c2cccc(C3(C(C)CCNC(C)=O)N=C(C)C(N)=N3)c2)c1,0,O(C)c1cc(ccc1)-c1cc(ccc1)C1(N=C(C)C(=N1)N)C1CCN(CC1)C(=O)C,0,0,0,Exmol_based,Generated using exmol-based algorithm
COc1cccc(-c2cccc(C3(C4CC5=C4CN5C(C)=O)N=C(C)C(N)=N3)c2)c1,0,O(C)c1cc(ccc1)-c1cc(ccc1)C1(N=C(C)C(=N1)N)C1CCN(CC1)C(=O)C,0,0,0,Exmol_based,Generated using exmol-based algorithm
Nc1cccc(Cn2c(-c3ccc4c(c3)-c3ccc(nc3)O4)ccc2-c2ccccc2Cl)n1,0,Clc1ccccc1-c1n(Cc2nc(N)ccc2)c(cc1)-c1ccc(Oc2ncccc2)cc1,0,0,0,Exmol_based,Generated using exmol-based algorithm
Nc1cccc(C(=P)n2c(-c3ccc(Oc4ccccn4)cc3)ccc2-c2ccccc2Cl)n1,0,Clc1ccccc1-c1n(Cc2nc(N)ccc2)c(cc1)-c1ccc(Oc2ncccc2)cc1,0,0,0,Exmol_based,Generated using exmol-based algorithm
Nc1cccc(Cn2cccc2-c2ccccc2Cl)n1.c1ccc(Oc2ccccn2)cc1,0,Clc1ccccc1-c1n(Cc2nc(N)ccc2)c(cc1)-c1ccc(Oc2ncccc2)cc1,0,0,0,Exmol_based,Generated using exmol-based algorithm
CCCC(CC)([NH2+]CC(O)C(Cc1cc(F)cc(F)c1)NC(C)=O)c1cccc(CC(C)C)c1,0,Fc1cc(cc(F)c1)CC(NC(=O)C)C(O)C[NH2+]C1(CCCCC1)c1cc(ccc1)CC(C)C,0,0,0,Exmol_based,Generated using exmol-based algorithm
C.CCCc1cccc(C2([NH2+]CC(O)C(Cc3cc(F)cc(F)c3)NC(C)=O)CCCCC2)c1,0,Fc1cc(cc(F)c1)CC(NC(=O)C)C(O)C[NH2+]C1(CCCCC1)c1cc(ccc1)CC(C)C,0,0,0,Exmol_based,Generated using exmol-based algorithm
CC(=O)NC(Cc1cc(F)cc(F)c1)C(O)C[NH2+]C1(c2cccc(CC(C)C)c2)CCC(N)CC1,0,Fc1cc(cc(F)c1)CC(NC(=O)C)C(O)C[NH2+]C1(CCCCC1)c1cc(ccc1)CC(C)C,0,0,0,Exmol_based,Generated using exmol-based algorithm
CC1(c2cccc(NC(=O)c3ccc(C#N)cn3)c2)N=C(N)C[N+](C)([O-])C1=O,0,O=C1N(CC(=NC1(C)c1cc(NC(=O)c2ncc(cc2)C#N)ccc1)N)C,0,0,0,Exmol_based,Generated using exmol-based algorithm
CN1CC(N)=NC(C)(c2cccc(N)c2)C1=O.N#Cc1ccc(C=O)nc1,0,O=C1N(CC(=NC1(C)c1cc(NC(=O)c2ncc(cc2)C#N)ccc1)N)C,0,0,0,Exmol_based,Generated using exmol-based algorithm
CN1CC(N)=NC(C)(c2cccc(NC(=O)c3ccc(C#N)cn3)c2)C1=O,0,O=C1N(CC(=NC1(C)c1cc(NC(=O)c2ncc(cc2)C#N)ccc1)N)C,0,0,0,Exmol_based,Generated using exmol-based algorithm
CC(=O)NC(Cc1cc(F)cc(F)c1)C(O)C[NH2+]C1(c2cccc(N3CCCC3=O)c2)CCCCC1,0,Fc1cc(cc(F)c1)CC(NC(=O)C)C(O)C[NH2+]C1(CCCCC1)c1cc(N2CCCC2=O)ccc1,0,0,0,Exmol_based,Generated using exmol-based algorithm
CC(=S)NC(Cc1cc(F)cc(F)c1)C(O)C[NH2+]C1(c2cccc(N3CCCC3=O)c2)CCCCC1,0,Fc1cc(cc(F)c1)CC(NC(=O)C)C(O)C[NH2+]C1(CCCCC1)c1cc(N2CCCC2=O)ccc1,0,0,0,Exmol_based,Generated using exmol-based algorithm
CC(=O)NC(Cc1cc(F)cc(F)c1)C(O)C[NH2+]C1(c2cccc(N3CCCC3=O)c2)CCCCP1,0,Fc1cc(cc(F)c1)CC(NC(=O)C)C(O)C[NH2+]C1(CCCCC1)c1cc(N2CCCC2=O)ccc1,0,0,0,Exmol_based,Generated using exmol-based algorithm
CC1(F)Cc2cc(Cl)ccc2C(NC(Cc2cscc2-c2ncco2)C(=O)[O-])=N1,0,Clc1cc2CC(N=C(NC(Cc3cscc3-c3occn3)C(=O)[O-])c2cc1)(C)C,0,0,0,Exmol_based,Generated using exmol-based algorithm
C.CC1Cc2cc(Cl)ccc2C(NC(Cc2cscc2-c2ncco2)C(=O)[O-])=N1,0,Clc1cc2CC(N=C(NC(Cc3cscc3-c3occn3)C(=O)[O-])c2cc1)(C)C,0,0,0,Exmol_based,Generated using exmol-based algorithm
CC(NC1=NC(C)(C)Cc2cc(Cl)ccc21)C(=O)[O-].c1coc(-c2ccsc2)n1,0,Clc1cc2CC(N=C(NC(Cc3cscc3-c3occn3)C(=O)[O-])c2cc1)(C)C,0,0,0,Exmol_based,Generated using exmol-based algorithm
CN(c1cc(C(=O)NCc2ccc(F)cc2)cc(-c2n[nH]c(C(C)([NH3+])Cc3ccccc3)n2)c1)S(C)(=O)=O,0,S(=O)(=O)(N(C)c1cc(cc(c1)C(=O)NC(C)c1ccc(F)cc1)-c1nc([nH]n1)C([NH3+])(Cc1ccccc1)C)C,0,0,0,Exmol_based,Generated using exmol-based algorithm
C.CC(NC(=O)c1cc(NS(C)(=O)=O)cc(-c2n[nH]c(C(C)([NH3+])Cc3ccccc3)n2)c1)c1ccc(F)cc1,0,S(=O)(=O)(N(C)c1cc(cc(c1)C(=O)NC(C)c1ccc(F)cc1)-c1nc([nH]n1)C([NH3+])(Cc1ccccc1)C)C,0,0,0,Exmol_based,Generated using exmol-based algorithm
CN(c1cc(C(=O)NC(P)c2ccc(F)cc2)cc(-c2n[nH]c(C(C)([NH3+])Cc3ccccc3)n2)c1)S(C)(=O)=O,0,S(=O)(=O)(N(C)c1cc(cc(c1)C(=O)NC(C)c1ccc(F)cc1)-c1nc([nH]n1)C([NH3+])(Cc1ccccc1)C)C,0,0,0,Exmol_based,Generated using exmol-based algorithm
CC(=O)Nc1c(Cl)cc(C2NC(=[NH2+])NC(=O)Cn3c2cc2ccc(CN(C)S(C)(=O)=O)cc23)cc1Cl,0,Clc1cc(cc(Cl)c1NC(=O)C)CNC(=[NH2+])NC(=O)Cn1c2cc(ccc2cc1)CN(S(=O)(=O)C)C,0,0,0,Exmol_based,Generated using exmol-based algorithm
CC(=O)Nc1c(Cl)cc(CNC(=[NH2+])NC(=O)Cn2ccc3ccc(CN(C)S(=O)(=O)C#N)cc32)cc1Cl,0,Clc1cc(cc(Cl)c1NC(=O)C)CNC(=[NH2+])NC(=O)Cn1c2cc(ccc2cc1)CN(S(=O)(=O)C)C,0,0,0,Exmol_based,Generated using exmol-based algorithm
CC(=O)Nc1c(Cl)cc(CNC(=[NH2+])NCCn2ccc3ccc(CN(C)S(C)(=O)=O)cc32)cc1Cl.O,0,Clc1cc(cc(Cl)c1NC(=O)C)CNC(=[NH2+])NC(=O)Cn1c2cc(ccc2cc1)CN(S(=O)(=O)C)C,0,0,0,Exmol_based,Generated using exmol-based algorithm
Nc1cccc(Cn2c(-c3ccccc3)ccc2-c2ccc(Oc3ccccc3)cc2)n1,0,Clc1ccccc1-c1n(Cc2nc(N)ccc2)c(cc1)-c1ccc(Oc2ccccc2)cc1,0,0,0,Exmol_based,Generated using exmol-based algorithm
Nc1cccc(C(=O)n2c(-c3ccc(Oc4ccccc4)cc3)ccc2-c2ccccc2Cl)n1,0,Clc1ccccc1-c1n(Cc2nc(N)ccc2)c(cc1)-c1ccc(Oc2ccccc2)cc1,0,0,0,Exmol_based,Generated using exmol-based algorithm
Nc1cccc(Cn2c(-c3ccc(Oc4ccccc4)cc3)ccc2-c2ccccc2Cl)n1,0,Clc1ccccc1-c1n(Cc2nc(N)ccc2)c(cc1)-c1ccc(Oc2ccccc2)cc1,0,0,0,Exmol_based,Generated using exmol-based algorithm
CC(=O)NC(Cc1cc(F)cc(F)c1)C(O)C[NH2+]C1(c2cccc(C(C)(C)C)c2)CCCN(C(=O)OCc2cccpc2)C1,0,Fc1cc(cc(F)c1)CC(NC(=O)C)C(O)C[NH2+]C1(CCCN(C1)C(OCc1ccccc1)=O)c1cc(ccc1)C(C)(C)C,0,0,0,Exmol_based,Generated using exmol-based algorithm
C.CC(=O)NC(Cc1cc(F)cc(F)c1)C(O)C[NH2+]C1(c2cccc(C(C)C)c2)CCCN(C(=O)OCc2ccccc2)C1,0,Fc1cc(cc(F)c1)CC(NC(=O)C)C(O)C[NH2+]C1(CCCN(C1)C(OCc1ccccc1)=O)c1cc(ccc1)C(C)(C)C,0,0,0,Exmol_based,Generated using exmol-based algorithm
CC(=O)NC(Cc1cc(F)cc(F)c1)C(O)C[NH2+]C1(c2cccc(C(C)(C)C)c2)CCCN(C(=O)OC(C)c2ccccc2)C1,0,Fc1cc(cc(F)c1)CC(NC(=O)C)C(O)C[NH2+]C1(CCCN(C1)C(OCc1ccccc1)=O)c1cc(ccc1)C(C)(C)C,0,0,0,Exmol_based,Generated using exmol-based algorithm
CCCCCCC1(c2cccc(NC(=O)c3cccn3C)c2)N=C(N)N(C)C1=O,0,O=C1N(C)C(=NC1(C1CCCCC1)c1cc(NC(=O)c2n(ccc2)C)ccc1)N,0,0,0,Exmol_based,Generated using exmol-based algorithm
CCCCC.CN1C(=O)C(c2cccc(NC(=O)c3cccn3C)c2)N=C1N,0,O=C1N(C)C(=NC1(C1CCCCC1)c1cc(NC(=O)c2n(ccc2)C)ccc1)N,0,0,0,Exmol_based,Generated using exmol-based algorithm
C1CCCCC1.CN1C(=O)C(c2cccc(NC(=O)c3cccn3C)c2)N=C1N,0,O=C1N(C)C(=NC1(C1CCCCC1)c1cc(NC(=O)c2n(ccc2)C)ccc1)N,0,0,0,Exmol_based,Generated using exmol-based algorithm
CCCCN(C)C(=O)n1cc(C(=O)NC(Cc2cc(F)cc(F)c2)C(O)C[NH2+]Cc2cccc(OC)c2)c2cc(C(=O)OCc3cccc(P)c3)ccc21,0,Fc1cc(cc(F)c1)CC(NC(=O)c1c2cc(ccc2n(c1)C(=O)N(CCCC)C)C(OCc1ccccc1)=O)C(O)C[NH2+]Cc1cc(OC)ccc1,0,0,0,Exmol_based,Generated using exmol-based algorithm
CCC.COc1cccc(C[NH2+]CC(O)C(Cc2cc(F)cc(F)c2)NC(=O)c2cn(C(=O)N(C)C)c3ccc(C(=O)OCc4ccccc4)cc23)c1,0,Fc1cc(cc(F)c1)CC(NC(=O)c1c2cc(ccc2n(c1)C(=O)N(CCCC)C)C(OCc1ccccc1)=O)C(O)C[NH2+]Cc1cc(OC)ccc1,0,0,0,Exmol_based,Generated using exmol-based algorithm
CCCCN(C)C(=O)n1cc(C(=O)NC(Cc2cc(F)cc(F)c2)C(O)C[NH2+]Cc2cccc(OC)c2S)c2cc(C(=O)OCc3ccccc3)ccc21,0,Fc1cc(cc(F)c1)CC(NC(=O)c1c2cc(ccc2n(c1)C(=O)N(CCCC)C)C(OCc1ccccc1)=O)C(O)C[NH2+]Cc1cc(OC)ccc1,0,0,0,Exmol_based,Generated using exmol-based algorithm
CCCCOc1ccc(C(N=CN)(C(=O)NC)C23CC4CC(CC(C4)C2)C3)cc1,0,O(CCCC)c1ccc(cc1)C1(N=C(N)N(C)C1=O)C12CC3CC(C1)CC(C2)C3,0,0,0,Exmol_based,Generated using exmol-based algorithm
CCCCOc1ccc(C2(C3(C)CC(C)CC(C)C3)N=C(N)N(C)C2=O)cc1,0,O(CCCC)c1ccc(cc1)C1(N=C(N)N(C)C1=O)C12CC3CC(C1)CC(C2)C3,0,0,0,Exmol_based,Generated using exmol-based algorithm
CCCCOc1ccc(C2(C3(C)CC4CCCC(C4)C3)N=C(N)N(C)C2=O)cc1,0,O(CCCC)c1ccc(cc1)C1(N=C(N)N(C)C1=O)C12CC3CC(C1)CC(C2)C3,0,0,0,Exmol_based,Generated using exmol-based algorithm
CC(=O)NC(Cc1cc(F)cc(F)c1)C(O)C[NH2+]C1(c2nn(CC(C)(C)C)cc2F)CC1,0,Fc1cc(cc(F)c1)CC(NC(=O)C)C(O)C[NH2+]C1(CC1)c1nn(cc1)CC(C)(C)C,0,0,0,Exmol_based,Generated using exmol-based algorithm
CC(=O)NCC(O)C[NH2+]C1(c2ccn(CC(C)(C)C)n2)CC1.Cc1cc(F)cc(F)c1,0,Fc1cc(cc(F)c1)CC(NC(=O)C)C(O)C[NH2+]C1(CC1)c1nn(cc1)CC(C)(C)C,0,0,0,Exmol_based,Generated using exmol-based algorithm
CC(=O)NC(Cc1cccc(F)c1)C(O)C[NH2+]C1(c2ccn(CC(C)(C)C)n2)CC1.F,0,Fc1cc(cc(F)c1)CC(NC(=O)C)C(O)C[NH2+]C1(CC1)c1nn(cc1)CC(C)(C)C,0,0,0,Exmol_based,Generated using exmol-based algorithm
CC(=O)NC1(C(C)CC=O)CCN(C(CCc2ccccc2)C(=O)NC(Cc2cc(F)cc(F)c2)C(O)C2Cc3cccc(O)c3C[NH2+]2)C1=O,0,Fc1cc(cc(F)c1)CC(NC(=O)C(N1CCC(NC(=O)C)(C(CC)C)C1=O)CCc1ccccc1)C(O)C1[NH2+]Cc2c(C1)cccc2O,0,0,0,Exmol_based,Generated using exmol-based algorithm
CCC(C)C1(NC(C)=O)CCN(C(CCc2ccccc2)C(=O)NC(CS2=CC(F)=CC(F)=C2)C(O)C2Cc3cccc(O)c3C[NH2+]2)C1=O,0,Fc1cc(cc(F)c1)CC(NC(=O)C(N1CCC(NC(=O)C)(C(CC)C)C1=O)CCc1ccccc1)C(O)C1[NH2+]Cc2c(C1)cccc2O,0,0,0,Exmol_based,Generated using exmol-based algorithm
CCC(C)C1(NC(C)=O)C(=O)N2CC1c1cc(O)c3c(c1)CC([NH2+]C3)C(O)C(Cc1cc(F)cc(F)c1)NC(=O)C2CCc1ccccc1,0,Fc1cc(cc(F)c1)CC(NC(=O)C(N1CCC(NC(=O)C)(C(CC)C)C1=O)CCc1ccccc1)C(O)C1[NH2+]Cc2c(C1)cccc2O,0,0,0,Exmol_based,Generated using exmol-based algorithm
CCc1cc(CC2CS(=O)(=O)CC([NH2+]Cc3cccc(C(C)(C)C)c3)C2O)cc(F)c1N,0,S1(=O)(=O)CC(Cc2cc(CC)c(N)c(F)c2)C(O)C([NH2+]Cc2cc(ccc2)C(C)(C)C)C1,0,0,0,Exmol_based,Generated using exmol-based algorithm
CCc1cc(CC2CS(=O)(=O)CC([NH2+]Cc3cccc(C(C)(C)O)c3)C2O)cc(F)c1N,0,S1(=O)(=O)CC(Cc2cc(CC)c(N)c(F)c2)C(O)C([NH2+]Cc2cc(ccc2)C(C)(C)C)C1,0,0,0,Exmol_based,Generated using exmol-based algorithm
CCc1cc(CC(C[SH](=O)=O)C(O)C(C)[NH2+]Cc2cccc(C(C)(C)C)c2)cc(F)c1N,0,S1(=O)(=O)CC(Cc2cc(CC)c(N)c(F)c2)C(O)C([NH2+]Cc2cc(ccc2)C(C)(C)C)C1,0,0,0,Exmol_based,Generated using exmol-based algorithm
C.CN1C(=O)C(c2ccc(OC(F)(F)F)cc2)(c2cccc(-c3cccnc3)c2)N=C1N,0,FC(F)(F)Oc1ccc(cc1)C1(N=C(N)N(C)C1=O)c1cc(ccc1)-c1ccc(OC)nc1,0,0,0,Exmol_based,Generated using exmol-based algorithm
COc1ccc(-c2cccc(C3(c4ccc(OC(F)(F)F)cc4)N=C(P)N(C)C3=O)c2)cn1,0,FC(F)(F)Oc1ccc(cc1)C1(N=C(N)N(C)C1=O)c1cc(ccc1)-c1ccc(OC)nc1,0,0,0,Exmol_based,Generated using exmol-based algorithm
COc1ccc(-c2cccc(C3(c4ccc(OC(F)(F)F)c(Br)c4)N=C(N)N(C)C3=O)c2)cn1,0,FC(F)(F)Oc1ccc(cc1)C1(N=C(N)N(C)C1=O)c1cc(ccc1)-c1ccc(OC)nc1,0,0,0,Exmol_based,Generated using exmol-based algorithm
C.CN1C(=O)[C@](c2ccccc2)(c2ccc(OC(F)F)cc2)N=C1N,0,FC(F)Oc1ccc(cc1)[C@@]1(N=C(N)N(C)C1=O)c1cc(ccc1)CC,0,0,0,Exmol_based,Generated using exmol-based algorithm
CCc1cccc([C@@]2(c3ccc(OC(F)F)cc3)N=C(N)N(C)C2=O)c1,0,FC(F)Oc1ccc(cc1)[C@@]1(N=C(N)N(C)C1=O)c1cc(ccc1)CC,0,0,0,Exmol_based,Generated using exmol-based algorithm
CCc1cccc([C@@]2(c3ccc(OC(F)F)cc3)N=C(Br)N(C)C2=O)c1,0,FC(F)Oc1ccc(cc1)[C@@]1(N=C(N)N(C)C1=O)c1cc(ccc1)CC,0,0,0,Exmol_based,Generated using exmol-based algorithm
COc1ccc2c(c1)C1(COC(N)=N1)c1cc(-c3cccc(OC)c3N)ccc1O2,0,Fc1c(cccc1OC)-c1cc2c(Oc3c(cc(OC)cc3)C23N=C(OC3)N)cc1,0,0,0,Exmol_based,Generated using exmol-based algorithm
COc1ccc2c(c1)C1(COC(P)=N1)c1cc(-c3cccc(OC)c3F)ccc1O2,0,Fc1c(cccc1OC)-c1cc2c(Oc3c(cc(OC)cc3)C23N=C(OC3)N)cc1,0,0,0,Exmol_based,Generated using exmol-based algorithm
CO.COc1ccc2c(c1)C1(COC(N)=N1)c1cc(-c3ccccc3F)ccc1O2,0,Fc1c(cccc1OC)-c1cc2c(Oc3c(cc(OC)cc3)C23N=C(OC3)N)cc1,0,0,0,Exmol_based,Generated using exmol-based algorithm
COc1ccc2c(c1)C1(COC(N)=N1)c1cc(-c3ccc(F)nc3)ccc1O2,0,Fc1ncc(cc1)-c1cc2c(Oc3c(cc(OC)cc3)C23N=C(OC3)N)cc1,0,0,0,Exmol_based,Generated using exmol-based algorithm
C.NC1=NC2(CO1)c1ccccc1Oc1ccc(-c3ccc(F)nc3)cc12,0,Fc1ncc(cc1)-c1cc2c(Oc3c(cc(OC)cc3)C23N=C(OC3)N)cc1,0,0,0,Exmol_based,Generated using exmol-based algorithm
COc1ccc2c(c1)C1(COC(N)=N1)c1cc(-c3cnc(F)c(Cl)c3)ccc1O2,0,Fc1ncc(cc1)-c1cc2c(Oc3c(cc(OC)cc3)C23N=C(OC3)N)cc1,0,0,0,Exmol_based,Generated using exmol-based algorithm
O.O.O=C(NC(Cc1ccccc1)C(O)C[NH2+]Cc1cccc(C(F)(F)F)c1)c1cccc(Nc2ccccc2O)c1,0,S1(Oc2c(N1c1cc(ccc1)C(=O)NC(Cc1ccccc1)C(O)C[NH2+]Cc1cc(ccc1)C(F)(F)F)cccc2)(=O)=O,0,0,0,Exmol_based,Generated using exmol-based algorithm
O=C(NC(Cc1ccccc1)C(O)C[NH2+]Cc1cccc(C(F)(F)F)c1)c1cccc(N2c3ccccc3OS2(=O)=O)c1,0,S1(Oc2c(N1c1cc(ccc1)C(=O)NC(Cc1ccccc1)C(O)C[NH2+]Cc1cc(ccc1)C(F)(F)F)cccc2)(=O)=O,0,0,0,Exmol_based,Generated using exmol-based algorithm
O=C(NC(Cc1ccccc1)C(O)C[NH2+]Cc1cccc(C(F)(F)F)c1)c1cccc(N2C=CC=CC=COS2(=O)=O)c1,0,S1(Oc2c(N1c1cc(ccc1)C(=O)NC(Cc1ccccc1)C(O)C[NH2+]Cc1cc(ccc1)C(F)(F)F)cccc2)(=O)=O,0,0,0,Exmol_based,Generated using exmol-based algorithm
CC(NC(=O)c1cc(COCC([NH3+])C(F)F)cc(N(C)S(C)(=O)=O)c1)c1ccc(F)cc1.c1ccccc1,0,S(=O)(=O)(N(C)c1cc(cc(c1)COCC([NH3+])(Cc1ccccc1)C(F)F)C(=O)NC(C)c1ccc(F)cc1)C,0,0,0,Exmol_based,Generated using exmol-based algorithm
CC(NC(=O)c1cccc(COCC([NH3+])(Cc2ccccc2)C(F)F)c1)c1ccc(F)cc1.CNS(C)(=O)=O,0,S(=O)(=O)(N(C)c1cc(cc(c1)COCC([NH3+])(Cc1ccccc1)C(F)F)C(=O)NC(C)c1ccc(F)cc1)C,0,0,0,Exmol_based,Generated using exmol-based algorithm
CC(NC(=O)c1cccc(N(C)S(C)(=O)=O)c1)c1ccc(F)cc1.[NH3+]C(CO)(Cc1ccccc1)C(F)F,0,S(=O)(=O)(N(C)c1cc(cc(c1)COCC([NH3+])(Cc1ccccc1)C(F)F)C(=O)NC(C)c1ccc(F)cc1)C,0,0,0,Exmol_based,Generated using exmol-based algorithm
Cc1ccc(C(=O)NC(Cc2ccccc2)C(O)C[NH2+]Cc2cccc(C(F)F)c2)cc1N(c1ccccc1)S(C)(=O)=O,0,S(=O)(=O)(N(c1cc(ccc1C)C(=O)NC(Cc1ccccc1)C(O)C[NH2+]Cc1cc(ccc1)C(F)(F)F)c1ccccc1)C,0,0,0,Exmol_based,Generated using exmol-based algorithm
CS(=O)(=O)N(c1ccccc1)c1cccc(C(=O)NC(Cc2ccccc2)C(O)C[NH2+]Cc2cccc(C(F)(F)F)c2)c1,0,S(=O)(=O)(N(c1cc(ccc1C)C(=O)NC(Cc1ccccc1)C(O)C[NH2+]Cc1cc(ccc1)C(F)(F)F)c1ccccc1)C,0,0,0,Exmol_based,Generated using exmol-based algorithm
Cc1ccc(C(=O)NC(Cc2ccccc2)C(O)C[NH2+]Cc2cccc(C(F)(F)F)c2)cc1N(c1ccccc1)S(C)=O.O,0,S(=O)(=O)(N(c1cc(ccc1C)C(=O)NC(Cc1ccccc1)C(O)C[NH2+]Cc1cc(ccc1)C(F)(F)F)c1ccccc1)C,0,0,0,Exmol_based,Generated using exmol-based algorithm
CC(=O)NC(Cc1cc(F)cc(F)c1)C(C)C[NH2+]C1(c2cccc(C3CCCC3)c2)CCCCC1,0,Fc1cc(cc(F)c1)CC(NC(=O)C)C(O)C[NH2+]C1(CCCCC1)c1cc(ccc1)C1CCCC1,0,0,0,Exmol_based,Generated using exmol-based algorithm
C=C1CCC([NH2+]CC(O)C(Cc2cc(F)cc(F)c2)NC(C)=O)(c2cccc(C3CCCC3)c2)CC1,0,Fc1cc(cc(F)c1)CC(NC(=O)C)C(O)C[NH2+]C1(CCCCC1)c1cc(ccc1)C1CCCC1,0,0,0,Exmol_based,Generated using exmol-based algorithm
CCCC(C)([NH2+]CC(O)C(Cc1cc(F)cc(F)c1)NC(C)=O)c1cccc(C2CCCC2)c1,0,Fc1cc(cc(F)c1)CC(NC(=O)C)C(O)C[NH2+]C1(CCCCC1)c1cc(ccc1)C1CCCC1,0,0,0,Exmol_based,Generated using exmol-based algorithm
O=C([O-])CCCCCN1C=NC(c2ccccc2)(C2CCCCC2)C1=O,0,O=C1N(CCCCCC(=O)[O-])C(=NC1(C1CCCCC1)c1ccccc1)N,0,0,0,Exmol_based,Generated using exmol-based algorithm
NC1=NC(c2ccccc2)(C2CCCCC2)C(=O)N1CCCCCC[O-].O,0,O=C1N(CCCCCC(=O)[O-])C(=NC1(C1CCCCC1)c1ccccc1)N,0,0,0,Exmol_based,Generated using exmol-based algorithm
NC1=NC(c2ccccc2)(C2CCCC(Br)C2)C(=O)N1CCCCCC(=O)[O-],0,O=C1N(CCCCCC(=O)[O-])C(=NC1(C1CCCCC1)c1ccccc1)N,0,0,0,Exmol_based,Generated using exmol-based algorithm
CC(=O)NC(Cc1ccccc1)C(O)C[NH2+]C1CC2(CCC2=S)Oc2ncc(Cl)cc21,0,Clc1cc2c(OC3(CC2[NH2+]CC(O)C(NC(=O)C)Cc2ccccc2)CCC3)nc1,0,0,0,Exmol_based,Generated using exmol-based algorithm
CC(=O)NC(Cc1ccccc1)C(O)C[NH2+]C1CC2(CC(N)C2)Oc2ncc(Cl)cc21,0,Clc1cc2c(OC3(CC2[NH2+]CC(O)C(NC(=O)C)Cc2ccccc2)CCC3)nc1,0,0,0,Exmol_based,Generated using exmol-based algorithm
CC(=O)NC(Cc1ccccc1)C(O)C[NH2+]P1CC2(CCC2)Oc2ncc(Cl)cc21,0,Clc1cc2c(OC3(CC2[NH2+]CC(O)C(NC(=O)C)Cc2ccccc2)CCC3)nc1,0,0,0,Exmol_based,Generated using exmol-based algorithm
Nc1cccc(Cn2c(-c3ccc(Nc4cncnc4)cc3)ccc2-c2ccccc2Cl)n1,0,Clc1ccccc1-c1n(Cc2nc(N)ccc2)c(cc1)-c1ccc(Nc2cncnc2)cc1,0,0,0,Exmol_based,Generated using exmol-based algorithm
Nc1cccc(Cn2c(-c3ccc(Nc4cncnc4)cc3)ccc2-c2ccccc2Cl)n1,0,Clc1ccccc1-c1n(Cc2nc(N)ccc2)c(cc1)-c1ccc(Nc2cncnc2)cc1,0,0,0,Exmol_based,Generated using exmol-based algorithm
Nc1cccc(Cn2c(-c3ccc(Nc4cncnc4)cc3)ccc2-c2ccccc2Cl)n1,0,Clc1ccccc1-c1n(Cc2nc(N)ccc2)c(cc1)-c1ccc(Nc2cncnc2)cc1,0,0,0,Exmol_based,Generated using exmol-based algorithm
CC(=O)N[C@@H](Cc1cc(F)cc(F)c1)[C@@H](C)O.[NH2+]C1(c2cccc(-n3cccn3)c2)CC1,0,Fc1cc(cc(F)c1)C[C@H](NC(=O)C)[C@H](O)C[NH2+]C1(CC1)c1cc(-n2nccc2)ccc1,0,0,0,Exmol_based,Generated using exmol-based algorithm
CC(N)=O.O[C@@H]([CH]Cc1cc(F)cc(F)c1)C[NH2+]C1(c2cccc(-n3cccn3)c2)CC1,0,Fc1cc(cc(F)c1)C[C@H](NC(=O)C)[C@H](O)C[NH2+]C1(CC1)c1cc(-n2nccc2)ccc1,0,0,0,Exmol_based,Generated using exmol-based algorithm
CC(=O)N[S@@H](Cc1cc(F)cc(F)c1)[C@H](O)C[NH2+]C1(c2cccc(-n3cccn3)c2)CC1,0,Fc1cc(cc(F)c1)C[C@H](NC(=O)C)[C@H](O)C[NH2+]C1(CC1)c1cc(-n2nccc2)ccc1,0,0,0,Exmol_based,Generated using exmol-based algorithm
CCCC(CC)C1(c2ccccc2)N=C(N)N(C)C1=O,0,O=C1N(C)C(=NC1(C1CCCCC1)c1ccccc1)N,0,0,0,Exmol_based,Generated using exmol-based algorithm
CN1C(=O)C2(c3ccccc3)N=C1N=C1CCCC2C1,0,O=C1N(C)C(=NC1(C1CCCCC1)c1ccccc1)N,0,0,0,Exmol_based,Generated using exmol-based algorithm
CN1C(=S)C(c2ccccc2)(C2CCCCC2)N=C1N,0,O=C1N(C)C(=NC1(C1CCCCC1)c1ccccc1)N,0,0,0,Exmol_based,Generated using exmol-based algorithm
CC(C)c1cccc(C[NH2+]C2CC(Cc3ccc(O)c(CCO)c3)CS(=O)(=O)C2)c1.O,0,S1(=O)(=O)CC(Cc2cc(CCO)c(O)cc2)C(O)C([NH2+]Cc2cc(ccc2)C(C)C)C1,0,0,0,Exmol_based,Generated using exmol-based algorithm
CC(C)c1cccc(C[NH2+]C2CS(=O)(=O)CC(Cc3ccc(O)c(CCP)c3)C2O)c1,0,S1(=O)(=O)CC(Cc2cc(CCO)c(O)cc2)C(O)C([NH2+]Cc2cc(ccc2)C(C)C)C1,0,0,0,Exmol_based,Generated using exmol-based algorithm
CC(C)c1cccc(C[NH2+]C2CS(=O)(=O)CC(Cl)(Cc3ccc(O)c(CCO)c3)C2O)c1,0,S1(=O)(=O)CC(Cc2cc(CCO)c(O)cc2)C(O)C([NH2+]Cc2cc(ccc2)C(C)C)C1,0,0,0,Exmol_based,Generated using exmol-based algorithm
C.CNc1cc(COCC([NH3+])(CF)Cc2ccccc2)cc(C(=O)NC(C)c2ccc(F)cc2)c1.O.O,0,S(=O)(=O)(N(C)c1cc(cc(c1)COCC([NH3+])(Cc1ccccc1)CF)C(=O)NC(C)c1ccc(F)cc1)C,0,0,0,Exmol_based,Generated using exmol-based algorithm
CC(NC(=O)c1cc(COCC([NH3+])(CF)Cc2ccccc2)cc(N(C)S(C)=O)c1)c1ccc(F)cc1,0,S(=O)(=O)(N(C)c1cc(cc(c1)COCC([NH3+])(Cc1ccccc1)CF)C(=O)NC(C)c1ccc(F)cc1)C,0,0,0,Exmol_based,Generated using exmol-based algorithm
CC([NH3+])(CF)Cc1ccccc1.Cc1cc(C(=O)NC(C)c2ccc(F)cc2)cc(N(C)S(C)(=O)=O)c1,0,S(=O)(=O)(N(C)c1cc(cc(c1)COCC([NH3+])(Cc1ccccc1)CF)C(=O)NC(C)c1ccc(F)cc1)C,0,0,0,Exmol_based,Generated using exmol-based algorithm
CC(=O)NC(Cc1cc(F)cc(F)c1)C(O)C[NH2+]C1(c2cccc(N3CCCNC3=O)c2)CCCCC1,0,Fc1cc(cc(F)c1)CC(NC(=O)C)C(O)C[NH2+]C1(CCCCC1)c1cc(N2CCCNC2=O)ccc1,0,0,0,Exmol_based,Generated using exmol-based algorithm
CC(=O)NC(Cc1cccc(F)c1)C(O)C[NH2+]C1(c2cccc(N3CCCNC3=O)c2)CCCCC1.F,0,Fc1cc(cc(F)c1)CC(NC(=O)C)C(O)C[NH2+]C1(CCCCC1)c1cc(N2CCCNC2=O)ccc1,0,0,0,Exmol_based,Generated using exmol-based algorithm
CC(=O)NC(C)C(O)C[NH2+]C1(c2cccc(N3CCCNC3=O)c2)CCCCC1.Fc1cccc(F)c1,0,Fc1cc(cc(F)c1)CC(NC(=O)C)C(O)C[NH2+]C1(CCCCC1)c1cc(N2CCCNC2=O)ccc1,0,0,0,Exmol_based,Generated using exmol-based algorithm
CCCCC1CCN(C(CCc2ccccc2)C(=O)NC(Cc2cc(F)cc(P)c2)C(O)C2Cc3ccccc3C[NH2+]2)C1=O,0,Fc1cc(cc(F)c1)CC(NC(=O)C(N1CCC(CCCC)C1=O)CCc1ccccc1)C(O)C1[NH2+]Cc2c(C1)cccc2,0,0,0,Exmol_based,Generated using exmol-based algorithm
CCCCC1CCN(C(PCc2ccccc2)C(=O)NC(Cc2cc(F)cc(F)c2)C(O)C2Cc3ccccc3C[NH2+]2)C1=O,0,Fc1cc(cc(F)c1)CC(NC(=O)C(N1CCC(CCCC)C1=O)CCc1ccccc1)C(O)C1[NH2+]Cc2c(C1)cccc2,0,0,0,Exmol_based,Generated using exmol-based algorithm
CCCCC1CCN(C(CCc2ccccc2)C(=O)NC(Cc2cc(F)cc(F)c2)C(O)C2Cc3cccc(S)c3C[NH2+]2)C1=O,0,Fc1cc(cc(F)c1)CC(NC(=O)C(N1CCC(CCCC)C1=O)CCc1ccccc1)C(O)C1[NH2+]Cc2c(C1)cccc2,0,0,0,Exmol_based,Generated using exmol-based algorithm
CC1(c2ccccc2)N=C(N)CCS1.c1cncnc1,0,S1CCC(=NC1(C)c1cc(ccc1)-c1cncnc1)N,0,0,0,Exmol_based,Generated using exmol-based algorithm
CC1(c2cccc(-c3cncnc3)c2)N=C(NF)CCS1,0,S1CCC(=NC1(C)c1cc(ccc1)-c1cncnc1)N,0,0,0,Exmol_based,Generated using exmol-based algorithm
CCC(N)=NC(C)(S)c1cccc(-c2cncnc2)c1,0,S1CCC(=NC1(C)c1cc(ccc1)-c1cncnc1)N,0,0,0,Exmol_based,Generated using exmol-based algorithm
CC(=O)Nc1c(Cl)cc(CNC(=[NH2+])NC(=O)Cn2pcc3ccccc32)cc1Cl,0,Clc1cc(cc(Cl)c1NC(=O)C)CNC(=[NH2+])NC(=O)Cn1c2c(cccc2)cc1,0,0,0,Exmol_based,Generated using exmol-based algorithm
CC(=O)Nc1ccc(CNC(=[NH2+])NC(=O)Cn2ccc3ccccc32)cc1Cl.Cl,0,Clc1cc(cc(Cl)c1NC(=O)C)CNC(=[NH2+])NC(=O)Cn1c2c(cccc2)cc1,0,0,0,Exmol_based,Generated using exmol-based algorithm
CC(=O)Nc1ccc(CNC(=[NH2+])NC(=O)Cn2ccc3ccccc32)cc1Cl.Cl,0,Clc1cc(cc(Cl)c1NC(=O)C)CNC(=[NH2+])NC(=O)Cn1c2c(cccc2)cc1,0,0,0,Exmol_based,Generated using exmol-based algorithm
CN1C(=O)C(Br)(c2cccc(NC(=O)c3ccc(Cl)cn3)c2)N=C1N,0,Clc1ccc(nc1)C(=O)Nc1cc(ccc1)C1(N=C(N)N(C)C1=O)C,0,0,0,Exmol_based,Generated using exmol-based algorithm
CN1C(=O)C(C)(c2cccc(NC=O)c2)N=C1N.Clc1cccnc1,0,Clc1ccc(nc1)C(=O)Nc1cc(ccc1)C1(N=C(N)N(C)C1=O)C,0,0,0,Exmol_based,Generated using exmol-based algorithm
CN(CN)C(=O)C(C)(N)c1cccc(NC(=O)c2ccc(Cl)cn2)c1,0,Clc1ccc(nc1)C(=O)Nc1cc(ccc1)C1(N=C(N)N(C)C1=O)C,0,0,0,Exmol_based,Generated using exmol-based algorithm
N.NC(C(=O)NCC1CCCO1)(c1ccccc1)C1CCCCC1,0,O1CCCC1CN1C(=O)C(N=C1N)(C1CCCCC1)c1ccccc1,0,0,0,Exmol_based,Generated using exmol-based algorithm
CCCCC.NC1=NC(c2ccccc2)C(=O)N1CC1CCCO1,0,O1CCCC1CN1C(=O)C(N=C1N)(C1CCCCC1)c1ccccc1,0,0,0,Exmol_based,Generated using exmol-based algorithm
NC1=NC(c2ccccn2)(C2CCCCC2)C(=O)N1CC1CCCO1,0,O1CCCC1CN1C(=O)C(N=C1N)(C1CCCCC1)c1ccccc1,0,0,0,Exmol_based,Generated using exmol-based algorithm
CCCCCCC1(C2CCCCC2)N=C(N)N(C)C1=O,0,O=C1N(C)C(=NC1(C1CCCCC1)C1CCCCC1)N,0,0,0,Exmol_based,Generated using exmol-based algorithm
CCCCC(C)C1(C2CCCCC2)N=C(N)N(C)C1=O,0,O=C1N(C)C(=NC1(C1CCCCC1)C1CCCCC1)N,0,0,0,Exmol_based,Generated using exmol-based algorithm
CCCCCC1(C2CCCCC2)N=C(N)N(C)C1=O,0,O=C1N(C)C(=NC1(C1CCCCC1)C1CCCCC1)N,0,0,0,Exmol_based,Generated using exmol-based algorithm
NC1=NC2(C(=O)N1Cc1cc(F)cc(F)c1)c1ccccc1C1CCCC2C1,0,Fc1cc(cc(F)c1)CN1C(=O)C(N=C1N)(C1CCCCC1)c1ccccc1,0,0,0,Exmol_based,Generated using exmol-based algorithm
NC1=NC(c2ccccc2)(C2CCCSC2)C(=O)N1Cc1cc(F)cc(F)c1,0,Fc1cc(cc(F)c1)CN1C(=O)C(N=C1N)(C1CCCCC1)c1ccccc1,0,0,0,Exmol_based,Generated using exmol-based algorithm
CCCCCC1(c2ccccc2)N=C(N)N(Cc2cc(F)cc(F)c2)C1=O,0,Fc1cc(cc(F)c1)CN1C(=O)C(N=C1N)(C1CCCCC1)c1ccccc1,0,0,0,Exmol_based,Generated using exmol-based algorithm
Cn1cc(-c2cscc2CC(NC2=NC(C)(C)Cc3cc(Cl)ccc32)C(=O)[O-])cn1,0,Clc1cc2CC(N=C(NC(Cc3cscc3-c3cn(nc3)C)C(=O)[O-])c2cc1)(C)C,0,0,0,Exmol_based,Generated using exmol-based algorithm
Cn1cc(-c2nscc2CC(NC2=NC(C)(C)Cc3cc(Cl)ccc32)C(=O)[O-])cn1,0,Clc1cc2CC(N=C(NC(Cc3cscc3-c3cn(nc3)C)C(=O)[O-])c2cc1)(C)C,0,0,0,Exmol_based,Generated using exmol-based algorithm
Cn1cc(-c2cscc2CC(NC2=NC(C)(CP)Cc3cc(Cl)ccc32)C(=O)[O-])cn1,0,Clc1cc2CC(N=C(NC(Cc3cscc3-c3cn(nc3)C)C(=O)[O-])c2cc1)(C)C,0,0,0,Exmol_based,Generated using exmol-based algorithm
COc1ccc(C(Cc2cc([N+]([O-])=S)ccc2OC)c2csc(N)n2)cc1,0,s1cc(nc1N)C(Cc1cc([N+](=O)[O-])ccc1OC)c1ccc(OC)cc1,0,0,0,Exmol_based,Generated using exmol-based algorithm
COc1ccc(C(Cc2nc([N+](=O)[O-])ccc2OC)c2csc(N)n2)cc1,0,s1cc(nc1N)C(Cc1cc([N+](=O)[O-])ccc1OC)c1ccc(OC)cc1,0,0,0,Exmol_based,Generated using exmol-based algorithm
COc1ccc(C(Cc2cc([N+](=O)[O-])ccc2OC)c2csc(N)n2)cc1,0,s1cc(nc1N)C(Cc1cc([N+](=O)[O-])ccc1OC)c1ccc(OC)cc1,0,0,0,Exmol_based,Generated using exmol-based algorithm
CC(=O)NC(Cc1cc(F)cc(F)c1)C(O)C[NH2+]C1(c2cccc(S3=CC=CO3)c2)CCCCC1,0,Fc1cc(cc(F)c1)CC(NC(=O)C)C(O)C[NH2+]C1(CCCCC1)c1cc(ccc1)-c1occc1,0,0,0,Exmol_based,Generated using exmol-based algorithm
CC(=O)NC(Cc1cc(F)cc(F)c1)C(O)C[NH2+]C1(c2ccccc2)CCCCC1.c1ccoc1,0,Fc1cc(cc(F)c1)CC(NC(=O)C)C(O)C[NH2+]C1(CCCCC1)c1cc(ccc1)-c1occc1,0,0,0,Exmol_based,Generated using exmol-based algorithm
CC(=O)NC(CC[NH2+]C1(c2cccc(-c3ccco3)c2)CCCCC1)Cc1cc(F)cc(F)c1,0,Fc1cc(cc(F)c1)CC(NC(=O)C)C(O)C[NH2+]C1(CCCCC1)c1cc(ccc1)-c1occc1,0,0,0,Exmol_based,Generated using exmol-based algorithm
CCCCOC(=O)n1cc([PH](=O)NC(Cc2cc(F)cc(F)c2)C(O)C[NH2+]Cc2cccc(OC)c2)c2ccccc21,0,Fc1cc(cc(F)c1)CC(NC(=O)c1c2c(n(c1)C(OCCCC)=O)cccc2)C(O)C[NH2+]Cc1cc(OC)ccc1,0,0,0,Exmol_based,Generated using exmol-based algorithm
COc1cccc(C[NH2+]CC(O)C(Cc2cc(F)cc(F)c2)NC(=O)c2cn(C(=O)OCCCCN)c3ccccc23)c1,0,Fc1cc(cc(F)c1)CC(NC(=O)c1c2c(n(c1)C(OCCCC)=O)cccc2)C(O)C[NH2+]Cc1cc(OC)ccc1,0,0,0,Exmol_based,Generated using exmol-based algorithm
CCCCOC(=O)n1cc(C(=O)NCCc2cc(F)cc(F)c2)c2ccccc21.C[NH2+]Cc1cccc(OC)c1.O,0,Fc1cc(cc(F)c1)CC(NC(=O)c1c2c(n(c1)C(OCCCC)=O)cccc2)C(O)C[NH2+]Cc1cc(OC)ccc1,0,0,0,Exmol_based,Generated using exmol-based algorithm
C=CC(C)c1cccc(C[NH2+]C2CS(=O)(=O)CC(Cc3ccccc3)C2O)c1,0,S1(=O)(=O)CC(Cc2ccccc2)C(O)C([NH2+]Cc2cc(ccc2)C(C)C)C1,0,0,0,Exmol_based,Generated using exmol-based algorithm
CC(C)c1cccc(C2[NH2+]C3CS(=O)(=O)CC(Cc4ccccc4)C32O)c1,0,S1(=O)(=O)CC(Cc2ccccc2)C(O)C([NH2+]Cc2cc(ccc2)C(C)C)C1,0,0,0,Exmol_based,Generated using exmol-based algorithm
CC(C)c1cccc(C[NH2+]C2CS(=O)(=O)CC(Cc3ccccc3)C2O)c1,0,S1(=O)(=O)CC(Cc2ccccc2)C(O)C([NH2+]Cc2cc(ccc2)C(C)C)C1,0,0,0,Exmol_based,Generated using exmol-based algorithm
CC(C)c1cccc(C[NH2+]C2CS(=O)(=O)C3CCCOCc4cccc(c4)CC3C2O)c1,0,S1(=O)(=O)CC(Cc2cc(ccc2)COCCC)C(O)C([NH2+]Cc2cc(ccc2)C(C)C)C1,0,0,0,Exmol_based,Generated using exmol-based algorithm
CCCOCc1cccc(CC2CS(=O)(=O)C(=S)C([NH2+]Cc3cccc(C(C)C)c3)C2O)c1,0,S1(=O)(=O)CC(Cc2cc(ccc2)COCCC)C(O)C([NH2+]Cc2cc(ccc2)C(C)C)C1,0,0,0,Exmol_based,Generated using exmol-based algorithm
CCCOCc1cccc(CC2CS(=O)(=O)CC([NH2+]Cc3cccc(C(C)O)c3)C2O)c1,0,S1(=O)(=O)CC(Cc2cc(ccc2)COCCC)C(O)C([NH2+]Cc2cc(ccc2)C(C)C)C1,0,0,0,Exmol_based,Generated using exmol-based algorithm
CCCN(CCC)C(=O)c1ccc2c(C(=O)NC(Cc3cc(F)cc(F)c3)C(O)C3Cc4ccccc4C[NH2+]3)c1-2,0,Fc1cc(cc(F)c1)CC(NC(=O)c1cc(ccc1)C(=O)N(CCC)CCC)C(O)C1[NH2+]Cc2c(C1)cccc2,0,0,0,Exmol_based,Generated using exmol-based algorithm
CCCN(OCC)C(=O)c1cccc(C(=O)NC(Cc2cc(F)cc(F)c2)C(O)C2Cc3ccccc3C[NH2+]2)c1,0,Fc1cc(cc(F)c1)CC(NC(=O)c1cc(ccc1)C(=O)N(CCC)CCC)C(O)C1[NH2+]Cc2c(C1)cccc2,0,0,0,Exmol_based,Generated using exmol-based algorithm
CCCN1CC(C)c2ccc(cc2C(=O)NC(Cc2cc(F)cc(F)c2)C(O)C2Cc3ccccc3C[NH2+]2)C1=O,0,Fc1cc(cc(F)c1)CC(NC(=O)c1cc(ccc1)C(=O)N(CCC)CCC)C(O)C1[NH2+]Cc2c(C1)cccc2,0,0,0,Exmol_based,Generated using exmol-based algorithm
CCc1n[nH]c2cpc(C[NH+]3CCC4(CC3C)CN(C)S(=O)(=O)N4c3cccc(F)c3)cc12,0,S1(=O)(=O)N(C2(CC([NH+](CC2)Cc2cc3c([nH]nc3CC)cc2)C)CN1C)c1cc(F)ccc1,0,0,0,Exmol_based,Generated using exmol-based algorithm
C.CC1CC2(CC[NH+]1Cc1ccc3[nH]ncc3c1)CN(C)S(=O)(=O)N2c1cccc(F)c1,0,S1(=O)(=O)N(C2(CC([NH+](CC2)Cc2cc3c([nH]nc3CC)cc2)C)CN1C)c1cc(F)ccc1,0,0,0,Exmol_based,Generated using exmol-based algorithm
CCc1ccc(C[NH+]2CCC3(CC2C)CN(C)S(=O)(=O)N3c2cccc(F)c2)ccc[nH]n1,0,S1(=O)(=O)N(C2(CC([NH+](CC2)Cc2cc3c([nH]nc3CC)cc2)C)CN1C)c1cc(F)ccc1,0,0,0,Exmol_based,Generated using exmol-based algorithm
CCCOc1ccc(-c2ccc(-c3ccccc3Cl)n2Cc2cccc(N)n2)cc1N,0,Clc1ccccc1-c1n(Cc2nc(N)ccc2)c(cc1)-c1ccc(OCCC)cc1,0,0,0,Exmol_based,Generated using exmol-based algorithm
CCCOc1ccc(-c2ccc(-c3ccccc3Cl)n2Cc2cccc(N)n2)cc1Cl,0,Clc1ccccc1-c1n(Cc2nc(N)ccc2)c(cc1)-c1ccc(OCCC)cc1,0,0,0,Exmol_based,Generated using exmol-based algorithm
CCCOc1ccc(-c2ccc(-c3ccccc3Cl)n2Cc2cccc(C)n2)cc1,0,Clc1ccccc1-c1n(Cc2nc(N)ccc2)c(cc1)-c1ccc(OCCC)cc1,0,0,0,Exmol_based,Generated using exmol-based algorithm
COc1cccc(C2(c3cccc(-c4cccc(Cl)c4F)c3)COC(N)=N2)c1,0,Clc1cccc(-c2cc3c(Oc4c(cc(OC)cc4)C34N=C(OC4)N)cc2)c1F,0,0,0,Exmol_based,Generated using exmol-based algorithm
COc1ccc2c(c1)C1(COC(N)=N1)c1cc(-c3cccc(Cl)c3F)ccc1O2,0,Clc1cccc(-c2cc3c(Oc4c(cc(OC)cc4)C34N=C(OC4)N)cc2)c1F,0,0,0,Exmol_based,Generated using exmol-based algorithm
NC1=NC2(CO1)c1cc(OP)ccc1Oc1ccc(-c3cccc(Cl)c3F)cc12,0,Clc1cccc(-c2cc3c(Oc4c(cc(OC)cc4)C34N=C(OC4)N)cc2)c1F,0,0,0,Exmol_based,Generated using exmol-based algorithm
COc1ccc2c(c1)C1(COC(N)=N1)c1cc(-c3ccccc3)ccc1S2,0,O1CC2(N=C1N)c1cc(ccc1Oc1c2cc(OC)cc1)-c1ccccc1,0,0,0,Exmol_based,Generated using exmol-based algorithm
COc1ccc2c(c1)C1(COC(N)=N1)c1cc(-c3ccc4cc3-4)ccc1O2,0,O1CC2(N=C1N)c1cc(ccc1Oc1c2cc(OC)cc1)-c1ccccc1,0,0,0,Exmol_based,Generated using exmol-based algorithm
COc1ccc2c(c1)C1(COC(N)=N1)c1cc(-c3ccccc3)ccc1O2,0,O1CC2(N=C1N)c1cc(ccc1Oc1c2cc(OC)cc1)-c1ccccc1,0,0,0,Exmol_based,Generated using exmol-based algorithm
Nc1cccc(Cn2c(-c3ccccc3)ccc2-c2ccc(C(=O)NC3CC3Cl)cc2)n1,0,O=C(NC1CC1)c1ccc(cc1)-c1n(Cc2nc(N)ccc2)c(cc1)-c1ccccc1,0,0,0,Exmol_based,Generated using exmol-based algorithm
Nc1cccc(Cn2c(-c3ccccc3)ccc2-c2ccc(C(=O)NC3CC3)c(N)c2)n1,0,O=C(NC1CC1)c1ccc(cc1)-c1n(Cc2nc(N)ccc2)c(cc1)-c1ccccc1,0,0,0,Exmol_based,Generated using exmol-based algorithm
Nc1cccc(Cn2c(-c3ccccc3)ccc2-c2c3cc(C(=O)NC4CC4)cc2-3)n1,0,O=C(NC1CC1)c1ccc(cc1)-c1n(Cc2nc(N)ccc2)c(cc1)-c1ccccc1,0,0,0,Exmol_based,Generated using exmol-based algorithm
CC(C)c1cccc(C[NH2+]C2CS(=O)(=O)CC(Cc3ccc(O)c(CO)c3)N2O)c1,0,S1(=O)(=O)CC(Cc2cc(CO)c(O)cc2)C(O)C([NH2+]Cc2cc(ccc2)C(C)C)C1,0,0,0,Exmol_based,Generated using exmol-based algorithm
CC(C)c1cccc(C[NH2+]C2CS(=O)CC(Cc3ccc(O)c(CO)c3)C2O)c1,0,S1(=O)(=O)CC(Cc2cc(CO)c(O)cc2)C(O)C([NH2+]Cc2cc(ccc2)C(C)C)C1,0,0,0,Exmol_based,Generated using exmol-based algorithm
CC(C)c1ccc(N)c(C[NH2+]C2CS(=O)(=O)CC(Cc3ccc(O)c(CO)c3)C2O)c1,0,S1(=O)(=O)CC(Cc2cc(CO)c(O)cc2)C(O)C([NH2+]Cc2cc(ccc2)C(C)C)C1,0,0,0,Exmol_based,Generated using exmol-based algorithm
CC(=P)CCN(C)C(=O)n1cc(C(=O)NC(Cc2cc(F)cc(F)c2)C(O)C2Cc3ccccc3C[NH2+]2)c2cccnc21,0,Fc1cc(cc(F)c1)CC(NC(=O)c1c2cccnc2n(c1)C(=O)N(CCCC)C)C(O)C1[NH2+]Cc2c(C1)cccc2,0,0,0,Exmol_based,Generated using exmol-based algorithm
CN(CCCP)C(=O)n1cc(C(=O)NC(Cc2cc(F)cc(F)c2)C(O)C2Cc3ccccc3C[NH2+]2)c2cccnc21,0,Fc1cc(cc(F)c1)CC(NC(=O)c1c2cccnc2n(c1)C(=O)N(CCCC)C)C(O)C1[NH2+]Cc2c(C1)cccc2,0,0,0,Exmol_based,Generated using exmol-based algorithm
C.CCCC.O=Cn1cc(C(=O)NC(Cc2cc(F)cc(F)c2)C(O)C2Cc3ccccc3C[NH2+]2)c2cccnc21,0,Fc1cc(cc(F)c1)CC(NC(=O)c1c2cccnc2n(c1)C(=O)N(CCCC)C)C(O)C1[NH2+]Cc2c(C1)cccc2,0,0,0,Exmol_based,Generated using exmol-based algorithm
CCOc1cc(C[NH+]2CCC3(CC2C)CN(C)S(=O)(=O)N3c2cccc(F)c2)ccc1Cl,0,S1(=O)(=O)N(C2(CC([NH+](CC2)Cc2cc(OCC)c(O)cc2)C)CN1C)c1cc(F)ccc1,0,0,0,Exmol_based,Generated using exmol-based algorithm
CCOc1cc(C[NH+]2CCC3(CC2C)CN(C)S(=O)(=O)N3c2cccc(F)c2)cnc1O,0,S1(=O)(=O)N(C2(CC([NH+](CC2)Cc2cc(OCC)c(O)cc2)C)CN1C)c1cc(F)ccc1,0,0,0,Exmol_based,Generated using exmol-based algorithm
CC1CC2(CC[NH+]1)CN(C)S(=O)(=O)N2c1cccc(F)c1.CCOc1ccccc1O,0,S1(=O)(=O)N(C2(CC([NH+](CC2)Cc2cc(OCC)c(O)cc2)C)CN1C)c1cc(F)ccc1,0,0,0,Exmol_based,Generated using exmol-based algorithm
Fc1ccccn1.NC1=NC(c2ccccc2)(c2ccc(OC(F)F)cc2)CO1,0,Fc1ncccc1-c1cc(ccc1)C1(N=C(OC1)N)c1ccc(OC(F)F)cc1,0,0,0,Exmol_based,Generated using exmol-based algorithm
NC1=NC(c2ccc(OCF)cc2)(c2cccc(-c3cccnc3F)c2)CO1,0,Fc1ncccc1-c1cc(ccc1)C1(N=C(OC1)N)c1ccc(OC(F)F)cc1,0,0,0,Exmol_based,Generated using exmol-based algorithm
NC1=NC(c2cccc(-c3cccnc3F)c2)(c2ccc(OC(F)F)cc2F)CO1,0,Fc1ncccc1-c1cc(ccc1)C1(N=C(OC1)N)c1ccc(OC(F)F)cc1,0,0,0,Exmol_based,Generated using exmol-based algorithm
O=C1N(Cc2ccccc2)C2=NC1(c1ccccc1)C1CCCC(C1)N2,0,O=C1N(Cc2ccccc2)C(=NC1(C1CCCCC1)c1ccccc1)N,0,0,0,Exmol_based,Generated using exmol-based algorithm
NC1=NC(c2ccccc2)(C2CCCCC2)CN1Cc1ccccc1.O,0,O=C1N(Cc2ccccc2)C(=NC1(C1CCCCC1)c1ccccc1)N,0,0,0,Exmol_based,Generated using exmol-based algorithm
NC1=NC(c2ccccc2)(C2CCCCC2)C(=O)N1Cc1cc2ccc1=2,0,O=C1N(Cc2ccccc2)C(=NC1(C1CCCCC1)c1ccccc1)N,0,0,0,Exmol_based,Generated using exmol-based algorithm
CN1C(=O)[C@@](c2ccc(OCCF)cc2)(c2cccnc2)N=C1N,0,FCCOc1ccc(cc1)[C@@]1(N=C(N)N(C)C1=O)c1ccccc1,0,0,0,Exmol_based,Generated using exmol-based algorithm
CN1C(=O)[S@](c2ccccc2)(c2ccc(OCCF)cc2)N=C1N,0,FCCOc1ccc(cc1)[C@@]1(N=C(N)N(C)C1=O)c1ccccc1,0,0,0,Exmol_based,Generated using exmol-based algorithm
Cc1cccc([C@@]2(c3ccc(OCCF)cc3)N=C(N)N(C)C2=O)c1,0,FCCOc1ccc(cc1)[C@@]1(N=C(N)N(C)C1=O)c1ccccc1,0,0,0,Exmol_based,Generated using exmol-based algorithm
CNC(=O)c1cc(C(=O)NC(COCc2cc(F)cc(F)c2)C(O)CC(C)C(=O)NC(C(=O)NCc2cccpc2)C(C)C)cc(N(C)S(C)(=O)=O)c1,0,S(=O)(=O)(N(C)c1cc(cc(c1)C(=O)NC)C(=O)NC(C(O)CC(C(=O)NC(C(C)C)C(=O)NCc1ccccc1)C)COCc1cc(F)cc(F)c1)C,0,0,0,Exmol_based,Generated using exmol-based algorithm
CNC(=O)c1cc(C(=O)NC(COCc2cccc(F)c2)C(O)CC(C)C(=O)NC(C(=O)NCc2ccccc2)C(C)C)cc(N(C)S(C)(=O)=O)c1.F,0,S(=O)(=O)(N(C)c1cc(cc(c1)C(=O)NC)C(=O)NC(C(O)CC(C(=O)NC(C(C)C)C(=O)NCc1ccccc1)C)COCc1cc(F)cc(F)c1)C,0,0,0,Exmol_based,Generated using exmol-based algorithm
CNC(=O)c1cc(CNC(COCc2cc(F)cc(F)c2)C(O)CC(C)C(=O)NC(C(=O)NCc2ccccc2)C(C)C)cc(N(C)S(C)(=O)=O)c1,0,S(=O)(=O)(N(C)c1cc(cc(c1)C(=O)NC)C(=O)NC(C(O)CC(C(=O)NC(C(C)C)C(=O)NCc1ccccc1)C)COCc1cc(F)cc(F)c1)C,0,0,0,Exmol_based,Generated using exmol-based algorithm
C.CC1Cc2cc(Cl)ccc2C(NC(Cc2cscc2-c2cc[nH]n2)C(=O)[O-])=N1,0,Clc1cc2CC(N=C(NC(Cc3cscc3-c3n[nH]cc3)C(=O)[O-])c2cc1)(C)C,0,0,0,Exmol_based,Generated using exmol-based algorithm
CC1(C)Cc2cc(Cl)ccc2C(N)=N1.Cc1cscc1-c1cc[nH]n1.O=C[O-],0,Clc1cc2CC(N=C(NC(Cc3cscc3-c3n[nH]cc3)C(=O)[O-])c2cc1)(C)C,0,0,0,Exmol_based,Generated using exmol-based algorithm
CC1(C)CC=CC(Cl)=CC=CC(NC(Cc2cscc2-c2cc[nH]n2)C(=O)[O-])=N1,0,Clc1cc2CC(N=C(NC(Cc3cscc3-c3n[nH]cc3)C(=O)[O-])c2cc1)(C)C,0,0,0,Exmol_based,Generated using exmol-based algorithm
CC1=NC(c2ccccc2)(c2cccc(-c3ccnnc3)c2)N=C1N,0,n1cc(ccc1)-c1cc(ccc1)C1(N=C(C)C(=N1)N)c1ccccc1,0,0,0,Exmol_based,Generated using exmol-based algorithm
C.NC=NC(N)(c1ccccc1)c1cccc(-c2cccnc2)c1,0,n1cc(ccc1)-c1cc(ccc1)C1(N=C(C)C(=N1)N)c1ccccc1,0,0,0,Exmol_based,Generated using exmol-based algorithm
CC1=NC(c2ccccc2)(c2cccc(-c3cccnc3Br)c2)N=C1N,0,n1cc(ccc1)-c1cc(ccc1)C1(N=C(C)C(=N1)N)c1ccccc1,0,0,0,Exmol_based,Generated using exmol-based algorithm
CCC1(C)CC(=O)N(C)C(N)=N1.c1ccc(-c2ccccc2)cc1,0,O=C1N(C)C(=NC(C1)(CCc1cc(ccc1)-c1ccccc1)C)N,0,0,0,Exmol_based,Generated using exmol-based algorithm
NC1=NC2(CCc3cccc(-c4ccccc4)c3)CCN1C(=O)C2,0,O=C1N(C)C(=NC(C1)(CCc1cc(ccc1)-c1ccccc1)C)N,0,0,0,Exmol_based,Generated using exmol-based algorithm
CN1C(=O)CC(C)(CCc2ccpc(-c3ccccc3)c2)N=C1N,0,O=C1N(C)C(=NC(C1)(CCc1cc(ccc1)-c1ccccc1)C)N,0,0,0,Exmol_based,Generated using exmol-based algorithm
CC(=O)N1CCCC([NH2+]CCO)(c2cccc(C(C)(C)C)c2)C1.CC(N)=O.Cc1cc(F)cc(F)c1,0,Fc1cc(cc(F)c1)CC(NC(=O)C)C(O)C[NH2+]C1(CCCN(C1)C(=O)C)c1cc(ccc1)C(C)(C)C,0,0,0,Exmol_based,Generated using exmol-based algorithm
CC(=O)NC(Cc1cc(F)cc(F)c1)C(O)C[NH2+]C1(c2cccc(C(C)(C)Cl)c2)CCCN(C(C)=O)C1,0,Fc1cc(cc(F)c1)CC(NC(=O)C)C(O)C[NH2+]C1(CCCN(C1)C(=O)C)c1cc(ccc1)C(C)(C)C,0,0,0,Exmol_based,Generated using exmol-based algorithm
CC(=O)NC(Cc1cc(F)cc(F)c1)C(O)C[NH2+]C1(c2cccc(C(C)(C)C)c2)CCCNC1.CC=O,0,Fc1cc(cc(F)c1)CC(NC(=O)C)C(O)C[NH2+]C1(CCCN(C1)C(=O)C)c1cc(ccc1)C(C)(C)C,0,0,0,Exmol_based,Generated using exmol-based algorithm
CC(=O)N(c1ccccc1)c1cccc(C(=O)NC(Cc2ccccc2)C(O)C[NH2+]CC(=O)NC2CCCCC2)c1,0,OC(C(NC(=O)c1cc(N(C(=O)C)c2ccccc2)ccc1)Cc1ccccc1)C[NH2+]C(C(=O)NC1CCCCC1)C,0,0,0,Exmol_based,Generated using exmol-based algorithm
C.CC(=O)N(c1ccccc1)c1cccc(C(=O)NC(Cc2ccccc2)C(O)C[NH2+]CC(=O)NC2CCCCC2)c1,0,OC(C(NC(=O)c1cc(N(C(=O)C)c2ccccc2)ccc1)Cc1ccccc1)C[NH2+]C(C(=O)NC1CCCCC1)C,0,0,0,Exmol_based,Generated using exmol-based algorithm
CC(=O)N(c1ccccc1)c1cccc(C(=O)NC(Nc2ccccc2)C(O)C[NH2+]C(C)C(=O)NC2CCCCC2)c1,0,OC(C(NC(=O)c1cc(N(C(=O)C)c2ccccc2)ccc1)Cc1ccccc1)C[NH2+]C(C(=O)NC1CCCCC1)C,0,0,0,Exmol_based,Generated using exmol-based algorithm
CCCCC([NH2+]CC(O)C(Cc1cc(F)cc(F)c1)NC(C)=O)c1cccc(N2CCOCC2=O)c1,0,Fc1cc(cc(F)c1)CC(NC(=O)C)C(O)C[NH2+]C1(CCCCC1)c1cc(N2CCOCC2=O)ccc1,0,0,0,Exmol_based,Generated using exmol-based algorithm
CC(=O)NC(CC[NH2+]C1(c2cccc(N3CCOCC3=O)c2)CCCCC1)Cc1cc(F)cc(F)c1.O,0,Fc1cc(cc(F)c1)CC(NC(=O)C)C(O)C[NH2+]C1(CCCCC1)c1cc(N2CCOCC2=O)ccc1,0,0,0,Exmol_based,Generated using exmol-based algorithm
CCC(CC)([NH2+]CC(O)C(Cc1cc(F)cc(F)c1)NC(C)=O)c1cccc(N2CCOCC2=O)c1,0,Fc1cc(cc(F)c1)CC(NC(=O)C)C(O)C[NH2+]C1(CCCCC1)c1cc(N2CCOCC2=O)ccc1,0,0,0,Exmol_based,Generated using exmol-based algorithm
C=C1CCCCC1([NH2+]CC(O)C(Cc1cc(F)cc(F)c1)NC(C)=O)c1cccc(N2CCOC2=O)c1,0,Fc1cc(cc(F)c1)CC(NC(=O)C)C(O)C[NH2+]C1(CCCCC1)c1cc(N2CCOC2=O)ccc1,0,0,0,Exmol_based,Generated using exmol-based algorithm
CCCC(C)([NH2+]CC(O)C(Cc1cc(F)cc(F)c1)NC(C)=O)c1cccc(N2CCOC2=O)c1,0,Fc1cc(cc(F)c1)CC(NC(=O)C)C(O)C[NH2+]C1(CCCCC1)c1cc(N2CCOC2=O)ccc1,0,0,0,Exmol_based,Generated using exmol-based algorithm
CC(=O)NC(CO)Cc1cc(F)cc(F)c1.C[NH2+]C1(c2cccc(N3CCOC3=O)c2)CCCCC1,0,Fc1cc(cc(F)c1)CC(NC(=O)C)C(O)C[NH2+]C1(CCCCC1)c1cc(N2CCOC2=O)ccc1,0,0,0,Exmol_based,Generated using exmol-based algorithm
CC(=O)N[C@@H](Cc1cc(F)cc(F)c1)[C@H](O)C[NH2+]Cc1cc2cc(c1)C(C)(C)C2,0,Fc1cc(cc(F)c1)C[C@H](NC(=O)C)[C@H](O)C[NH2+]Cc1cc(ccc1)C(C)(C)C,0,0,0,Exmol_based,Generated using exmol-based algorithm
CC(=O)N[C@@H](Cc1cc(F)cc(F)c1)[C@H](O)C(S)[NH2+]Cc1cccc(C(C)(C)C)c1,0,Fc1cc(cc(F)c1)C[C@H](NC(=O)C)[C@H](O)C[NH2+]Cc1cc(ccc1)C(C)(C)C,0,0,0,Exmol_based,Generated using exmol-based algorithm
CC(=O)N[C@@H](Cc1cc(F)cc(P)c1)[C@H](O)C[NH2+]Cc1cccc(C(C)(C)C)c1,0,Fc1cc(cc(F)c1)C[C@H](NC(=O)C)[C@H](O)C[NH2+]Cc1cc(ccc1)C(C)(C)C,0,0,0,Exmol_based,Generated using exmol-based algorithm
C=C(c1cccc(C2([NH2+]C[C@@H](O)[C@H](Cc3cc(F)cc(F)c3)NC=O)CC2)c1)C(F)(F)F,0,Fc1cc(cc(F)c1)C[C@H](NC(=O)C)[C@H](O)C[NH2+]C1(CC1)c1cc(ccc1)C(C(F)(F)F)=C,0,0,0,Exmol_based,Generated using exmol-based algorithm
C=C(c1cccc(C2([NH2+]C[C@@H](O)[C@H](Cc3cc(F)cc(F)c3)NC(C)=O)CC2)c1)C(F)(F)F,0,Fc1cc(cc(F)c1)C[C@H](NC(=O)C)[C@H](O)C[NH2+]C1(CC1)c1cc(ccc1)C(C(F)(F)F)=C,0,0,0,Exmol_based,Generated using exmol-based algorithm
C=C(c1cccc(C2([NH2+]C[C@@H](O)[C@H](Cc3cc(F)cc(F)c3)NC(C)=O)CC2)c1)C(F)F,0,Fc1cc(cc(F)c1)C[C@H](NC(=O)C)[C@H](O)C[NH2+]C1(CC1)c1cc(ccc1)C(C(F)(F)F)=C,0,0,0,Exmol_based,Generated using exmol-based algorithm
CC(C)Oc1cccc(C[NH+]2CC(Br)C3(CNS(=O)(=O)N3c3cccc(F)c3)CC2C)c1,0,S1(=O)(=O)NCC2(N1c1cc(F)ccc1)CC([NH+](CC2)Cc1cc(OC(C)C)ccc1)C,0,0,0,Exmol_based,Generated using exmol-based algorithm
CC(C)Oc1ccccc1.CC1CC2(CC[NH+]1C)CNS(=O)(=O)N2c1cccc(F)c1,0,S1(=O)(=O)NCC2(N1c1cc(F)ccc1)CC([NH+](CC2)Cc1cc(OC(C)C)ccc1)C,0,0,0,Exmol_based,Generated using exmol-based algorithm
CC[NH+](CCC1CNS(=O)(=O)N1c1cccc(F)c1)Cc1cccc(OC(C)C)c1,0,S1(=O)(=O)NCC2(N1c1cc(F)ccc1)CC([NH+](CC2)Cc1cc(OC(C)C)ccc1)C,0,0,0,Exmol_based,Generated using exmol-based algorithm
CC1(C)Cc2cc3c(-c4cncnc4)cc2C2(COC(=N2)N3)C1,0,O1CC2(N=C1N)CC(Cc1c2cc(cc1)-c1cncnc1)(C)C,0,0,0,Exmol_based,Generated using exmol-based algorithm
CC1(C)Cc2ccc(-c3cncnc3)cc2C(N)(COCN)C1,0,O1CC2(N=C1N)CC(Cc1c2cc(cc1)-c1cncnc1)(C)C,0,0,0,Exmol_based,Generated using exmol-based algorithm
CC1(C)Cc2ccc(-c3cncnc3)cc2C(N=C(N)O)C1,0,O1CC2(N=C1N)CC(Cc1c2cc(cc1)-c1cncnc1)(C)C,0,0,0,Exmol_based,Generated using exmol-based algorithm
CCCCCCC1(c2cccc(NC(=O)c3cccc(OC)c3)c2)N=C(N)N(C)C1=O,0,O(C)c1cc(ccc1)C(=O)Nc1cc(ccc1)C1(N=C(N)N(C)C1=O)C1CCCCC1,0,0,0,Exmol_based,Generated using exmol-based algorithm
CNC(=O)C(N=CN)(c1cccc(NC(=O)c2cccc(OC)c2)c1)C1CCCCC1,0,O(C)c1cc(ccc1)C(=O)Nc1cc(ccc1)C1(N=C(N)N(C)C1=O)C1CCCCC1,0,0,0,Exmol_based,Generated using exmol-based algorithm
COc1cccc(C(=O)Nc2cccc(C3(C4CCCCC4)[SH]=C(N)N(C)C3=O)c2)c1,0,O(C)c1cc(ccc1)C(=O)Nc1cc(ccc1)C1(N=C(N)N(C)C1=O)C1CCCCC1,0,0,0,Exmol_based,Generated using exmol-based algorithm
CN1C(=O)C(c2ccc(OC(F)(F)F)cc2)(c2cccc(-c3cncnc3)c2O)N=C1N,0,Fc1c(cccc1-c1cncnc1)C1(N=C(N)N(C)C1=O)c1ccc(OC(F)(F)F)cc1,0,0,0,Exmol_based,Generated using exmol-based algorithm
CN1C(=O)C(c2ccc(OC(F)(F)F)cc2)(c2cccc(-c3cnc(Cl)nc3)c2F)N=C1N,0,Fc1c(cccc1-c1cncnc1)C1(N=C(N)N(C)C1=O)c1ccc(OC(F)(F)F)cc1,0,0,0,Exmol_based,Generated using exmol-based algorithm
CN1C(=O)C(c2ccccc2)(c2cccc(-c3cncnc3)c2F)N=C1N.OC(F)(F)F,0,Fc1c(cccc1-c1cncnc1)C1(N=C(N)N(C)C1=O)c1ccc(OC(F)(F)F)cc1,0,0,0,Exmol_based,Generated using exmol-based algorithm
C.CN(c1cc(COCC([NH3+])(CO)Cc2ccccc2)cc(C(=O)NCc2ccc(F)cc2)c1)S(C)(=O)=O,0,S(=O)(=O)(N(C)c1cc(cc(c1)COCC([NH3+])(Cc1ccccc1)CO)C(=O)NC(C)c1ccc(F)cc1)C,0,0,0,Exmol_based,Generated using exmol-based algorithm
CC(NC(=O)c1cc(COCC([NH3+])(CO)Cc2ccccc2)cc(N(C)S(C)=O)c1)c1ccc(F)cc1,0,S(=O)(=O)(N(C)c1cc(cc(c1)COCC([NH3+])(Cc1ccccc1)CO)C(=O)NC(C)c1ccc(F)cc1)C,0,0,0,Exmol_based,Generated using exmol-based algorithm
CC(NC(=O)c1cc(COCC([NH3+])(CO)Cc2ccccc2)cc(N(C)S(C)(=O)=O)c1)c1ccc(F)cc1,0,S(=O)(=O)(N(C)c1cc(cc(c1)COCC([NH3+])(Cc1ccccc1)CO)C(=O)NC(C)c1ccc(F)cc1)C,0,0,0,Exmol_based,Generated using exmol-based algorithm
CN1CC(N)=NC(C)(c2ccccc2)C1=O.NC(=O)c1ccc(C(F)(F)F)cn1,0,FC(F)(F)c1ccc(nc1)C(=O)Nc1cc(ccc1)C1(N=C(N)CN(C)C1=O)C,0,0,0,Exmol_based,Generated using exmol-based algorithm
CN1CC(N)=NC(C)(c2cccc(NCc3ccc(C(F)(F)F)cn3)c2)C1=O.O,0,FC(F)(F)c1ccc(nc1)C(=O)Nc1cc(ccc1)C1(N=C(N)CN(C)C1=O)C,0,0,0,Exmol_based,Generated using exmol-based algorithm
CN1CC(N)=NC(C)(c2ccccc2)C1=O.NC(=O)c1ccc(C(F)(F)F)cn1,0,FC(F)(F)c1ccc(nc1)C(=O)Nc1cc(ccc1)C1(N=C(N)CN(C)C1=O)C,0,0,0,Exmol_based,Generated using exmol-based algorithm
Cc1cc(C(N=CN)(c2cccc(F)c2)c2cccc(-c3cncnc3)c2)cc(C)n1,0,Fc1c2c(ccc1)C(N=C2N)(c1cc(nc(c1)C)C)c1cc(ccc1)-c1cncnc1,0,0,0,Exmol_based,Generated using exmol-based algorithm
Cc1cc(C2(c3cccc(-c4cncnc4)c3)[SH]=C(N)c3c(F)cccc32)cc(C)n1,0,Fc1c2c(ccc1)C(N=C2N)(c1cc(nc(c1)C)C)c1cc(ccc1)-c1cncnc1,0,0,0,Exmol_based,Generated using exmol-based algorithm
Cc1cc(C(N=C(N)c2ccccc2F)c2cccc(-c3cncnc3)c2)cc(C)n1,0,Fc1c2c(ccc1)C(N=C2N)(c1cc(nc(c1)C)C)c1cc(ccc1)-c1cncnc1,0,0,0,Exmol_based,Generated using exmol-based algorithm
CCCCCCN1C(=O)C(c2ccccn2)(C2CCCCC2)N=C1N,0,O=C1N(CCCCCC)C(=NC1(C1CCCCC1)c1ccccc1)N,0,0,0,Exmol_based,Generated using exmol-based algorithm
CCCCCCN(C(=N)N)C(=O)C(c1ccccc1)C1CCCCC1,0,O=C1N(CCCCCC)C(=NC1(C1CCCCC1)c1ccccc1)N,0,0,0,Exmol_based,Generated using exmol-based algorithm
CCCCCCN1C(=O)C(c2ccccc2)(N2CCCCC2)N=C1N,0,O=C1N(CCCCCC)C(=NC1(C1CCCCC1)c1ccccc1)N,0,0,0,Exmol_based,Generated using exmol-based algorithm
NC1=N[C@@](c2ccc(OC(F)(F)F)cc2)(c2ccc(F)c(-c3cncnc3)c2)C(=O)N1CO,0,Fc1ccc(cc1-c1cncnc1)[C@@]1(N=C(N)N(C)C1=O)c1ccc(OC(F)(F)F)cc1,0,0,0,Exmol_based,Generated using exmol-based algorithm
CN1C(=O)[C@@](c2ccc(F)cc2)(c2ccc(OC(F)(F)F)cc2)N=C1N.c1cncnc1,0,Fc1ccc(cc1-c1cncnc1)[C@@]1(N=C(N)N(C)C1=O)c1ccc(OC(F)(F)F)cc1,0,0,0,Exmol_based,Generated using exmol-based algorithm
CNC(=O)[C@](N=CN)(c1ccc(OC(F)(F)F)cc1)c1ccc(F)c(-c2cncnc2)c1,0,Fc1ccc(cc1-c1cncnc1)[C@@]1(N=C(N)N(C)C1=O)c1ccc(OC(F)(F)F)cc1,0,0,0,Exmol_based,Generated using exmol-based algorithm
CC=O.O=C1NCCN1c1cccc(C2([NH2+]CC(O)CCc3cc(F)cc(F)c3)CCCCC2)c1,0,Fc1cc(cc(F)c1)CC(NC(=O)C)C(O)C[NH2+]C1(CCCCC1)c1cc(N2CCNC2=O)ccc1,0,0,0,Exmol_based,Generated using exmol-based algorithm
CC(=O)NC(Cc1cc(F)cc(F)c1)C(O)C[NH2+]C1(c2cccc(NCCNC=O)c2)CCCCC1,0,Fc1cc(cc(F)c1)CC(NC(=O)C)C(O)C[NH2+]C1(CCCCC1)c1cc(N2CCNC2=O)ccc1,0,0,0,Exmol_based,Generated using exmol-based algorithm
CC(N)=O.O=C1NCCN1c1cccc(C2([NH2+]CC(O)CCc3cc(F)cc(F)c3)CCCCC2)c1,0,Fc1cc(cc(F)c1)CC(NC(=O)C)C(O)C[NH2+]C1(CCCCC1)c1cc(N2CCNC2=O)ccc1,0,0,0,Exmol_based,Generated using exmol-based algorithm
CC(C)Oc1cccc(C[NH2+]C2CS(=O)(=O)C(O)C(Cc3ccc(O)c(Br)c3)C2O)c1,0,Brc1cc(ccc1O)CC1CS(=O)(=O)CC([NH2+]Cc2cc(OC(C)C)ccc2)C1O,0,0,0,Exmol_based,Generated using exmol-based algorithm
CC(C)Oc1cccc(C[NH2+]C2SS(=O)(=O)CC(Cc3ccc(O)c(Br)c3)C2O)c1,0,Brc1cc(ccc1O)CC1CS(=O)(=O)CC([NH2+]Cc2cc(OC(C)C)ccc2)C1O,0,0,0,Exmol_based,Generated using exmol-based algorithm
Cc1ccc(OC(C)C)cc1C[NH2+]C1CS(=O)(=O)CC(Cc2ccc(O)c(Br)c2)C1O,0,Brc1cc(ccc1O)CC1CS(=O)(=O)CC([NH2+]Cc2cc(OC(C)C)ccc2)C1O,0,0,0,Exmol_based,Generated using exmol-based algorithm
CC1=NC(c2cccc(-c3cccnc3)c2)(C2CCCCC2)N=C1,0,n1cc(ccc1)-c1cc(ccc1)C1(N=C(C)C(=N1)N)C1CCCCC1,0,0,0,Exmol_based,Generated using exmol-based algorithm
CC=NC(N)(c1cccc(-c2cccnc2)c1)C1CCCCC1.N,0,n1cc(ccc1)-c1cc(ccc1)C1(N=C(C)C(=N1)N)C1CCCCC1,0,0,0,Exmol_based,Generated using exmol-based algorithm
CC1=NC(c2cccc(-c3cccnc3)c2)(C2CCCC(=P)C2)N=C1N,0,n1cc(ccc1)-c1cc(ccc1)C1(N=C(C)C(=N1)N)C1CCCCC1,0,0,0,Exmol_based,Generated using exmol-based algorithm
CN1C[C@](c2ccccc2)(c2ccc(OC(F)(F)F)cc2)N=C1N.O,0,FC(F)(F)Oc1ccc(cc1)[C@@]1(N=C(N)N(C)C1=O)c1ccccc1,0,0,0,Exmol_based,Generated using exmol-based algorithm
CN1C(=O)[C@](c2ccccc2)(c2ccc(OC(O)(F)F)cc2)N=C1N,0,FC(F)(F)Oc1ccc(cc1)[C@@]1(N=C(N)N(C)C1=O)c1ccccc1,0,0,0,Exmol_based,Generated using exmol-based algorithm
CNC(N)=N[C](c1ccccc1)c1ccc(OC(F)(F)F)cc1.O,0,FC(F)(F)Oc1ccc(cc1)[C@@]1(N=C(N)N(C)C1=O)c1ccccc1,0,0,0,Exmol_based,Generated using exmol-based algorithm
CCCc1ccccc1.FC(F)(F)Oc1ccccc1.[NH+]=C(N)N1C=NCCC1,0,FC(F)(F)Oc1ccc(cc1)C1([NH+]=C(N2C1=NCCC2)N)c1cc(ccc1)CCC,0,0,0,Exmol_based,Generated using exmol-based algorithm
CCCc1cccc(C2(c3ccc(OC(F)(F)F)cn3)[NH+]=C(N)N3CCCN=C32)c1,0,FC(F)(F)Oc1ccc(cc1)C1([NH+]=C(N2C1=NCCC2)N)c1cc(ccc1)CCC,0,0,0,Exmol_based,Generated using exmol-based algorithm
CCCc1cccc(C2(c3ccc(OC(F)(F)F)cc3)[NH+]=C(N)N3CCCN=S32)c1,0,FC(F)(F)Oc1ccc(cc1)C1([NH+]=C(N2C1=NCCC2)N)c1cc(ccc1)CCC,0,0,0,Exmol_based,Generated using exmol-based algorithm
CC(C)(C)c1cccc(C[NH2+]C23CS(=O)(=O)CC(Cc4cc5cn[nH]c5cc42)C3O)c1,0,S1(=O)(=O)CC(Cc2cc3c([nH]nc3)cc2)C(O)C([NH2+]Cc2cc(ccc2)C(C)(C)C)C1,0,0,0,Exmol_based,Generated using exmol-based algorithm
C.CC(C)c1cccc(C[NH2+]C2CS(=O)(=O)CC(Cc3ccc4[nH]ncc4c3)C2O)c1,0,S1(=O)(=O)CC(Cc2cc3c([nH]nc3)cc2)C(O)C([NH2+]Cc2cc(ccc2)C(C)(C)C)C1,0,0,0,Exmol_based,Generated using exmol-based algorithm
CC(C)c1cccc(C[NH2+]C2CS(=O)(=O)CC(Cc3ccc4[nH]ncc4c3)C2O)c1,0,S1(=O)(=O)CC(Cc2cc3c([nH]nc3)cc2)C(O)C([NH2+]Cc2cc(ccc2)C(C)(C)C)C1,0,0,0,Exmol_based,Generated using exmol-based algorithm
CN1C(=O)C2(CC(C)(C)C(F)(F)c3ccc(-c4cnc[n+]([O-])c4)cc32)N=C1N,0,FC1(F)c2c(cc(cc2)-c2cncnc2)C2(N=C(N)N(C)C2=O)CC1(C)C,0,0,0,Exmol_based,Generated using exmol-based algorithm
CN1C(=O)C2(CC(C)(C)C(F)(S)c3ccc(-c4cncnc4)cc32)N=C1N,0,FC1(F)c2c(cc(cc2)-c2cncnc2)C2(N=C(N)N(C)C2=O)CC1(C)C,0,0,0,Exmol_based,Generated using exmol-based algorithm
CN1C(=O)C2(CC(C)(C)C(F)(F)c3ccc(-c4cncnc4)nc32)N=C1N,0,FC1(F)c2c(cc(cc2)-c2cncnc2)C2(N=C(N)N(C)C2=O)CC1(C)C,0,0,0,Exmol_based,Generated using exmol-based algorithm
COC(CNc1ccccc1)CC(O)C(COc1cc(F)cc(F)c1)NC(=O)c1cc(C(=O)NC(C)c2ccccc2)c(Cl)c(N(C)S(C)(=O)=O)c1,0,S(=O)(=O)(N(C)c1cc(cc(c1)C(=O)NC(C(O)CC(OC)CNc1ccccc1)COc1cc(F)cc(F)c1)C(=O)NC(C)c1ccccc1)C,0,0,0,Exmol_based,Generated using exmol-based algorithm
CC(NC(=O)c1cc(C(=O)NC(COc2cc(F)cc(F)c2)C(C)O)cc(N(C)S(C)(=O)=O)c1)c1ccccc1.COCCNc1ccccc1,0,S(=O)(=O)(N(C)c1cc(cc(c1)C(=O)NC(C(O)CC(OC)CNc1ccccc1)COc1cc(F)cc(F)c1)C(=O)NC(C)c1ccccc1)C,0,0,0,Exmol_based,Generated using exmol-based algorithm
CNc1ccccc1.COCCC(O)C(COc1cc(F)cc(F)c1)NC(=O)c1cc(C(=O)NC(C)c2ccccc2)cc(N(C)S(C)(=O)=O)c1,0,S(=O)(=O)(N(C)c1cc(cc(c1)C(=O)NC(C(O)CC(OC)CNc1ccccc1)COc1cc(F)cc(F)c1)C(=O)NC(C)c1ccccc1)C,0,0,0,Exmol_based,Generated using exmol-based algorithm
COC(CNc1ccc(F)cc1)CC(O)C1COc2cc(F)cc(F)c2C(C)(c2ccccc2)NC(=O)c2cc(cc(N(C)S(C)(=O)=O)c2)C(=O)N1,0,S(=O)(=O)(N(C)c1cc(cc(c1)C(=O)NC(C(O)CC(OC)CNc1ccc(F)cc1)COc1cc(F)cc(F)c1)C(=O)NC(C)c1ccccc1)C,0,0,0,Exmol_based,Generated using exmol-based algorithm
COC(COc1ccc(F)cc1)CC(O)C(COc1cc(F)cc(F)c1)NC(=O)c1cc(C(=O)NC(C)c2ccccc2)cc(N(C)S(C)(=O)=O)c1,0,S(=O)(=O)(N(C)c1cc(cc(c1)C(=O)NC(C(O)CC(OC)CNc1ccc(F)cc1)COc1cc(F)cc(F)c1)C(=O)NC(C)c1ccccc1)C,0,0,0,Exmol_based,Generated using exmol-based algorithm
CC(NC(=O)c1cc(C(=O)NC(COc2cc(F)cc(F)c2)C(O)CC(CNc2ccc(F)cc2)ON)cc(N(C)S(C)(=O)=O)c1)c1ccccc1,0,S(=O)(=O)(N(C)c1cc(cc(c1)C(=O)NC(C(O)CC(OC)CNc1ccc(F)cc1)COc1cc(F)cc(F)c1)C(=O)NC(C)c1ccccc1)C,0,0,0,Exmol_based,Generated using exmol-based algorithm
C.CCc1cn(CC[SH](=O)=O)c2cccc(C(=O)NC(COc3cc(F)cc(F)c3)C(O)CC(COCc3ccc(OC)cc3)OC)c12,0,S1(=O)(=O)N(c2c3n(cc(c3c(cc2)C(=O)NC(C(O)CC(OC)COCc2ccc(OC)cc2)COc2cc(F)cc(F)c2)CC)CC1)C,0,0,0,Exmol_based,Generated using exmol-based algorithm
CCc1cn2c3c(ccc(C(=O)NC(COc4cc(F)cc(F)c4)C(C)O)c13)N(C)S(=O)(=O)CC2.CO.COCc1ccc(OC)cc1,0,S1(=O)(=O)N(c2c3n(cc(c3c(cc2)C(=O)NC(C(O)CC(OC)COCc2ccc(OC)cc2)COc2cc(F)cc(F)c2)CC)CC1)C,0,0,0,Exmol_based,Generated using exmol-based algorithm
CCc1cn2c3c(ccc(C(=O)NC(COc4cc(F)cc(F)c4)C(O)CC(CO)OC)c13)N(C)S(=O)(=O)CC2.COc1ccccc1,0,S1(=O)(=O)N(c2c3n(cc(c3c(cc2)C(=O)NC(C(O)CC(OC)COCc2ccc(OC)cc2)COc2cc(F)cc(F)c2)CC)CC1)C,0,0,0,Exmol_based,Generated using exmol-based algorithm
CCN(CC)C(=O)n1cc(C=O)c2ccccc21.COc1cccc(C[NH2+]CC(O)C(N)Cc2ccccc2)c1,0,O(C)c1cc(ccc1)C[NH2+]CC(O)C(NC(=O)c1c2c(n(c1)C(=O)N(CC)CC)cccc2)Cc1ccccc1,0,0,0,Exmol_based,Generated using exmol-based algorithm
CCN(CC)C(=O)n1cc(C(=O)NC(Cc2ccccc2)C(O)C[NH2+]Cc2cc(OC)ccn2)c2ccccc21,0,O(C)c1cc(ccc1)C[NH2+]CC(O)C(NC(=O)c1c2c(n(c1)C(=O)N(CC)CC)cccc2)Cc1ccccc1,0,0,0,Exmol_based,Generated using exmol-based algorithm
CCN(CC)C(=O)n1cc(C(=O)NC(CO)Cc2ccccc2)c2ccccc21.C[NH2+]Cc1cccc(OC)c1,0,O(C)c1cc(ccc1)C[NH2+]CC(O)C(NC(=O)c1c2c(n(c1)C(=O)N(CC)CC)cccc2)Cc1ccccc1,0,0,0,Exmol_based,Generated using exmol-based algorithm
CC1CC2(CC[NH+]1Cc1cccc(O)c1)CN(c1ncccn1)S(=O)(=O)N2c1cccc(F)c1.CCC,0,S1(=O)(=O)N(C2(CC([NH+](CC2)Cc2cc(OC(C)C)ccc2)C)CN1c1ncccn1)c1cc(F)ccc1,0,0,0,Exmol_based,Generated using exmol-based algorithm
Cc1cc(C[NH+]2CCC3(CC2C)CN(c2ncccn2)S(=O)(=O)N3c2cccc(F)c2)cc(OC(C)C)c1,0,S1(=O)(=O)N(C2(CC([NH+](CC2)Cc2cc(OC(C)C)ccc2)C)CN1c1ncccn1)c1cc(F)ccc1,0,0,0,Exmol_based,Generated using exmol-based algorithm
CC(C)Oc1cccc(C[NH+]2CCC3(CC2C)CN(c2ncccn2)S(=O)(=O)N3c2ccccc2)c1,0,S1(=O)(=O)N(C2(CC([NH+](CC2)Cc2cc(OC(C)C)ccc2)C)CN1c1ncccn1)c1cc(F)ccc1,0,0,0,Exmol_based,Generated using exmol-based algorithm
COc1ccc([C@]2(c3cccc(-c4cncnc4)c3)N=C(C)C(N)=N2)cc1C,0,O(C)c1c(cc(cc1C)[C@@]1(N=C(C)C(=N1)N)c1cc(ccc1)-c1cncnc1)C,0,0,0,Exmol_based,Generated using exmol-based algorithm
COc1c(C)cc([C@]2(c3cccc(-c4cncnc4)c3)N=C(C)C(N)=N2)c(P)c1C,0,O(C)c1c(cc(cc1C)[C@@]1(N=C(C)C(=N1)N)c1cc(ccc1)-c1cncnc1)C,0,0,0,Exmol_based,Generated using exmol-based algorithm
COc1c(C)cc([C@]2(c3ccnc(-c4cncnc4)c3)N=C(C)C(N)=N2)cc1C,0,O(C)c1c(cc(cc1C)[C@@]1(N=C(C)C(=N1)N)c1cc(ccc1)-c1cncnc1)C,0,0,0,Exmol_based,Generated using exmol-based algorithm
COc1ccc2c(c1)C1(COC(N)=N1)c1cc(-c3ccc(Cl)cc3P)ccc1O2,0,Clc1cc(F)c(cc1)-c1cc2c(Oc3c(cc(OC)cc3)C23N=C(OC3)N)cc1,0,0,0,Exmol_based,Generated using exmol-based algorithm
COc1ccc2c(c1)C(N)(COCN)c1cc(-c3ccc(Cl)cc3F)ccc1O2,0,Clc1cc(F)c(cc1)-c1cc2c(Oc3c(cc(OC)cc3)C23N=C(OC3)N)cc1,0,0,0,Exmol_based,Generated using exmol-based algorithm
COc1ccc2c(c1)C1(C=CC(c3ccc(Cl)cc3F)=CC=CO2)COC(N)=N1,0,Clc1cc(F)c(cc1)-c1cc2c(Oc3c(cc(OC)cc3)C23N=C(OC3)N)cc1,0,0,0,Exmol_based,Generated using exmol-based algorithm
CC(=O)NC1Cc2cc(F)cc(F)c2C1(O)C[NH2+]C1(c2ncc(C(C)(C)C)o2)CCCCC1,0,Fc1cc(cc(F)c1)CC(NC(=O)C)C(O)C[NH2+]C1(CCCCC1)c1oc(cn1)C(C)(C)C,0,0,0,Exmol_based,Generated using exmol-based algorithm
CC(=O)NC(Cc1cccc(F)c1)C(O)C[NH2+]C1(c2ncc(C(C)(C)C)o2)CCCCC1,0,Fc1cc(cc(F)c1)CC(NC(=O)C)C(O)C[NH2+]C1(CCCCC1)c1oc(cn1)C(C)(C)C,0,0,0,Exmol_based,Generated using exmol-based algorithm
CC(C)(C)c1cnc(C23CCCC(CC(=O)NC(Cc4cc(F)cc(F)c4)C(O)C[NH2+]2)C3)o1,0,Fc1cc(cc(F)c1)CC(NC(=O)C)C(O)C[NH2+]C1(CCCCC1)c1oc(cn1)C(C)(C)C,0,0,0,Exmol_based,Generated using exmol-based algorithm
CC(=O)NC(Cc1cc(F)cc(F)c1)C(O)C[NH2+]C1(c2cccc(-n3ccnc3)c2)CCCNC1,0,Fc1cc(cc(F)c1)CC(NC(=O)C)C(O)C[NH2+]C1(CCCCC1)c1cc(-n2ccnc2)ccc1,0,0,0,Exmol_based,Generated using exmol-based algorithm
CC(=O)NC(Cc1cccc(F)c1)C(O)C[NH2+]C1(c2cccc(-n3ccnc3)c2)CCCCC1,0,Fc1cc(cc(F)c1)CC(NC(=O)C)C(O)C[NH2+]C1(CCCCC1)c1cc(-n2ccnc2)ccc1,0,0,0,Exmol_based,Generated using exmol-based algorithm
CC(=O)NC(Cc1cc(F)cc(Br)c1)C(O)C[NH2+]C1(c2cccc(-n3ccnc3)c2)CCCCC1,0,Fc1cc(cc(F)c1)CC(NC(=O)C)C(O)C[NH2+]C1(CCCCC1)c1cc(-n2ccnc2)ccc1,0,0,0,Exmol_based,Generated using exmol-based algorithm
CCCC1c2ccc3c(c2)CC([NH2+]C3)C(O)C(Cc2cc(F)cc(F)c2)NC(=O)C(C)N2CCC1C2=O,0,Fc1cc(cc(F)c1)CC(NC(=O)C(N1CCC(CCCC)C1=O)C)C(O)C1[NH2+]Cc2c(C1)cccc2,0,0,0,Exmol_based,Generated using exmol-based algorithm
CCCCC1CCP(C(C)C(=O)NC(Cc2cc(F)cc(F)c2)C(O)C2Cc3ccccc3C[NH2+]2)C1=O,0,Fc1cc(cc(F)c1)CC(NC(=O)C(N1CCC(CCCC)C1=O)C)C(O)C1[NH2+]Cc2c(C1)cccc2,0,0,0,Exmol_based,Generated using exmol-based algorithm
CCCCC1CCN(C(C)C(=O)NCCc2cc(F)cc(F)c2)C1=O.O.c1ccc2c(c1)CC[NH2+]C2,0,Fc1cc(cc(F)c1)CC(NC(=O)C(N1CCC(CCCC)C1=O)C)C(O)C1[NH2+]Cc2c(C1)cccc2,0,0,0,Exmol_based,Generated using exmol-based algorithm
CCC1(CC(C)[NH+]Cc2ccc(O)c(Cl)c2)CN(C)S(=O)(=O)N1c1cccc(F)c1,0,Clc1cc(ccc1O)C[NH+]1CCC2(N(S(=O)(=O)N(C2)C)c2cc(F)ccc2)CC1C,0,0,0,Exmol_based,Generated using exmol-based algorithm
CC1CC2(CC[NH+]1Cc1ccc(O)c(Cl)c1)CN(C)S(=O)(=O)N2c1cccc(F)c1,0,Clc1cc(ccc1O)C[NH+]1CCC2(N(S(=O)(=O)N(C2)C)c2cc(F)ccc2)CC1C,0,0,0,Exmol_based,Generated using exmol-based algorithm
CC1CC2(CC[NH+]1)CN(C)S(=O)(=O)N2c1cccc(F)c1.Oc1ccccc1Cl,0,Clc1cc(ccc1O)C[NH+]1CCC2(N(S(=O)(=O)N(C2)C)c2cc(F)ccc2)CC1C,0,0,0,Exmol_based,Generated using exmol-based algorithm
CC(C)(C)Cc1ccc(C2([NH2+]CC(O)C(Cc3cc(F)cc(F)c3)NC(=O)C#[SH])CC2)s1,0,s1c(ccc1CC(C)(C)C)C1([NH2+]CC(O)C(NC(=O)C)Cc2cc(F)cc(F)c2)CC1,0,0,0,Exmol_based,Generated using exmol-based algorithm
CC(C)(C)Cc1ccc(C2([NH2+]CC(O)C(Cc3cc(F)cc(F)c3)NC(=O)CN)CC2)s1,0,s1c(ccc1CC(C)(C)C)C1([NH2+]CC(O)C(NC(=O)C)Cc2cc(F)cc(F)c2)CC1,0,0,0,Exmol_based,Generated using exmol-based algorithm
CC(=O)NC(Cc1cc(F)cc(F)c1)C(O)C[NH2+]C1(c2ccc(CC(C)(C)Br)s2)CC1,0,s1c(ccc1CC(C)(C)C)C1([NH2+]CC(O)C(NC(=O)C)Cc2cc(F)cc(F)c2)CC1,0,0,0,Exmol_based,Generated using exmol-based algorithm
CC(C)(C)c1cc(C[NH2+]C2CS(=O)(=O)CC(Cc3ccccc3)C2O)ccn1,0,S1(=O)(=O)CC(Cc2ccccc2)C(O)C([NH2+]Cc2cc(ccc2)C(C)(C)C)C1,0,0,0,Exmol_based,Generated using exmol-based algorithm
C.CC(C)c1cccc(C[NH2+]C2CS(=O)(=O)CC(Cc3ccccc3)C2O)c1,0,S1(=O)(=O)CC(Cc2ccccc2)C(O)C([NH2+]Cc2cc(ccc2)C(C)(C)C)C1,0,0,0,Exmol_based,Generated using exmol-based algorithm
CC(C)(C)c1cccc(C[NH2+]CCS(=O)(=O)CC(CO)Cc2ccccc2)c1,0,S1(=O)(=O)CC(Cc2ccccc2)C(O)C([NH2+]Cc2cc(ccc2)C(C)(C)C)C1,0,0,0,Exmol_based,Generated using exmol-based algorithm
CC.COc1ccc(-c2ccc(-c3ccccc3Cl)n2Cc2cccc(N)n2)cc1,0,Clc1ccccc1-c1n(Cc2nc(N)ccc2)c(cc1)-c1ccc(OCCCC)cc1,0,0,0,Exmol_based,Generated using exmol-based algorithm
CCCCOc1ccc(-c2ccc(-c3ccccc3Cl)n2Cc2cccc(N)n2)c(S)c1,0,Clc1ccccc1-c1n(Cc2nc(N)ccc2)c(cc1)-c1ccc(OCCCC)cc1,0,0,0,Exmol_based,Generated using exmol-based algorithm
CCCC1Oc2ccc(-c3ccc(-c4ccccc4Cl)n3Cc3cccc(N)n3)cc21,0,Clc1ccccc1-c1n(Cc2nc(N)ccc2)c(cc1)-c1ccc(OCCCC)cc1,0,0,0,Exmol_based,Generated using exmol-based algorithm
COc1ccc2c(c1)C1(COC(N)=N1)c1cc(-c3cccc(C)c3)ccc1O2,0,O1CC2(N=C1N)c1cc(ccc1Oc1c2cc(OC)cc1)-c1cc(ccc1)C,0,0,0,Exmol_based,Generated using exmol-based algorithm
COc1ccc2c(c1)C1(N=C(N)ON1)c1cc(-c3cccc(C)c3)ccc1O2,0,O1CC2(N=C1N)c1cc(ccc1Oc1c2cc(OC)cc1)-c1cc(ccc1)C,0,0,0,Exmol_based,Generated using exmol-based algorithm
COc1ccc2c(c1)C(N)(CO)c1cc(-c3cccc(C)c3)ccc1O2.N,0,O1CC2(N=C1N)c1cc(ccc1Oc1c2cc(OC)cc1)-c1cc(ccc1)C,0,0,0,Exmol_based,Generated using exmol-based algorithm
CC(=O)NC(Cc1cc(F)cc(F)c1)C(O)C[NH2+]C1(c2cccc(N3CCCCO3)c2)CC1,0,Fc1cc(cc(F)c1)CC(NC(=O)C)C(O)C[NH2+]C1(CC1)c1cc(ccc1)C1OCCCC1,0,0,0,Exmol_based,Generated using exmol-based algorithm
CC(=O)NC(Cc1cccc(F)c1)C(O)C[NH2+]C1(c2cccc(C3CCCCO3)c2)CC1.F,0,Fc1cc(cc(F)c1)CC(NC(=O)C)C(O)C[NH2+]C1(CC1)c1cc(ccc1)C1OCCCC1,0,0,0,Exmol_based,Generated using exmol-based algorithm
CC(=O)NC(CC1=CS(F)=CC(F)=C1)C(O)C[NH2+]C1(c2cccc(C3CCCCO3)c2)CC1,0,Fc1cc(cc(F)c1)CC(NC(=O)C)C(O)C[NH2+]C1(CC1)c1cc(ccc1)C1OCCCC1,0,0,0,Exmol_based,Generated using exmol-based algorithm
CC(=O)N[C@@H](Cc1cccc(F)c1)[C@H](O)C[NH2+][C@]1(c2cccc(C(C)(C)C(F)F)c2)C[C@H]1C,0,Fc1cc(cc(F)c1)C[C@H](NC(=O)C)[C@H](O)C[NH2+][C@@]1(C[C@H]1C)c1cc(ccc1)C(C(F)F)(C)C,0,0,0,Exmol_based,Generated using exmol-based algorithm
C.C[C@@H]1C[C@]1([NH2+]C[C@@H](O)[C@@H](N)Cc1cc(F)cc(F)c1)c1cccc(C(C)(C)C(F)F)c1.O,0,Fc1cc(cc(F)c1)C[C@H](NC(=O)C)[C@H](O)C[NH2+][C@@]1(C[C@H]1C)c1cc(ccc1)C(C(F)F)(C)C,0,0,0,Exmol_based,Generated using exmol-based algorithm
CC(=O)N[C@@H](C(P)c1cc(F)cc(F)c1)[C@H](O)C[NH2+][C@]1(c2cccc(C(C)(C)C(F)F)c2)C[C@H]1C,0,Fc1cc(cc(F)c1)C[C@H](NC(=O)C)[C@H](O)C[NH2+][C@@]1(C[C@H]1C)c1cc(ccc1)C(C(F)F)(C)C,0,0,0,Exmol_based,Generated using exmol-based algorithm
CC[NH+](Cc1cccc(-c2ccccc2Cl)c1)C(C)CC1CNS(=O)(=O)N1c1cccc(F)c1,0,Clc1ccccc1-c1cc(ccc1)C[NH+]1CCC2(N(S(=O)(=O)NC2)c2cc(F)ccc2)CC1C,0,0,0,Exmol_based,Generated using exmol-based algorithm
CC1CC2(CC[NH+]1Cc1cc3cc(c1)c1cccc3c1Cl)CNS(=O)(=O)N2c1cccc(F)c1,0,Clc1ccccc1-c1cc(ccc1)C[NH+]1CCC2(N(S(=O)(=O)NC2)c2cc(F)ccc2)CC1C,0,0,0,Exmol_based,Generated using exmol-based algorithm
CC1CC2(CNS(=O)(=O)N2c2cccc(F)c2)C(P)C[NH+]1Cc1cccc(-c2ccccc2Cl)c1,0,Clc1ccccc1-c1cc(ccc1)C[NH+]1CCC2(N(S(=O)(=O)NC2)c2cc(F)ccc2)CC1C,0,0,0,Exmol_based,Generated using exmol-based algorithm
CCN1CC2(CC[NH+](Cc3ccc(P)c(OC(C)C)c3)C(C)C2)N(c2cccc(F)c2)S1(=O)=O,0,S1(=O)(=O)N(C2(CC([NH+](CC2)Cc2cc(OC(C)C)ccc2)C)CN1CC)c1cc(F)ccc1,0,0,0,Exmol_based,Generated using exmol-based algorithm
CCN1CC2(CC[NH+]3Cc4cccc(c4)OC(C)CC2C3C)N(c2cccc(F)c2)S1(=O)=O,0,S1(=O)(=O)N(C2(CC([NH+](CC2)Cc2cc(OC(C)C)ccc2)C)CN1CC)c1cc(F)ccc1,0,0,0,Exmol_based,Generated using exmol-based algorithm
CCN1CC2(CC[NH+](Cc3cccc(OC(C)C)c3)C(C)C2)N(c2cccc(F)c2)S1(=O)=S,0,S1(=O)(=O)N(C2(CC([NH+](CC2)Cc2cc(OC(C)C)ccc2)C)CN1CC)c1cc(F)ccc1,0,0,0,Exmol_based,Generated using exmol-based algorithm
CC(C)Oc1cccc(C[NH+]2CSC3(CC2C)CN(c2ncco2)S(=O)(=O)N3c2cccc(F)c2)c1,0,S1(=O)(=O)N(C2(CC([NH+](CC2)Cc2cc(OC(C)C)ccc2)C)CN1c1occn1)c1cc(F)ccc1,0,0,0,Exmol_based,Generated using exmol-based algorithm
CC(C)Oc1cccc(C[NH+](CCC2CN(c3ncco3)S(=O)(=O)N2c2cccc(F)c2)C(C)C)c1,0,S1(=O)(=O)N(C2(CC([NH+](CC2)Cc2cc(OC(C)C)ccc2)C)CN1c1occn1)c1cc(F)ccc1,0,0,0,Exmol_based,Generated using exmol-based algorithm
CC(C)Oc1cccc(S[NH+]2CCC3(CC2C)CN(c2ncco2)S(=O)(=O)N3c2cccc(F)c2)c1,0,S1(=O)(=O)N(C2(CC([NH+](CC2)Cc2cc(OC(C)C)ccc2)C)CN1c1occn1)c1cc(F)ccc1,0,0,0,Exmol_based,Generated using exmol-based algorithm
COc1ccccc1-c1ccc2c(c1)S1(CC(C)(C)O2)N=C(N)N(C)C1=O,0,O1c2c(cc(cc2)-c2ccccc2OC)C2(N=C(N)N(C)C2=O)CC1(C)C,0,0,0,Exmol_based,Generated using exmol-based algorithm
CN1C(=O)C2(CC(C)(C)Oc3ccccc32)N=C1N.COc1ccccc1,0,O1c2c(cc(cc2)-c2ccccc2OC)C2(N=C(N)N(C)C2=O)CC1(C)C,0,0,0,Exmol_based,Generated using exmol-based algorithm
CNC(=O)C1(N=CN)CC(C)(C)Oc2ccc(-c3ccccc3OC)cc21,0,O1c2c(cc(cc2)-c2ccccc2OC)C2(N=C(N)N(C)C2=O)CC1(C)C,0,0,0,Exmol_based,Generated using exmol-based algorithm
CCC(=O)Nc1c(Cl)cc(CNC(=[NH2+])NC(=O)Cn2ccc3ccccc32)cc1Cl,0,Clc1cc(cc(Cl)c1NC(=O)C(C)C)CNC(=[NH2+])NC(=O)Cn1c2c(cccc2)cc1,0,0,0,Exmol_based,Generated using exmol-based algorithm
CC(CS)C(=O)Nc1c(Cl)cc(CNC(=[NH2+])NC(=O)Cn2ccc3ccccc32)cc1Cl,0,Clc1cc(cc(Cl)c1NC(=O)C(C)C)CNC(=[NH2+])NC(=O)Cn1c2c(cccc2)cc1,0,0,0,Exmol_based,Generated using exmol-based algorithm
CC(C)C(=O)Nc1c(Cl)cc(CSC(=[NH2+])NC(=O)Cn2ccc3ccccc32)cc1Cl,0,Clc1cc(cc(Cl)c1NC(=O)C(C)C)CNC(=[NH2+])NC(=O)Cn1c2c(cccc2)cc1,0,0,0,Exmol_based,Generated using exmol-based algorithm
CCc1csc(C2([NH2+]CC(O)CNC(C)=O)CCCCC2)c1.Cc1cc(F)cc(F)c1,0,s1cc(cc1C1([NH2+]CC(O)C(NC(=O)C)Cc2cc(F)cc(F)c2)CCCCC1)CC,0,0,0,Exmol_based,Generated using exmol-based algorithm
CCc1csc(C2([NH2+]CC(O)C(NC(C)=O)Sc3cc(F)cc(F)c3)CCCCC2)c1,0,s1cc(cc1C1([NH2+]CC(O)C(NC(=O)C)Cc2cc(F)cc(F)c2)CCCCC1)CC,0,0,0,Exmol_based,Generated using exmol-based algorithm
CCc1cc(C2([NH2+]CC(O)C(Cc3cc(F)cc(F)c3)NC(C)=O)CCCCC2)sc1Br,0,s1cc(cc1C1([NH2+]CC(O)C(NC(=O)C)Cc2cc(F)cc(F)c2)CCCCC1)CC,0,0,0,Exmol_based,Generated using exmol-based algorithm
CC(Br)NC(=O)c1ccc(-c2ccc(-c3ccccc3)n2Cc2cccc(N)n2)cc1,0,O=C(NC(C)C)c1ccc(cc1)-c1n(Cc2nc(N)ccc2)c(cc1)-c1ccccc1,0,0,0,Exmol_based,Generated using exmol-based algorithm
CC(C)NC(=O)c1ccc(-c2ccc(-c3ccccc3)n2Cc2cccc(N)n2)cc1,0,O=C(NC(C)C)c1ccc(cc1)-c1n(Cc2nc(N)ccc2)c(cc1)-c1ccccc1,0,0,0,Exmol_based,Generated using exmol-based algorithm
C.CCNC(=O)c1ccc(-c2ccc(-c3ccccc3)n2Cc2cccc(N)n2)cc1,0,O=C(NC(C)C)c1ccc(cc1)-c1n(Cc2nc(N)ccc2)c(cc1)-c1ccccc1,0,0,0,Exmol_based,Generated using exmol-based algorithm
COc1ccc2c(c1)C(C)(N=CN)c1cc(-c3ccc(C)cc3)ccc1O2,0,O1CC2(N=C1N)c1cc(ccc1Oc1c2cc(OC)cc1)-c1ccc(cc1)C,0,0,0,Exmol_based,Generated using exmol-based algorithm
COc1ccc2c(c1)C(COC(=N)N)c1cc(-c3ccc(C)cc3)ccc1O2,0,O1CC2(N=C1N)c1cc(ccc1Oc1c2cc(OC)cc1)-c1ccc(cc1)C,0,0,0,Exmol_based,Generated using exmol-based algorithm
COc1ccc2c(c1)C(N=C(N)O)c1cc(-c3ccc(C)cc3)ccc1O2,0,O1CC2(N=C1N)c1cc(ccc1Oc1c2cc(OC)cc1)-c1ccc(cc1)C,0,0,0,Exmol_based,Generated using exmol-based algorithm
COc1ccc(COCC(CC(O)C2C(Oc3cc(F)cc(F)c3)N2C(=O)c2cc(N(C)CC3CC3C)nc(N(C)S(C)(=O)=O)c2)OC)cc1,0,S(=O)(=O)(N(C)c1nc(N(CC2CC2C)C)cc(c1)C(=O)NC(C(O)CC(OC)COCc1ccc(OC)cc1)COc1cc(F)cc(F)c1)C,0,0,0,Exmol_based,Generated using exmol-based algorithm
COc1ccc(COCC(CC(O)C(COc2cc(F)cc(F)c2)NC(=O)c2cc(N(C)CC3CC3C)nc(N(C)S(C)(=O)=O)c2)PC)cc1,0,S(=O)(=O)(N(C)c1nc(N(CC2CC2C)C)cc(c1)C(=O)NC(C(O)CC(OC)COCc1ccc(OC)cc1)COc1cc(F)cc(F)c1)C,0,0,0,Exmol_based,Generated using exmol-based algorithm
CC1CC1.COc1ccc(COCC(CC(O)C(COc2cc(F)cc(F)c2)NC(=O)c2cc(N(C)C)nc(N(C)S(C)(=O)=O)c2)OC)cc1,0,S(=O)(=O)(N(C)c1nc(N(CC2CC2C)C)cc(c1)C(=O)NC(C(O)CC(OC)COCc1ccc(OC)cc1)COc1cc(F)cc(F)c1)C,0,0,0,Exmol_based,Generated using exmol-based algorithm
CCC(C)c1cccc(C[NH2+]C2CS(=O)(=O)CC(Cc3ccc(O)cc3)C2O)c1,0,S1(=O)(=O)CC(Cc2ccc(O)cc2)C(O)C([NH2+]Cc2cc(ccc2)C(C)C)C1,0,0,0,Exmol_based,Generated using exmol-based algorithm
CC(C)c1cccc(C[NH2+]C2CS(=O)(=O)CC(Cc3ccc(O)cc3)C2O)c1F,0,S1(=O)(=O)CC(Cc2ccc(O)cc2)C(O)C([NH2+]Cc2cc(ccc2)C(C)C)C1,0,0,0,Exmol_based,Generated using exmol-based algorithm
CC(C)c1cccc(C[NH2+]CC(O)C(Cc2ccc(O)cc2)CS(C)(=O)=O)c1,0,S1(=O)(=O)CC(Cc2ccc(O)cc2)C(O)C([NH2+]Cc2cc(ccc2)C(C)C)C1,0,0,0,Exmol_based,Generated using exmol-based algorithm
CC(NC(=O)c1cc(-c2nc(C(C)([NH3+])Cc3ccccc3)no2)cc(N(C)S(C)(=O)=O)c1)c1ccc(F)cc1,0,S(=O)(=O)(N(C)c1cc(cc(c1)C(=O)NC(C)c1ccc(F)cc1)-c1onc(n1)C([NH3+])(Cc1ccccc1)C)C,0,0,0,Exmol_based,Generated using exmol-based algorithm
CC(NCc1cc(-c2nc(C(C)([NH3+])Cc3ccccc3)no2)cc(N(C)S(C)(=O)=O)c1)c1ccc(F)cc1.O,0,S(=O)(=O)(N(C)c1cc(cc(c1)C(=O)NC(C)c1ccc(F)cc1)-c1onc(n1)C([NH3+])(Cc1ccccc1)C)C,0,0,0,Exmol_based,Generated using exmol-based algorithm
C.CC(NC(=O)c1cc(-c2nc(C([NH3+])Cc3ccccc3)no2)cc(N(C)S(C)(=O)=O)c1)c1ccc(F)cc1,0,S(=O)(=O)(N(C)c1cc(cc(c1)C(=O)NC(C)c1ccc(F)cc1)-c1onc(n1)C([NH3+])(Cc1ccccc1)C)C,0,0,0,Exmol_based,Generated using exmol-based algorithm
CCCC(C)([NH2+]CC(O)C(Cc1cc(F)cc(F)c1)NC(C)=O)c1ccn(C(C)(C)C)n1,0,Fc1cc(cc(F)c1)CC(NC(=O)C)C(O)C[NH2+]C1(CCCCC1)c1nn(cc1)C(C)(C)C,0,0,0,Exmol_based,Generated using exmol-based algorithm
CC(=O)NC(Cc1cc(F)cc(F)c1)C(O)C[NH2+]C1(c2ccn(C(C)(C)C)n2)CCCOC1,0,Fc1cc(cc(F)c1)CC(NC(=O)C)C(O)C[NH2+]C1(CCCCC1)c1nn(cc1)C(C)(C)C,0,0,0,Exmol_based,Generated using exmol-based algorithm
C.CC(C)(C)n1ccc(C2([NH2+]CC(O)C(Cc3cc(F)cc(F)c3)NC=O)CCCCC2)n1,0,Fc1cc(cc(F)c1)CC(NC(=O)C)C(O)C[NH2+]C1(CCCCC1)c1nn(cc1)C(C)(C)C,0,0,0,Exmol_based,Generated using exmol-based algorithm
CC1(C)Cc2cc(Cl)ccc2C(NC(C(=O)[O-])C(=P)c2cscc2-c2ccncc2)=N1,0,Clc1cc2CC(N=C(NC(Cc3cscc3-c3ccncc3)C(=O)[O-])c2cc1)(C)C,0,0,0,Exmol_based,Generated using exmol-based algorithm
CC1(C)N=C(NC(Cc2cscc2-c2ccncc2)C(=O)[O-])c2ccc(Cl)cc2C1Cl,0,Clc1cc2CC(N=C(NC(Cc3cscc3-c3ccncc3)C(=O)[O-])c2cc1)(C)C,0,0,0,Exmol_based,Generated using exmol-based algorithm
CC1(C)CS2=C(C=CC(Cl)=C2)C(NC(Cc2cscc2-c2ccncc2)C(=O)[O-])=N1,0,Clc1cc2CC(N=C(NC(Cc3cscc3-c3ccncc3)C(=O)[O-])c2cc1)(C)C,0,0,0,Exmol_based,Generated using exmol-based algorithm
COC(COCC1CC1)CC(O)C(COc1cc(F)cc(F)c1)NC(=O)c1cc(NS(C)(=O)=O)cc(C(=O)NC(C)c2ccccc2)c1,0,S(=O)(=O)(N(C)c1cc(cc(c1)C(=O)NC(C(O)CC(OC)COCC1CC1)COc1cc(F)cc(F)c1)C(=O)NC(C)c1ccccc1)C,0,0,0,Exmol_based,Generated using exmol-based algorithm
COCCC(O)C(COc1cc(F)cc(F)c1)NC(=O)c1cc(C(=O)NC(C)c2ccccc2)cc(N(C)S(C)(=O)=O)c1.OCC1CC1,0,S(=O)(=O)(N(C)c1cc(cc(c1)C(=O)NC(C(O)CC(OC)COCC1CC1)COc1cc(F)cc(F)c1)C(=O)NC(C)c1ccccc1)C,0,0,0,Exmol_based,Generated using exmol-based algorithm
CC1CC1.COC(C)CC(O)C(COc1cc(F)cc(F)c1)NC(=O)c1cc(C(=O)NC(C)c2ccccc2)cc(N(C)S(C)(=O)=O)c1,0,S(=O)(=O)(N(C)c1cc(cc(c1)C(=O)NC(C(O)CC(OC)COCC1CC1)COc1cc(F)cc(F)c1)C(=O)NC(C)c1ccccc1)C,0,0,0,Exmol_based,Generated using exmol-based algorithm
CC(=O)NC(Cc1cccc(F)c1)C(O)C[NH2+]C1(c2cccc(N3CC4CCC3C4)c2)CC1,0,Fc1cc(cc(F)c1)CC(NC(=O)C)C(O)C[NH2+]C1(CC1)c1cc(N2C3CC(CC3)C2)ccc1,0,0,0,Exmol_based,Generated using exmol-based algorithm
CC(=O)NC(Cc1cc(F)cc(F)c1)C(O)C[NH2+]C1(S2=CC(N3CC4CCC3C4)=CC=C2)CC1,0,Fc1cc(cc(F)c1)CC(NC(=O)C)C(O)C[NH2+]C1(CC1)c1cc(N2C3CC(CC3)C2)ccc1,0,0,0,Exmol_based,Generated using exmol-based algorithm
CC(=O)NC(Cc1cc(F)cc(F)c1)C(O)C[NH2+]C(C)(C)c1cccc(N2CC3CCC2C3)c1,0,Fc1cc(cc(F)c1)CC(NC(=O)C)C(O)C[NH2+]C1(CC1)c1cc(N2C3CC(CC3)C2)ccc1,0,0,0,Exmol_based,Generated using exmol-based algorithm
COCCCC1NC(=O)c2cc(cc(N(C)S(C)(=O)=O)c2)C(=O)NC(C(O)CC(C(=O)NCC(C)C)C(C)C)CPCc2cccc1c2,0,S(=O)(=O)(N(C)c1cc2cc(c1)C(=O)NC(c1cc(COCC(NC2=O)C(O)CC(C(C)C)C(=O)NCC(C)C)ccc1)CCCOC)C,0,0,0,Exmol_based,Generated using exmol-based algorithm
CC(C)CNC(=O)C(C)C(C)C.COCCCC1NC(=O)c2cc(cc(N(C)S(C)(=O)=O)c2)C(=O)NCCOCc2cccc1c2.O,0,S(=O)(=O)(N(C)c1cc2cc(c1)C(=O)NC(c1cc(COCC(NC2=O)C(O)CC(C(C)C)C(=O)NCC(C)C)ccc1)CCCOC)C,0,0,0,Exmol_based,Generated using exmol-based algorithm
COCCCC1NC(=O)c2cc(cc(N(C)S(=O)(=O)C=O)c2)C(=O)NC(C(O)CC(C(=O)NCC(C)C)C(C)C)COCc2cccc1c2,0,S(=O)(=O)(N(C)c1cc2cc(c1)C(=O)NC(c1cc(COCC(NC2=O)C(O)CC(C(C)C)C(=O)NCC(C)C)ccc1)CCCOC)C,0,0,0,Exmol_based,Generated using exmol-based algorithm
CC1(C)Cc2ccc(-c3cccnc3F)cc2C(C)(N=C(N)O)C1,0,Fc1ncccc1-c1cc2c(CC(CC23N=C(OC3)N)(C)C)cc1,0,0,0,Exmol_based,Generated using exmol-based algorithm
CC1(C)Cc2ccc(-c3cccnc3F)cc2C2(CNC(N)=N2)C1,0,Fc1ncccc1-c1cc2c(CC(CC23N=C(OC3)N)(C)C)cc1,0,0,0,Exmol_based,Generated using exmol-based algorithm
CC12C=C1c1ccc(-c3cccnc3F)cc1C1(COC(N)=N1)C2,0,Fc1ncccc1-c1cc2c(CC(CC23N=C(OC3)N)(C)C)cc1,0,0,0,Exmol_based,Generated using exmol-based algorithm
COc1ccc(C(CO)(N=CN)c2cccc(-c3cc(Cl)ccc3F)c2)cc1,0,Clc1cc(-c2cc(ccc2)C2(N=C(OC2)N)c2ccc(OC)cc2)c(F)cc1,0,0,0,Exmol_based,Generated using exmol-based algorithm
COc1ccc(C2(c3cccc(-c4cc(Cl)ccc4F)c3)COC(N)=N2)cc1,0,Clc1cc(-c2cc(ccc2)C2(N=C(OC2)N)c2ccc(OC)cc2)c(F)cc1,0,0,0,Exmol_based,Generated using exmol-based algorithm
COc1ccc(C2(c3cccc(-c4cc(Cl)ccc4F)c3)COC(C)=N2)cc1,0,Clc1cc(-c2cc(ccc2)C2(N=C(OC2)N)c2ccc(OC)cc2)c(F)cc1,0,0,0,Exmol_based,Generated using exmol-based algorithm
CCn1cc([C@@]2(c3ccccc3)N=C(N)N(C)C2=O)cn1.Fc1ccccn1,0,Fc1ncccc1-c1cc(ccc1)[C@@]1(N=C(N)N(C)C1=O)c1cn(nc1)CC,0,0,0,Exmol_based,Generated using exmol-based algorithm
CCn1cc([C](N=C(N)NC)c2cccc(-c3cccnc3F)c2)cn1.O,0,Fc1ncccc1-c1cc(ccc1)[C@@]1(N=C(N)N(C)C1=O)c1cn(nc1)CC,0,0,0,Exmol_based,Generated using exmol-based algorithm
CCn1cc([C@@]2(c3ccccc3)N=C(N)N(C)C2=O)cn1.Fc1ccccn1,0,Fc1ncccc1-c1cc(ccc1)[C@@]1(N=C(N)N(C)C1=O)c1cn(nc1)CC,0,0,0,Exmol_based,Generated using exmol-based algorithm
CC1(N)Cc2ccc(-c3cncc(Cl)c3)cc2C2(CSC(N)=N2)C1,0,Clc1cc(cnc1)-c1cc2c(CC(CC23N=C(SC3)N)(C)C)cc1,0,0,0,Exmol_based,Generated using exmol-based algorithm
CC1(C)Cc2ccc(-c3cnc(P)c(Cl)c3)cc2C2(CSC(N)=N2)C1,0,Clc1cc(cnc1)-c1cc2c(CC(CC23N=C(SC3)N)(C)C)cc1,0,0,0,Exmol_based,Generated using exmol-based algorithm
CC1Cc2ccc(-c3cncc(Cl)c3)cc2C2(CSC(N)=N2)C1,0,Clc1cc(cnc1)-c1cc2c(CC(CC23N=C(SC3)N)(C)C)cc1,0,0,0,Exmol_based,Generated using exmol-based algorithm
CCCN(CCN)C(=O)c1cc(CC(COC)OC)cc(C(=O)NC(Cc2cc(F)cc(F)c2)C(O)C[NH2+]Cc2cccc(OC)c2)c1,0,Fc1cc(cc(F)c1)CC(NC(=O)c1cc(cc(c1)C(=O)N(CCC)CCC)CC(OC)COC)C(O)C[NH2+]Cc1cc(OC)ccc1,0,0,0,Exmol_based,Generated using exmol-based algorithm
CCCN(CCC)C(=O)c1cc(C)cc(C(=O)NC(Cc2cc(F)cc(F)c2)C(O)C[NH2+]Cc2cccc(OC)c2)c1.COCCOC,0,Fc1cc(cc(F)c1)CC(NC(=O)c1cc(cc(c1)C(=O)N(CCC)CCC)CC(OC)COC)C(O)C[NH2+]Cc1cc(OC)ccc1,0,0,0,Exmol_based,Generated using exmol-based algorithm
CCCN(CCC)C(=O)c1cc(CC(COC)OC)cc(C(=O)NC(Cc2cc(F)cc(F)c2)C(O)C[NH2+])c1.COc1ccccc1,0,Fc1cc(cc(F)c1)CC(NC(=O)c1cc(cc(c1)C(=O)N(CCC)CCC)CC(OC)COC)C(O)C[NH2+]Cc1cc(OC)ccc1,0,0,0,Exmol_based,Generated using exmol-based algorithm
COc1cccc(-c2cccc(C(C)CSCC(=N)N)c2)c1,0,S1CC(N=C(N)C1)(C)c1cc(ccc1)-c1cc(OC)ccc1,0,0,0,Exmol_based,Generated using exmol-based algorithm
COc1cccc(-c2cccc(C(C)N=C(N)CSC)c2)c1,0,S1CC(N=C(N)C1)(C)c1cc(ccc1)-c1cc(OC)ccc1,0,0,0,Exmol_based,Generated using exmol-based algorithm
COc1cccc(-c2cc3cc(c2)C2(C)CSC3C(N)=N2)c1,0,S1CC(N=C(N)C1)(C)c1cc(ccc1)-c1cc(OC)ccc1,0,0,0,Exmol_based,Generated using exmol-based algorithm
COc1cccc(-c2cccc(C(C)CCSCN)c2)c1,0,S1CCC(N=C1N)(C)c1cc(ccc1)-c1cc(OC)ccc1,0,0,0,Exmol_based,Generated using exmol-based algorithm
CC1(c2ccccc2)CCSC(N)=N1.COc1ccccc1,0,S1CCC(N=C1N)(C)c1cc(ccc1)-c1cc(OC)ccc1,0,0,0,Exmol_based,Generated using exmol-based algorithm
CCC(C)(N=CN)c1cccc(-c2cccc(OC)c2)c1,0,S1CCC(N=C1N)(C)c1cc(ccc1)-c1cc(OC)ccc1,0,0,0,Exmol_based,Generated using exmol-based algorithm
COc1ccc2c(c1)C(C)(N=C(N)O)c1cc(-c3ccc(Cl)cc3)ccc1O2,0,Clc1ccc(cc1)-c1cc2c(Oc3c(cc(OC)cc3)C23N=C(OC3)N)cc1,0,0,0,Exmol_based,Generated using exmol-based algorithm
NC1=NC2(CO1)c1cc(-c3ccc(Cl)cc3)ccc1Oc1cc3c(cc12)OC3,0,Clc1ccc(cc1)-c1cc2c(Oc3c(cc(OC)cc3)C23N=C(OC3)N)cc1,0,0,0,Exmol_based,Generated using exmol-based algorithm
COc1ccc2c(c1)C1(COC(Br)=N1)c1cc(-c3ccc(Cl)cc3)ccc1O2,0,Clc1ccc(cc1)-c1cc2c(Oc3c(cc(OC)cc3)C23N=C(OC3)N)cc1,0,0,0,Exmol_based,Generated using exmol-based algorithm
CC1(c2cccc(N)c2)COC(N)=N1.Clc1cccnc1.O,0,Clc1ccc(nc1)C(=O)Nc1cc(ccc1)C1(N=C(OC1)N)C,0,0,0,Exmol_based,Generated using exmol-based algorithm
NC1=NC2(CO1)Cc1nc(ccc1Cl)C(=O)Nc1cccc2c1,0,Clc1ccc(nc1)C(=O)Nc1cc(ccc1)C1(N=C(OC1)N)C,0,0,0,Exmol_based,Generated using exmol-based algorithm
CC1(c2cccc(NC(=O)c3ccc(Cl)cn3)c2)CNC(N)=N1,0,Clc1ccc(nc1)C(=O)Nc1cc(ccc1)C1(N=C(OC1)N)C,0,0,0,Exmol_based,Generated using exmol-based algorithm
C=CCO.COC(C)CC(O)C(COc1cc(F)cc(F)c1)NC(=O)c1cc(C(=O)NC(C)c2ccccc2)cc(N(C)S(C)(=O)=O)c1,0,S(=O)(=O)(N(C)c1cc(cc(c1)C(=O)NC(C(O)CC(OC)COCC=C)COc1cc(F)cc(F)c1)C(=O)NC(C)c1ccccc1)C,0,0,0,Exmol_based,Generated using exmol-based algorithm
C=CCOCC(CC(O)C(COc1cc(F)cc(F)c1)NC(=O)c1cc(NC)cc(C(=O)NC(C)c2ccccc2)c1)OC.C[SH](=O)=O,0,S(=O)(=O)(N(C)c1cc(cc(c1)C(=O)NC(C(O)CC(OC)COCC=C)COc1cc(F)cc(F)c1)C(=O)NC(C)c1ccccc1)C,0,0,0,Exmol_based,Generated using exmol-based algorithm
C=CCOCC(CC(O)C(COc1cc(F)cc(F)c1)NC(=O)c1cc(C(=O)NC(C)c2ccccc2)cc(N(C)S(=O)(=O)CC)c1)OC,0,S(=O)(=O)(N(C)c1cc(cc(c1)C(=O)NC(C(O)CC(OC)COCC=C)COc1cc(F)cc(F)c1)C(=O)NC(C)c1ccccc1)C,0,0,0,Exmol_based,Generated using exmol-based algorithm
CNc1cc(C(=O)NC(C)c2ccc(F)cc2)cc(-c2noc(C(C)([NH3+])Cc3ccccc3)n2)c1.C[SH](=O)=O,0,S(=O)(=O)(N(C)c1cc(cc(c1)C(=O)NC(C)c1ccc(F)cc1)-c1nc(on1)C([NH3+])(Cc1ccccc1)C)C,0,0,0,Exmol_based,Generated using exmol-based algorithm
CN(c1cc(C(=O)NC(CO)c2ccc(F)cc2)cc(-c2noc(C(C)([NH3+])Cc3ccccc3)n2)c1)S(C)(=O)=O,0,S(=O)(=O)(N(C)c1cc(cc(c1)C(=O)NC(C)c1ccc(F)cc1)-c1nc(on1)C([NH3+])(Cc1ccccc1)C)C,0,0,0,Exmol_based,Generated using exmol-based algorithm
CC(NC(=O)c1cccc(N(C)S(C)(=O)=O)c1)c1ccc(F)cc1.CC([NH3+])(Cc1ccccc1)c1ncno1,0,S(=O)(=O)(N(C)c1cc(cc(c1)C(=O)NC(C)c1ccc(F)cc1)-c1nc(on1)C([NH3+])(Cc1ccccc1)C)C,0,0,0,Exmol_based,Generated using exmol-based algorithm
COc1ccc(C2(c3cccc(-c4cccc(Cl)c4)c3)COC(N)=N2)c(C)c1,0,Clc1cc(ccc1)-c1cc(ccc1)C1(N=C(OC1)N)c1ccc(OC)cc1,0,0,0,Exmol_based,Generated using exmol-based algorithm
COc1ccc(C2(c3cncc(-c4cccc(Cl)c4)c3)COC(N)=N2)cc1,0,Clc1cc(ccc1)-c1cc(ccc1)C1(N=C(OC1)N)c1ccc(OC)cc1,0,0,0,Exmol_based,Generated using exmol-based algorithm
COC(=N)N.COc1ccccc1.Clc1cccc(-c2ccccc2)c1,0,Clc1cc(ccc1)-c1cc(ccc1)C1(N=C(OC1)N)c1ccc(OC)cc1,0,0,0,Exmol_based,Generated using exmol-based algorithm
CCCCNC(=O)NCc1ccc(CN2C(=N)NC(CC3CCCCC3)(CC3CCCOC3)C2=O)cc1,0,O=C1N(Cc2ccc(cc2)CNC(=O)NCCCC)C(NC1(CC1CCCCC1)CC1CCCCC1)=N,0,0,0,Exmol_based,Generated using exmol-based algorithm
CC1CCCCC1.CCCCNC(=O)NCc1ccc(CN2C(=N)NC(CC3CCCCC3)C2=O)cc1,0,O=C1N(Cc2ccc(cc2)CNC(=O)NCCCC)C(NC1(CC1CCCCC1)CC1CCCCC1)=N,0,0,0,Exmol_based,Generated using exmol-based algorithm
CCCNC(=O)NCc1ccc(CN2C(=N)NC(CC3CCCCC3)(CC3CCCCC3)C2=O)cc1,0,O=C1N(Cc2ccc(cc2)CNC(=O)NCCCC)C(NC1(CC1CCCCC1)CC1CCCCC1)=N,0,0,0,Exmol_based,Generated using exmol-based algorithm
CC(=O)NCCc1cc(F)cc(F)c1.C[NH2+]C1(c2cccc(CC(C)(C)C)c2)CCCCC1.O,0,Fc1cc(cc(F)c1)CC(NC(=O)C)C(O)C[NH2+]C1(CCCCC1)c1cc(ccc1)CC(C)(C)C,0,0,0,Exmol_based,Generated using exmol-based algorithm
CC(=O)NC(Cc1cc(F)cc(F)n1)C(O)C[NH2+]C1(c2cccc(CC(C)(C)C)c2)CCCCC1,0,Fc1cc(cc(F)c1)CC(NC(=O)C)C(O)C[NH2+]C1(CCCCC1)c1cc(ccc1)CC(C)(C)C,0,0,0,Exmol_based,Generated using exmol-based algorithm
CC(=O)NC(Cc1cc(F)cc(F)c1)C(O)C[NH2+]C1(c2cccc(CC(C)(C)C)c2)CCC(P)CC1,0,Fc1cc(cc(F)c1)CC(NC(=O)C)C(O)C[NH2+]C1(CCCCC1)c1cc(ccc1)CC(C)(C)C,0,0,0,Exmol_based,Generated using exmol-based algorithm
COc1ccc(C(N=C(CN)C(C)C)c2cccc(-c3cncnc3)c2)cc1,0,O(C)c1ccc(cc1)C1(N=C(C(C)C)C(=N1)N)c1cc(ccc1)-c1cncnc1,0,0,0,Exmol_based,Generated using exmol-based algorithm
CC(C)C1=NC(c2ccc(O)cc2)(c2cccc(-c3cncnc3)c2)N=C1N,0,O(C)c1ccc(cc1)C1(N=C(C(C)C)C(=N1)N)c1cc(ccc1)-c1cncnc1,0,0,0,Exmol_based,Generated using exmol-based algorithm
CCC1=NC(c2ccc(OC)cc2)(c2cccc(-c3cncnc3)c2)N=C1N,0,O(C)c1ccc(cc1)C1(N=C(C(C)C)C(=N1)N)c1cc(ccc1)-c1cncnc1,0,0,0,Exmol_based,Generated using exmol-based algorithm
COc1ccc2c(p1)C1(COC(N)=N1)c1cc(-c3ccncc3Cl)ccc1O2,0,Clc1cnccc1-c1cc2c(Oc3c(cc(OC)cc3)C23N=C(OC3)N)cc1,0,0,0,Exmol_based,Generated using exmol-based algorithm
COc1ccc2c(c1)C1(COC(N)=N1)c1cc(-c3ccncc3Cl)ccc1O2,0,Clc1cnccc1-c1cc2c(Oc3c(cc(OC)cc3)C23N=C(OC3)N)cc1,0,0,0,Exmol_based,Generated using exmol-based algorithm
C.NC1=NC2(CO1)c1ccccc1Oc1ccc(-c3ccncc3Cl)cc12,0,Clc1cnccc1-c1cc2c(Oc3c(cc(OC)cc3)C23N=C(OC3)N)cc1,0,0,0,Exmol_based,Generated using exmol-based algorithm
CC(C)Oc1cccc(C[NH+]2CCC(CN(c3nccs3)[SH](=O)=O)CC2C)c1.Fc1ccccc1,0,s1ccnc1N1S(=O)(=O)N(C2(CC([NH+](CC2)Cc2cc(OC(C)C)ccc2)C)C1)c1cc(F)ccc1,0,0,0,Exmol_based,Generated using exmol-based algorithm
CC(C)Oc1ccpc(C[NH+]2CCC3(CC2C)CN(c2nccs2)S(=O)(=O)N3c2cccc(F)c2)c1,0,s1ccnc1N1S(=O)(=O)N(C2(CC([NH+](CC2)Cc2cc(OC(C)C)ccc2)C)C1)c1cc(F)ccc1,0,0,0,Exmol_based,Generated using exmol-based algorithm
CC(C)Oc1cccc(C[NH+]2CCC3(CC2C)CN(c2nccs2)S(=O)(=O)N3c2ccccc2)c1.F,0,s1ccnc1N1S(=O)(=O)N(C2(CC([NH+](CC2)Cc2cc(OC(C)C)ccc2)C)C1)c1cc(F)ccc1,0,0,0,Exmol_based,Generated using exmol-based algorithm
CN1C(=O)C(c2ccccc2)N=C1N.Clc1ccccc1,0,Clc1ccc(cc1)C1(N=C(N)N(C)C1=O)c1ccccc1,0,0,0,Exmol_based,Generated using exmol-based algorithm
CN1C(=O)C(c2ccc(Cl)cc2)N=C1N.c1ccccc1,0,Clc1ccc(cc1)C1(N=C(N)N(C)C1=O)c1ccccc1,0,0,0,Exmol_based,Generated using exmol-based algorithm
CN1C(=O)C(c2ccccc2)(c2ccccc2)N=C1N.Cl,0,Clc1ccc(cc1)C1(N=C(N)N(C)C1=O)c1ccccc1,0,0,0,Exmol_based,Generated using exmol-based algorithm
CCNC(=O)c1ccc(-c2c3cc(n2Cc2cccc(N)n2)-c2ccc-3cc2)cc1,0,O=C(NCC)c1ccc(cc1)-c1n(Cc2nc(N)ccc2)c(cc1)-c1ccccc1,0,0,0,Exmol_based,Generated using exmol-based algorithm
CCNC(=O)c1ccc(-c2ccc(-c3ccccc3)n2Cc2cccc(N)n2)cc1,0,O=C(NCC)c1ccc(cc1)-c1n(Cc2nc(N)ccc2)c(cc1)-c1ccccc1,0,0,0,Exmol_based,Generated using exmol-based algorithm
CCNC(=O)c1ccc(-c2ccc(-c3ccccp3)n2Cc2cccc(N)n2)cc1,0,O=C(NCC)c1ccc(cc1)-c1n(Cc2nc(N)ccc2)c(cc1)-c1ccccc1,0,0,0,Exmol_based,Generated using exmol-based algorithm
CCCOc1cccc(CC2CS(=O)(=O)CC([NH2+]Cc3cc(C(C)C)ccp3)C2O)c1,0,S1(=O)(=O)CC(Cc2cc(OCCC)ccc2)C(O)C([NH2+]Cc2cc(ccc2)C(C)C)C1,0,0,0,Exmol_based,Generated using exmol-based algorithm
CC(C)c1cccc(C[NH2+]C2CS(=O)(=O)CC(Cc3cccc(OCCC#[SH])c3)C2O)c1,0,S1(=O)(=O)CC(Cc2cc(OCCC)ccc2)C(O)C([NH2+]Cc2cc(ccc2)C(C)C)C1,0,0,0,Exmol_based,Generated using exmol-based algorithm
CC(C)c1ccccc1.CCCOc1cccc(CC2CS(=O)(=O)CC([NH2+])C2O)c1,0,S1(=O)(=O)CC(Cc2cc(OCCC)ccc2)C(O)C([NH2+]Cc2cc(ccc2)C(C)C)C1,0,0,0,Exmol_based,Generated using exmol-based algorithm
CC(C)Oc1cccc(C[NH+]2CCC3(CC2C)CN(C(C)C)S(=O)(=O)N3c2ccccc2)c1,0,S1(=O)(=O)N(C2(CC([NH+](CC2)Cc2cc(OC(C)C)ccc2)C)CN1C(C)C)c1cc(F)ccc1,0,0,0,Exmol_based,Generated using exmol-based algorithm
C.CCN1CC2(CC[NH+](Cc3cccc(OC(C)C)c3)C(C)C2)N(c2cccc(F)c2)S1(=O)=O,0,S1(=O)(=O)N(C2(CC([NH+](CC2)Cc2cc(OC(C)C)ccc2)C)CN1C(C)C)c1cc(F)ccc1,0,0,0,Exmol_based,Generated using exmol-based algorithm
CC1CC2(CC[NH+]1)CN(C(C)C)S(=O)(=O)N2c1cccc(F)c1.Cc1cccc(OC(C)C)c1,0,S1(=O)(=O)N(C2(CC([NH+](CC2)Cc2cc(OC(C)C)ccc2)C)CN1C(C)C)c1cc(F)ccc1,0,0,0,Exmol_based,Generated using exmol-based algorithm
CC(C)CNC=O.C[CH]C[C@H](O)[C@H](CC(C)C)NC(=O)[C@H](Cc1ccccc1)NC(=O)[C@H](CC(C)C)NC(=O)OC(C)(C)C,0,O(C(C)(C)C)C(=O)N[C@@H](CC(C)C)C(=O)N[C@@H](Cc1ccccc1)C(=O)N[C@H]([C@@H](O)C[C@H](C(=O)NCC(C)C)C)CC(C)C,0,0,0,Exmol_based,Generated using exmol-based algorithm
C.CC(C)CNC(=O)[C@H](C)C[C@H](O)[C@H](CC(C)C)NC(=O)[C@H](Cc1ccccc1)NC(=O)[C@H](CC(C)C)NC(=O)OC(C)C,0,O(C(C)(C)C)C(=O)N[C@@H](CC(C)C)C(=O)N[C@@H](Cc1ccccc1)C(=O)N[C@H]([C@@H](O)C[C@H](C(=O)NCC(C)C)C)CC(C)C,0,0,0,Exmol_based,Generated using exmol-based algorithm
CC(C)CNC(=O)[C@H](C)C[CH][C@H](CC(C)C)NC(=O)[C@H](Cc1ccccc1)NC(=O)[C@H](CC(C)C)NC(=O)OC(C)(C)C.O,0,O(C(C)(C)C)C(=O)N[C@@H](CC(C)C)C(=O)N[C@@H](Cc1ccccc1)C(=O)N[C@H]([C@@H](O)C[C@H](C(=O)NCC(C)C)C)CC(C)C,0,0,0,Exmol_based,Generated using exmol-based algorithm
CNC(N)=NC1CC(C)(C)Oc2ccc(-c3ccccn3)cc21.O,0,O1c2c(cc(cc2)-c2ncccc2)C2(N=C(N)N(C)C2=O)CC1(C)C,0,0,0,Exmol_based,Generated using exmol-based algorithm
CC1CC2(N=C(N)N(C)C2=O)c2cc(-c3ccccn3)ccc2O1,0,O1c2c(cc(cc2)-c2ncccc2)C2(N=C(N)N(C)C2=O)CC1(C)C,0,0,0,Exmol_based,Generated using exmol-based algorithm
CN1C=NC2(CC(C)(C)Oc3ccc(-c4ccccn4)cc32)C1=O,0,O1c2c(cc(cc2)-c2ncccc2)C2(N=C(N)N(C)C2=O)CC1(C)C,0,0,0,Exmol_based,Generated using exmol-based algorithm
C=C(c1cc(F)cc(F)c1)C(NC(C)=O)C(O)C[NH2+]C1(c2cccc(-n3cccn3)c2)CCOC1,0,Fc1cc(cc(F)c1)CC(NC(=O)C)C(O)C[NH2+]C1(CCOC1)c1cc(-n2nccc2)ccc1,0,0,0,Exmol_based,Generated using exmol-based algorithm
CC(=O)NCC(O)C[NH2+]C1(c2cccc(-n3cccn3)c2)CCOC1.Cc1cc(F)cc(F)c1,0,Fc1cc(cc(F)c1)CC(NC(=O)C)C(O)C[NH2+]C1(CCOC1)c1cc(-n2nccc2)ccc1,0,0,0,Exmol_based,Generated using exmol-based algorithm
CC(=O)NC(Cc1cc(F)cc(F)c1)C(Cl)C[NH2+]C1(c2cccc(-n3cccn3)c2)CCOC1,0,Fc1cc(cc(F)c1)CC(NC(=O)C)C(O)C[NH2+]C1(CCOC1)c1cc(-n2nccc2)ccc1,0,0,0,Exmol_based,Generated using exmol-based algorithm
CC(=O)NC(Cc1cc(F)cc(F)c1)C(O)C[NH2+]C1(c2cc3cc(N4CC5CC4CO5)c2-3)CC1,0,Fc1cc(cc(F)c1)CC(NC(=O)C)C(O)C[NH2+]C1(CC1)c1cc(N2C3CC(OC3)C2)ccc1,0,0,0,Exmol_based,Generated using exmol-based algorithm
CC.CC(=O)NC(Cc1cc(F)cc(F)c1)C(O)C[NH2+].c1ccc(N2CC3CC2CO3)cc1,0,Fc1cc(cc(F)c1)CC(NC(=O)C)C(O)C[NH2+]C1(CC1)c1cc(N2C3CC(OC3)C2)ccc1,0,0,0,Exmol_based,Generated using exmol-based algorithm
CC=O.OC(CCc1cc(F)cc(F)c1)C[NH2+]C1(c2cccc(N3CC4CC3CO4)c2)CC1,0,Fc1cc(cc(F)c1)CC(NC(=O)C)C(O)C[NH2+]C1(CC1)c1cc(N2C3CC(OC3)C2)ccc1,0,0,0,Exmol_based,Generated using exmol-based algorithm
CCC(CC)([NH2+]CC(O)C(Cc1cc(F)cc(F)c1)NC(C)=O)c1cc(C(C)(C)C)ncn1,0,Fc1cc(cc(F)c1)CC(NC(=O)C)C(O)C[NH2+]C1(CCCCC1)c1ncnc(c1)C(C)(C)C,0,0,0,Exmol_based,Generated using exmol-based algorithm
C=CC(=O)NC(Cc1cc(F)cc(F)c1)C(O)C[NH2+]C1(c2cc(C(C)(C)C)ncn2)CCCCC1,0,Fc1cc(cc(F)c1)CC(NC(=O)C)C(O)C[NH2+]C1(CCCCC1)c1ncnc(c1)C(C)(C)C,0,0,0,Exmol_based,Generated using exmol-based algorithm
CCC(CC)([NH2+]CC(O)C(Cc1cc(F)cc(F)c1)NC(C)=O)c1cc(C(C)(C)C)ncn1,0,Fc1cc(cc(F)c1)CC(NC(=O)C)C(O)C[NH2+]C1(CCCCC1)c1ncnc(c1)C(C)(C)C,0,0,0,Exmol_based,Generated using exmol-based algorithm
CC(C)(N)Cc1cc(Cl)ccc1CNC(Cc1cscc1C1CC1)C(=O)[O-],0,Clc1cc2CC(N=C(NC(Cc3cscc3C3CC3)C(=O)[O-])c2cc1)(C)C,0,0,0,Exmol_based,Generated using exmol-based algorithm
CC1(C)Cc2cc(Cl)ccc2C(NCCc2cscc2C2CC2)=N1.O=C[O-],0,Clc1cc2CC(N=C(NC(Cc3cscc3C3CC3)C(=O)[O-])c2cc1)(C)C,0,0,0,Exmol_based,Generated using exmol-based algorithm
CC1(C)Cc2cc(Cl)ccc2C(NC(C=O)Cc2cscc2C2CC2)=N1,0,Clc1cc2CC(N=C(NC(Cc3cscc3C3CC3)C(=O)[O-])c2cc1)(C)C,0,0,0,Exmol_based,Generated using exmol-based algorithm
Nc1cccc(Cn2c(-c3ccc(O)cc3)ccc2-c2ccccc2Cl)n1,0,Clc1ccccc1-c1n(Cc2nc(N)ccc2)c(cc1)-c1ccc(OC)cc1,0,0,0,Exmol_based,Generated using exmol-based algorithm
COc1ccc(-c2ccc(-c3ccccc3Cl)n2Cc2ccc(N)c(N)n2)cc1,0,Clc1ccccc1-c1n(Cc2nc(N)ccc2)c(cc1)-c1ccc(OC)cc1,0,0,0,Exmol_based,Generated using exmol-based algorithm
COc1ccc(-c2ccc(-c3ccccc3)n2Cc2cccc(N)n2)cc1,0,Clc1ccccc1-c1n(Cc2nc(N)ccc2)c(cc1)-c1ccc(OC)cc1,0,0,0,Exmol_based,Generated using exmol-based algorithm
CN1C(=O)C(c2ccccc2)(c2cccc(Br)c2)N=C1N,0,Clc1cc(ccc1)C1(N=C(N)N(C)C1=O)c1ccccc1,0,0,0,Exmol_based,Generated using exmol-based algorithm
NC1=NC2(c3cccc(Cl)c3)C(=O)N1Cc1ccc2cc1,0,Clc1cc(ccc1)C1(N=C(N)N(C)C1=O)c1ccccc1,0,0,0,Exmol_based,Generated using exmol-based algorithm
NC1=NC(c2ccccc2)(c2cccc(Cl)c2)C(=O)N1,0,Clc1cc(ccc1)C1(N=C(N)N(C)C1=O)c1ccccc1,0,0,0,Exmol_based,Generated using exmol-based algorithm
NC1=[NH+][C@](c2ccc(OC(F)(F)F)cc2)(c2cc(F)cc(Br)c2)C2=NCCCN21,0,Brc1cc(ccc1)[C@]1([NH+]=C(N2C1=NCCC2)N)c1ccc(OC(F)(F)F)cc1,0,0,0,Exmol_based,Generated using exmol-based algorithm
FC(F)(F)Oc1ccc([C@@]23[NH+]=C(Nc4ccc(Br)cc42)N2CCCN=C23)cc1,0,Brc1cc(ccc1)[C@]1([NH+]=C(N2C1=NCCC2)N)c1ccc(OC(F)(F)F)cc1,0,0,0,Exmol_based,Generated using exmol-based algorithm
FC(F)F.NC1=[NH+][C@](c2ccccc2)(c2cccc(Br)c2)C2=NCCCN21,0,Brc1cc(ccc1)[C@]1([NH+]=C(N2C1=NCCC2)N)c1ccc(OC(F)(F)F)cc1,0,0,0,Exmol_based,Generated using exmol-based algorithm
CC1=NC(c2cccc(-c3cncnc3)c2)N=C1N.c1ccccc1,0,n1cc(cnc1)-c1cc(ccc1)C1(N=C(C)C(=N1)N)Cc1ccccc1,0,0,0,Exmol_based,Generated using exmol-based algorithm
CC=NC(Cc1ccccc1)(N=CN)c1cccc(-c2cncnc2)c1,0,n1cc(cnc1)-c1cc(ccc1)C1(N=C(C)C(=N1)N)Cc1ccccc1,0,0,0,Exmol_based,Generated using exmol-based algorithm
CC1=NC(c2cccc(-c3cncnc3)c2)N=C1N.c1ccccc1,0,n1cc(cnc1)-c1cc(ccc1)C1(N=C(C)C(=N1)N)Cc1ccccc1,0,0,0,Exmol_based,Generated using exmol-based algorithm
CC(C)CNC(=O)[C@H](C)C[C@H](O)[C@H](CC(C)C)NC(=O)[C@H](Cc1ccc([N+](=O)[O-])cc1)NC(=O)c1ccccc1.O=[N+][O-],0,O=C(N[C@@H](Cc1ccc([N+](=O)[O-])cc1)C(=O)N[C@H]([C@@H](O)C[C@H](C(=O)NCC(C)C)C)CC(C)C)c1ccc([N+](=O)[O-])cc1,0,0,0,Exmol_based,Generated using exmol-based algorithm
CC(C)C[C@H](NC(=O)[C@H](Cc1ccc([N+](=O)[O-])cc1)NC(=O)c1ccc([N+](=O)[O-])cc1)[C@@H](O)C[C@@H](C)C(=O)NCC(C)C=P,0,O=C(N[C@@H](Cc1ccc([N+](=O)[O-])cc1)C(=O)N[C@H]([C@@H](O)C[C@H](C(=O)NCC(C)C)C)CC(C)C)c1ccc([N+](=O)[O-])cc1,0,0,0,Exmol_based,Generated using exmol-based algorithm
CC(C)C.CC(C)C[C@H](NC(=O)[C@H](Cc1ccc([N+](=O)[O-])cc1)NC(=O)c1ccc([N+](=O)[O-])cc1)[C@@H](O)C[C@@H](C)C(N)=O,0,O=C(N[C@@H](Cc1ccc([N+](=O)[O-])cc1)C(=O)N[C@H]([C@@H](O)C[C@H](C(=O)NCC(C)C)C)CC(C)C)c1ccc([N+](=O)[O-])cc1,0,0,0,Exmol_based,Generated using exmol-based algorithm
CN1C(N)=NC(c2ccccc2)(c2ccncc2)[PH]1=O,0,O=C1N(C)C(=NC1(c1ccccc1)c1ccncc1)N,0,0,0,Exmol_based,Generated using exmol-based algorithm
CN1C(=S)C(c2ccccc2)(c2ccncc2)N=C1N,0,O=C1N(C)C(=NC1(c1ccccc1)c1ccncc1)N,0,0,0,Exmol_based,Generated using exmol-based algorithm
CN1C(=O)C(c2ccncc2)(c2cccpc2)N=C1N,0,O=C1N(C)C(=NC1(c1ccccc1)c1ccncc1)N,0,0,0,Exmol_based,Generated using exmol-based algorithm
CCCCNC(=O)C(C)CC(O)C(NC(=O)C1CCCC(C2(NC(C)=O)CCCC2)C1)C(N)c1ccccc1,0,OC(C(NC(=O)C1CC(CCC1)C1(NC(=O)C)CCCC1)Cc1ccccc1)CC(C(=O)NCCCC)C,0,0,0,Exmol_based,Generated using exmol-based algorithm
CCCCNC(=O)C(C)CC(O)C(Cc1ccccc1)NC(=O)C1CCCC(C(CCC)NC(C)=O)C1,0,OC(C(NC(=O)C1CC(CCC1)C1(NC(=O)C)CCCC1)Cc1ccccc1)CC(C(=O)NCCCC)C,0,0,0,Exmol_based,Generated using exmol-based algorithm
CCCCNC(=O)C(C)CC(O)C(Cc1ccccc1)NC(=O)C1CCCC(C2(NC(C)=O)CCC(Br)C2)C1,0,OC(C(NC(=O)C1CC(CCC1)C1(NC(=O)C)CCCC1)Cc1ccccc1)CC(C(=O)NCCCC)C,0,0,0,Exmol_based,Generated using exmol-based algorithm
CC(C)Cc1cc(Cl)ccc1C(=N)NC(Cc1ccccc1)c1nccc(=O)[nH]1,0,Clc1cc2CC(N=C(NC(Cc3ccccc3)C=3NC(=O)C=CN=3)c2cc1)(C)C,0,0,0,Exmol_based,Generated using exmol-based algorithm
CC1(C)Cc2cc(Cl)ccc2C=N1.NC(Cc1ccccc1)c1nccc(=O)[nH]1,0,Clc1cc2CC(N=C(NC(Cc3ccccc3)C=3NC(=O)C=CN=3)c2cc1)(C)C,0,0,0,Exmol_based,Generated using exmol-based algorithm
CC(C)(N)Cc1cc(Cl)ccc1CNC(Cc1ccccc1)c1nccc(=O)[nH]1,0,Clc1cc2CC(N=C(NC(Cc3ccccc3)C=3NC(=O)C=CN=3)c2cc1)(C)C,0,0,0,Exmol_based,Generated using exmol-based algorithm
CCC(C)(C)c1cccc(C[NH2+]C2CS(=O)(=O)CC(Cc3ccc4[nH]ccc4c3)C2O)c1,0,S1(=O)(=O)CC(Cc2cc3c([nH]cc3)cc2)C(O)C([NH2+]Cc2cc(ccc2)C(C)(C)C)C1,0,0,0,Exmol_based,Generated using exmol-based algorithm
CC(C)c1cccc(C[NH2+]C2CS(=O)(=O)CC(Cc3ccc4[nH]ccc4c3)C2O)c1,0,S1(=O)(=O)CC(Cc2cc3c([nH]cc3)cc2)C(O)C([NH2+]Cc2cc(ccc2)C(C)(C)C)C1,0,0,0,Exmol_based,Generated using exmol-based algorithm
CC(C)(C)c1cccc(C[NH2+]C2CS(=O)(=O)CN(Cc3ccc4[nH]ccc4c3)C2O)c1,0,S1(=O)(=O)CC(Cc2cc3c([nH]cc3)cc2)C(O)C([NH2+]Cc2cc(ccc2)C(C)(C)C)C1,0,0,0,Exmol_based,Generated using exmol-based algorithm
NC1=NC2(CO1)c1cc(OP)ccc1Oc1ccc(-c3cccc(OC(F)(F)F)c3)cc12,0,FC(F)(F)Oc1cc(ccc1)-c1cc2c(Oc3c(cc(OC)cc3)C23N=C(OC3)N)cc1,0,0,0,Exmol_based,Generated using exmol-based algorithm
COc1ccc(Oc2ccc(-c3cccc(OC(F)(F)F)c3)cc2C2COC(N)=N2)cc1,0,FC(F)(F)Oc1cc(ccc1)-c1cc2c(Oc3c(cc(OC)cc3)C23N=C(OC3)N)cc1,0,0,0,Exmol_based,Generated using exmol-based algorithm
COc1ccc2c(c1)C1(COC(N)=N1)c1c(c3cc(-c4cccc(OC(F)(F)F)c4)c1-3)O2,0,FC(F)(F)Oc1cc(ccc1)-c1cc2c(Oc3c(cc(OC)cc3)C23N=C(OC3)N)cc1,0,0,0,Exmol_based,Generated using exmol-based algorithm
CC(C)c1ccccc1.COc1ccc(CC2CS(=O)(=O)CC([NH2+])C2O)cc1Br,0,Brc1cc(ccc1OC)CC1CS(=O)(=O)CC([NH2+]Cc2cc(ccc2)C(C)C)C1O,0,0,0,Exmol_based,Generated using exmol-based algorithm
CC(C)c1cccc(C[NH2+]C2CS(=O)(=O)CCC2O)c1.COc1ccc(C)cc1Br,0,Brc1cc(ccc1OC)CC1CS(=O)(=O)CC([NH2+]Cc2cc(ccc2)C(C)C)C1O,0,0,0,Exmol_based,Generated using exmol-based algorithm
COc1ccc(CC2CS(=O)(=O)CC([NH2+]Cc3cccc(C(C)C)c3)C2O)cc1Br,0,Brc1cc(ccc1OC)CC1CS(=O)(=O)CC([NH2+]Cc2cc(ccc2)C(C)C)C1O,0,0,0,Exmol_based,Generated using exmol-based algorithm
CC1(C)Cc2cc(Cl)ccc2C(NCC(=O)[O-])=N1.c1ccccc1,0,Clc1cc2CC(N=C(NC(Cc3ccccc3)C(=O)[O-])c2cc1)(C)C,0,0,0,Exmol_based,Generated using exmol-based algorithm
CC1(C)Cc2c3ccc(Cl)c2n(C(Cc2ccccc2)C(=O)[O-])c3=N1,0,Clc1cc2CC(N=C(NC(Cc3ccccc3)C(=O)[O-])c2cc1)(C)C,0,0,0,Exmol_based,Generated using exmol-based algorithm
CC1(C)N=C(NC(Cc2ccccc2)C(=O)[O-])c2ccc(Cl)cc2C1N,0,Clc1cc2CC(N=C(NC(Cc3ccccc3)C(=O)[O-])c2cc1)(C)C,0,0,0,Exmol_based,Generated using exmol-based algorithm
CCCC(=O)Nc1cccc([C@@]2(C3CCCCC3N)N=C(N)N(C)C2=O)c1,0,O=C1N(C)C(=N[C@]1(C1CCCCC1)c1cc(NC(=O)CCC)ccc1)N,0,0,0,Exmol_based,Generated using exmol-based algorithm
CCCCNc1cccc([C@@]2(C3CCCCC3)N=C(N)N(C)C2=O)c1,0,O=C1N(C)C(=N[C@]1(C1CCCCC1)c1cc(NC(=O)CCC)ccc1)N,0,0,0,Exmol_based,Generated using exmol-based algorithm
CCCC(=O)Oc1cccc([C@@]2(C3CCCCC3)N=C(N)N(C)C2=O)c1,0,O=C1N(C)C(=N[C@]1(C1CCCCC1)c1cc(NC(=O)CCC)ccc1)N,0,0,0,Exmol_based,Generated using exmol-based algorithm
C.CC(C)Oc1cccc(-c2ccc3c(c2)C2(CC(C)(C)O3)N=C(N)NC2=O)c1,0,O1c2c(cc(cc2)-c2cc(OC(C)C)ccc2)C2(N=C(N)N(C)C2=O)CC1(C)C,0,0,0,Exmol_based,Generated using exmol-based algorithm
CC(C)Oc1cccc(-c2ccc3c(c2)C2(CC(C)(C)O3)N=C(Cl)N(C)C2=O)c1,0,O1c2c(cc(cc2)-c2cc(OC(C)C)ccc2)C2(N=C(N)N(C)C2=O)CC1(C)C,0,0,0,Exmol_based,Generated using exmol-based algorithm
CC(C)Oc1cccc(-c2ccc3c(c2)C(C(=O)N(C)C(=N)N)CC(C)(C)O3)c1,0,O1c2c(cc(cc2)-c2cc(OC(C)C)ccc2)C2(N=C(N)N(C)C2=O)CC1(C)C,0,0,0,Exmol_based,Generated using exmol-based algorithm
CC1(C)Cc2ccccc2C(NC(Cc2ccsc2)C(=O)[O-])=N1,0,Clc1cc2CC(N=C(NC(Cc3ccsc3)C(=O)[O-])c2cc1)(C)C,0,0,0,Exmol_based,Generated using exmol-based algorithm
C.CC1Cc2cc(Cl)ccc2C(NC(Cc2ccsc2)C(=O)[O-])=N1,0,Clc1cc2CC(N=C(NC(Cc3ccsc3)C(=O)[O-])c2cc1)(C)C,0,0,0,Exmol_based,Generated using exmol-based algorithm
CC1(C)Cc2ccccc2C(NC(Cc2ccsc2)C(=O)[O-])=N1,0,Clc1cc2CC(N=C(NC(Cc3ccsc3)C(=O)[O-])c2cc1)(C)C,0,0,0,Exmol_based,Generated using exmol-based algorithm
CC(CC(=O)N(C)CN)C1CC1c1cccc(/C=C/c2ccccc2)c1,0,O=C1N(C)C(=NC(C1)(C)C1CC1c1cc(ccc1)\C=C\c1ccccc1)N,0,0,0,Exmol_based,Generated using exmol-based algorithm
CC1(C2CC2c2cccc(/C=C/c3ccccc3)c2)CC(=O)N(CN)C(N)=N1,0,O=C1N(C)C(=NC(C1)(C)C1CC1c1cc(ccc1)\C=C\c1ccccc1)N,0,0,0,Exmol_based,Generated using exmol-based algorithm
CN1C(=O)CC(C)(C2CC2c2ccccc2)N=C1N.Cc1ccccc1,0,O=C1N(C)C(=NC(C1)(C)C1CC1c1cc(ccc1)\C=C\c1ccccc1)N,0,0,0,Exmol_based,Generated using exmol-based algorithm
CC.CNC(=O)NCc1ccc(CN2C(=N)NC(CCC3CCCCC3)(CC(C)C)C2=O)cc1,0,O=C1N(Cc2ccc(cc2)CNC(=O)NCCCC)C(NC1(CCC1CCCCC1)CC(C)C)=N,0,0,0,Exmol_based,Generated using exmol-based algorithm
CCCCNCNCc1ccc(CN2C(=N)NC(CCC3CCCCC3)(CC(C)C)C2=O)cc1.O,0,O=C1N(Cc2ccc(cc2)CNC(=O)NCCCC)C(NC1(CCC1CCCCC1)CC(C)C)=N,0,0,0,Exmol_based,Generated using exmol-based algorithm
C.CCNC(=O)NCc1ccc(CN2C(=N)NC(CCC3CCCCC3)(CC(C)C)C2=O)cc1,0,O=C1N(Cc2ccc(cc2)CNC(=O)NCCCC)C(NC1(CCC1CCCCC1)CC(C)C)=N,0,0,0,Exmol_based,Generated using exmol-based algorithm
CC.NC(=O)c1ccc(-c2ccc(-c3ccccc3)n2Cc2cccc(N)n2)cc1,0,O=C(NCCC)c1ccc(cc1)-c1n(Cc2nc(N)ccc2)c(cc1)-c1ccccc1,0,0,0,Exmol_based,Generated using exmol-based algorithm
CCCNC(=O)c1ccc(-c2ccc(-c3ccccc3)n2Cc2cccc(N)n2)cc1,0,O=C(NCCC)c1ccc(cc1)-c1n(Cc2nc(N)ccc2)c(cc1)-c1ccccc1,0,0,0,Exmol_based,Generated using exmol-based algorithm
C.CCNC(=O)c1ccc(-c2ccc(-c3ccccc3)n2Cc2cccc(N)n2)cc1,0,O=C(NCCC)c1ccc(cc1)-c1n(Cc2nc(N)ccc2)c(cc1)-c1ccccc1,0,0,0,Exmol_based,Generated using exmol-based algorithm
CCCCNC(=O)c1ccc(-c2ccc(-c3ccccc3)n2Cc2ccpc(N)n2)cc1,0,O=C(NCCCC)c1ccc(cc1)-c1n(Cc2nc(N)ccc2)c(cc1)-c1ccccc1,0,0,0,Exmol_based,Generated using exmol-based algorithm
CPCCNC(=O)c1ccc(-c2ccc(-c3ccccc3)n2Cc2cccc(N)n2)cc1,0,O=C(NCCCC)c1ccc(cc1)-c1n(Cc2nc(N)ccc2)c(cc1)-c1ccccc1,0,0,0,Exmol_based,Generated using exmol-based algorithm
C.CCCNC(=O)c1ccc(-c2ccc(-c3ccccc3)n2Cc2cccc(N)n2)cc1,0,O=C(NCCCC)c1ccc(cc1)-c1n(Cc2nc(N)ccc2)c(cc1)-c1ccccc1,0,0,0,Exmol_based,Generated using exmol-based algorithm
CN1C(=O)[C@@](c2cccc(-c3cccnc3F)c2)(c2csc(C(=O)CCS)c2)N=C1N,0,s1cc(cc1C(=O)CC)[C@]1(N=C(N)N(C)C1=O)c1cc(ccc1)-c1cccnc1F,0,0,0,Exmol_based,Generated using exmol-based algorithm
CC(O)C(=O)c1cc([C@@]2(c3cccc(-c4cccnc4F)c3)N=C(N)N(C)C2=O)cs1,0,s1cc(cc1C(=O)CC)[C@]1(N=C(N)N(C)C1=O)c1cc(ccc1)-c1cccnc1F,0,0,0,Exmol_based,Generated using exmol-based algorithm
CCC(=P)c1cc([C@@]2(c3cccc(-c4cccnc4F)c3)N=C(N)N(C)C2=O)cs1,0,s1cc(cc1C(=O)CC)[C@]1(N=C(N)N(C)C1=O)c1cc(ccc1)-c1cccnc1F,0,0,0,Exmol_based,Generated using exmol-based algorithm
COCCCC1(c2cccc(-c3cccc(OC)c3)c2)N=C(C)C(N)=N1,0,O1CCC(CC1)C1(N=C(C)C(=N1)N)c1cc(ccc1)-c1cc(OC)ccc1,0,0,0,Exmol_based,Generated using exmol-based algorithm
COc1cccc(-c2cccc(C3(C4CCOCC4)N=C(C)C(O)=N3)c2)c1,0,O1CCC(CC1)C1(N=C(C)C(=N1)N)c1cc(ccc1)-c1cc(OC)ccc1,0,0,0,Exmol_based,Generated using exmol-based algorithm
COc1cccc(-c2cccc(C3(C4CCOCC4)N=C(C)C(N)=N3)c2)c1,0,O1CCC(CC1)C1(N=C(C)C(=N1)N)c1cc(ccc1)-c1cc(OC)ccc1,0,0,0,Exmol_based,Generated using exmol-based algorithm
CC(=O)NC(C(=P)c1cc(F)cc(F)c1)C(O)C[NH2+]C1(c2csc(CC(C)(C)C)n2)CC1,0,s1cc(nc1CC(C)(C)C)C1([NH2+]CC(O)C(NC(=O)C)Cc2cc(F)cc(F)c2)CC1,0,0,0,Exmol_based,Generated using exmol-based algorithm
C.CC(=O)NC(Cc1cc(F)cc(F)c1)C(O)C[NH2+]C1(c2csc(CC(C)C)n2)CC1,0,s1cc(nc1CC(C)(C)C)C1([NH2+]CC(O)C(NC(=O)C)Cc2cc(F)cc(F)c2)CC1,0,0,0,Exmol_based,Generated using exmol-based algorithm
CC(=O)NCC(O)C[NH2+]C1(c2csc(CC(C)(C)C)n2)CC1.Fc1cccc(F)c1,0,s1cc(nc1CC(C)(C)C)C1([NH2+]CC(O)C(NC(=O)C)Cc2cc(F)cc(F)c2)CC1,0,0,0,Exmol_based,Generated using exmol-based algorithm
C=C1N(C)C(N)=NC1(c1ccccc1)c1ccc(OC)cc1,0,O(C)c1ccc(cc1)C1(N=C(N)N(C)C1=O)c1ccccc1,0,0,0,Exmol_based,Generated using exmol-based algorithm
COc1ccc(C2(c3ccccc3)N=CN(C)C2=O)cc1.N,0,O(C)c1ccc(cc1)C1(N=C(N)N(C)C1=O)c1ccccc1,0,0,0,Exmol_based,Generated using exmol-based algorithm
COc1ccc(C2(c3cccc(S)c3)N=C(N)N(C)C2=O)cc1,0,O(C)c1ccc(cc1)C1(N=C(N)N(C)C1=O)c1ccccc1,0,0,0,Exmol_based,Generated using exmol-based algorithm
CCCCS(=O)(=O)n1cc(C(=O)NC(Cc2ccccc2)C(O)C[NH2+]Cc2cccc(OC)c2)c2pcccc21,0,S(=O)(=O)(n1cc(c2c1cccc2)C(=O)NC(Cc1ccccc1)C(O)C[NH2+]Cc1cc(OC)ccc1)CCCC,0,0,0,Exmol_based,Generated using exmol-based algorithm
CCCCS(=O)(=O)n1cc(C(=O)NC(Cc2c3cccc2-3)C(O)C[NH2+]Cc2cccc(OC)c2)c2ccccc21,0,S(=O)(=O)(n1cc(c2c1cccc2)C(=O)NC(Cc1ccccc1)C(O)C[NH2+]Cc1cc(OC)ccc1)CCCC,0,0,0,Exmol_based,Generated using exmol-based algorithm
C.CCCCS(=O)(=O)n1cc(C(=O)NC(Cc2ccccc2)C(O)C[NH2+]Cc2cccc(O)c2)c2ccccc21,0,S(=O)(=O)(n1cc(c2c1cccc2)C(=O)NC(Cc1ccccc1)C(O)C[NH2+]Cc1cc(OC)ccc1)CCCC,0,0,0,Exmol_based,Generated using exmol-based algorithm
C.CCC(CC(O)C1COCc2cccc(c2)C(c2ccc(OC)cc2)NC(=O)c2cc(cc(N(C)S(C)(=O)=O)c2)C(=O)N1)C(=O)NCC(C)C,0,S(=O)(=O)(N(C)c1cc2cc(c1)C(=O)NC(COCc1cc(ccc1)C(NC2=O)c1ccc(OC)cc1)C(O)CC(C(C)C)C(=O)NCC(C)C)C,0,0,0,Exmol_based,Generated using exmol-based algorithm
COc1ccc(C2NCc3cc(cc(N(C)S(C)(=O)=O)c3)C(=O)NC(C(O)CC(C(=O)NCC(C)C)C(C)C)COCc3cccc2c3)cc1.O,0,S(=O)(=O)(N(C)c1cc2cc(c1)C(=O)NC(COCc1cc(ccc1)C(NC2=O)c1ccc(OC)cc1)C(O)CC(C(C)C)C(=O)NCC(C)C)C,0,0,0,Exmol_based,Generated using exmol-based algorithm
COc1ccc(C(N)c2cccc(COCC(NC(=O)c3cc(C=O)cc(N(C)S(C)(=O)=O)c3)C(O)CC(C(=O)NCC(C)C)C(C)C)c2)cc1,0,S(=O)(=O)(N(C)c1cc2cc(c1)C(=O)NC(COCc1cc(ccc1)C(NC2=O)c1ccc(OC)cc1)C(O)CC(C(C)C)C(=O)NCC(C)C)C,0,0,0,Exmol_based,Generated using exmol-based algorithm
C.CC(C)Oc1cccc(C[NH+]CCC2(C)CN(c3cccnc3)S(=O)(=O)N2c2cccc(F)c2)c1,0,S1(=O)(=O)N(C2(CC([NH+](CC2)Cc2cc(OC(C)C)ccc2)C)CN1c1cccnc1)c1cc(F)ccc1,0,0,0,Exmol_based,Generated using exmol-based algorithm
CC(C)Oc1cccc(C[NH+]2CCC3(CC2C)CN(c2cccnc2)S(=O)N3c2cccc(F)c2)c1.O,0,S1(=O)(=O)N(C2(CC([NH+](CC2)Cc2cc(OC(C)C)ccc2)C)CN1c1cccnc1)c1cc(F)ccc1,0,0,0,Exmol_based,Generated using exmol-based algorithm
CC(C)Oc1ccccc1.CC1CC2(CC[NH+]1C)CN(c1cccnc1)S(=O)(=O)N2c1cccc(F)c1,0,S1(=O)(=O)N(C2(CC([NH+](CC2)Cc2cc(OC(C)C)ccc2)C)CN1c1cccnc1)c1cc(F)ccc1,0,0,0,Exmol_based,Generated using exmol-based algorithm
COc1cccc(-c2cccc(C(C)N=C(N)CO)c2)c1,0,O1CC(N=C(N)C1)(C)c1cc(ccc1)-c1cc(OC)ccc1,0,0,0,Exmol_based,Generated using exmol-based algorithm
COc1cccc(-c2cccc(C3(C)COCC(O)=N3)c2)c1,0,O1CC(N=C(N)C1)(C)c1cc(ccc1)-c1cc(OC)ccc1,0,0,0,Exmol_based,Generated using exmol-based algorithm
COc1cccc(-c2cc3ccc2C2OCC3(C)N=C2N)c1,0,O1CC(N=C(N)C1)(C)c1cc(ccc1)-c1cc(OC)ccc1,0,0,0,Exmol_based,Generated using exmol-based algorithm
COC1CC(c2ccc(SC)cc2)(c2cccc(-c3cccnc3)c2)N=C1N,0,O(C)C1CC(N=C1N)(c1cc(ccc1)-c1cccnc1)c1ccc(OC)cc1,0,0,0,Exmol_based,Generated using exmol-based algorithm
COc1ccc(C2(c3cccc(-c4cccnc4)c3)N=C(N)C(OC)O2)cc1,0,O(C)C1CC(N=C1N)(c1cc(ccc1)-c1cccnc1)c1ccc(OC)cc1,0,0,0,Exmol_based,Generated using exmol-based algorithm
COc1ccc(C2(c3cccc(-c4cccnc4)c3)CC(OC)C=N2)cc1,0,O(C)C1CC(N=C1N)(c1cc(ccc1)-c1cccnc1)c1ccc(OC)cc1,0,0,0,Exmol_based,Generated using exmol-based algorithm
COC(=N)N.COc1ccc(Oc2ccc(-c3cc(Cl)c(C)cc3F)cc2)cc1,0,Clc1cc(-c2cc3c(Oc4c(cc(OC)cc4)C34N=C(OC4)N)cc2)c(F)cc1C,0,0,0,Exmol_based,Generated using exmol-based algorithm
COc1ccc2c(c1)C(COCN)c1cc(-c3cc(Cl)c(C)cc3F)ccc1O2,0,Clc1cc(-c2cc3c(Oc4c(cc(OC)cc4)C34N=C(OC4)N)cc2)c(F)cc1C,0,0,0,Exmol_based,Generated using exmol-based algorithm
COc1ccc2c(c1)C(CO)(N=CN)c1cc(-c3cc(Cl)c(C)cc3F)ccc1O2,0,Clc1cc(-c2cc3c(Oc4c(cc(OC)cc4)C34N=C(OC4)N)cc2)c(F)cc1C,0,0,0,Exmol_based,Generated using exmol-based algorithm
NC=NC1(c2cccc(NC(=O)c3ccc(Cl)cn3)c2)CCOCC1,0,Clc1ccc(nc1)C(=O)Nc1cc(ccc1)C12N=C(OC1COCC2)N,0,0,0,Exmol_based,Generated using exmol-based algorithm
N.NC1(c2cccc(NC(=O)c3ccc(Cl)cn3)c2)CCOCC1O,0,Clc1ccc(nc1)C(=O)Nc1cc(ccc1)C12N=C(OC1COCC2)N,0,0,0,Exmol_based,Generated using exmol-based algorithm
N.O=C(Nc1cccc(C23CCOCC2OC=N3)c1)c1ccc(Cl)cn1,0,Clc1ccc(nc1)C(=O)Nc1cc(ccc1)C12N=C(OC1COCC2)N,0,0,0,Exmol_based,Generated using exmol-based algorithm
COc1cccc(-c2cccc(C3CC3C3(C)CC(=O)N(C)C=N3)c2)c1.N,0,O(C)c1cc(ccc1)-c1cc(ccc1)C1CC1C1(N=C(N)N(C)C(=O)C1)C,0,0,0,Exmol_based,Generated using exmol-based algorithm
COc1cccc(-c2cccc(C3CC3C3(C#[SH])CC(=O)N(C)C(N)=N3)c2)c1,0,O(C)c1cc(ccc1)-c1cc(ccc1)C1CC1C1(N=C(N)N(C)C(=O)C1)C,0,0,0,Exmol_based,Generated using exmol-based algorithm
COc1cc(Cl)cc(-c2cccc(C3CC3C3(C)CC(=O)N(C)C(N)=N3)c2)c1,0,O(C)c1cc(ccc1)-c1cc(ccc1)C1CC1C1(N=C(N)N(C)C(=O)C1)C,0,0,0,Exmol_based,Generated using exmol-based algorithm
CC(C)(Cc1cccc(Cl)c1)N=CNC(Cc1ccccc1)c1n[nH]c(=O)[nH]1,0,Clc1cc2CC(N=C(NC(Cc3ccccc3)C=3NC(=O)NN=3)c2cc1)(C)C,0,0,0,Exmol_based,Generated using exmol-based algorithm
C.CC1Cc2cc(Cl)ccc2C(NC(Cc2ccccc2)c2n[nH]c(=O)[nH]2)=N1,0,Clc1cc2CC(N=C(NC(Cc3ccccc3)C=3NC(=O)NN=3)c2cc1)(C)C,0,0,0,Exmol_based,Generated using exmol-based algorithm
CC1Cc2cc(Cl)ccc2C(NC(Cc2ccccc2)c2n[nH]c(=O)[nH]2)=N1,0,Clc1cc2CC(N=C(NC(Cc3ccccc3)C=3NC(=O)NN=3)c2cc1)(C)C,0,0,0,Exmol_based,Generated using exmol-based algorithm
COc1ccc(C2(c3cccc(Br)c3)N=C(N)N3CC(F)CN=C32)cc1,0,Brc1cc(ccc1)C1(N=C(N2C1=NCC(F)(F)C2)N)c1ccc(OC)cc1,0,0,0,Exmol_based,Generated using exmol-based algorithm
COc1ccc(C2(c3cccc(Br)c3)N=C(N)N3CC(F)(F)C[SH]=C32)cc1,0,Brc1cc(ccc1)C1(N=C(N2C1=NCC(F)(F)C2)N)c1ccc(OC)cc1,0,0,0,Exmol_based,Generated using exmol-based algorithm
Brc1ccccc1.COc1ccccc1.N=C(N)N1C=NCC(F)(F)C1,0,Brc1cc(ccc1)C1(N=C(N2C1=NCC(F)(F)C2)N)c1ccc(OC)cc1,0,0,0,Exmol_based,Generated using exmol-based algorithm
CN1C(=O)C(c2ccccc2)(c2ccccc2)N=C1Cl,0,O=C1N(C)C(=NC1(c1ccccc1)c1ccccc1)N,0,0,0,Exmol_based,Generated using exmol-based algorithm
CN1C(=O)C(c2ccccc2)(c2ccccc2)N=S1N,0,O=C1N(C)C(=NC1(c1ccccc1)c1ccccc1)N,0,0,0,Exmol_based,Generated using exmol-based algorithm
CN1C(=O)C(c2ccccc2)(c2ccccn2)N=C1N,0,O=C1N(C)C(=NC1(c1ccccc1)c1ccccc1)N,0,0,0,Exmol_based,Generated using exmol-based algorithm
Nc1cccc(-c2ccc(-c3ccc(C(=O)NC4CCC4)cc3)n2Cc2cccc(N)n2)c1,0,O=C(NC1CCC1)c1ccc(cc1)-c1n(Cc2nc(N)ccc2)c(cc1)-c1ccccc1,0,0,0,Exmol_based,Generated using exmol-based algorithm
Nc1cccc(Cn2cccc2-c2ccc(C(=O)NC3CCC3)cc2)n1.c1ccccc1,0,O=C(NC1CCC1)c1ccc(cc1)-c1n(Cc2nc(N)ccc2)c(cc1)-c1ccccc1,0,0,0,Exmol_based,Generated using exmol-based algorithm
CCC(C)NC(=O)c1ccc(-c2ccc(-c3ccccc3)n2Cc2cccc(N)n2)cc1,0,O=C(NC1CCC1)c1ccc(cc1)-c1n(Cc2nc(N)ccc2)c(cc1)-c1ccccc1,0,0,0,Exmol_based,Generated using exmol-based algorithm
COC1=CS(C2(c3ccccc3)N=C(N)N(C)C2=O)=CC=C1,0,O(C)c1cc(ccc1)C1(N=C(N)N(C)C1=O)c1ccccc1,0,0,0,Exmol_based,Generated using exmol-based algorithm
COc1cccc(C(C(=O)N(C)CN)c2ccccc2)c1,0,O(C)c1cc(ccc1)C1(N=C(N)N(C)C1=O)c1ccccc1,0,0,0,Exmol_based,Generated using exmol-based algorithm
CN1C(=O)C(c2ccccc2)(c2cccc(O)c2)N=C1N,0,O(C)c1cc(ccc1)C1(N=C(N)N(C)C1=O)c1ccccc1,0,0,0,Exmol_based,Generated using exmol-based algorithm
Cc1ccc(N(c2ccccc2)S(C)(=O)=O)cc1C(=O)NC(Cc1ccccc1)C(O)C[NH2+]Cc1cccc(C(F)(F)F)c1,0,S(=O)(=O)(N(c1cc(C(=O)NC(Cc2ccccc2)C(O)C[NH2+]Cc2cc(ccc2)C(F)(F)F)c(cc1)C)c1ccccc1)C,0,0,0,Exmol_based,Generated using exmol-based algorithm
Cc1ccc(N(c2ccccc2)S(C)(=O)=O)cc1C(=O)NC(Cc1ccccc1)C(O)C[NH2+]Cc1ccccc1.F.F.F,0,S(=O)(=O)(N(c1cc(C(=O)NC(Cc2ccccc2)C(O)C[NH2+]Cc2cc(ccc2)C(F)(F)F)c(cc1)C)c1ccccc1)C,0,0,0,Exmol_based,Generated using exmol-based algorithm
Cc1ccc(N(c2ccccc2)S(C)(=O)=O)cc1C(N)=O.OC(CCc1ccccc1)C[NH2+]Cc1cccc(C(F)(F)F)c1,0,S(=O)(=O)(N(c1cc(C(=O)NC(Cc2ccccc2)C(O)C[NH2+]Cc2cc(ccc2)C(F)(F)F)c(cc1)C)c1ccccc1)C,0,0,0,Exmol_based,Generated using exmol-based algorithm
CC1=NC(C)(c2cccc(-c3cccc(O)c3)c2)N=C1N,0,O(C)c1cc(ccc1)-c1cc(ccc1)C1(N=C(C)C(=N1)N)C,0,0,0,Exmol_based,Generated using exmol-based algorithm
COc1cccc(-c2cccc(C3(C)N=CC(N)=N3)c2)c1,0,O(C)c1cc(ccc1)-c1cc(ccc1)C1(N=C(C)C(=N1)N)C,0,0,0,Exmol_based,Generated using exmol-based algorithm
COc1cccc(-c2cccc(C3(C)N=C(C)C(N)=N3)c2)c1,0,O(C)c1cc(ccc1)-c1cc(ccc1)C1(N=C(C)C(=N1)N)C,0,0,0,Exmol_based,Generated using exmol-based algorithm
CC(CC(O)C(COCc1cc(F)cc(F)c1)NC(=O)c1cc(C(=O)NC(C)c2ccccc2)cc(N(C)S(C)(=O)=O)c1)C(=O)NC(C(=O)NCc1ccc(F)cc1)C(C)C,0,S(=O)(=O)(N(C)c1cc(cc(c1)C(=O)NC(C(O)CC(C(=O)NC(C(C)C)C(=O)NCc1ccc(F)cc1)C)COCc1cc(F)cc(F)c1)C(=O)NC(C)c1ccccc1)C,0,0,0,Exmol_based,Generated using exmol-based algorithm
CC(C)C(N)C(=O)NCc1ccc(F)cc1.CCCC(O)C(COCc1cc(F)cc(F)c1)NC(=O)c1cc(C(=O)NC(C)c2ccccc2)cc(N(C)S(C)(=O)=O)c1.O,0,S(=O)(=O)(N(C)c1cc(cc(c1)C(=O)NC(C(O)CC(C(=O)NC(C(C)C)C(=O)NCc1ccc(F)cc1)C)COCc1cc(F)cc(F)c1)C(=O)NC(C)c1ccccc1)C,0,0,0,Exmol_based,Generated using exmol-based algorithm
CC(CCO)C(=O)NC(C(=O)NCc1ccc(F)cc1)C(C)C.CC(NC(=O)c1cc(C(=O)NCCOCc2cc(F)cc(F)c2)cc(N(C)S(C)(=O)=O)c1)c1ccccc1,0,S(=O)(=O)(N(C)c1cc(cc(c1)C(=O)NC(C(O)CC(C(=O)NC(C(C)C)C(=O)NCc1ccc(F)cc1)C)COCc1cc(F)cc(F)c1)C(=O)NC(C)c1ccccc1)C,0,0,0,Exmol_based,Generated using exmol-based algorithm
CS(=O)(=O)N(c1ccccc1)c1cccc(C(=O)NP(Cc2ccccc2)C(O)C[NH2+]Cc2cccc(C(F)(F)F)c2)n1,0,S(=O)(=O)(N(c1ccccc1)c1nc(ccc1)C(=O)NC(Cc1ccccc1)C(O)C[NH2+]Cc1cc(ccc1)C(F)(F)F)C,0,0,0,Exmol_based,Generated using exmol-based algorithm
CS(=O)(=O)[N+]([O-])(c1ccccc1)c1cccc(C(=O)NC(Cc2ccccc2)C(O)C[NH2+]Cc2cccc(C(F)(F)F)c2)n1,0,S(=O)(=O)(N(c1ccccc1)c1nc(ccc1)C(=O)NC(Cc1ccccc1)C(O)C[NH2+]Cc1cc(ccc1)C(F)(F)F)C,0,0,0,Exmol_based,Generated using exmol-based algorithm
CS(=O)(=O)N(c1ccccc1)c1cccc(C(=O)NC(Cc2ccccc2)C(O)C[NH2+]Cc2ccccc2)n1.FC(F)F,0,S(=O)(=O)(N(c1ccccc1)c1nc(ccc1)C(=O)NC(Cc1ccccc1)C(O)C[NH2+]Cc1cc(ccc1)C(F)(F)F)C,0,0,0,Exmol_based,Generated using exmol-based algorithm
CC(C)CNC(=O)C(CC(O)C(COCc1cccc(Cc2ccccc2)c1)NC(=O)c1cc(C=O)cc(N(C)S(C)(=O)=O)c1)C(C)C,0,S(=O)(=O)(N(C)c1cc2cc(c1)C(=O)NC(COCc1cc(ccc1)C(NC2=O)c1ccccc1)C(O)CC(C(C)C)C(=O)NCC(C)C)C,0,0,0,Exmol_based,Generated using exmol-based algorithm
CC(C)C.CC(C)C(CC(O)C1COCc2cccc(c2)C(c2ccccc2)NC(=O)c2cc(cc(N(C)S(C)(=O)=O)c2)C(=O)N1)C(N)=O,0,S(=O)(=O)(N(C)c1cc2cc(c1)C(=O)NC(COCc1cc(ccc1)C(NC2=O)c1ccccc1)C(O)CC(C(C)C)C(=O)NCC(C)C)C,0,0,0,Exmol_based,Generated using exmol-based algorithm
CC(CN)CNC(=O)C(CC(O)C1COCc2cccc(c2)C(c2ccccc2)NC(=O)c2cc(cc(N(C)S(C)(=O)=O)c2)C(=O)N1)C(C)C,0,S(=O)(=O)(N(C)c1cc2cc(c1)C(=O)NC(COCc1cc(ccc1)C(NC2=O)c1ccccc1)C(O)CC(C(C)C)C(=O)NCC(C)C)C,0,0,0,Exmol_based,Generated using exmol-based algorithm
CC(C)CNC(=O)[C@H](C)C[C@H](O)[C@H](CC(C)C)NC(=O)[C@H](Cc1ccc([N+](=O)[O-])cc1)NC(=O)/C=C/c1ccc(C(F)(F)F)cc1F,0,FC(F)(F)c1ccc(cc1)\C=C\C(=O)N[C@@H](Cc1ccc([N+](=O)[O-])cc1)C(=O)N[C@H]([C@@H](O)C[C@H](C(=O)NCC(C)C)C)CC(C)C,0,0,0,Exmol_based,Generated using exmol-based algorithm
CC(C)CNC(=O)[C@H](C)C[C@H](O)[C@H](CC(C)C)NC(=O)[C@H](Cc1ccc([N+](=O)[O-])cc1)NC(=O)/C=C/c1ccc(C(N)(F)F)cc1,0,FC(F)(F)c1ccc(cc1)\C=C\C(=O)N[C@@H](Cc1ccc([N+](=O)[O-])cc1)C(=O)N[C@H]([C@@H](O)C[C@H](C(=O)NCC(C)C)C)CC(C)C,0,0,0,Exmol_based,Generated using exmol-based algorithm
CC(C)C[C@H](NC(=O)[C@H](Cc1ccc([N+](=O)[O-])cc1)NC(=O)/C=C/c1ccc(C(F)(F)F)cc1)[C@@H](O)C[C@@H](C)C(=O)NCC(C)P,0,FC(F)(F)c1ccc(cc1)\C=C\C(=O)N[C@@H](Cc1ccc([N+](=O)[O-])cc1)C(=O)N[C@H]([C@@H](O)C[C@H](C(=O)NCC(C)C)C)CC(C)C,0,0,0,Exmol_based,Generated using exmol-based algorithm
COc1ccc(C(=O)N[C@@H](Cc2ccc([N+]([N-])=O)cc2)C(=O)N[C@@H](CC(C)C)[C@@H](O)C[C@@H](C)C(=O)NCC(C)C)cc1OC,0,O(C)c1cc(ccc1OC)C(=O)N[C@@H](Cc1ccc([N+](=O)[O-])cc1)C(=O)N[C@H]([C@@H](O)C[C@H](C(=O)NCC(C)C)C)CC(C)C,0,0,0,Exmol_based,Generated using exmol-based algorithm
COc1ccc(C(=O)N[C@@H](Cc2ccc([N+]=O)cc2)C(=O)N[C@@H](CC(C)C)[C@@H](O)C[C@@H](C)C(=O)NCC(C)C)cc1OC,0,O(C)c1cc(ccc1OC)C(=O)N[C@@H](Cc1ccc([N+](=O)[O-])cc1)C(=O)N[C@H]([C@@H](O)C[C@H](C(=O)NCC(C)C)C)CC(C)C,0,0,0,Exmol_based,Generated using exmol-based algorithm
CC(C)CNC(=O)[C@H](C)C[C@H](O)[C@H](CC(C)C)NC(=O)[CH]Cc1ccc([N+](=O)[O-])cc1.COc1ccc(C=O)cc1OC,0,O(C)c1cc(ccc1OC)C(=O)N[C@@H](Cc1ccc([N+](=O)[O-])cc1)C(=O)N[C@H]([C@@H](O)C[C@H](C(=O)NCC(C)C)C)CC(C)C,0,0,0,Exmol_based,Generated using exmol-based algorithm
C.NC1=N[C@@](c2ccncc2)(c2cccc(-c3cc(F)ccc3F)c2)C(=O)N1,0,Fc1ccc(F)cc1-c1cc(ccc1)[C@@]1(N=C(N)N(C)C1=O)c1ccncc1,0,0,0,Exmol_based,Generated using exmol-based algorithm
CN1C[C@](c2ccncc2)(c2cccc(-c3cc(F)ccc3F)c2)N=C1N,0,Fc1ccc(F)cc1-c1cc(ccc1)[C@@]1(N=C(N)N(C)C1=O)c1ccncc1,0,0,0,Exmol_based,Generated using exmol-based algorithm
CN(CN)C(=O)[C](c1ccncc1)c1cccc(-c2cc(F)ccc2F)c1,0,Fc1ccc(F)cc1-c1cc(ccc1)[C@@]1(N=C(N)N(C)C1=O)c1ccncc1,0,0,0,Exmol_based,Generated using exmol-based algorithm
COc1ccc2c(c1)C1(COC=N1)c1cc(-c3ccncc3)ccc1O2,0,O1CC2(N=C1N)c1cc(ccc1Oc1c2cc(OC)cc1)-c1ccncc1,0,0,0,Exmol_based,Generated using exmol-based algorithm
COc1ccc2c(c1)C(N=C(N)O)c1cc(-c3ccncc3)ccc1O2,0,O1CC2(N=C1N)c1cc(ccc1Oc1c2cc(OC)cc1)-c1ccncc1,0,0,0,Exmol_based,Generated using exmol-based algorithm
COc1cccc(C2(c3cc(-c4ccncc4)ccc3O)COC(N)=N2)c1,0,O1CC2(N=C1N)c1cc(ccc1Oc1c2cc(OC)cc1)-c1ccncc1,0,0,0,Exmol_based,Generated using exmol-based algorithm
C.CCCCNC(=O)C(C)CC(O)C(CC(C)C)NC(=O)C(CC)NC(=O)C(C)NC(C)=O,0,S(CCC(NC(=O)C(NC(=O)C)C)C(=O)NC(C(O)CC(C(=O)NCCCC)C)CC(C)C)C,0,0,0,Exmol_based,Generated using exmol-based algorithm
CCCCNC(=O)C(C)CC(O)C(CC(C)C)NC(=O)C1NC(=O)C(C)NC(=O)C=C1CSC,0,S(CCC(NC(=O)C(NC(=O)C)C)C(=O)NC(C(O)CC(C(=O)NCCCC)C)CC(C)C)C,0,0,0,Exmol_based,Generated using exmol-based algorithm
CCCCNC(=O)C(C)CCC(CC(C)C)NC(=O)C(CCSC)NC(=O)C(C)NC(C)=O.O,0,S(CCC(NC(=O)C(NC(=O)C)C)C(=O)NC(C(O)CC(C(=O)NCCCC)C)CC(C)C)C,0,0,0,Exmol_based,Generated using exmol-based algorithm
CC(=O)NCC(O)C[NH2+]C1(c2cccc(C3COCCO3)c2)CC1.Cc1cc(F)cc(F)c1,0,Fc1cc(cc(F)c1)CC(NC(=O)C)C(O)C[NH2+]C1(CC1)c1cc(ccc1)C1OCCOC1,0,0,0,Exmol_based,Generated using exmol-based algorithm
CC(=O)NC(Cc1cc(F)cc(Cl)c1)C(O)C[NH2+]C1(c2cccc(C3COCCO3)c2)CC1,0,Fc1cc(cc(F)c1)CC(NC(=O)C)C(O)C[NH2+]C1(CC1)c1cc(ccc1)C1OCCOC1,0,0,0,Exmol_based,Generated using exmol-based algorithm
CC(=O)NC(CC[NH2+]C1(c2cccc(C3COCCO3)c2)CC1)Cc1cc(F)cc(F)c1,0,Fc1cc(cc(F)c1)CC(NC(=O)C)C(O)C[NH2+]C1(CC1)c1cc(ccc1)C1OCCOC1,0,0,0,Exmol_based,Generated using exmol-based algorithm
CS(=O)(=O)c1ccc(-c2ccccc2C2C[NH2+]CC2C(=O)N2CC3OC3C2c2ccccc2)cc1,0,S(=O)(=O)(C)c1ccc(cc1)-c1ccccc1C1C[NH2+]CC1C(=O)N1CCOCC1c1ccccc1,0,0,0,Exmol_based,Generated using exmol-based algorithm
C[SH](=O)=O.O=C(C1C[NH2+]CC1c1ccccc1-c1ccccc1)N1CCOCC1c1ccccc1,0,S(=O)(=O)(C)c1ccc(cc1)-c1ccccc1C1C[NH2+]CC1C(=O)N1CCOCC1c1ccccc1,0,0,0,Exmol_based,Generated using exmol-based algorithm
CS(=O)(=O)c1ccc(-c2ccccc2)cc1.O=C(C1CC[NH2+]C1)N1CCOCC1c1ccccc1,0,S(=O)(=O)(C)c1ccc(cc1)-c1ccccc1C1C[NH2+]CC1C(=O)N1CCOCC1c1ccccc1,0,0,0,Exmol_based,Generated using exmol-based algorithm
O=C(C1C[NH2+]CC12C=CC=CC=CCCC2)N1CCC(c2ccccc2)CC1,0,O=C(N1CCC(CC1)c1ccccc1)C1C[NH2+]CC12CCCc1c2cccc1,0,0,0,Exmol_based,Generated using exmol-based algorithm
CC(CCN(C)C(=O)C1C[NH2+]CC12CCCc1ccccc12)c1ccccc1,0,O=C(N1CCC(CC1)c1ccccc1)C1C[NH2+]CC12CCCc1c2cccc1,0,0,0,Exmol_based,Generated using exmol-based algorithm
CC(CCN(C)C(=O)C1C[NH2+]CC12CCCc1ccccc12)c1ccccc1,0,O=C(N1CCC(CC1)c1ccccc1)C1C[NH2+]CC12CCCc1c2cccc1,0,0,0,Exmol_based,Generated using exmol-based algorithm
CC(C)Oc1cccc(C[NH+]2CCC3(CC2C)NN(c2ccncc2)S(=O)(=O)N3c2cccc(F)c2)c1,0,S1(=O)(=O)N(C2(CC([NH+](CC2)Cc2cc(OC(C)C)ccc2)C)CN1c1ccncc1)c1cc(F)ccc1,0,0,0,Exmol_based,Generated using exmol-based algorithm
CC(C)Oc1cccc(C[NH+]2CCC3(CC2C)CN(c2ccncc2)S(=O)N3c2cccc(F)c2)c1,0,S1(=O)(=O)N(C2(CC([NH+](CC2)Cc2cc(OC(C)C)ccc2)C)CN1c1ccncc1)c1cc(F)ccc1,0,0,0,Exmol_based,Generated using exmol-based algorithm
CC(C)Oc1cccc(C[NH+]2CCC3(CC2C)CN(c2ccncc2)S(=O)(=O)N3c2cccc(F)c2)c1F,0,S1(=O)(=O)N(C2(CC([NH+](CC2)Cc2cc(OC(C)C)ccc2)C)CN1c1ccncc1)c1cc(F)ccc1,0,0,0,Exmol_based,Generated using exmol-based algorithm
CC1(c2cccc(-c3cncc(F)c3)c2)N=C(N)C2C3=C(CC3)N21,0,Fc1cc(cnc1)-c1cc(ccc1)C1(N=C(N)C2N1CCCC2)C,0,0,0,Exmol_based,Generated using exmol-based algorithm
NC1=NC(Br)(c2cccc(-c3cncc(F)c3)c2)N2CCCCC12,0,Fc1cc(cnc1)-c1cc(ccc1)C1(N=C(N)C2N1CCCC2)C,0,0,0,Exmol_based,Generated using exmol-based algorithm
CC12N=C(N)C3CC(CCN31)c1ccc2cc1-c1cncc(F)c1,0,Fc1cc(cnc1)-c1cc(ccc1)C1(N=C(N)C2N1CCCC2)C,0,0,0,Exmol_based,Generated using exmol-based algorithm
N=C(N)SCC1CCc2ccc(NC(=O)c3ccc(Cl)cn3)cc21,0,Clc1ccc(nc1)C(=O)Nc1cc2c(CCC23N=C(SC3)N)cc1,0,0,0,Exmol_based,Generated using exmol-based algorithm
N=C(N)SCC1CCc2ccc(NC(=O)c3ccc(Cl)cn3)cc21,0,Clc1ccc(nc1)C(=O)Nc1cc2c(CCC23N=C(SC3)N)cc1,0,0,0,Exmol_based,Generated using exmol-based algorithm
NC1=NC2(CCc3ccc(NC(=O)c4ccc(Cl)cn4)cc32)CS1,0,Clc1ccc(nc1)C(=O)Nc1cc2c(CCC23N=C(SC3)N)cc1,0,0,0,Exmol_based,Generated using exmol-based algorithm
CN1C(=O)CC(C)(C2CC2c2cccc(CCc3ccccc3)c2)N=C1F,0,O=C1N(C)C(=NC(C1)(C)C1CC1c1cc(ccc1)CCc1ccccc1)N,0,0,0,Exmol_based,Generated using exmol-based algorithm
CN1C(=O)CC(C)(C2CC2)N=C1N.c1ccc(CCc2ccccc2)cc1,0,O=C1N(C)C(=NC(C1)(C)C1CC1c1cc(ccc1)CCc1ccccc1)N,0,0,0,Exmol_based,Generated using exmol-based algorithm
CN1C(=O)CC(C)(C2CC2c2cccc(CCc3ccccc3)c2)N=C1P,0,O=C1N(C)C(=NC(C1)(C)C1CC1c1cc(ccc1)CCc1ccccc1)N,0,0,0,Exmol_based,Generated using exmol-based algorithm
CC(=O)NC(Cc1cc(F)cc(F)c1)C(O)C[NH2+].CC(C)c1ccc(C2CCCCC2)s1,0,s1c(ccc1C(C)C)C1([NH2+]CC(O)C(NC(=O)C)Cc2cc(F)cc(F)c2)CCCCC1,0,0,0,Exmol_based,Generated using exmol-based algorithm
CC(=O)NC(CO)Cc1cc(F)cc(F)c1.CC(C)c1ccc(C2([NH2+])CCCCC2)s1,0,s1c(ccc1C(C)C)C1([NH2+]CC(O)C(NC(=O)C)Cc2cc(F)cc(F)c2)CCCCC1,0,0,0,Exmol_based,Generated using exmol-based algorithm
CC(=O)NC(Cc1cc(F)cc(F)c1)N(O)C[NH2+]C1(c2ccc(C(C)C)s2)CCCCC1,0,s1c(ccc1C(C)C)C1([NH2+]CC(O)C(NC(=O)C)Cc2cc(F)cc(F)c2)CCCCC1,0,0,0,Exmol_based,Generated using exmol-based algorithm
CC(=O)NC(C)(C)C1CCCCC1.CC(C)c1cccc(C[NH2+]CC(O)C(Cc2ccccc2)NC=O)c1,0,OC(C(NC(=O)C1CC(CCC1)C(NC(=O)C)(C)C)Cc1ccccc1)C[NH2+]Cc1cc(ccc1)C(C)C,0,0,0,Exmol_based,Generated using exmol-based algorithm
CC(=O)NC(C)(C)C(C)CC(C)C(=O)NC(Cc1ccccc1)C(O)C[NH2+]Cc1cccc(C(C)C)c1,0,OC(C(NC(=O)C1CC(CCC1)C(NC(=O)C)(C)C)Cc1ccccc1)C[NH2+]Cc1cc(ccc1)C(C)C,0,0,0,Exmol_based,Generated using exmol-based algorithm
CC(=O)NC(C)(S)C1CCCC(C(=O)NC(Cc2ccccc2)C(O)C[NH2+]Cc2cccc(C(C)C)c2)C1,0,OC(C(NC(=O)C1CC(CCC1)C(NC(=O)C)(C)C)Cc1ccccc1)C[NH2+]Cc1cc(ccc1)C(C)C,0,0,0,Exmol_based,Generated using exmol-based algorithm
O=S1(=O)CC(Cc2ccc(O)c(Br)c2)C(O)C([NH2+]Cc2cccc(Cl)c2)C1,0,Brc1cc(ccc1O)CC1CS(=O)(=O)CC([NH2+]Cc2cc(Cl)cc(Cl)c2)C1O,0,0,0,Exmol_based,Generated using exmol-based algorithm
Br.O=S1(=O)CC(Cc2ccc(O)cc2)C(O)C([NH2+]Cc2cc(Cl)cc(Cl)c2)C1,0,Brc1cc(ccc1O)CC1CS(=O)(=O)CC([NH2+]Cc2cc(Cl)cc(Cl)c2)C1O,0,0,0,Exmol_based,Generated using exmol-based algorithm
Cc1cc(CC2CS(=O)(=O)CC([NH2+]Cc3cc(Cl)cc(Cl)c3)C2O)cc(Br)c1O,0,Brc1cc(ccc1O)CC1CS(=O)(=O)CC([NH2+]Cc2cc(Cl)cc(Cl)c2)C1O,0,0,0,Exmol_based,Generated using exmol-based algorithm
C.Cn1c(N)nc(CCc2cccc(-c3cccc(O)c3)c2)cc1=O,0,O(C)c1cc(ccc1)-c1cc(ccc1)CCC=1N=C(N)N(C)C(=O)C=1,0,0,0,Exmol_based,Generated using exmol-based algorithm
COc1cccc(-c2cccc(CCc3cc(=O)n(C)cn3)c2)c1,0,O(C)c1cc(ccc1)-c1cc(ccc1)CCC=1N=C(N)N(C)C(=O)C=1,0,0,0,Exmol_based,Generated using exmol-based algorithm
COc1cccc2c1-c1ccc(CCc3cc(=O)n(C)c(N)n3)cc1-2,0,O(C)c1cc(ccc1)-c1cc(ccc1)CCC=1N=C(N)N(C)C(=O)C=1,0,0,0,Exmol_based,Generated using exmol-based algorithm
CC(C)CNC(=O)[C@H](C)C[C@H](O)[C@H](CC(C)C)NC(=O)[C@@H](NC(=O)c1ccc(Cl)cc1Cl)Pc1ccc([N+](=O)[O-])cc1,0,Clc1cc(Cl)ccc1C(=O)N[C@@H](Cc1ccc([N+](=O)[O-])cc1)C(=O)N[C@H]([C@@H](O)C[C@H](C(=O)NCC(C)C)C)CC(C)C,0,0,0,Exmol_based,Generated using exmol-based algorithm
CC(C)CNC(=O)[C@H](C)C[C@H](O)[C@H](CC(C)C)OC(=O)[C@H](Cc1ccc([N+](=O)[O-])cc1)NC(=O)c1ccc(Cl)cc1Cl,0,Clc1cc(Cl)ccc1C(=O)N[C@@H](Cc1ccc([N+](=O)[O-])cc1)C(=O)N[C@H]([C@@H](O)C[C@H](C(=O)NCC(C)C)C)CC(C)C,0,0,0,Exmol_based,Generated using exmol-based algorithm
C.C.CNC(=O)[C@H](C)C[C@H](O)[C@H](CC(C)C)NC(=O)[C@H](Cc1ccc([N+](=O)[O-])cc1)NC(=O)c1ccc(Cl)cc1Cl,0,Clc1cc(Cl)ccc1C(=O)N[C@@H](Cc1ccc([N+](=O)[O-])cc1)C(=O)N[C@H]([C@@H](O)C[C@H](C(=O)NCC(C)C)C)CC(C)C,0,0,0,Exmol_based,Generated using exmol-based algorithm
CC(C)c1ccnc(C[NH2+]C2CS(=O)(=O)CC(Cc3ccc(O)c(Br)c3)C2O)c1,0,Brc1cc(ccc1O)CC1CS(=O)(=O)CC([NH2+]Cc2nccc(c2)C(C)C)C1O,0,0,0,Exmol_based,Generated using exmol-based algorithm
CC(C)c1ccnc(C[NH2+]C2CS(=O)(=O)CC(C)C2O)c1.Oc1ccccc1Br,0,Brc1cc(ccc1O)CC1CS(=O)(=O)CC([NH2+]Cc2nccc(c2)C(C)C)C1O,0,0,0,Exmol_based,Generated using exmol-based algorithm
CC(C)c1ccnc(C[NH2+]C2CS(=O)(=O)CCC2O)c1.Oc1ccccc1Br,0,Brc1cc(ccc1O)CC1CS(=O)(=O)CC([NH2+]Cc2nccc(c2)C(C)C)C1O,0,0,0,Exmol_based,Generated using exmol-based algorithm
C#Cc1csc(C2([NH2+]CC(O)C(Cc3cc(F)pc(F)c3)NC(C)=O)CCCCC2)c1,0,s1cc(cc1C1([NH2+]CC(O)C(NC(=O)C)Cc2cc(F)cc(F)c2)CCCCC1)C#C,0,0,0,Exmol_based,Generated using exmol-based algorithm
C#Cc1csc(C(CC)(CC)[NH2+]CC(O)C(Cc2cc(F)cc(F)c2)NC(C)=O)c1,0,s1cc(cc1C1([NH2+]CC(O)C(NC(=O)C)Cc2cc(F)cc(F)c2)CCCCC1)C#C,0,0,0,Exmol_based,Generated using exmol-based algorithm
C#Cc1csc(C(CCCC)[NH2+]CC(O)C(Cc2cc(F)cc(F)c2)NC(C)=O)c1,0,s1cc(cc1C1([NH2+]CC(O)C(NC(=O)C)Cc2cc(F)cc(F)c2)CCCCC1)C#C,0,0,0,Exmol_based,Generated using exmol-based algorithm
CC(=O)NC(Cc1cc(F)cc(F)c1)C(O)C[NH2+]C12CCCC(=CC(C)(C)c3cc1on3)C2,0,Fc1cc(cc(F)c1)CC(NC(=O)C)C(O)C[NH2+]C1(CCCCC1)c1onc(c1)C(C)(C)C,0,0,0,Exmol_based,Generated using exmol-based algorithm
C.C.C.CC(=O)NC(Cc1cc(F)cc(F)c1)C(O)C[NH2+]C1(c2ccno2)CCCCC1,0,Fc1cc(cc(F)c1)CC(NC(=O)C)C(O)C[NH2+]C1(CCCCC1)c1onc(c1)C(C)(C)C,0,0,0,Exmol_based,Generated using exmol-based algorithm
CCCC(CC)([NH2+]CC(O)C(Cc1cc(F)cc(F)c1)NC(C)=O)c1cc(C(C)(C)C)no1,0,Fc1cc(cc(F)c1)CC(NC(=O)C)C(O)C[NH2+]C1(CCCCC1)c1onc(c1)C(C)(C)C,0,0,0,Exmol_based,Generated using exmol-based algorithm
C.O.O.O=C(NC(Cc1ccccc1)C(O)C[NH2+]Cc1cccc(C(F)(F)F)c1)c1cc(Nc2ccccc2)ccn1,0,S(=O)(=O)(N(c1cc(ncc1)C(=O)NC(Cc1ccccc1)C(O)C[NH2+]Cc1cc(ccc1)C(F)(F)F)c1ccccc1)C,0,0,0,Exmol_based,Generated using exmol-based algorithm
CS(=O)(=O)N(c1ccnc(C(=O)NC(Cc2ccccc2)C(O)C[NH2+]Cc2cccc(C(F)(F)F)c2)c1)c1ccccn1,0,S(=O)(=O)(N(c1cc(ncc1)C(=O)NC(Cc1ccccc1)C(O)C[NH2+]Cc1cc(ccc1)C(F)(F)F)c1ccccc1)C,0,0,0,Exmol_based,Generated using exmol-based algorithm
CS(=O)(=O)N(c1ccccc1)c1ccnc(C(=O)NC(Pc2ccccc2)C(O)C[NH2+]Cc2cccc(C(F)(F)F)c2)c1,0,S(=O)(=O)(N(c1cc(ncc1)C(=O)NC(Cc1ccccc1)C(O)C[NH2+]Cc1cc(ccc1)C(F)(F)F)c1ccccc1)C,0,0,0,Exmol_based,Generated using exmol-based algorithm
CC(C)C[CH][C@@H](O)C[C@@H](C)C(=O)NCC(C)C.NC(=O)[C@H](Cc1ccccc1)NC(=O)c1cccc2ccccc12,0,O=C(N[C@@H](Cc1ccccc1)C(=O)N[C@H]([C@@H](O)C[C@H](C(=O)NCC(C)C)C)CC(C)C)c1c2c(ccc1)cccc2,0,0,0,Exmol_based,Generated using exmol-based algorithm
CC(C)CNC(=O)[C@H](C)C[C@H](O)[C@H](CC(C)C)NC(=O)[C@H](Cc1ccccc1)NC(=O)c1cccc2ccccc12,0,O=C(N[C@@H](Cc1ccccc1)C(=O)N[C@H]([C@@H](O)C[C@H](C(=O)NCC(C)C)C)CC(C)C)c1c2c(ccc1)cccc2,0,0,0,Exmol_based,Generated using exmol-based algorithm
CC(C)C[C@H](NC(=O)[C@H](Cc1ccccc1)NC(=O)c1cccc2ccccc12)[C@@H]1C[C@@H](C)C(=O)NCC(C)CO1,0,O=C(N[C@@H](Cc1ccccc1)C(=O)N[C@H]([C@@H](O)C[C@H](C(=O)NCC(C)C)C)CC(C)C)c1c2c(ccc1)cccc2,0,0,0,Exmol_based,Generated using exmol-based algorithm
CC(=N)NC(Cc1cc(F)cc(F)c1)C(O)C[NH2+]C1(c2cccc(C(C)(C)C)c2)CC[NH2+]CC1,0,Fc1cc(cc(F)c1)CC(NC(=O)C)C(O)C[NH2+]C1(CC[NH2+]CC1)c1cc(ccc1)C(C)(C)C,0,0,0,Exmol_based,Generated using exmol-based algorithm
C.CC(C)(C)c1cccc(C2([NH2+]CC(O)C(Cc3cc(F)cc(F)c3)NC=O)CC[NH2+]CC2)c1,0,Fc1cc(cc(F)c1)CC(NC(=O)C)C(O)C[NH2+]C1(CC[NH2+]CC1)c1cc(ccc1)C(C)(C)C,0,0,0,Exmol_based,Generated using exmol-based algorithm
CC[NH2+]CCC([NH2+]CC(O)C(Cc1cc(F)cc(F)c1)NC(C)=O)c1cccc(C(C)(C)C)c1,0,Fc1cc(cc(F)c1)CC(NC(=O)C)C(O)C[NH2+]C1(CC[NH2+]CC1)c1cc(ccc1)C(C)(C)C,0,0,0,Exmol_based,Generated using exmol-based algorithm
COc1ccc2c(c1)C1(COC(N)=N1)c1cc(-c3ccccc3Cl)c(N)cc1O2,0,Clc1ccccc1-c1cc2c(Oc3c(cc(OC)cc3)C23N=C(OC3)N)cc1,0,0,0,Exmol_based,Generated using exmol-based algorithm
COc1ccc2c(c1)C1(COC(N)=N1)c1ccccc1O2.Clc1ccccc1,0,Clc1ccccc1-c1cc2c(Oc3c(cc(OC)cc3)C23N=C(OC3)N)cc1,0,0,0,Exmol_based,Generated using exmol-based algorithm
COC(N)=NC1c2cc(OC)ccc2Oc2ccc(-c3ccccc3Cl)cc21,0,Clc1ccccc1-c1cc2c(Oc3c(cc(OC)cc3)C23N=C(OC3)N)cc1,0,0,0,Exmol_based,Generated using exmol-based algorithm
CC(=O)NC(Cc1cccc(F)c1)C(O)C[NH2+]C1(c2ncc(C(C)(C)C)o2)CC1.F,0,Fc1cc(cc(F)c1)CC(NC(=O)C)C(O)C[NH2+]C1(CC1)c1oc(cn1)C(C)(C)C,0,0,0,Exmol_based,Generated using exmol-based algorithm
CCNC(Cc1cc(F)cc(F)c1)C(O)C[NH2+]C1(c2ncc(C(C)(C)C)o2)CC1,0,Fc1cc(cc(F)c1)CC(NC(=O)C)C(O)C[NH2+]C1(CC1)c1oc(cn1)C(C)(C)C,0,0,0,Exmol_based,Generated using exmol-based algorithm
CCNC(Cc1cc(F)cc(F)c1)C(O)C[NH2+]C1(c2ncc(C(C)(C)C)o2)CC1.O,0,Fc1cc(cc(F)c1)CC(NC(=O)C)C(O)C[NH2+]C1(CC1)c1oc(cn1)C(C)(C)C,0,0,0,Exmol_based,Generated using exmol-based algorithm
Cc1cc2cc(c1)C(=O)NC(C(O)C[NH2+]Cc1cccc(C(C)C)c1)COC/C=C/C[C@@H](c1ccccc1)NC2,0,O1CC(NC(=O)c2cc(cc(c2)C(=O)N[C@@H](C\C=C\C1)c1ccccc1)C)C(O)C[NH2+]Cc1cc(ccc1)C(C)C,0,0,0,Exmol_based,Generated using exmol-based algorithm
Cc1cc2cc(c1)C(=O)NC1(C(O)C[NH2+]Cc3cccc(C(C)C)c3)COCC=CC1[C@@H](c1ccccc1)NC2=O,0,O1CC(NC(=O)c2cc(cc(c2)C(=O)N[C@@H](C\C=C\C1)c1ccccc1)C)C(O)C[NH2+]Cc1cc(ccc1)C(C)C,0,0,0,Exmol_based,Generated using exmol-based algorithm
Cc1cccc(C(=O)N[C@@H](C/C=C/COCC(N)C(O)C[NH2+]Cc2cccc(C(C)C)c2)c2ccccc2)c1.O,0,O1CC(NC(=O)c2cc(cc(c2)C(=O)N[C@@H](C\C=C\C1)c1ccccc1)C)C(O)C[NH2+]Cc1cc(ccc1)C(C)C,0,0,0,Exmol_based,Generated using exmol-based algorithm
CCCCNC(=O)NCc1ccc(CN2C(=N)PC(C)(CC3CCCCC3)C2=O)cc1,0,O=C1N(Cc2ccc(cc2)CNC(=O)NCCCC)C(NC1(CC1CCCCC1)C)=N,0,0,0,Exmol_based,Generated using exmol-based algorithm
C.CCCNC(=O)NCc1ccc(CN2C(=N)NC(C)(CC3CCCCC3)C2=O)cc1,0,O=C1N(Cc2ccc(cc2)CNC(=O)NCCCC)C(NC1(CC1CCCCC1)C)=N,0,0,0,Exmol_based,Generated using exmol-based algorithm
CCCCNC(=O)N1Cc2ccc(cc2)CN2C(=N)NC(C)(C2=O)C1C1CCCCC1,0,O=C1N(Cc2ccc(cc2)CNC(=O)NCCCC)C(NC1(CC1CCCCC1)C)=N,0,0,0,Exmol_based,Generated using exmol-based algorithm
COc1ccc2c(c1)C(C)(N=CN)c1cc(-c3ccc(OC(F)(F)F)cc3)ccc1O2,0,FC(F)(F)Oc1ccc(cc1)-c1cc2c(Oc3c(cc(OC)cc3)C23N=C(OC3)N)cc1,0,0,0,Exmol_based,Generated using exmol-based algorithm
C.NC1=NC2(CO1)c1ccccc1Oc1ccc(-c3ccc(OC(F)(F)F)cc3)cc12,0,FC(F)(F)Oc1ccc(cc1)-c1cc2c(Oc3c(cc(OC)cc3)C23N=C(OC3)N)cc1,0,0,0,Exmol_based,Generated using exmol-based algorithm
COc1ccc2c(c1)C(C)(N=CN)c1cc(-c3ccc(OC(F)(F)F)cc3)ccc1O2,0,FC(F)(F)Oc1ccc(cc1)-c1cc2c(Oc3c(cc(OC)cc3)C23N=C(OC3)N)cc1,0,0,0,Exmol_based,Generated using exmol-based algorithm
Nc1cccc(Cn2c(-c3ccccc3)ccc2-c2ccccn2)n1,0,n1c(cccc1N)Cn1c(ccc1-c1ccccc1)-c1ccccc1,0,0,0,Exmol_based,Generated using exmol-based algorithm
c1ccc(-c2ccc3n2Cc2cccc(n2)Nc2ccc-3cc2)cc1,0,n1c(cccc1N)Cn1c(ccc1-c1ccccc1)-c1ccccc1,0,0,0,Exmol_based,Generated using exmol-based algorithm
c1ccc(-c2ccc(-c3ccccc3)n2C2Nc3cccc2n3)cc1,0,n1c(cccc1N)Cn1c(ccc1-c1ccccc1)-c1ccccc1,0,0,0,Exmol_based,Generated using exmol-based algorithm
Cc1ccccc1-c1ccc2nc(N)c(CCC(=O)N(C)C3CCCOC3)cc2c1,0,O=C(N(C)C1CCCCC1)CCc1cc2cc(ccc2nc1N)-c1ccccc1C,0,0,0,Exmol_based,Generated using exmol-based algorithm
Cc1cccc2c1-c1ccc3nc(N)c(cc3c1)CCC(=O)N(C)C1CCCC2C1,0,O=C(N(C)C1CCCCC1)CCc1cc2cc(ccc2nc1N)-c1ccccc1C,0,0,0,Exmol_based,Generated using exmol-based algorithm
Cc1ccccc1-c1ccc2nc(N)c(CCC(=O)N(C#[SH])C3CCCCC3)cc2c1,0,O=C(N(C)C1CCCCC1)CCc1cc2cc(ccc2nc1N)-c1ccccc1C,0,0,0,Exmol_based,Generated using exmol-based algorithm
CC=O.OC(CCc1ccccc1)C[NH2+]C1CC2(CCC2)Oc2ncccc21,0,O1c2ncccc2C([NH2+]CC(O)C(NC(=O)C)Cc2ccccc2)CC12CCC2,0,0,0,Exmol_based,Generated using exmol-based algorithm
CCCC1CC([NH2+]CC(O)C(Cc2ccccc2)NC(C)=O)c2cccnc2O1,0,O1c2ncccc2C([NH2+]CC(O)C(NC(=O)C)Cc2ccccc2)CC12CCC2,0,0,0,Exmol_based,Generated using exmol-based algorithm
NC(=O)NC(Cc1ccccc1)C(O)C[NH2+]C1CC2(CCC2)Oc2ncccc21,0,O1c2ncccc2C([NH2+]CC(O)C(NC(=O)C)Cc2ccccc2)CC12CCC2,0,0,0,Exmol_based,Generated using exmol-based algorithm
NC1=[NH+][C@](c2ccccc2)(c2cccc(Cc3ccccc3)c2)C2=NCCCN21,0,[NH+]=1[C@@](C=2N(CCCN=2)C=1N)(c1cc(ccc1)Cc1ccccc1)c1ccccc1,0,0,0,Exmol_based,Generated using exmol-based algorithm
C1=[NH+][C@](c2ccccc2)(c2cccc(Cc3ccccc3)c2)C2=NCCCN12,0,[NH+]=1[C@@](C=2N(CCCN=2)C=1N)(c1cc(ccc1)Cc1ccccc1)c1ccccc1,0,0,0,Exmol_based,Generated using exmol-based algorithm
NC(=[NH+][C](c1ccccc1)c1cccc(Cc2ccccc2)c1)N1C=NCCC1,0,[NH+]=1[C@@](C=2N(CCCN=2)C=1N)(c1cc(ccc1)Cc1ccccc1)c1ccccc1,0,0,0,Exmol_based,Generated using exmol-based algorithm
CCC(=O)NC1CCCCC1.[NH2+]CC(O)C(Cc1ccccc1)NC(=O)c1cccc(N2CCCC2=O)c1,0,O=C1N(CCC1)c1cc(ccc1)C(=O)NC(Cc1ccccc1)C(O)C[NH2+]C(C(=O)NC1CCCCC1)C,0,0,0,Exmol_based,Generated using exmol-based algorithm
CCCC(CC)NC(=O)C(C)[NH2+]CC(O)C(Cc1ccccc1)NC(=O)c1cccc(N2CCCC2=O)c1,0,O=C1N(CCC1)c1cc(ccc1)C(=O)NC(Cc1ccccc1)C(O)C[NH2+]C(C(=O)NC1CCCCC1)C,0,0,0,Exmol_based,Generated using exmol-based algorithm
CC([NH2+]C[SH](O)C(Cc1ccccc1)NC(=O)c1cccc(N2CCCC2=O)c1)C(=O)NC1CCCCC1,0,O=C1N(CCC1)c1cc(ccc1)C(=O)NC(Cc1ccccc1)C(O)C[NH2+]C(C(=O)NC1CCCCC1)C,0,0,0,Exmol_based,Generated using exmol-based algorithm
CN(c1cc(C=O)cc(C(=O)NCCCCCOCCC(O)C[NH2+]Cc2ccccc2)c1)S(C)(=O)=O,0,S(=O)(=O)(N(C)c1cc2cc(c1)C(=O)NCCCCCOCC(NC2=O)C(O)C[NH2+]Cc1ccccc1)C,0,0,0,Exmol_based,Generated using exmol-based algorithm
CS(=O)(=O)Nc1cc2cc(c1)C(=O)NC(C(O)C[NH2+]Cc1ccccc1)COCCCCCNC2=O,0,S(=O)(=O)(N(C)c1cc2cc(c1)C(=O)NCCCCCOCC(NC2=O)C(O)C[NH2+]Cc1ccccc1)C,0,0,0,Exmol_based,Generated using exmol-based algorithm
CCCNC(=O)c1cc(C(=O)NC(COCC)C(O)C[NH2+]Cc2ccccc2)cc(N(C)S(C)(=O)=O)c1,0,S(=O)(=O)(N(C)c1cc2cc(c1)C(=O)NCCCCCOCC(NC2=O)C(O)C[NH2+]Cc1ccccc1)C,0,0,0,Exmol_based,Generated using exmol-based algorithm
CCc1ccc2c(c1)CC(C)(C)N=C2NC(Cc1ccccc1)C(=O)[O-],0,O=C([O-])C(NC1=NC(Cc2c1ccc(c2)C)(C)C)Cc1ccccc1,0,0,0,Exmol_based,Generated using exmol-based algorithm
Cc1ccc2c(c1)CC(C)(C)N=C2NCCc1ccccc1.O.[O-],0,O=C([O-])C(NC1=NC(Cc2c1ccc(c2)C)(C)C)Cc1ccccc1,0,0,0,Exmol_based,Generated using exmol-based algorithm
Cc1ccc2c(c1)CC(C)(C)N=C2NC(Cc1ccccc1)C(=O)[O-],0,O=C([O-])C(NC1=NC(Cc2c1ccc(c2)C)(C)C)Cc1ccccc1,0,0,0,Exmol_based,Generated using exmol-based algorithm
C=CC([NH2+]CC(O)C(Cc1ccccc1)NC(=O)c1cccc(NS(=O)(=O)Cc2ccccc2)c1)C(=O)NC1CCCCC1,0,S(=O)(=O)(Nc1cc(ccc1)C(=O)NC(Cc1ccccc1)C(O)C[NH2+]C(C(=O)NC1CCCCC1)C)Cc1ccccc1,0,0,0,Exmol_based,Generated using exmol-based algorithm
CC([NH2+]CC(O)C(Cc1ccccc1)NC(=O)c1cccc(NS(=O)(=O)Cc2c3cccc2-3)c1)C(=O)NC1CCCCC1,0,S(=O)(=O)(Nc1cc(ccc1)C(=O)NC(Cc1ccccc1)C(O)C[NH2+]C(C(=O)NC1CCCCC1)C)Cc1ccccc1,0,0,0,Exmol_based,Generated using exmol-based algorithm
CC(C=O)[NH2+]CC(O)C(Cc1ccccc1)NC(=O)c1cccc(NS(=O)(=O)Cc2ccccc2)c1.NC1CCCCC1,0,S(=O)(=O)(Nc1cc(ccc1)C(=O)NC(Cc1ccccc1)C(O)C[NH2+]C(C(=O)NC1CCCCC1)C)Cc1ccccc1,0,0,0,Exmol_based,Generated using exmol-based algorithm
COc1ccc(C(Cc2cc([N+](=O)[O-])ccc2OC)c2nc(N)[nH]c2Cl)cc1,0,O(C)c1ccc([N+](=O)[O-])cc1CC(c1ccc(OC)cc1)c1nc([nH]c1)N,0,0,0,Exmol_based,Generated using exmol-based algorithm
COc1ccc(C(Cc2cc([N+](=O)[O-])ccc2OC)c2c[nH]c(N)n2)c(Cl)c1,0,O(C)c1ccc([N+](=O)[O-])cc1CC(c1ccc(OC)cc1)c1nc([nH]c1)N,0,0,0,Exmol_based,Generated using exmol-based algorithm
COc1ccc(C(Cc2cc([N+](=O)[O-])c(Br)cc2OC)c2c[nH]c(N)n2)cc1,0,O(C)c1ccc([N+](=O)[O-])cc1CC(c1ccc(OC)cc1)c1nc([nH]c1)N,0,0,0,Exmol_based,Generated using exmol-based algorithm
CC(NC(=O)c1cc(CNC(=O)C(C)([NH3+])Cc2ccccc2)cc(N(C)S(C)(=O)=O)c1)c1ccc(F)cc1,0,S(=O)(=O)(N(C)c1cc(cc(c1)CNC(=O)C([NH3+])(Cc1ccccc1)C)C(=O)NC(C)c1ccc(F)cc1)C,0,0,0,Exmol_based,Generated using exmol-based algorithm
CC(NC(=O)c1cccc(N(C)S(C)(=O)=O)c1)c1ccc(F)cc1.CC([NH3+])(Cc1ccccc1)C(N)=O,0,S(=O)(=O)(N(C)c1cc(cc(c1)CNC(=O)C([NH3+])(Cc1ccccc1)C)C(=O)NC(C)c1ccc(F)cc1)C,0,0,0,Exmol_based,Generated using exmol-based algorithm
CN(c1cc(CNC(=O)C(C)([NH3+])Cc2ccccc2)c2c(c1)C(=O)NC2(C)c1ccc(F)cc1)S(C)(=O)=O,0,S(=O)(=O)(N(C)c1cc(cc(c1)CNC(=O)C([NH3+])(Cc1ccccc1)C)C(=O)NC(C)c1ccc(F)cc1)C,0,0,0,Exmol_based,Generated using exmol-based algorithm
CC1(C)CC2(COC(N)=N2)c2cc(-c3cncc(F)c3)ccc2C1F,0,Fc1cc(cnc1)-c1cc2c(CC(CC23N=C(OC3)N)(C)C)cc1,0,0,0,Exmol_based,Generated using exmol-based algorithm
CC1(Br)Cc2ccc(-c3cncc(F)c3)cc2C2(COC(N)=N2)C1,0,Fc1cc(cnc1)-c1cc2c(CC(CC23N=C(OC3)N)(C)C)cc1,0,0,0,Exmol_based,Generated using exmol-based algorithm
CC1(C)Cc2ccc(-c3cncc(F)c3)cc2C(N)(CO)C1.N,0,Fc1cc(cnc1)-c1cc2c(CC(CC23N=C(OC3)N)(C)C)cc1,0,0,0,Exmol_based,Generated using exmol-based algorithm
CC1CC2(CC[NH+]1)CN(C)S(=O)(=O)N2c1cccc(F)c1.c1ccc2[nH]ccc2c1,0,S1(=O)(=O)N(C2(CC([NH+](CC2)Cc2cc3c([nH]cc3)cc2)C)CN1C)c1cc(F)ccc1,0,0,0,Exmol_based,Generated using exmol-based algorithm
CNCC1(N(c2cccc(F)c2)[SH](=O)=O)CC[NH+](Cc2ccc3[nH]ccc3c2)C(C)C1,0,S1(=O)(=O)N(C2(CC([NH+](CC2)Cc2cc3c([nH]cc3)cc2)C)CN1C)c1cc(F)ccc1,0,0,0,Exmol_based,Generated using exmol-based algorithm
CC1CC2(CC[NH+]1Cc1cccc[nH]ccc1)CN(C)S(=O)(=O)N2c1cccc(F)c1,0,S1(=O)(=O)N(C2(CC([NH+](CC2)Cc2cc3c([nH]cc3)cc2)C)CN1C)c1cc(F)ccc1,0,0,0,Exmol_based,Generated using exmol-based algorithm
CC1CC(=O)N(C)C(N)=N1.CCc1cccc(-c2cccs2)c1,0,s1cccc1-c1cc(ccc1)C1CC1C1(N=C(N)N(C)C(=O)C1)C,0,0,0,Exmol_based,Generated using exmol-based algorithm
C.CC(CC=O)(N=CN)C1CC1c1cccc(-c2cccs2)c1,0,s1cccc1-c1cc(ccc1)C1CC1C1(N=C(N)N(C)C(=O)C1)C,0,0,0,Exmol_based,Generated using exmol-based algorithm
CN1C(=O)CC(C)(C2CC2c2cccc(-c3cccs3)c2)N=C1F,0,s1cccc1-c1cc(ccc1)C1CC1C1(N=C(N)N(C)C(=O)C1)C,0,0,0,Exmol_based,Generated using exmol-based algorithm
CC(=O)NC(Cc1cc(F)cc(F)c1)C(O)C[NH2+].CCCCC.N#Cc1ccccc1,0,Fc1cc(cc(F)c1)CC(NC(=O)C)C(O)C[NH2+]C1(CCCCC1)c1cc(ccc1)C#N,0,0,0,Exmol_based,Generated using exmol-based algorithm
CC(=O)NC(Cc1cc(F)cc(F)c1)C(O)C(Br)[NH2+]C1(c2cccc(C#N)c2)CCCCC1,0,Fc1cc(cc(F)c1)CC(NC(=O)C)C(O)C[NH2+]C1(CCCCC1)c1cc(ccc1)C#N,0,0,0,Exmol_based,Generated using exmol-based algorithm
CC(N)=O.Cc1cc(F)cc(F)c1.N#Cc1cccc(C2([NH2+]CCO)CCCCC2)c1,0,Fc1cc(cc(F)c1)CC(NC(=O)C)C(O)C[NH2+]C1(CCCCC1)c1cc(ccc1)C#N,0,0,0,Exmol_based,Generated using exmol-based algorithm
CC(C)c1cccc(C[NH2+]C2CS(=O)(=O)CCC2O)c1.Cc1cccc(Cc2cc(C)ccc2O)c1,0,S1(=O)(=O)CC(Cc2cc(Cc3cc(ccc3)C)c(O)cc2)C(O)C([NH2+]Cc2cc(ccc2)C(C)C)C1,0,0,0,Exmol_based,Generated using exmol-based algorithm
Cc1cccc(Cc2cc(CC3CS(=O)(=O)CC([NH2+]Cc4cccc(C(C)C)c4)C3O)ccc2O)c1,0,S1(=O)(=O)CC(Cc2cc(Cc3cc(ccc3)C)c(O)cc2)C(O)C([NH2+]Cc2cc(ccc2)C(C)C)C1,0,0,0,Exmol_based,Generated using exmol-based algorithm
C.CCc1cccc(C[NH2+]C2CS(=O)(=O)CC(Cc3ccc(O)c(Cc4cccc(C)c4)c3)C2O)c1,0,S1(=O)(=O)CC(Cc2cc(Cc3cc(ccc3)C)c(O)cc2)C(O)C([NH2+]Cc2cc(ccc2)C(C)C)C1,0,0,0,Exmol_based,Generated using exmol-based algorithm
CN1C(=O)C2(CC(C)(C)Oc3cc4c(-c5ccncc5)c-4c32)N=C1N,0,O1c2c(cc(cc2)-c2ccncc2)C2(N=C(N)N(C)C2=O)CC1(C)C,0,0,0,Exmol_based,Generated using exmol-based algorithm
CN1C(=O)C2(CC(C)(N)Oc3ccc(-c4ccncc4)cc32)N=C1N,0,O1c2c(cc(cc2)-c2ccncc2)C2(N=C(N)N(C)C2=O)CC1(C)C,0,0,0,Exmol_based,Generated using exmol-based algorithm
CC1(C)CC2(N=C(N)N(CS)C2=O)c2cc(-c3ccncc3)ccc2O1,0,O1c2c(cc(cc2)-c2ccncc2)C2(N=C(N)N(C)C2=O)CC1(C)C,0,0,0,Exmol_based,Generated using exmol-based algorithm
CC([NH2+]CC(O)C(C)NC(=O)c1cccc(Nc2ccccc2)c1)C(=O)NC1CCCCC1.c1ccccc1,0,OC(C(NC(=O)c1cc(Nc2ccccc2)ccc1)Cc1ccccc1)C[NH2+]C(C(=O)NC1CCCCC1)C,0,0,0,Exmol_based,Generated using exmol-based algorithm
CC([NH2+]CC(O)C(Cc1cccc(F)c1)NC(=O)c1cccc(Nc2ccccc2)c1)C(=O)NC1CCCCC1,0,OC(C(NC(=O)c1cc(Nc2ccccc2)ccc1)Cc1ccccc1)C[NH2+]C(C(=O)NC1CCCCC1)C,0,0,0,Exmol_based,Generated using exmol-based algorithm
CC1[NH2+]CC(O)C(NC(=O)c2cccc(Nc3ccccc3)c2)Cc2cccc(c2)C2CCC(CC2)NC1=O,0,OC(C(NC(=O)c1cc(Nc2ccccc2)ccc1)Cc1ccccc1)C[NH2+]C(C(=O)NC1CCCCC1)C,0,0,0,Exmol_based,Generated using exmol-based algorithm
CC1(c2cpcc(-c3cccc(Cl)c3)c2)N=C(N)CCO1,0,Clc1cc(ccc1)-c1cc(ccc1)C1(OCCC(=N1)N)C,0,0,0,Exmol_based,Generated using exmol-based algorithm
CC1(c2cccc(-c3cccc(Cl)c3)c2)N=C(NCl)CCO1,0,Clc1cc(ccc1)-c1cc(ccc1)C1(OCCC(=N1)N)C,0,0,0,Exmol_based,Generated using exmol-based algorithm
CC(N)=NC(C)(O)c1cccc(-c2cccc(Cl)c2)c1,0,Clc1cc(ccc1)-c1cc(ccc1)C1(OCCC(=N1)N)C,0,0,0,Exmol_based,Generated using exmol-based algorithm
CC(=O)Nc1ccc(C(N)[NH+]2CCC3(CC2C)CN(C)S(=O)(=O)N3c2cccc(F)c2)cc1,0,S1(=O)(=O)N(C2(CC([NH+](CC2)Cc2ccc(NC(=O)C)cc2)C)CN1C)c1cc(F)ccc1,0,0,0,Exmol_based,Generated using exmol-based algorithm
CC(=O)Nc1ccc(C[NH+]2CCC(CN(C)S(=O)(=O)Nc3cccc(F)c3)CC2C)cc1,0,S1(=O)(=O)N(C2(CC([NH+](CC2)Cc2ccc(NC(=O)C)cc2)C)CN1C)c1cc(F)ccc1,0,0,0,Exmol_based,Generated using exmol-based algorithm
CCCC1(CC[NH+]Cc2ccc(NC(C)=O)cc2)CN(C)S(=O)(=O)N1c1cccc(F)c1,0,S1(=O)(=O)N(C2(CC([NH+](CC2)Cc2ccc(NC(=O)C)cc2)C)CN1C)c1cc(F)ccc1,0,0,0,Exmol_based,Generated using exmol-based algorithm
COC(COc1ccccc1)CC(O)C(COc1cc(F)cc(F)c1)NC(=O)c1cc(C(=O)NC(C)c2ccccc2)cc(N(C)S(C)(=N)=O)c1,0,S(=O)(=O)(N(C)c1cc(cc(c1)C(=O)NC(C(O)CC(OC)COc1ccccc1)COc1cc(F)cc(F)c1)C(=O)NC(C)c1ccccc1)C,0,0,0,Exmol_based,Generated using exmol-based algorithm
COC(COc1ccccc1)CC(O)CNC(=O)c1cc(C(=O)NC(C)c2ccccc2)cc(N(C)S(C)(=O)=O)c1.Oc1cc(F)cc(F)c1,0,S(=O)(=O)(N(C)c1cc(cc(c1)C(=O)NC(C(O)CC(OC)COc1ccccc1)COc1cc(F)cc(F)c1)C(=O)NC(C)c1ccccc1)C,0,0,0,Exmol_based,Generated using exmol-based algorithm
COC(COc1ccccc1)CC(O)C(NC(=O)c1cc(C(=O)NC(C)c2ccccc2)cc(N(C)S(C)(=O)=O)c1)C(Cl)Oc1cc(F)cc(F)c1,0,S(=O)(=O)(N(C)c1cc(cc(c1)C(=O)NC(C(O)CC(OC)COc1ccccc1)COc1cc(F)cc(F)c1)C(=O)NC(C)c1ccccc1)C,0,0,0,Exmol_based,Generated using exmol-based algorithm
COc1ccccc1C[NH2+]CC(O)C(Cc1ccccc1)NC(=O)c1cn(C(=O)N(C)CCCCF)c2ncccc12,0,O(C)c1ccccc1C[NH2+]CC(O)C(NC(=O)c1c2cccnc2n(c1)C(=O)N(CCCC)C)Cc1ccccc1,0,0,0,Exmol_based,Generated using exmol-based algorithm
CCCCN(C)C(=O)n1cc(C(=O)NC(Cc2ccccc2)C(O)C[NH2+]Cc2ccccc2)c2cccnc21.CO,0,O(C)c1ccccc1C[NH2+]CC(O)C(NC(=O)c1c2cccnc2n(c1)C(=O)N(CCCC)C)Cc1ccccc1,0,0,0,Exmol_based,Generated using exmol-based algorithm
CCCCN(C)C(=O)n1ccc2cccnc21.COc1ccccc1C[NH2+]CC(O)C(N)Cc1ccccc1.O,0,O(C)c1ccccc1C[NH2+]CC(O)C(NC(=O)c1c2cccnc2n(c1)C(=O)N(CCCC)C)Cc1ccccc1,0,0,0,Exmol_based,Generated using exmol-based algorithm
Cn1cnc(CCc2cccc(-c3ccccc3)c2)cc1=O.N,0,O=C1N(C)C(=NC(=C1)CCc1cc(ccc1)-c1ccccc1)N,0,0,0,Exmol_based,Generated using exmol-based algorithm
Cc1cccc(-c2ccccc2)c1.Cn1c(N)nccc1=O,0,O=C1N(C)C(=NC(=C1)CCc1cc(ccc1)-c1ccccc1)N,0,0,0,Exmol_based,Generated using exmol-based algorithm
Cn1c(N)nc(CCc2cccc(-c3ccccc3)c2)nc1=O,0,O=C1N(C)C(=NC(=C1)CCc1cc(ccc1)-c1ccccc1)N,0,0,0,Exmol_based,Generated using exmol-based algorithm
Br.CC(=O)NC(Cc1cc(F)cc(F)c1)C(O)C[NH2+]C1(c2cccc(C(C)(C)C)c2)CCCCC1,0,Brc1ccc(cc1C(C)(C)C)C1([NH2+]CC(O)C(NC(=O)C)Cc2cc(F)cc(F)c2)CCCCC1,0,0,0,Exmol_based,Generated using exmol-based algorithm
CC(=O)NC(Cc1cc(F)cc(F)c1)C(O)N[NH2+]C1(c2ccc(Br)c(C(C)(C)C)c2)CCCCC1,0,Brc1ccc(cc1C(C)(C)C)C1([NH2+]CC(O)C(NC(=O)C)Cc2cc(F)cc(F)c2)CCCCC1,0,0,0,Exmol_based,Generated using exmol-based algorithm
CC(=O)NC(Cc1cc(O)cc(F)c1)C(O)C[NH2+]C1(c2ccc(Br)c(C(C)(C)C)c2)CCCCC1,0,Brc1ccc(cc1C(C)(C)C)C1([NH2+]CC(O)C(NC(=O)C)Cc2cc(F)cc(F)c2)CCCCC1,0,0,0,Exmol_based,Generated using exmol-based algorithm
CC(C)CNC(=O)[C@H](C)C[C@H](O)[C@H](CC(C)P)NC(=O)[C@H](Cc1ccccc1)NC(=O)c1ccccc1,0,O=C(N[C@@H](Cc1ccccc1)C(=O)N[C@H]([C@@H](O)C[C@H](C(=O)NCC(C)C)C)CC(C)C)c1ccccc1,0,0,0,Exmol_based,Generated using exmol-based algorithm
CC(C)CNC(=O)[C@H](C)C1[C@H](O)[C@H](CC(C)C)N1C(=O)[C@H](Cc1ccccc1)NC(=O)c1ccccc1,0,O=C(N[C@@H](Cc1ccccc1)C(=O)N[C@H]([C@@H](O)C[C@H](C(=O)NCC(C)C)C)CC(C)C)c1ccccc1,0,0,0,Exmol_based,Generated using exmol-based algorithm
CC(C)CNC(=O)[C@H](C)C[C@H](O)[C@H](CC(C)C)NC(=O)[CH]Cc1ccccc1.NC(=O)c1ccccc1,0,O=C(N[C@@H](Cc1ccccc1)C(=O)N[C@H]([C@@H](O)C[C@H](C(=O)NCC(C)C)C)CC(C)C)c1ccccc1,0,0,0,Exmol_based,Generated using exmol-based algorithm
COc1ccc2c(c1)C1(COC(N)=N1)c1cc(-c3cccc(C)c3C)ccc1O2,0,O1CC2(N=C1N)c1cc(ccc1Oc1c2cc(OC)cc1)-c1ccccc1C,0,0,0,Exmol_based,Generated using exmol-based algorithm
COc1ccc2c(c1)C1(COC(N)=N1)c1cc(-c3c(C)cccc3Cl)ccc1O2,0,O1CC2(N=C1N)c1cc(ccc1Oc1c2cc(OC)cc1)-c1ccccc1C,0,0,0,Exmol_based,Generated using exmol-based algorithm
COc1ccc2c(c1)C1(COC(N)=N1)c1cc(-c3ccccc3C)ccc1O2,0,O1CC2(N=C1N)c1cc(ccc1Oc1c2cc(OC)cc1)-c1ccccc1C,0,0,0,Exmol_based,Generated using exmol-based algorithm
CCC1(c2cccc(NC(=O)c3cnc(C)cn3)c2)N=C(N)CN(C)C1=O,0,O=C1N(CC(=NC1(C)c1cc(NC(=O)c2ncc(nc2)C)ccc1)N)C,0,0,0,Exmol_based,Generated using exmol-based algorithm
CN1CC(N)=NC(C)(c2cccc(NC(=O)c3cnccn3)c2)C1=O,0,O=C1N(CC(=NC1(C)c1cc(NC(=O)c2ncc(nc2)C)ccc1)N)C,0,0,0,Exmol_based,Generated using exmol-based algorithm
CN1CC(N)=NC(C)(c2ccccc2)C1=O.Cc1cnc(C=O)cn1,0,O=C1N(CC(=NC1(C)c1cc(NC(=O)c2ncc(nc2)C)ccc1)N)C,0,0,0,Exmol_based,Generated using exmol-based algorithm
COc1ccc(Cc2cccc([C@@]3(c4ccccc4)[NH+]=C(P)N4CCCN=C43)c2)cc1,0,O(C)c1ccc(cc1)Cc1cc(ccc1)[C@]1([NH+]=C(N2C1=NCCC2)N)c1ccccc1,0,0,0,Exmol_based,Generated using exmol-based algorithm
COc1ccccc1.NC1=[NH+]C(c2ccccc2)(c2ccccc2)C2=NCCCN21,0,O(C)c1ccc(cc1)Cc1cc(ccc1)[C@]1([NH+]=C(N2C1=NCCC2)N)c1ccccc1,0,0,0,Exmol_based,Generated using exmol-based algorithm
COc1ccc(Cc2cccc([C](C3=NCCCN3C(=[NH+])N)c3ccccc3)c2)cc1,0,O(C)c1ccc(cc1)Cc1cc(ccc1)[C@]1([NH+]=C(N2C1=NCCC2)N)c1ccccc1,0,0,0,Exmol_based,Generated using exmol-based algorithm
COc1ccc(-c2ccc3c(c2)S2(CC(C)(C)O3)N=C(N)N(C)C2=O)cc1,0,O1c2c(cc(cc2)-c2ccc(OC)cc2)C2(N=C(N)N(C)C2=O)CC1(C)C,0,0,0,Exmol_based,Generated using exmol-based algorithm
COc1ccc(-c2ccc3c(c2)C2(CC(C)(C)O3)N=C(O)N(C)C2=O)cc1,0,O1c2c(cc(cc2)-c2ccc(OC)cc2)C2(N=C(N)N(C)C2=O)CC1(C)C,0,0,0,Exmol_based,Generated using exmol-based algorithm
COc1ccc(-c2ccc3c(c2)C(C(=O)N(C)C(=N)N)CC(C)(C)O3)cc1,0,O1c2c(cc(cc2)-c2ccc(OC)cc2)C2(N=C(N)N(C)C2=O)CC1(C)C,0,0,0,Exmol_based,Generated using exmol-based algorithm
CC1(C)Cc2cc(Cl)ccc2C(NC(Cc2cccc(F)c2)c2nc3ccccc3c(=O)[nH]2)=N1,0,Clc1cc2CC(N=C(NC(Cc3ccccc3)C=3NC(=O)c4c(N=3)cccc4)c2cc1)(C)C,0,0,0,Exmol_based,Generated using exmol-based algorithm
CC1(C)Cc2cc(Cl)ccc2C(NCCc2ccccc2)=N1.O=c1[nH]cnc2ccccc12,0,Clc1cc2CC(N=C(NC(Cc3ccccc3)C=3NC(=O)c4c(N=3)cccc4)c2cc1)(C)C,0,0,0,Exmol_based,Generated using exmol-based algorithm
CC1(C)Cc2cc(Cl)ccc2C(NC(Cc2ccccn2)c2nc3ccccc3c(=O)[nH]2)=N1,0,Clc1cc2CC(N=C(NC(Cc3ccccc3)C=3NC(=O)c4c(N=3)cccc4)c2cc1)(C)C,0,0,0,Exmol_based,Generated using exmol-based algorithm
NC1=NC(c2ccc(OS)cc2)(c2cccc(-c3cccnc3)c2)CO1,0,O1CC(N=C1N)(c1cc(ccc1)-c1cccnc1)c1ccc(OC)cc1,0,0,0,Exmol_based,Generated using exmol-based algorithm
CO.NC1=NC(c2ccccc2)(c2cccc(-c3cccnc3)c2)CO1,0,O1CC(N=C1N)(c1cc(ccc1)-c1cccnc1)c1ccc(OC)cc1,0,0,0,Exmol_based,Generated using exmol-based algorithm
COC(=N)N.COc1ccccc1.c1ccc(-c2cccnc2)cc1,0,O1CC(N=C1N)(c1cc(ccc1)-c1cccnc1)c1ccc(OC)cc1,0,0,0,Exmol_based,Generated using exmol-based algorithm
COc1ccccc1-c1cccc(C2CC2C2(C)CC(=O)N(C)C(N)=N2)c1,0,O(C)c1ccccc1-c1cc(ccc1)C1CC1C1(N=C(N)N(C)C(=O)C1)C,0,0,0,Exmol_based,Generated using exmol-based algorithm
CNC(N)=NC(C)(C)C1CC1c1cccc(-c2ccccc2OC)c1.O,0,O(C)c1ccccc1-c1cc(ccc1)C1CC1C1(N=C(N)N(C)C(=O)C1)C,0,0,0,Exmol_based,Generated using exmol-based algorithm
CN1C(=O)CC(C)(C2CC2c2cccc(-c3ccccc3)c2)N=C1N.CO,0,O(C)c1ccccc1-c1cc(ccc1)C1CC1C1(N=C(N)N(C)C(=O)C1)C,0,0,0,Exmol_based,Generated using exmol-based algorithm
CN1C(=O)CC(C)(C2CC2c2cccc(-c3cscc3F)c2)N=C1N,0,s1cc(cc1)-c1cc(ccc1)C1CC1C1(N=C(N)N(C)C(=O)C1)C,0,0,0,Exmol_based,Generated using exmol-based algorithm
CN1CCC(C)(C2CC2c2cccc(-c3ccsc3)c2)N=C1N.O,0,s1cc(cc1)-c1cc(ccc1)C1CC1C1(N=C(N)N(C)C(=O)C1)C,0,0,0,Exmol_based,Generated using exmol-based algorithm
CC(N=C(N)N(C)C=O)C1CC1c1cccc(-c2ccsc2)c1,0,s1cc(cc1)-c1cc(ccc1)C1CC1C1(N=C(N)N(C)C(=O)C1)C,0,0,0,Exmol_based,Generated using exmol-based algorithm
CC(N)=O.Cc1cc(F)cc(F)c1.OCC[NH2+]C1(c2cccc(-n3nccn3)c2)CCCCC1,0,Fc1cc(cc(F)c1)CC(NC(=O)C)C(O)C[NH2+]C1(CCCCC1)c1cc(-n2nccn2)ccc1,0,0,0,Exmol_based,Generated using exmol-based algorithm
CC(=O)NC(Cc1cccc(F)c1)C(O)C[NH2+]C1(c2cccc(-n3nccn3)c2)CCCCC1,0,Fc1cc(cc(F)c1)CC(NC(=O)C)C(O)C[NH2+]C1(CCCCC1)c1cc(-n2nccn2)ccc1,0,0,0,Exmol_based,Generated using exmol-based algorithm
CC(=O)NC(Cc1cc(F)cc(F)c1)C(O)C[NH2+]C1(c2cncc(-n3nccn3)c2)CCCCC1,0,Fc1cc(cc(F)c1)CC(NC(=O)C)C(O)C[NH2+]C1(CCCCC1)c1cc(-n2nccn2)ccc1,0,0,0,Exmol_based,Generated using exmol-based algorithm
C.COCCC(=O)Nc1cccc(C2(C3CCCCC3)N=C(N)NC2=O)c1,0,O=C1N(C)C(=NC1(C1CCCCC1)c1cc(NC(=O)CCOC)ccc1)N,0,0,0,Exmol_based,Generated using exmol-based algorithm
COCCC(=O)Nc1cccc(C(C(=O)N(C)C(=N)N)C2CCCCC2)c1,0,O=C1N(C)C(=NC1(C1CCCCC1)c1cc(NC(=O)CCOC)ccc1)N,0,0,0,Exmol_based,Generated using exmol-based algorithm
C1CCCCC1.COCCC(=O)Nc1cccc(C2N=C(N)N(C)C2=O)c1,0,O=C1N(C)C(=NC1(C1CCCCC1)c1cc(NC(=O)CCOC)ccc1)N,0,0,0,Exmol_based,Generated using exmol-based algorithm
CC([NH2+]CC(O)CCc1ccccc1)C(=O)NC1CCCCC1.O=Cc1cccc(NS(=O)(=O)c2ccccc2)c1,0,S(=O)(=O)(Nc1cc(ccc1)C(=O)NC(Cc1ccccc1)C(O)C[NH2+]C(C(=O)NC1CCCCC1)C)c1ccccc1,0,0,0,Exmol_based,Generated using exmol-based algorithm
CC([NH2+]CC(O)C(Cc1cccc(Br)c1)NC(=O)c1cccc(NS(=O)(=O)c2ccccc2)c1)C(=O)NC1CCCCC1,0,S(=O)(=O)(Nc1cc(ccc1)C(=O)NC(Cc1ccccc1)C(O)C[NH2+]C(C(=O)NC1CCCCC1)C)c1ccccc1,0,0,0,Exmol_based,Generated using exmol-based algorithm
CC([NH2+])C(=O)NC1CCCCC1.O=C(NC(CO)Cc1ccccc1)c1cccc(NS(=O)(=O)c2ccccc2)c1,0,S(=O)(=O)(Nc1cc(ccc1)C(=O)NC(Cc1ccccc1)C(O)C[NH2+]C(C(=O)NC1CCCCC1)C)c1ccccc1,0,0,0,Exmol_based,Generated using exmol-based algorithm
COc1cccc(-c2cccc(C3(C)N=C(N)CS3)c2)c1,0,S1CC(=NC1(C)c1cc(ccc1)-c1cc(OC)ccc1)N,0,0,0,Exmol_based,Generated using exmol-based algorithm
COc1cccc(-c2cccc(C3(C)N=C(N)CS3=S)c2)c1,0,S1CC(=NC1(C)c1cc(ccc1)-c1cc(OC)ccc1)N,0,0,0,Exmol_based,Generated using exmol-based algorithm
COc1cccc2c1-c1cc-2cc(C2(C)N=C(N)CS2)c1,0,S1CC(=NC1(C)c1cc(ccc1)-c1cc(OC)ccc1)N,0,0,0,Exmol_based,Generated using exmol-based algorithm
COc1ccc(C2(c3cccc(S4=CN=CN=C4)c3)CCC(N)=N2)cc1,0,O(C)c1ccc(cc1)C1(N=C(N)CC1)c1cc(ccc1)-c1cncnc1,0,0,0,Exmol_based,Generated using exmol-based algorithm
COc1ccc(C2(c3cccc(-c4cncnc4)c3)CCC(N)=N2)c(O)c1,0,O(C)c1ccc(cc1)C1(N=C(N)CC1)c1cc(ccc1)-c1cncnc1,0,0,0,Exmol_based,Generated using exmol-based algorithm
COc1ccc(C23CCC(=N2)Nc2ncncc2-c2cccc3c2)cc1,0,O(C)c1ccc(cc1)C1(N=C(N)CC1)c1cc(ccc1)-c1cncnc1,0,0,0,Exmol_based,Generated using exmol-based algorithm
CC(C)CNC(=O)[C@H](C)C[C@H](O)[C@H](CC(C)C)NC(=O)[P@H](Cc1ccccc1)NC(=O)c1ccc2c(c1)OCO2,0,O1c2cc(ccc2OC1)C(=O)N[C@@H](Cc1ccccc1)C(=O)N[C@H]([C@@H](O)C[C@H](C(=O)NCC(C)C)C)CC(C)C,0,0,0,Exmol_based,Generated using exmol-based algorithm
CC(C)CNC(=O)[C@H](C)C[C@H](O)[C@H](CC(C)C)NC(=O)[C@H](Cc1ccccc1)NCc1ccc2c(c1)OCO2,0,O1c2cc(ccc2OC1)C(=O)N[C@@H](Cc1ccccc1)C(=O)N[C@H]([C@@H](O)C[C@H](C(=O)NCC(C)C)C)CC(C)C,0,0,0,Exmol_based,Generated using exmol-based algorithm
CC(C)CNC(=O)[C@H](C)C[C@H](O)[C@H](CC(C)C)NC(=O)[C@@H](N)Cc1ccccc1.O.c1ccc2c(c1)OCO2,0,O1c2cc(ccc2OC1)C(=O)N[C@@H](Cc1ccccc1)C(=O)N[C@H]([C@@H](O)C[C@H](C(=O)NCC(C)C)C)CC(C)C,0,0,0,Exmol_based,Generated using exmol-based algorithm
CCC[C@@H]1C(C(=O)NOCc2cccc(Cl)c2)=C(C)N(S(C)(=O)=O)C(C)=C1C(=O)N[C@@H](Cc1ccccc1)[C@H](O)C[NH2+]C1CC1,0,S(=O)(=O)(N1C(C)=C(C(=O)N[C@H]([C@H](O)C[NH2+]C2CC2)Cc2ccccc2)[C@H](CCC)C(C(=O)NOCc2ccccc2)=C1C)C,0,0,0,Exmol_based,Generated using exmol-based algorithm
CCC[C@@H]1C(C(=O)NOCc2ccccc2)=C(C)NC(C)=C1C(=O)N[C@@H](Cc1ccccc1)[C@H](O)C[NH2+]C1CC1.C[SH](=O)=O,0,S(=O)(=O)(N1C(C)=C(C(=O)N[C@H]([C@H](O)C[NH2+]C2CC2)Cc2ccccc2)[C@H](CCC)C(C(=O)NOCc2ccccc2)=C1C)C,0,0,0,Exmol_based,Generated using exmol-based algorithm
CCC[C@@H]1C(C(N)=O)=C(C)N(S(C)(=O)=O)C(C)=C1C(=O)N[C@@H](Cc1ccccc1)[C@H](O)C[NH2+]C1CC1.Cc1ccccc1,0,S(=O)(=O)(N1C(C)=C(C(=O)N[C@H]([C@H](O)C[NH2+]C2CC2)Cc2ccccc2)[C@H](CCC)C(C(=O)NOCc2ccccc2)=C1C)C,0,0,0,Exmol_based,Generated using exmol-based algorithm
N.[NH+]C(C1=NCCCN1)(c1ccccc1)c1cccc(Cc2ccc(F)cc2)c1,0,Fc1ccc(cc1)Cc1cc(ccc1)C1([NH+]=C(N2C1=NCCC2)N)c1ccccc1,0,0,0,Exmol_based,Generated using exmol-based algorithm
NC1=[NH+]C(c2ccccc2)(c2cccc(Cc3ccc(F)cc3)c2)C2=NCSCN21,0,Fc1ccc(cc1)Cc1cc(ccc1)C1([NH+]=C(N2C1=NCCC2)N)c1ccccc1,0,0,0,Exmol_based,Generated using exmol-based algorithm
NC1=[NH+]C(c2cccc(O)c2)(c2cccc(Cc3ccc(F)cc3)c2)C2=NCCCN21,0,Fc1ccc(cc1)Cc1cc(ccc1)C1([NH+]=C(N2C1=NCCC2)N)c1ccccc1,0,0,0,Exmol_based,Generated using exmol-based algorithm
COc1ccc(C(N=C(N)O)c2cccc(-c3cnccc3F)c2)cc1,0,Fc1ccncc1-c1cc(ccc1)C1(N=C(OC1)N)c1ccc(OC)cc1,0,0,0,Exmol_based,Generated using exmol-based algorithm
NOc1ccc(C2(c3cccc(-c4cnccc4F)c3)COC(N)=N2)cc1,0,Fc1ccncc1-c1cc(ccc1)C1(N=C(OC1)N)c1ccc(OC)cc1,0,0,0,Exmol_based,Generated using exmol-based algorithm
COc1ccc(C2(c3cccc(C4=CN=CC=S4F)c3)COC(N)=N2)cc1,0,Fc1ccncc1-c1cc(ccc1)C1(N=C(OC1)N)c1ccc(OC)cc1,0,0,0,Exmol_based,Generated using exmol-based algorithm
CCCOc1cccc(-c2cc3cc(c2)C32CC2C2(C)CC(=O)N(C)C(N)=N2)c1,0,O(CCC)c1cc(ccc1)-c1cc(ccc1)C1CC1C1(N=C(N)N(C)C(=O)C1)C,0,0,0,Exmol_based,Generated using exmol-based algorithm
CCOc1cccc(-c2cccc(C3CC3C3(C)CC(=O)N(C)C(N)=N3)c2)c1,0,O(CCC)c1cc(ccc1)-c1cc(ccc1)C1CC1C1(N=C(N)N(C)C(=O)C1)C,0,0,0,Exmol_based,Generated using exmol-based algorithm
CCCOc1cccc(-c2cccc(C3CC3C3(C)CC(=O)N(C)C=N3)c2)c1.N,0,O(CCC)c1cc(ccc1)-c1cc(ccc1)C1CC1C1(N=C(N)N(C)C(=O)C1)C,0,0,0,Exmol_based,Generated using exmol-based algorithm
CCCCN(C)c1ccc2c(c1)C1(CC(C)(C)O2)N=C(N)N(C)C1=O,0,O1c2c(cc(N3CCCCC3)cc2)C2(N=C(N)N(C)C2=O)CC1(C)C,0,0,0,Exmol_based,Generated using exmol-based algorithm
CCCN(CC)c1ccc2c(c1)C1(CC(C)(C)O2)N=C(N)N(C)C1=O,0,O1c2c(cc(N3CCCCC3)cc2)C2(N=C(N)N(C)C2=O)CC1(C)C,0,0,0,Exmol_based,Generated using exmol-based algorithm
CC1C(C)(C)Oc2ccc(N3CCCCC3)cc2C12N=C(N)N(C)C2=O,0,O1c2c(cc(N3CCCCC3)cc2)C2(N=C(N)N(C)C2=O)CC1(C)C,0,0,0,Exmol_based,Generated using exmol-based algorithm
O=C(Cn1ccc2ccccc21)NC(=[SH2+])NCc1cc(Cl)cc(Cl)c1,0,Clc1cc(cc(Cl)c1)CNC(=[NH2+])NC(=O)Cn1c2c(cccc2)cc1,0,0,0,Exmol_based,Generated using exmol-based algorithm
Cl.[NH2+]=C(NCc1cccc(Cl)c1)NC(=O)Cn1ccc2ccccc21,0,Clc1cc(cc(Cl)c1)CNC(=[NH2+])NC(=O)Cn1c2c(cccc2)cc1,0,0,0,Exmol_based,Generated using exmol-based algorithm
CC(NC(=[NH2+])NC(=O)Cn1ccc2ccccc21)c1cc(Cl)cc(Cl)c1,0,Clc1cc(cc(Cl)c1)CNC(=[NH2+])NC(=O)Cn1c2c(cccc2)cc1,0,0,0,Exmol_based,Generated using exmol-based algorithm
CC(N=C(N)S)c1cccc(NC(=O)c2ccccn2)c1,0,S1CC(N=C1N)(C)c1cc(NC(=O)c2ncccc2)ccc1,0,0,0,Exmol_based,Generated using exmol-based algorithm
CC(N)(CS)c1cccc(NC(=O)c2ccccn2)c1.N,0,S1CC(N=C1N)(C)c1cc(NC(=O)c2ncccc2)ccc1,0,0,0,Exmol_based,Generated using exmol-based algorithm
CC1(c2cccc(NC(=O)c3ccccn3)c2)CSC(Cl)=N1,0,S1CC(N=C1N)(C)c1cc(NC(=O)c2ncccc2)ccc1,0,0,0,Exmol_based,Generated using exmol-based algorithm
CC1=C(C(=O)NOCc2ccccc2)[P@H](C)C(C(=O)N[C@@H](Cc2ccccc2)[C@H](O)C[NH2+]C2CC2)=C(C)N1CC(=O)OC(C)C,0,O(C(C)C)C(=O)CN1C(C)=C(C(=O)N[C@H]([C@H](O)C[NH2+]C2CC2)Cc2ccccc2)[C@@H](C)C(C(=O)NOCc2ccccc2)=C1C,0,0,0,Exmol_based,Generated using exmol-based algorithm
CC1=C(C(=O)NOCc2ccccc2)[C@H](CBr)C(C(=O)N[C@@H](Cc2ccccc2)[C@H](O)C[NH2+]C2CC2)=C(C)N1CC(=O)OC(C)C,0,O(C(C)C)C(=O)CN1C(C)=C(C(=O)N[C@H]([C@H](O)C[NH2+]C2CC2)Cc2ccccc2)[C@@H](C)C(C(=O)NOCc2ccccc2)=C1C,0,0,0,Exmol_based,Generated using exmol-based algorithm
CCOC(=O)CN1C(C)=C(C(=O)NOCc2ccccc2)[C@H](C)C(C(=O)N[C@@H](Cc2ccccc2)[C@H](O)C[NH2+]C2CC2)=C1C,0,O(C(C)C)C(=O)CN1C(C)=C(C(=O)N[C@H]([C@H](O)C[NH2+]C2CC2)Cc2ccccc2)[C@@H](C)C(C(=O)NOCc2ccccc2)=C1C,0,0,0,Exmol_based,Generated using exmol-based algorithm
CCSc1cc2cc(c1)-c1c(nc(N)n(C)c1=O)C1CC1c1ccc-2cc1,0,S(CC)c1cc(ccc1)-c1ccc(cc1)C1CC1C=1N=C(N)N(C)C(=O)C=1,0,0,0,Exmol_based,Generated using exmol-based algorithm
CCSc1cccc(-c2ccc(C3C[SH]3c3cc(=O)n(C)c(N)n3)cc2)c1,0,S(CC)c1cc(ccc1)-c1ccc(cc1)C1CC1C=1N=C(N)N(C)C(=O)C=1,0,0,0,Exmol_based,Generated using exmol-based algorithm
CCSc1cccc(-c2ccc(CC)cc2)c1.Cn1c(N)nccc1=O,0,S(CC)c1cc(ccc1)-c1ccc(cc1)C1CC1C=1N=C(N)N(C)C(=O)C=1,0,0,0,Exmol_based,Generated using exmol-based algorithm
CN1C(=O)CC(C)(C2CC2c2cccc(-c3ccccc3)c2)N=C1N,0,O=C1N(C)C(=NC(C1)(C)C1CC1c1cc(ccc1)-c1ccccc1)N,0,0,0,Exmol_based,Generated using exmol-based algorithm
C.CC1(C2CC2c2cccc(-c3ccccc3)c2)CC(=O)NC(N)=N1,0,O=C1N(C)C(=NC(C1)(C)C1CC1c1cc(ccc1)-c1ccccc1)N,0,0,0,Exmol_based,Generated using exmol-based algorithm
CN1C(=O)CC(C)(C2CC2c2cccc(-c3ccccc3)n2)N=C1N,0,O=C1N(C)C(=NC(C1)(C)C1CC1c1cc(ccc1)-c1ccccc1)N,0,0,0,Exmol_based,Generated using exmol-based algorithm
CC(C)(C)Cc1csc(C2([NH2+]CCO)CC2)n1.CC(N)=O.Cc1cc(F)cc(F)c1,0,s1cc(nc1C1([NH2+]CC(O)C(NC(=O)C)Cc2cc(F)cc(F)c2)CC1)CC(C)(C)C,0,0,0,Exmol_based,Generated using exmol-based algorithm
CC(=O)NC(Cc1cc(F)cc(F)c1N)C(O)C[NH2+]C1(c2nc(CC(C)(C)C)cs2)CC1,0,s1cc(nc1C1([NH2+]CC(O)C(NC(=O)C)Cc2cc(F)cc(F)c2)CC1)CC(C)(C)C,0,0,0,Exmol_based,Generated using exmol-based algorithm
CC(=O)NC(Cc1cc(F)cc(F)c1)C(O)C[NH2+]C1(c2nc(CC(C)(C)CN)cs2)CC1,0,s1cc(nc1C1([NH2+]CC(O)C(NC(=O)C)Cc2cc(F)cc(F)c2)CC1)CC(C)(C)C,0,0,0,Exmol_based,Generated using exmol-based algorithm
CC[C@H]1C(C(=O)NOCc2ccccc2)=C(C)N(S(=O)(=O)C#[SH])C(C)=C1C(=O)N[C@@H](Cc1ccccc1)[C@H](O)C[NH2+]C1CC1,0,S(=O)(=O)(N1C(C)=C(C(=O)N[C@H]([C@H](O)C[NH2+]C2CC2)Cc2ccccc2)[C@@H](CC)C(C(=O)NOCc2ccccc2)=C1C)C,0,0,0,Exmol_based,Generated using exmol-based algorithm
CC[C@H]1C(C(=O)NOCc2ccccc2F)=C(C)N(S(C)(=O)=O)C(C)=C1C(=O)N[C@@H](Cc1ccccc1)[C@H](O)C[NH2+]C1CC1,0,S(=O)(=O)(N1C(C)=C(C(=O)N[C@H]([C@H](O)C[NH2+]C2CC2)Cc2ccccc2)[C@@H](CC)C(C(=O)NOCc2ccccc2)=C1C)C,0,0,0,Exmol_based,Generated using exmol-based algorithm
CC[C@@H]1C(C(=O)N[C@@H](Cc2ccccc2)[C@H](O)C[NH2+]C2CC2)=CN(S(C)(=O)=O)C(C)=C1C(=O)NOCc1ccccc1,0,S(=O)(=O)(N1C(C)=C(C(=O)N[C@H]([C@H](O)C[NH2+]C2CC2)Cc2ccccc2)[C@@H](CC)C(C(=O)NOCc2ccccc2)=C1C)C,0,0,0,Exmol_based,Generated using exmol-based algorithm
CCOc1cccc(C[NH+]2CCC3(CNS(=O)(=O)N3c3cccc(F)c3)CC2C)c1S,0,S1(=O)(=O)NCC2(N1c1cc(F)ccc1)CC([NH+](CC2)Cc1cc(OCC)ccc1)C,0,0,0,Exmol_based,Generated using exmol-based algorithm
CCOc1cccc(C[NH+](CC)CCC2(C)CNS(=O)(=O)N2c2cccc(F)c2)c1,0,S1(=O)(=O)NCC2(N1c1cc(F)ccc1)CC([NH+](CC2)Cc1cc(OCC)ccc1)C,0,0,0,Exmol_based,Generated using exmol-based algorithm
CC(Br)Oc1cccc(C[NH+]2CCC3(CNS(=O)(=O)N3c3cccc(F)c3)CC2C)c1,0,S1(=O)(=O)NCC2(N1c1cc(F)ccc1)CC([NH+](CC2)Cc1cc(OCC)ccc1)C,0,0,0,Exmol_based,Generated using exmol-based algorithm
Cc1csc(Br)c1CC(NC1=NC(C)(C)Cc2cc(Cl)ccc21)C(=O)[O-],0,Brc1sccc1CC(NC1=NC(Cc2c1ccc(Cl)c2)(C)C)C(=O)[O-],0,0,0,Exmol_based,Generated using exmol-based algorithm
CC1(C)Cc2cc(Cl)ccc2C(NC(C)(Cc2ccsc2Br)C(=O)[O-])=N1,0,Brc1sccc1CC(NC1=NC(Cc2c1ccc(Cl)c2)(C)C)C(=O)[O-],0,0,0,Exmol_based,Generated using exmol-based algorithm
CC1(C)Cc2cc(Cl)ccc2C(NC(CC2=C(Br)S(=N)C=C2)C(=O)[O-])=N1,0,Brc1sccc1CC(NC1=NC(Cc2c1ccc(Cl)c2)(C)C)C(=O)[O-],0,0,0,Exmol_based,Generated using exmol-based algorithm
CC(C)(C)c1cccc(C2([NH2+]CCO)CCC[NH2+]C2)c1.CC(N)=O.Cc1cc(F)cc(F)c1,0,Fc1cc(cc(F)c1)CC(NC(=O)C)C(O)C[NH2+]C1(CCC[NH2+]C1)c1cc(ccc1)C(C)(C)C,0,0,0,Exmol_based,Generated using exmol-based algorithm
C.CC(=O)NC(Cc1cc(F)cc(F)c1)C(O)C[NH2+]C1(c2cccc(C(C)C)c2)CCC[NH2+]C1,0,Fc1cc(cc(F)c1)CC(NC(=O)C)C(O)C[NH2+]C1(CCC[NH2+]C1)c1cc(ccc1)C(C)(C)C,0,0,0,Exmol_based,Generated using exmol-based algorithm
CC(C)(C)c1cccc(C2([NH2+]CC(O)CCc3cc(F)cc(F)c3)CCC[NH2+]C2)c1.CC(N)=O,0,Fc1cc(cc(F)c1)CC(NC(=O)C)C(O)C[NH2+]C1(CCC[NH2+]C1)c1cc(ccc1)C(C)(C)C,0,0,0,Exmol_based,Generated using exmol-based algorithm
CC(=O)NC(Cc1cc(F)cc(F)c1)C(O)C[NH2+]C1(c2cccc(C(C)C)c2)CCC(CCO)CC1,0,Fc1cc(cc(F)c1)CC(NC(=O)C)C(O)C[NH2+]C1(CCC(CC1)CCO)c1cc(ccc1)C(C)(C)C,0,0,0,Exmol_based,Generated using exmol-based algorithm
CC(=O)NC(CC[NH2+]C1(c2cccc(C(C)(C)C)c2)CCC(CCO)CC1)Cc1cc(F)cc(F)c1.O,0,Fc1cc(cc(F)c1)CC(NC(=O)C)C(O)C[NH2+]C1(CCC(CC1)CCO)c1cc(ccc1)C(C)(C)C,0,0,0,Exmol_based,Generated using exmol-based algorithm
CC(=O)NC(CC[NH2+]C1(c2cccc(C(C)(C)C)c2)CCC(CCO)CC1)Cc1cc(F)cc(F)c1.O,0,Fc1cc(cc(F)c1)CC(NC(=O)C)C(O)C[NH2+]C1(CCC(CC1)CCO)c1cc(ccc1)C(C)(C)C,0,0,0,Exmol_based,Generated using exmol-based algorithm
COCc1cc2cc(c1)C(=O)NC(C(O)C[NH2+]C(c1cccc(C(C)C)c1)C(F)(F)F)Cc1cccc(c1)OCCCCN2,0,FC(F)(F)C([NH2+]CC(O)C1NC(=O)c2cc(cc(NCCCCOc3cc(C1)ccc3)c2)COC)c1cc(ccc1)C(C)(C)C,0,0,0,Exmol_based,Generated using exmol-based algorithm
COCc1cc2cc(c1)N1CCCCOc3cccc(c3)CC(C(O)C[NH2+]C(c3cccc(C(C)(C)C)c3)C(F)(F)F)N1C2=O,0,FC(F)(F)C([NH2+]CC(O)C1NC(=O)c2cc(cc(NCCCCOc3cc(C1)ccc3)c2)COC)c1cc(ccc1)C(C)(C)C,0,0,0,Exmol_based,Generated using exmol-based algorithm
COCc1cc2cc(c1)C(=O)NC(C(O)C[NH2+]C(c1cccc(C(C)(C)C)c1)C(F)F)Cc1cccc(c1)OCCCCN2,0,FC(F)(F)C([NH2+]CC(O)C1NC(=O)c2cc(cc(NCCCCOc3cc(C1)ccc3)c2)COC)c1cc(ccc1)C(C)(C)C,0,0,0,Exmol_based,Generated using exmol-based algorithm
CNC(CO)CC(O)C(COc1cc(F)cc(F)c1)NC(=O)c1cc(C(=O)NC(C)c2ccccc2)cc(N(C)S(C)(=O)=O)c1,0,S(=O)(=O)(N(C)c1cc(cc(c1)C(=O)NC(C(O)CC(OC)CO)COc1cc(F)cc(F)c1)C(=O)NC(C)c1ccccc1)C,0,0,0,Exmol_based,Generated using exmol-based algorithm
COC(CS)CC(O)C(COc1cc(F)cc(F)c1)NC(=O)c1cc(C(=O)NC(C)c2ccccc2)cc(N(C)S(C)(=O)=O)c1,0,S(=O)(=O)(N(C)c1cc(cc(c1)C(=O)NC(C(O)CC(OC)CO)COc1cc(F)cc(F)c1)C(=O)NC(C)c1ccccc1)C,0,0,0,Exmol_based,Generated using exmol-based algorithm
COC(CO)CC(O)C(COc1cc(F)cc(F)c1)NC(=O)c1cc(CNC(C)c2ccccc2)cc(N(C)S(C)(=O)=O)c1,0,S(=O)(=O)(N(C)c1cc(cc(c1)C(=O)NC(C(O)CC(OC)CO)COc1cc(F)cc(F)c1)C(=O)NC(C)c1ccccc1)C,0,0,0,Exmol_based,Generated using exmol-based algorithm
COCC(CC(O)C(COc1cccc(F)c1)NC(=O)c1cc(C(=O)NC(C)c2ccccc2)cc(N(C)S(C)(=O)=O)c1)OC.F,0,S(=O)(=O)(N(C)c1cc(cc(c1)C(=O)NC(C(O)CC(OC)COC)COc1cc(F)cc(F)c1)C(=O)NC(C)c1ccccc1)C,0,0,0,Exmol_based,Generated using exmol-based algorithm
COCC(CC(O)C(COc1cc(F)cc(F)c1)NC(=O)c1cc(C(=O)NC(C)c2ccccc2)cc(N(C)S(C)(=O)=O)c1)OC,0,S(=O)(=O)(N(C)c1cc(cc(c1)C(=O)NC(C(O)CC(OC)COC)COc1cc(F)cc(F)c1)C(=O)NC(C)c1ccccc1)C,0,0,0,Exmol_based,Generated using exmol-based algorithm
CC(NC(=O)c1cc(C(=O)NC(COc2cc(F)cc(F)c2)C(C)O)cc(N(C)S(C)(=O)=O)c1)c1ccccc1.CO.COC,0,S(=O)(=O)(N(C)c1cc(cc(c1)C(=O)NC(C(O)CC(OC)COC)COc1cc(F)cc(F)c1)C(=O)NC(C)c1ccccc1)C,0,0,0,Exmol_based,Generated using exmol-based algorithm
CC(NC(=O)c1cccc(N(C)S(C)(=O)=O)c1)c1ccccc1.COC(COCc1ccc(F)cc1)CC(O)C(N)COc1cc(F)cc(F)c1.O,0,S(=O)(=O)(N(C)c1cc(cc(c1)C(=O)NC(C(O)CC(OC)COCc1ccc(F)cc1)COc1cc(F)cc(F)c1)C(=O)NC(C)c1ccccc1)C,0,0,0,Exmol_based,Generated using exmol-based algorithm
COC(COCc1ccc(F)cc1)CC(O)C(COc1cc(F)cc(F)c1)NC(=O)c1cc(C(=O)NC2Cc3cccc2c3)cc(N(C)S(C)(=O)=O)c1,0,S(=O)(=O)(N(C)c1cc(cc(c1)C(=O)NC(C(O)CC(OC)COCc1ccc(F)cc1)COc1cc(F)cc(F)c1)C(=O)NC(C)c1ccccc1)C,0,0,0,Exmol_based,Generated using exmol-based algorithm
C=C(NC(COc1cc(F)cc(F)c1)C(O)CC(COCc1ccc(F)cc1)OC)c1cc(C(=O)NC(C)c2ccccc2)cc(N(C)S(C)(=O)=O)c1,0,S(=O)(=O)(N(C)c1cc(cc(c1)C(=O)NC(C(O)CC(OC)COCc1ccc(F)cc1)COc1cc(F)cc(F)c1)C(=O)NC(C)c1ccccc1)C,0,0,0,Exmol_based,Generated using exmol-based algorithm
COc1cccc(COPC(CC(O)C(COc2cc(F)cc(F)c2)NC(=O)c2cc(C(=O)NC(C)c3ccccc3)cc(N(C)S(C)(=O)=O)c2)OC)c1,0,S(=O)(=O)(N(C)c1cc(cc(c1)C(=O)NC(C(O)CC(OC)COCc1cc(OC)ccc1)COc1cc(F)cc(F)c1)C(=O)NC(C)c1ccccc1)C,0,0,0,Exmol_based,Generated using exmol-based algorithm
COc1cccc(COCC(CC(O)C(COc2cc(F)cc(F)c2C)NC(=O)c2cc(C(=O)NC(C)c3ccccc3)cc(N(C)S(C)(=O)=O)c2)OC)c1,0,S(=O)(=O)(N(C)c1cc(cc(c1)C(=O)NC(C(O)CC(OC)COCc1cc(OC)ccc1)COc1cc(F)cc(F)c1)C(=O)NC(C)c1ccccc1)C,0,0,0,Exmol_based,Generated using exmol-based algorithm
COc1cccc(COCC(CCC(COc2cc(F)cc(F)c2)NC(=O)c2cc(C(=O)NC(C)c3ccccc3)cc(N(C)S(C)(=O)=O)c2)OC)c1,0,S(=O)(=O)(N(C)c1cc(cc(c1)C(=O)NC(C(O)CC(OC)COCc1cc(OC)ccc1)COc1cc(F)cc(F)c1)C(=O)NC(C)c1ccccc1)C,0,0,0,Exmol_based,Generated using exmol-based algorithm
COC(C[NH2+]Cc1ccccc1)CC(O)C(COc1cc(F)cc(F)c1)N(Br)C(=O)c1cc(C(=O)NC(C)c2ccccc2)cc(N(C)S(C)(=O)=O)c1,0,S(=O)(=O)(N(C)c1cc(cc(c1)C(=O)NC(C(O)CC(OC)C[NH2+]Cc1ccccc1)COc1cc(F)cc(F)c1)C(=O)NC(C)c1ccccc1)C,0,0,0,Exmol_based,Generated using exmol-based algorithm
C.COC(C[NH2+]Cc1ccccc1)CC(O)C(COc1cc(F)cc(F)c1)NC(=O)c1cc(C(=O)NCc2ccccc2)cc(N(C)S(C)(=O)=O)c1,0,S(=O)(=O)(N(C)c1cc(cc(c1)C(=O)NC(C(O)CC(OC)C[NH2+]Cc1ccccc1)COc1cc(F)cc(F)c1)C(=O)NC(C)c1ccccc1)C,0,0,0,Exmol_based,Generated using exmol-based algorithm
COC(C[NH2+]Cc1ccccc1)CC(O)C(COc1cc(F)cc(F)c1)NC(=O)c1cc(C(=O)NC(C)c2ccc(S)cc2)cc(N(C)S(C)(=O)=O)c1,0,S(=O)(=O)(N(C)c1cc(cc(c1)C(=O)NC(C(O)CC(OC)C[NH2+]Cc1ccccc1)COc1cc(F)cc(F)c1)C(=O)NC(C)c1ccccc1)C,0,0,0,Exmol_based,Generated using exmol-based algorithm
CC(CC(O)C(COCc1cc(F)cc(F)c1)NC(=O)c1cc(C=O)cc(N(C)S(C)(=O)=O)c1)C(=O)NC1CC1.CC(N)c1ccccc1,0,S(=O)(=O)(N(C)c1cc(cc(c1)C(=O)NC(C(O)CC(C(=O)NC1CC1)C)COCc1cc(F)cc(F)c1)C(=O)NC(C)c1ccccc1)C,0,0,0,Exmol_based,Generated using exmol-based algorithm
CC(NC(=O)c1cc(C(=O)NC(COCc2cc(F)cc(F)c2)C(O)CCC(=O)NC2CC2)cc(N(C)S(C)(=O)=O)c1)c1ccccc1,0,S(=O)(=O)(N(C)c1cc(cc(c1)C(=O)NC(C(O)CC(C(=O)NC1CC1)C)COCc1cc(F)cc(F)c1)C(=O)NC(C)c1ccccc1)C,0,0,0,Exmol_based,Generated using exmol-based algorithm
CC(CC(O)C(COCc1cc(F)cc(F)c1)CC(=O)c1cc(C(=O)NC(C)c2ccccc2)cc(N(C)S(C)(=O)=O)c1)C(=O)NC1CC1,0,S(=O)(=O)(N(C)c1cc(cc(c1)C(=O)NC(C(O)CC(C(=O)NC1CC1)C)COCc1cc(F)cc(F)c1)C(=O)NC(C)c1ccccc1)C,0,0,0,Exmol_based,Generated using exmol-based algorithm
CC(=O)NCC(O)C[NH2+]C1(c2cccc(C3CCCCC3)c2)CCCCC1.Fc1cccc(F)c1,0,Fc1cc(cc(F)c1)CC(NC(=O)C)C(O)C[NH2+]C1(CCCCC1)c1cc(ccc1)C1CCCCC1,0,0,0,Exmol_based,Generated using exmol-based algorithm
CC(=O)NC(Cc1cc(F)cc(F)c1)C(O)N[NH2+]C1(c2cccc(C3CCCCC3)c2)CCCCC1,0,Fc1cc(cc(F)c1)CC(NC(=O)C)C(O)C[NH2+]C1(CCCCC1)c1cc(ccc1)C1CCCCC1,0,0,0,Exmol_based,Generated using exmol-based algorithm
CC(=O)NC(Cc1cc(F)cc(F)c1)C(O)C(P)[NH2+]C1(c2cccc(C3CCCCC3)c2)CCCCC1,0,Fc1cc(cc(F)c1)CC(NC(=O)C)C(O)C[NH2+]C1(CCCCC1)c1cc(ccc1)C1CCCCC1,0,0,0,Exmol_based,Generated using exmol-based algorithm
CC(=O)NC1C(O)C[NH2+]C2(c3ccccc3)CCC(CC2)C1c1cc(F)cc(F)c1,0,Fc1cc(cc(F)c1)CC(NC(=O)C)C(O)C[NH2+]C1(CCCCC1)c1ccccc1,0,0,0,Exmol_based,Generated using exmol-based algorithm
CC(=O)NC(Cc1cc(F)cc(F)c1)C(O)C(P)[NH2+]C1(c2ccccc2)CCCCC1,0,Fc1cc(cc(F)c1)CC(NC(=O)C)C(O)C[NH2+]C1(CCCCC1)c1ccccc1,0,0,0,Exmol_based,Generated using exmol-based algorithm
CCCC(CC)([NH2+]CC(O)C(Cc1cc(F)cc(F)c1)NC(C)=O)c1ccccc1,0,Fc1cc(cc(F)c1)CC(NC(=O)C)C(O)C[NH2+]C1(CCCCC1)c1ccccc1,0,0,0,Exmol_based,Generated using exmol-based algorithm
CC(C)CCC(O)C1COCc2cccc(c2)C(c2ccccc2)NC(=O)c2cc(cc(N(C)S(C)(=O)=O)c2)C(=O)N1.CN.O,0,S(=O)(=O)(N(C)c1cc2cc(c1)C(=O)NC(COCc1cc(ccc1)C(NC2=O)c1ccccc1)C(O)CC(C(C)C)C(=O)NC)C,0,0,0,Exmol_based,Generated using exmol-based algorithm
CNC(=O)C(CC(O)C1COCc2cccc(c2)C(c2ccccc2Cl)NC(=O)c2cc(cc(N(C)S(C)(=O)=O)c2)C(=O)N1)C(C)C,0,S(=O)(=O)(N(C)c1cc2cc(c1)C(=O)NC(COCc1cc(ccc1)C(NC2=O)c1ccccc1)C(O)CC(C(C)C)C(=O)NC)C,0,0,0,Exmol_based,Generated using exmol-based algorithm
C.CNC(=O)C(CC(O)C1COCc2cccc(c2)C(c2ccccc2)NC(=O)c2cc(cc(N(C)[SH](=O)=O)c2)C(=O)N1)C(C)C,0,S(=O)(=O)(N(C)c1cc2cc(c1)C(=O)NC(COCc1cc(ccc1)C(NC2=O)c1ccccc1)C(O)CC(C(C)C)C(=O)NC)C,0,0,0,Exmol_based,Generated using exmol-based algorithm
C.COCCOC1NC(=O)c2cccc(c2)C(=O)NC(C(O)CC(C(=O)NCC(C)C)C(C)C)COCc2cccc1c2.C[SH](=O)=O,0,S(=O)(=O)(N(C)c1cc2cc(c1)C(=O)NC(OCCOC)c1cc(COCC(NC2=O)C(O)CC(C(C)C)C(=O)NCC(C)C)ccc1)C,0,0,0,Exmol_based,Generated using exmol-based algorithm
COCCOC1NC(=O)c2cc(cc(N(C)S(C)=O)c2)C(=O)NC(C(O)CC(C(=O)NCC(C)C)C(C)C)COCc2cccc1c2.O,0,S(=O)(=O)(N(C)c1cc2cc(c1)C(=O)NC(OCCOC)c1cc(COCC(NC2=O)C(O)CC(C(C)C)C(=O)NCC(C)C)ccc1)C,0,0,0,Exmol_based,Generated using exmol-based algorithm
CC(C)CNC(=O)C(C)C(C)C.COCCOC1NC(=O)c2cc(cc(N(C)S(C)(=O)=O)c2)C(=O)NCCOCc2cccc1c2.O,0,S(=O)(=O)(N(C)c1cc2cc(c1)C(=O)NC(OCCOC)c1cc(COCC(NC2=O)C(O)CC(C(C)C)C(=O)NCC(C)C)ccc1)C,0,0,0,Exmol_based,Generated using exmol-based algorithm
C.COCCOC1CCCc2cc(cc(N(C)[SH](=O)=O)c2)C(=O)NC(C(O)CC(C(=O)NCC(C)C)C(C)C)COCc2cccc1c2,0,S(=O)(=O)(N(C)c1cc2cc(c1)CCCC(OCCOC)c1cc(COCC(NC2=O)C(O)CC(C(C)C)C(=O)NCC(C)C)ccc1)C,0,0,0,Exmol_based,Generated using exmol-based algorithm
CCOC1CCCc2cc(cc(N(C)S(C)(=O)=O)c2)C(=O)NC(C(O)CC(C(=O)NCC(C)C)C(C)C)COCc2cccc1c2.CO,0,S(=O)(=O)(N(C)c1cc2cc(c1)CCCC(OCCOC)c1cc(COCC(NC2=O)C(O)CC(C(C)C)C(=O)NCC(C)C)ccc1)C,0,0,0,Exmol_based,Generated using exmol-based algorithm
COCCOC1CCCc2cc(cc(N(C)S(C)(=O)=O)c2)C(=O)NC(C(O)CC(C(=O)OCC(C)C)C(C)C)COCc2cccc1c2,0,S(=O)(=O)(N(C)c1cc2cc(c1)CCCC(OCCOC)c1cc(COCC(NC2=O)C(O)CC(C(C)C)C(=O)NCC(C)C)ccc1)C,0,0,0,Exmol_based,Generated using exmol-based algorithm
Nc1c(F)cc(PC2CS(=O)(=O)CC([NH3+])C2O)cc1OC(C(F)(F)F)C(F)(F)F,0,S1(=O)(=O)CC(Cc2cc(OC(C(F)(F)F)C(F)(F)F)c(N)c(F)c2)C(O)C([NH3+])C1,0,0,0,Exmol_based,Generated using exmol-based algorithm
CC1C(Cc2cc(F)c(N)c(OC(C(F)(F)F)C(F)(F)F)c2)C(O)C([NH3+])CS1(=O)=O,0,S1(=O)(=O)CC(Cc2cc(OC(C(F)(F)F)C(F)(F)F)c(N)c(F)c2)C(O)C([NH3+])C1,0,0,0,Exmol_based,Generated using exmol-based algorithm
Nc1c(F)cc(CC2CS(=O)(=O)CC([NH3+])C2O)cc1OC(C(F)F)C(F)(F)F,0,S1(=O)(=O)CC(Cc2cc(OC(C(F)(F)F)C(F)(F)F)c(N)c(F)c2)C(O)C([NH3+])C1,0,0,0,Exmol_based,Generated using exmol-based algorithm
CC(C)(Br)OC1CC1C[NH2+]C1CS(=O)(=O)CC(Cc2cc(F)c(N)c(OC(C(F)(F)F)C(F)(F)F)c2)C1O,0,S1(=O)(=O)CC(Cc2cc(OC(C(F)(F)F)C(F)(F)F)c(N)c(F)c2)C(O)C([NH2+]CC2CC2OC(C)(C)C)C1,0,0,0,Exmol_based,Generated using exmol-based algorithm
CC(C)(C)OC1CC1C[NH2+]C1CS(=O)(=O)CC(Cc2cc(F)cc(OC(C(F)(F)F)C(F)(F)F)c2)C1O,0,S1(=O)(=O)CC(Cc2cc(OC(C(F)(F)F)C(F)(F)F)c(N)c(F)c2)C(O)C([NH2+]CC2CC2OC(C)(C)C)C1,0,0,0,Exmol_based,Generated using exmol-based algorithm
C.CC(C)OC1CC1C[NH2+]C1CS(=O)(=O)CC(Cc2cc(F)c(N)c(OC(C(F)(F)F)C(F)(F)F)c2)C1O,0,S1(=O)(=O)CC(Cc2cc(OC(C(F)(F)F)C(F)(F)F)c(N)c(F)c2)C(O)C([NH2+]CC2CC2OC(C)(C)C)C1,0,0,0,Exmol_based,Generated using exmol-based algorithm
Cc1cc2cc(c1)C(=O)NC(C(O)C[NH2+]C(O)c1ccccc1)COC/C=C/CCNC2=O,0,O1CC(NC(=O)c2cc(cc(c2)C(=O)NCC\C=C\C1)C)C(O)C[NH2+]Cc1ccccc1,0,0,0,Exmol_based,Generated using exmol-based algorithm
C=CCCNC(=O)c1cc(C)cc(C(=O)NC(COC)C(O)C[NH2+]Cc2ccccc2)c1,0,O1CC(NC(=O)c2cc(cc(c2)C(=O)NCC\C=C\C1)C)C(O)C[NH2+]Cc1ccccc1,0,0,0,Exmol_based,Generated using exmol-based algorithm
Cc1cc2cc(c1)C(=O)NC(C(O)C[NH2+]Cc1cccc(F)c1)COC/C=C/CCNC2=O,0,O1CC(NC(=O)c2cc(cc(c2)C(=O)NCC\C=C\C1)C)C(O)C[NH2+]Cc1ccccc1,0,0,0,Exmol_based,Generated using exmol-based algorithm
COc1cc2cc(c1)-c1ccc-2cc1C1(C)N=C(N)CCO1,0,O1CCC(=NC1(C)c1cc(ccc1)-c1cc(OC)ccc1)N,0,0,0,Exmol_based,Generated using exmol-based algorithm
CCC(N)=NC(C)c1cccc(-c2cccc(OC)c2)c1,0,O1CCC(=NC1(C)c1cc(ccc1)-c1cc(OC)ccc1)N,0,0,0,Exmol_based,Generated using exmol-based algorithm
CC1N=C(N)CCO1.COc1cccc(-c2ccccc2)c1,0,O1CCC(=NC1(C)c1cc(ccc1)-c1cc(OC)ccc1)N,0,0,0,Exmol_based,Generated using exmol-based algorithm
COCC(Oc1cc(CN2CS(=O)CC([NH2+]CCCOC(C)(C)C)C2O)cc(F)c1N)C(F)(F)F,0,S1(=O)CC(Cc2cc(OC(COC)C(F)(F)F)c(N)c(F)c2)C(O)C([NH2+]CCCOC(C)(C)C)C1,0,0,0,Exmol_based,Generated using exmol-based algorithm
CC(C)(C)OCCC[NH2+]C1CS(=O)CC(Cc2ccc(N)c(F)c2)C1O.COCC(O)C(F)(F)F,0,S1(=O)CC(Cc2cc(OC(COC)C(F)(F)F)c(N)c(F)c2)C(O)C([NH2+]CCCOC(C)(C)C)C1,0,0,0,Exmol_based,Generated using exmol-based algorithm
COCC(Oc1cc(CC2CS(=O)CC([NH2+]CCCOC(C)(C)C)C2O)cc(F)c1N)C(F)(F)F,0,S1(=O)CC(Cc2cc(OC(COC)C(F)(F)F)c(N)c(F)c2)C(O)C([NH2+]CCCOC(C)(C)C)C1,0,0,0,Exmol_based,Generated using exmol-based algorithm
C.CC(NC(=O)c1cc(C[NH2+]CC([NH3+])(CO)Cc2ccccc2)cc(NS(C)(=O)=O)c1)c1ccc(F)cc1,0,S(=O)(=O)(N(C)c1cc(cc(c1)C[NH2+]CC([NH3+])(Cc1ccccc1)CO)C(=O)NC(C)c1ccc(F)cc1)C,0,0,0,Exmol_based,Generated using exmol-based algorithm
CN(c1cc(C[NH2+]CC([NH3+])(CO)Cc2ccccc2)cc(C(=O)NC(C=P)c2ccc(F)cc2)c1)S(C)(=O)=O,0,S(=O)(=O)(N(C)c1cc(cc(c1)C[NH2+]CC([NH3+])(Cc1ccccc1)CO)C(=O)NC(C)c1ccc(F)cc1)C,0,0,0,Exmol_based,Generated using exmol-based algorithm
CC(NC(=O)C1=CS(C[NH2+]CC([NH3+])(CO)Cc2ccccc2)=CC(N(C)S(C)(=O)=O)=C1)c1ccc(F)cc1,0,S(=O)(=O)(N(C)c1cc(cc(c1)C[NH2+]CC([NH3+])(Cc1ccccc1)CO)C(=O)NC(C)c1ccc(F)cc1)C,0,0,0,Exmol_based,Generated using exmol-based algorithm
CC(NCc1cc(COCC([NH3+])Cc2ccccc2)cc(N(C)S(C)(=O)=O)c1)c1ccc(F)cc1.O,0,S(=O)(=O)(N(C)c1cc(cc(c1)COCC([NH3+])Cc1ccccc1)C(=O)NC(C)c1ccc(F)cc1)C,0,0,0,Exmol_based,Generated using exmol-based algorithm
CN(c1cc(COCC([NH3+])Cc2ccccc2)cc(C(=O)NC2Cc3cc(F)ccc32)c1)S(C)(=O)=O,0,S(=O)(=O)(N(C)c1cc(cc(c1)COCC([NH3+])Cc1ccccc1)C(=O)NC(C)c1ccc(F)cc1)C,0,0,0,Exmol_based,Generated using exmol-based algorithm
CC(NC(=O)c1cccc(N(C)S(C)(=O)=O)c1)c1ccc(F)cc1.COCC([NH3+])Cc1ccccc1,0,S(=O)(=O)(N(C)c1cc(cc(c1)COCC([NH3+])Cc1ccccc1)C(=O)NC(C)c1ccc(F)cc1)C,0,0,0,Exmol_based,Generated using exmol-based algorithm
CCOc1cccc(-c2ccc(CCc3cc(=O)n(C)c(N)n3)cc2)c1,0,O(CC)c1cc(ccc1)-c1ccc(cc1)C1CC1C=1N=C(N)N(C)C(=O)C=1,0,0,0,Exmol_based,Generated using exmol-based algorithm
CCOc1cccc(-c2ccc(C3CC3S3=CC(=O)N(C)C(N)=N3)cc2)c1,0,O(CC)c1cc(ccc1)-c1ccc(cc1)C1CC1C=1N=C(N)N(C)C(=O)C=1,0,0,0,Exmol_based,Generated using exmol-based algorithm
CCO.Cn1c(N)nc(C2CC2c2ccc(-c3ccccc3)cc2)cc1=O,0,O(CC)c1cc(ccc1)-c1ccc(cc1)C1CC1C=1N=C(N)N(C)C(=O)C=1,0,0,0,Exmol_based,Generated using exmol-based algorithm
COc1ccc2c(c1)[C@@]1(COC=N1)c1cc(-c3cncnc3)ccc1O2,0,O1C[C@@]2(N=C1N)c1cc(ccc1Oc1c2cc(OC)cc1)-c1cncnc1,0,0,0,Exmol_based,Generated using exmol-based algorithm
COc1ccc2c(c1)[C@@]1(COS(N)=N1)c1cc(-c3cncnc3)ccc1O2,0,O1C[C@@]2(N=C1N)c1cc(ccc1Oc1c2cc(OC)cc1)-c1cncnc1,0,0,0,Exmol_based,Generated using exmol-based algorithm
NCOc1ccc2c(c1)[C@@]1(COC(N)=N1)c1cc(-c3cncnc3)ccc1O2,0,O1C[C@@]2(N=C1N)c1cc(ccc1Oc1c2cc(OC)cc1)-c1cncnc1,0,0,0,Exmol_based,Generated using exmol-based algorithm
NC1=NC2(CCc3ccccc32)CO1.O=Cc1ccc(Cl)cn1,0,Clc1ccc(nc1)C(=O)Nc1cc2c(CCC23N=C(OC3)N)cc1,0,0,0,Exmol_based,Generated using exmol-based algorithm
NC1=NC2(CCc3ccc(NC(=O)c4ccc(Cl)cn4)cc32)PO1,0,Clc1ccc(nc1)C(=O)Nc1cc2c(CCC23N=C(OC3)N)cc1,0,0,0,Exmol_based,Generated using exmol-based algorithm
NC(=O)c1ccc(Cl)cn1.NC1=NC2(CCc3ccccc32)CO1,0,Clc1ccc(nc1)C(=O)Nc1cc2c(CCC23N=C(OC3)N)cc1,0,0,0,Exmol_based,Generated using exmol-based algorithm
CC(NC(=O)c1cc(C(=O)NCC([NH3+])CO)cc(N(C)S(C)(=O)=O)c1)c1ccc(F)cc1.Cc1ccccc1,0,S(=O)(=O)(N(C)c1cc(cc(c1)C(=O)NCC([NH3+])(Cc1ccccc1)CO)C(=O)NC(C)c1ccc(F)cc1)C,0,0,0,Exmol_based,Generated using exmol-based algorithm
CC(NC(=O)c1cc(C(=O)NCC([NH3+])(CO)Cc2ccccc2)cc(N(C)S(C)(=O)=O)c1)c1ccc(Br)cc1,0,S(=O)(=O)(N(C)c1cc(cc(c1)C(=O)NCC([NH3+])(Cc1ccccc1)CO)C(=O)NC(C)c1ccc(F)cc1)C,0,0,0,Exmol_based,Generated using exmol-based algorithm
CN(c1cc(C(=O)NCc2ccc(F)cc2)cc(C(=O)NCC([NH3+])(CO)Cc2ccccc2)c1)S(C)(=O)=O,0,S(=O)(=O)(N(C)c1cc(cc(c1)C(=O)NCC([NH3+])(Cc1ccccc1)CO)C(=O)NC(C)c1ccc(F)cc1)C,0,0,0,Exmol_based,Generated using exmol-based algorithm
CC1=C(C(=O)NOCc2ccccc2)[C@H](C(C)C)C(C(=O)N[C@@H](Cc2ccccc2)[C@H](O)C[NH2+]C2CC2)=C(C)N1S(C)(=O)=O,0,S(=O)(=O)(N1C(C)=C(C(=O)N[C@H]([C@H](O)C[NH2+]C2CC2)Cc2ccccc2)[C@@H](C(C)C)C(C(=O)NOCc2ccccc2)=C1C)C,0,0,0,Exmol_based,Generated using exmol-based algorithm
CC1=C(C(=O)NOCc2ccccc2)[C@H](C(C)C)C(C(=O)N[C@@H](Cc2ccccp2)[C@H](O)C[NH2+]C2CC2)=C(C)N1S(C)(=O)=O,0,S(=O)(=O)(N1C(C)=C(C(=O)N[C@H]([C@H](O)C[NH2+]C2CC2)Cc2ccccc2)[C@@H](C(C)C)C(C(=O)NOCc2ccccc2)=C1C)C,0,0,0,Exmol_based,Generated using exmol-based algorithm
CC1=C(C(N)=O)[C@H](C(C)C)C(C(=O)N[C@@H](Cc2ccccc2)[C@H](O)C[NH2+]C2CC2)=C(C)N1S(C)(=O)=O.Cc1ccccc1,0,S(=O)(=O)(N1C(C)=C(C(=O)N[C@H]([C@H](O)C[NH2+]C2CC2)Cc2ccccc2)[C@@H](C(C)C)C(C(=O)NOCc2ccccc2)=C1C)C,0,0,0,Exmol_based,Generated using exmol-based algorithm
CC1CC2(CC[NH+]1Cc1cccc(OC3CCCC3)c1)CNS(=O)N2c1cccc(F)c1,0,S1(=O)(=O)NCC2(N1c1cc(F)ccc1)CC([NH+](CC2)Cc1cc(OC2CCCC2)ccc1)C,0,0,0,Exmol_based,Generated using exmol-based algorithm
CC1CC2(CC[NH+]1Cc1cccc(OC3CCCC3Br)c1)CNS(=O)(=O)N2c1cccc(F)c1,0,S1(=O)(=O)NCC2(N1c1cc(F)ccc1)CC([NH+](CC2)Cc1cc(OC2CCCC2)ccc1)C,0,0,0,Exmol_based,Generated using exmol-based algorithm
CC(CC1(C)CNS(=O)(=O)N1c1cccc(F)c1)[NH+]Cc1cccc(OC2CCCC2)c1,0,S1(=O)(=O)NCC2(N1c1cc(F)ccc1)CC([NH+](CC2)Cc1cc(OC2CCCC2)ccc1)C,0,0,0,Exmol_based,Generated using exmol-based algorithm
CCCc1cccc(-c2ccc(C3CC3c3cc(=O)n(C)c(N)n3)cn2)c1,0,O=C1N(C)C(=NC(=C1)C1CC1c1ccc(cc1)-c1cc(ccc1)CCC)N,0,0,0,Exmol_based,Generated using exmol-based algorithm
CCCc1cccc(-c2ccc(C3CC3c3cc(=O)n(C)c(N)n3)cc2)c1,0,O=C1N(C)C(=NC(=C1)C1CC1c1ccc(cc1)-c1cc(ccc1)CCC)N,0,0,0,Exmol_based,Generated using exmol-based algorithm
CCCc1cc(-c2ccc(C3CC3c3cc(=O)n(C)c(N)n3)cc2)ccc1F,0,O=C1N(C)C(=NC(=C1)C1CC1c1ccc(cc1)-c1cc(ccc1)CCC)N,0,0,0,Exmol_based,Generated using exmol-based algorithm
CC1CC2(CC[NH+]1Cc1cccc(OC[SH](C)C)c1)CNS(=O)(=O)N2c1cccc(F)c1,0,S1(=O)(=O)NCC2(N1c1cc(F)ccc1)CC([NH+](CC2)Cc1cc(OCC(C)C)ccc1)C,0,0,0,Exmol_based,Generated using exmol-based algorithm
CCCOc1cccc(C[NH+]2CCC3(CNS(=O)(=O)N3c3cccc(F)c3)CC2C)c1,0,S1(=O)(=O)NCC2(N1c1cc(F)ccc1)CC([NH+](CC2)Cc1cc(OCC(C)C)ccc1)C,0,0,0,Exmol_based,Generated using exmol-based algorithm
CC1CC2(CC[NH+]1)CNS(=O)(=O)N2c1cccc(F)c1.Cc1cccc(OCC(C)C)c1,0,S1(=O)(=O)NCC2(N1c1cc(F)ccc1)CC([NH+](CC2)Cc1cc(OCC(C)C)ccc1)C,0,0,0,Exmol_based,Generated using exmol-based algorithm
COc1ccc(C2(c3cccc(-c4cncnc4)c3)COC(N)=N2)c(C)c1,0,O1CC(N=C1N)(c1cc(ccc1)-c1cncnc1)c1ccc(OC)cc1,0,0,0,Exmol_based,Generated using exmol-based algorithm
COc1ccc(C2(c3cccc(-c4cncnc4)c3)N=C(N)OC2P)cc1,0,O1CC(N=C1N)(c1cc(ccc1)-c1cncnc1)c1ccc(OC)cc1,0,0,0,Exmol_based,Generated using exmol-based algorithm
NC1=NC(c2ccc(OBr)cc2)(c2cccc(-c3cncnc3)c2)CO1,0,O1CC(N=C1N)(c1cc(ccc1)-c1cncnc1)c1ccc(OC)cc1,0,0,0,Exmol_based,Generated using exmol-based algorithm
CN1C(=O)CC(C)(C2CC2c2cccc(-c3cccnc3)c2)N=C1Cl,0,O=C1N(C)C(=NC(C1)(C)C1CC1c1cc(ccc1)-c1cccnc1)N,0,0,0,Exmol_based,Generated using exmol-based algorithm
CN1C(=O)C(Cl)C(C)(C2CC2c2cccc(-c3cccnc3)c2)N=C1N,0,O=C1N(C)C(=NC(C1)(C)C1CC1c1cc(ccc1)-c1cccnc1)N,0,0,0,Exmol_based,Generated using exmol-based algorithm
CN1C=NC(C)(C2CC2c2cccc(-c3cccnc3)c2)CC1=O.N,0,O=C1N(C)C(=NC(C1)(C)C1CC1c1cc(ccc1)-c1cccnc1)N,0,0,0,Exmol_based,Generated using exmol-based algorithm
C.Cn1c(N)nc(C2CC2c2ccc(-c3cncc(O)n3)cc2)cc1=O,0,O(C)c1nc(cnc1)-c1ccc(cc1)C1CC1C=1N=C(N)N(C)C(=O)C=1,0,0,0,Exmol_based,Generated using exmol-based algorithm
COc1cncc(-c2ccccc2)n1.Cn1c(N)nc(C2CC2)cc1=O,0,O(C)c1nc(cnc1)-c1ccc(cc1)C1CC1C=1N=C(N)N(C)C(=O)C=1,0,0,0,Exmol_based,Generated using exmol-based algorithm
COc1cncc(-c2ccc(CCCc3cc(=O)n(C)c(N)n3)cc2)n1,0,O(C)c1nc(cnc1)-c1ccc(cc1)C1CC1C=1N=C(N)N(C)C(=O)C=1,0,0,0,Exmol_based,Generated using exmol-based algorithm
CCCCCNC(=O)C(C)[NH2+]CC(O)C(Cc1ccccc1)NC(=O)c1cccc(OS(=O)(=O)Cc2ccccc2)c1,0,S(Oc1cc(ccc1)C(=O)NC(Cc1ccccc1)C(O)C[NH2+]C(C(=O)NC1CCCCC1)C)(=O)(=O)Cc1ccccc1,0,0,0,Exmol_based,Generated using exmol-based algorithm
CC([NH2+]CC(O)C(Cc1ccccc1)NC(=O)c1cccc(OS(=O)(=O)Cc2ccccc2)c1)C(=O)NC1CCCCS1,0,S(Oc1cc(ccc1)C(=O)NC(Cc1ccccc1)C(O)C[NH2+]C(C(=O)NC1CCCCC1)C)(=O)(=O)Cc1ccccc1,0,0,0,Exmol_based,Generated using exmol-based algorithm
CC([NH2+]CCC(Cc1ccccc1)NC(=O)c1cccc(OS(=O)(=O)Cc2ccccc2)c1)C(=O)NC1CCCCC1,0,S(Oc1cc(ccc1)C(=O)NC(Cc1ccccc1)C(O)C[NH2+]C(C(=O)NC1CCCCC1)C)(=O)(=O)Cc1ccccc1,0,0,0,Exmol_based,Generated using exmol-based algorithm
CC1=NC(C)(c2cccc(-c3cccnc3)c2)N=C1N,0,n1cc(ccc1)-c1cc(ccc1)C1(N=C(C)C(=N1)N)C,0,0,0,Exmol_based,Generated using exmol-based algorithm
C.CC1=NC(c2cccc(-c3cccnc3)c2)N=C1N,0,n1cc(ccc1)-c1cc(ccc1)C1(N=C(C)C(=N1)N)C,0,0,0,Exmol_based,Generated using exmol-based algorithm
CC(=NC(C)c1cccc(-c2cccnc2)c1)C(=N)N,0,n1cc(ccc1)-c1cc(ccc1)C1(N=C(C)C(=N1)N)C,0,0,0,Exmol_based,Generated using exmol-based algorithm
NC=NC1(c2cccc(-c3cc(F)cc(Cl)c3)c2)CCOCC1O,0,Clc1cc(cc(F)c1)-c1cc(ccc1)C12N=C(OC1COCC2)N,0,0,0,Exmol_based,Generated using exmol-based algorithm
N[PH]1=NC2(c3cccc(-c4cc(F)cc(Cl)c4)c3)CCOCC2O1,0,Clc1cc(cc(F)c1)-c1cc(ccc1)C12N=C(OC1COCC2)N,0,0,0,Exmol_based,Generated using exmol-based algorithm
Fc1cccc(Cl)c1.NC1=NC2(c3ccccc3)CCOCC2O1,0,Clc1cc(cc(F)c1)-c1cc(ccc1)C12N=C(OC1COCC2)N,0,0,0,Exmol_based,Generated using exmol-based algorithm
C.COc1cccc(-c2ccc(C3CC3c3cc(=O)n(C)c(N)n3)cc2)c1,0,O(CCC)c1cc(ccc1)-c1ccc(cc1)C1CC1C=1N=C(N)N(C)C(=O)C=1,0,0,0,Exmol_based,Generated using exmol-based algorithm
CCCOc1cc(-c2ccc(C3CC3c3cc(=O)n(C)c(N)n3)cc2)ccn1,0,O(CCC)c1cc(ccc1)-c1ccc(cc1)C1CC1C=1N=C(N)N(C)C(=O)C=1,0,0,0,Exmol_based,Generated using exmol-based algorithm
CCCOc1cccc(-c2ccc(C3CC3c3cc(=O)n(C)cn3)cc2)c1.N,0,O(CCC)c1cc(ccc1)-c1ccc(cc1)C1CC1C=1N=C(N)N(C)C(=O)C=1,0,0,0,Exmol_based,Generated using exmol-based algorithm
Cn1c(N)nccc1=O.c1csc(-c2ccc(C3CC3)cc2)c1,0,s1cccc1-c1ccc(cc1)C1CC1C=1N=C(N)N(C)C(=O)C=1,0,0,0,Exmol_based,Generated using exmol-based algorithm
Cn1c(N)nc(C2OC2c2ccc(-c3cccs3)cc2)cc1=O,0,s1cccc1-c1ccc(cc1)C1CC1C=1N=C(N)N(C)C(=O)C=1,0,0,0,Exmol_based,Generated using exmol-based algorithm
Cn1c(N)nc(C2CC23c2ccc(cc2)-c2cc3cs2)cc1=O,0,s1cccc1-c1ccc(cc1)C1CC1C=1N=C(N)N(C)C(=O)C=1,0,0,0,Exmol_based,Generated using exmol-based algorithm
CO.Cn1c(N)nc(C2CC2c2ccc(-c3ccccc3)cc2)cc1=O,0,O(C)c1cc(ccc1)-c1ccc(cc1)C1CC1C=1N=C(N)N(C)C(=O)C=1,0,0,0,Exmol_based,Generated using exmol-based algorithm
COc1cccc(-c2ccc3cc2C2(c4cc(=O)n(C)c(N)n4)CC32)c1,0,O(C)c1cc(ccc1)-c1ccc(cc1)C1CC1C=1N=C(N)N(C)C(=O)C=1,0,0,0,Exmol_based,Generated using exmol-based algorithm
COc1cccc(-c2cc3c(C4CC4c4cc(=O)n(C)c(N)n4)cc2=3)c1,0,O(C)c1cc(ccc1)-c1ccc(cc1)C1CC1C=1N=C(N)N(C)C(=O)C=1,0,0,0,Exmol_based,Generated using exmol-based algorithm
CC1=C(C(=O)NOCc2ccccc2)[C@H](C)C(C(=O)N[C@@H](Cc2ccccc2)[C@H](O)N[NH2+]C2CC2)=C(C)N1S(C)(=O)=O,0,S(=O)(=O)(N1C(C)=C(C(=O)N[C@H]([C@H](O)C[NH2+]C2CC2)Cc2ccccc2)[C@@H](C)C(C(=O)NOCc2ccccc2)=C1C)C,0,0,0,Exmol_based,Generated using exmol-based algorithm
C.CC1=C(C(=O)NOCc2ccccc2)[C@H](C)C(C(=O)N[C@@H](Cc2ccccc2)[C@H](O)C[NH2+]C2CC2)=C(C)N1.O.O,0,S(=O)(=O)(N1C(C)=C(C(=O)N[C@H]([C@H](O)C[NH2+]C2CC2)Cc2ccccc2)[C@@H](C)C(C(=O)NOCc2ccccc2)=C1C)C,0,0,0,Exmol_based,Generated using exmol-based algorithm
CC1=C(C(=O)NOCc2ccccc2)[C@H](C)C(C(=O)N[C@@H](Cc2ccccc2)[P@H](O)C[NH2+]C2CC2)=C(C)N1S(C)(=O)=O,0,S(=O)(=O)(N1C(C)=C(C(=O)N[C@H]([C@H](O)C[NH2+]C2CC2)Cc2ccccc2)[C@@H](C)C(C(=O)NOCc2ccccc2)=C1C)C,0,0,0,Exmol_based,Generated using exmol-based algorithm
CSc1cccc(-c2ccc(CCCc3cc(=O)n(C)c(N)n3)cc2)c1,0,S(C)c1cc(ccc1)-c1ccc(cc1)C1CC1C=1N=C(N)N(C)C(=O)C=1,0,0,0,Exmol_based,Generated using exmol-based algorithm
CSc1ccnc(-c2ccc(C3CC3c3cc(=O)n(C)c(N)n3)cc2)c1,0,S(C)c1cc(ccc1)-c1ccc(cc1)C1CC1C=1N=C(N)N(C)C(=O)C=1,0,0,0,Exmol_based,Generated using exmol-based algorithm
CSc1cccc(-c2ccc(C3CC3c3cc(=O)n(C)c(N)n3)cc2)c1,0,S(C)c1cc(ccc1)-c1ccc(cc1)C1CC1C=1N=C(N)N(C)C(=O)C=1,0,0,0,Exmol_based,Generated using exmol-based algorithm
COC(=O)CN1C(C)=C(C(=O)NOCc2ccccc2)[C@@H](C)C(C(=O)N[C@@H](Cc2ccccc2)[C@H](O)C[NH2+]C2CC2)=C1C,0,O(C(=O)CN1C(C)=C(C(=O)N[C@H]([C@H](O)C[NH2+]C2CC2)Cc2ccccc2)[C@H](C)C(C(=O)NOCc2ccccc2)=C1C)C,0,0,0,Exmol_based,Generated using exmol-based algorithm
CC1=C(C(=O)NOCc2ccccc2)[C@@H](C)C(C(=O)N[C@@H](Cc2ccccc2)[C@H](O)C[NH2+]C2CC2)=C(C)N1C.CO.O,0,O(C(=O)CN1C(C)=C(C(=O)N[C@H]([C@H](O)C[NH2+]C2CC2)Cc2ccccc2)[C@H](C)C(C(=O)NOCc2ccccc2)=C1C)C,0,0,0,Exmol_based,Generated using exmol-based algorithm
COC(=O)CN1C(C)=C[C@@H](C)C(C(=O)N[C@@H](Cc2ccccc2)[C@H](O)C[NH2+]C2CC2)=C1C.O=CNOCc1ccccc1,0,O(C(=O)CN1C(C)=C(C(=O)N[C@H]([C@H](O)C[NH2+]C2CC2)Cc2ccccc2)[C@H](C)C(C(=O)NOCc2ccccc2)=C1C)C,0,0,0,Exmol_based,Generated using exmol-based algorithm
CCOC(=O)CN1C(C)=C(C(=O)NOCc2ccccc2)[C@H](C)C(C(=O)N[C@H]([CH]O)Cc2ccccc2)=C1C.C[NH2+]C1CC1,0,O(C(=O)CN1C(C)=C(C(=O)N[C@H]([C@H](O)C[NH2+]C2CC2)Cc2ccccc2)[C@@H](C)C(C(=O)NOCc2ccccc2)=C1C)CC,0,0,0,Exmol_based,Generated using exmol-based algorithm
CC.CC1=C(C(=O)NOCc2ccccc2)[C@H](C)C(C(=O)N[C@@H](Cc2ccccc2)[C@H](O)C[NH2+]C2CC2)=C(C)N1CC=O,0,O(C(=O)CN1C(C)=C(C(=O)N[C@H]([C@H](O)C[NH2+]C2CC2)Cc2ccccc2)[C@@H](C)C(C(=O)NOCc2ccccc2)=C1C)CC,0,0,0,Exmol_based,Generated using exmol-based algorithm
CCOC(=O)CN1C(C)=C(C(=O)NOCc2ccccc2)[C@H](C)C(C(=O)N[C@@H](C)[C@H](O)C[NH2+]C2CC2)=C1C.c1ccccc1,0,O(C(=O)CN1C(C)=C(C(=O)N[C@H]([C@H](O)C[NH2+]C2CC2)Cc2ccccc2)[C@@H](C)C(C(=O)NOCc2ccccc2)=C1C)CC,0,0,0,Exmol_based,Generated using exmol-based algorithm
CC(C)CNC(=O)[C@H](C)C[C@H](O)[C@@H](NC(=O)[C@H](Cc1ccccc1)NC(=O)c1ccc([N+](=O)[O-])cc1)PC(C)C,0,O=C(N[C@@H](Cc1ccccc1)C(=O)N[C@H]([C@@H](O)C[C@H](C(=O)NCC(C)C)C)CC(C)C)c1ccc([N+](=O)[O-])cc1,0,0,0,Exmol_based,Generated using exmol-based algorithm
CC(C)CNC(=O)[S@H](C)C[C@H](O)[C@H](CC(C)C)NC(=O)[C@H](Cc1ccccc1)NC(=O)c1ccc([N+](=O)[O-])cc1,0,O=C(N[C@@H](Cc1ccccc1)C(=O)N[C@H]([C@@H](O)C[C@H](C(=O)NCC(C)C)C)CC(C)C)c1ccc([N+](=O)[O-])cc1,0,0,0,Exmol_based,Generated using exmol-based algorithm
CO[C@@H](C[C@@H](C)C(=O)NCC(C)C)[C@H](CC(C)C)NC(=O)[C@H](Cc1ccccc1)NC(=O)c1ccc([N+](=O)[O-])cc1,0,O=C(N[C@@H](Cc1ccccc1)C(=O)N[C@H]([C@@H](O)C[C@H](C(=O)NCC(C)C)C)CC(C)C)c1ccc([N+](=O)[O-])cc1,0,0,0,Exmol_based,Generated using exmol-based algorithm
CC1N=C(N)[C@H]2CCCCN12.Fc1cncc(-c2ccccc2)c1,0,Fc1cc(cnc1)-c1cc(ccc1)C1(N=C(N)[C@@H]2N1CCCC2)C,0,0,0,Exmol_based,Generated using exmol-based algorithm
CCCCNC(C)(N=CN)c1cccc(-c2cncc(F)c2)c1,0,Fc1cc(cnc1)-c1cc(ccc1)C1(N=C(N)[C@@H]2N1CCCC2)C,0,0,0,Exmol_based,Generated using exmol-based algorithm
CC1(c2ccccc2)N=C(N)[C@H]2CCCCN21.Fc1cccnc1,0,Fc1cc(cnc1)-c1cc(ccc1)C1(N=C(N)[C@@H]2N1CCCC2)C,0,0,0,Exmol_based,Generated using exmol-based algorithm
CC1=C[C@H](C)C(C(=O)N[C@H](C)c2ccccc2)=C(C)N1S(C)(=O)=O.O=CN[C@@H](Cc1ccccc1)[C@H](O)C[NH2+]C1CC1,0,S(=O)(=O)(N1C(C)=C(C(=O)N[C@H](C)c2ccccc2)[C@@H](C)C(C(=O)N[C@H]([C@H](O)C[NH2+]C2CC2)Cc2ccccc2)=C1C)C,0,0,0,Exmol_based,Generated using exmol-based algorithm
CC1=C(C(=O)N[C@@H](C)[C@H](O)C[NH2+]C2CC2)[C@H](C)C(C(=O)N[C@H](C)c2ccccc2)=C(C)N1S(C)(=O)=O.c1ccccc1,0,S(=O)(=O)(N1C(C)=C(C(=O)N[C@H](C)c2ccccc2)[C@@H](C)C(C(=O)N[C@H]([C@H](O)C[NH2+]C2CC2)Cc2ccccc2)=C1C)C,0,0,0,Exmol_based,Generated using exmol-based algorithm
C[C@@H](NC=O)c1ccccc1.C[CH]C(C(=O)N[C@@H](Cc1ccccc1)[C@H](O)C[NH2+]C1CC1)=C(C)N(CC)S(C)(=O)=O,0,S(=O)(=O)(N1C(C)=C(C(=O)N[C@H](C)c2ccccc2)[C@@H](C)C(C(=O)N[C@H]([C@H](O)C[NH2+]C2CC2)Cc2ccccc2)=C1C)C,0,0,0,Exmol_based,Generated using exmol-based algorithm
C=C(C(=O)N[C@@H](Cc1ccccc1)[C@H](O)C[NH2+]C1CC1)[C@H](C)C(C(=O)OCc1ccccc1)=C(C)NCC(=O)OC(C)C,0,O(C(=O)C=1[C@@H](C)C(=CN(CC(OC(C)C)=O)C=1C)C(=O)N[C@H]([C@H](O)C[NH2+]C1CC1)Cc1ccccc1)Cc1ccccc1,0,0,0,Exmol_based,Generated using exmol-based algorithm
CC1=C(C(=O)OCc2ccccc2)[C@@H](C)C(C(=O)N[C@@H](Cc2ccccc2)[C@H](O)C[NH2+]C2CC2)=CN1CC(=O)CC(C)C,0,O(C(=O)C=1[C@@H](C)C(=CN(CC(OC(C)C)=O)C=1C)C(=O)N[C@H]([C@H](O)C[NH2+]C1CC1)Cc1ccccc1)Cc1ccccc1,0,0,0,Exmol_based,Generated using exmol-based algorithm
CC1=C(C(=O)OCc2ccccc2)[C@@H](C)C(C(=O)N[C@@H](Cc2ccccc2)[C@H](O)C[NH2+]C2CP2)=CN1CC(=O)OC(C)C,0,O(C(=O)C=1[C@@H](C)C(=CN(CC(OC(C)C)=O)C=1C)C(=O)N[C@H]([C@H](O)C[NH2+]C1CC1)Cc1ccccc1)Cc1ccccc1,0,0,0,Exmol_based,Generated using exmol-based algorithm
C.CC1=C(C(=O)N[C@@H](Cc2ccccc2)[C@H](O)C[NH2+]C2CC2)[CH]C(C(=O)N[C@H](C)c2ccccc2)=C(C)N1S(C)(=O)=O,0,S(=O)(=O)(N1C(C)=C(C(=O)N[C@H](C)c2ccccc2)[C@@H](CC)C(C(=O)N[C@H]([C@H](O)C[NH2+]C2CC2)Cc2ccccc2)=C1C)C,0,0,0,Exmol_based,Generated using exmol-based algorithm
CC[C@@H]1C(C(=O)N[C@H](C)c2ccccc2)=C(C)N(S(C)(=O)=O)C(C)=C1C(=O)N(N)[C@@H](Cc1ccccc1)[C@H](O)C[NH2+]C1CC1,0,S(=O)(=O)(N1C(C)=C(C(=O)N[C@H](C)c2ccccc2)[C@@H](CC)C(C(=O)N[C@H]([C@H](O)C[NH2+]C2CC2)Cc2ccccc2)=C1C)C,0,0,0,Exmol_based,Generated using exmol-based algorithm
CC[C@H]1C(C(=O)N[C@@H](Cc2ccccc2)[C@H](O)C[NH2+]C2CC2C)=C(C)N(S(C)(=O)=O)C(C)=C1C(=O)N[C@H](C)c1ccccc1,0,S(=O)(=O)(N1C(C)=C(C(=O)N[C@H](C)c2ccccc2)[C@@H](CC)C(C(=O)N[C@H]([C@H](O)C[NH2+]C2CC2)Cc2ccccc2)=C1C)C,0,0,0,Exmol_based,Generated using exmol-based algorithm
C=S(C)(=O)N(C)c1cc(C(=O)NC(C)c2ccc(F)cc2)cc(-n2cc(C(C)([NH3+])Cc3ccccc3)nn2)c1,0,S(=O)(=O)(N(C)c1cc(cc(-n2nnc(c2)C([NH3+])(Cc2ccccc2)C)c1)C(=O)NC(C)c1ccc(F)cc1)C,0,0,0,Exmol_based,Generated using exmol-based algorithm
CCc1ccc(F)cc1.CN(c1cc(C(N)=O)cc(-n2cc(C(C)([NH3+])Cc3ccccc3)nn2)c1)S(C)(=O)=O,0,S(=O)(=O)(N(C)c1cc(cc(-n2nnc(c2)C([NH3+])(Cc2ccccc2)C)c1)C(=O)NC(C)c1ccc(F)cc1)C,0,0,0,Exmol_based,Generated using exmol-based algorithm
CC(NC(=O)c1cc(N(C)[SH](=O)=O)cc(-n2cc(C(C)([NH3+])Cc3ccccc3)nn2)c1)c1ccc(F)cc1,0,S(=O)(=O)(N(C)c1cc(cc(-n2nnc(c2)C([NH3+])(Cc2ccccc2)C)c1)C(=O)NC(C)c1ccc(F)cc1)C,0,0,0,Exmol_based,Generated using exmol-based algorithm
CC(=O)Nc1cccc(-c2cccc(C3CC3C3(C)CCN(C)C(N)=N3)c2)c1,0,O=C1N(C)C(=NC(C1)(C)C1CC1c1cc(ccc1)-c1cc(NC(=O)C)ccc1)N,0,0,0,Exmol_based,Generated using exmol-based algorithm
CC(=O)Nc1cccc(-c2cccc(C3CC3C3(C)CCN(C)C(N)=N3)c2)c1.O,0,O=C1N(C)C(=NC(C1)(C)C1CC1c1cc(ccc1)-c1cc(NC(=O)C)ccc1)N,0,0,0,Exmol_based,Generated using exmol-based algorithm
CC(=O)Nc1cccc(-c2cccc(C3CC3(Br)C3(C)CC(=O)N(C)C(N)=N3)c2)c1,0,O=C1N(C)C(=NC(C1)(C)C1CC1c1cc(ccc1)-c1cc(NC(=O)C)ccc1)N,0,0,0,Exmol_based,Generated using exmol-based algorithm
C.CCC1=NC(c2ccccc2)(c2cccc(-c3cncnc3)c2)N=C1N,0,n1cc(cnc1)-c1cc(ccc1)C1(N=C(C(C)C)C(=N1)N)c1ccccc1,0,0,0,Exmol_based,Generated using exmol-based algorithm
CC(C)C1=NC(c2cccc(-c3cncnc3)c2)(c2ccccc2O)N=C1N,0,n1cc(cnc1)-c1cc(ccc1)C1(N=C(C(C)C)C(=N1)N)c1ccccc1,0,0,0,Exmol_based,Generated using exmol-based algorithm
CC(C)C=NC(N=CN)(c1ccccc1)c1cccc(-c2cncnc2)c1,0,n1cc(cnc1)-c1cc(ccc1)C1(N=C(C(C)C)C(=N1)N)c1ccccc1,0,0,0,Exmol_based,Generated using exmol-based algorithm
CC(CC1(C)CC(=O)N(C)C(N)=N1)c1ccccc1,0,O=C1N(C)C(=NC(C1)(C)C1CC1c1ccccc1)N,0,0,0,Exmol_based,Generated using exmol-based algorithm
CN1C(=O)CC(C)(C2CC2c2ccpcc2)N=C1N,0,O=C1N(C)C(=NC(C1)(C)C1CC1c1ccccc1)N,0,0,0,Exmol_based,Generated using exmol-based algorithm
CN1C(=O)OC(C)(C2CC2c2ccccc2)N=C1N,0,O=C1N(C)C(=NC(C1)(C)C1CC1c1ccccc1)N,0,0,0,Exmol_based,Generated using exmol-based algorithm
CC(NC(=O)c1cc(CNC(=O)C([NH3+])(CO)Cc2ccccc2)cc(N(C)S(C)=O)c1)c1ccc(F)cc1,0,S(=O)(=O)(N(C)c1cc(cc(c1)CNC(=O)C([NH3+])(Cc1ccccc1)CO)C(=O)NC(C)c1ccc(F)cc1)C,0,0,0,Exmol_based,Generated using exmol-based algorithm
CC(NCc1cc(CNC(=O)C([NH3+])(CO)Cc2ccccc2)cc(N(C)S(C)(=O)=O)c1)c1ccc(F)cc1,0,S(=O)(=O)(N(C)c1cc(cc(c1)CNC(=O)C([NH3+])(Cc1ccccc1)CO)C(=O)NC(C)c1ccc(F)cc1)C,0,0,0,Exmol_based,Generated using exmol-based algorithm
CCc1ccc(F)cc1.CN(c1cc(C=O)cc(CNC(=O)C([NH3+])(CO)Cc2ccccc2)c1)S(C)(=O)=O,0,S(=O)(=O)(N(C)c1cc(cc(c1)CNC(=O)C([NH3+])(Cc1ccccc1)CO)C(=O)NC(C)c1ccc(F)cc1)C,0,0,0,Exmol_based,Generated using exmol-based algorithm
CC1[NH2+]CC(C(=O)N2CCC(c3ccccc3)CC2)C1c1ccccc1Br,0,Brc1ccccc1C1C[NH2+]CC1C(=O)N1CCC(CC1)c1ccccc1,0,0,0,Exmol_based,Generated using exmol-based algorithm
C[NH2+]CCc1ccccc1Br.O=CN1CCC(c2ccccc2)CC1,0,Brc1ccccc1C1C[NH2+]CC1C(=O)N1CCC(CC1)c1ccccc1,0,0,0,Exmol_based,Generated using exmol-based algorithm
N=C(C1C[NH2+]CC1c1ccccc1Br)N1CCC(c2ccccc2)CC1,0,Brc1ccccc1C1C[NH2+]CC1C(=O)N1CCC(CC1)c1ccccc1,0,0,0,Exmol_based,Generated using exmol-based algorithm
NC1CC(c2ccccc2)CCN1C(=O)C1C[NH2+]CC1c1ccccc1,0,O=C(N1CCC(CC1)c1ccccc1)C1C[NH2+]CC1c1ccccc1,0,0,0,Exmol_based,Generated using exmol-based algorithm
O=C(CC[NH2+]CCc1ccccc1)N1CCC(c2ccccc2)CC1,0,O=C(N1CCC(CC1)c1ccccc1)C1C[NH2+]CC1c1ccccc1,0,0,0,Exmol_based,Generated using exmol-based algorithm
O.c1ccc(C2CCNCC2)cc1.c1ccc(C2CC[NH2+]C2)cc1,0,O=C(N1CCC(CC1)c1ccccc1)C1C[NH2+]CC1c1ccccc1,0,0,0,Exmol_based,Generated using exmol-based algorithm
CC(C)CN.C[CH]C[C@H](O)[C@H](CC(C)C)NC(=O)[C@H](Cc1ccccc1)NC(=O)/C=C/c1ccc(C(F)(F)F)cc1.O,0,FC(F)(F)c1ccc(cc1)\C=C\C(=O)N[C@@H](Cc1ccccc1)C(=O)N[C@H]([C@@H](O)C[C@H](C(=O)NCC(C)C)C)CC(C)C,0,0,0,Exmol_based,Generated using exmol-based algorithm
CC(C)C[C@H](NC(=O)[C@H](Cc1ccccc1)NC(=O)/C=C/c1ccc(C(F)(F)F)cc1)[C@H](C)O.C[CH]C(=O)NCC(C)C,0,FC(F)(F)c1ccc(cc1)\C=C\C(=O)N[C@@H](Cc1ccccc1)C(=O)N[C@H]([C@@H](O)C[C@H](C(=O)NCC(C)C)C)CC(C)C,0,0,0,Exmol_based,Generated using exmol-based algorithm
CC(C)CNC(=O)[C@H](C)C[C@H](O)[C@H](CC(C)C)NC(=O)[C@@H](NC(=O)/C=C/c1ccc(C(F)(F)F)cc1)Pc1ccccc1,0,FC(F)(F)c1ccc(cc1)\C=C\C(=O)N[C@@H](Cc1ccccc1)C(=O)N[C@H]([C@@H](O)C[C@H](C(=O)NCC(C)C)C)CC(C)C,0,0,0,Exmol_based,Generated using exmol-based algorithm
Cn1c2nc(cc1=O)C(Cc1cccc(Br)c1)N2,0,Brc1cc(ccc1)CCC=1N=C(N)N(C)C(=O)C=1,0,0,0,Exmol_based,Generated using exmol-based algorithm
Cn1c(N)nc(COc2cccc(Br)c2)cc1=O,0,Brc1cc(ccc1)CCC=1N=C(N)N(C)C(=O)C=1,0,0,0,Exmol_based,Generated using exmol-based algorithm
Cn1c(N)nc(CCc2cccc(Br)c2)cc1=O,0,Brc1cc(ccc1)CCC=1N=C(N)N(C)C(=O)C=1,0,0,0,Exmol_based,Generated using exmol-based algorithm
COc1cccc(-c2cpcc(C3(C)N=C(N)CN3C(C)=O)c2)c1,0,O(C)c1cc(ccc1)-c1cc(ccc1)C1(N=C(N)CN1C(=O)C)C,0,0,0,Exmol_based,Generated using exmol-based algorithm
COc1cccc(-c2cccc(C3(C)N=C(N)CN3C(C)=O)c2)c1,0,O(C)c1cc(ccc1)-c1cc(ccc1)C1(N=C(N)CN1C(=O)C)C,0,0,0,Exmol_based,Generated using exmol-based algorithm
COc1cccc(-c2cccc(C3(C#N)N=C(N)CN3C(C)=O)c2)c1,0,O(C)c1cc(ccc1)-c1cc(ccc1)C1(N=C(N)CN1C(=O)C)C,0,0,0,Exmol_based,Generated using exmol-based algorithm
COc1cccc([C@@]2(c3ccccc3)[NH+]=C(N)N3CCC(=S)N=C32)c1,0,O(C)c1cc(ccc1)[C@]1([NH+]=C(N2C1=NCCC2)N)c1ccccc1,0,0,0,Exmol_based,Generated using exmol-based algorithm
CCN1C(=NC)[C@@](c2ccccc2)(c2cccc(OC)c2)[NH+]=C1N,0,O(C)c1cc(ccc1)[C@]1([NH+]=C(N2C1=NCCC2)N)c1ccccc1,0,0,0,Exmol_based,Generated using exmol-based algorithm
COc1cccc([C@@]2(c3ccccc3)[NH+]=CN3CCCN=C32)c1,0,O(C)c1cc(ccc1)[C@]1([NH+]=C(N2C1=NCCC2)N)c1ccccc1,0,0,0,Exmol_based,Generated using exmol-based algorithm
Cn1cnc(C2CC2c2ccc(-c3cccc(CC#N)c3)cc2)cc1=O,0,O=C1N(C)C(=NC(=C1)C1CC1c1ccc(cc1)-c1cc(ccc1)CC#N)N,0,0,0,Exmol_based,Generated using exmol-based algorithm
Cn1c(N)nc(C2CC2c2ccc(-c3cccc(CC#N)c3)cn2)cc1=O,0,O=C1N(C)C(=NC(=C1)C1CC1c1ccc(cc1)-c1cc(ccc1)CC#N)N,0,0,0,Exmol_based,Generated using exmol-based algorithm
Cn1c(N)nc(CCc2ccc(-c3cccc(CC#N)c3)cc2)cc1=O,0,O=C1N(C)C(=NC(=C1)C1CC1c1ccc(cc1)-c1cc(ccc1)CC#N)N,0,0,0,Exmol_based,Generated using exmol-based algorithm
C=C1CC(C)(C2CC2c2cccc(-c3cccc(CO)c3)c2)N=C(N)N1C,0,O=C1N(C)C(=NC(C1)(C)C1CC1c1cc(ccc1)-c1cc(ccc1)CO)N,0,0,0,Exmol_based,Generated using exmol-based algorithm
CN1C(=O)CC(C)(C2C(=N)C2c2cccc(-c3cccc(CO)c3)c2)N=C1N,0,O=C1N(C)C(=NC(C1)(C)C1CC1c1cc(ccc1)-c1cc(ccc1)CO)N,0,0,0,Exmol_based,Generated using exmol-based algorithm
CN1C(=O)CC(C)(C2CC2c2cc(Cl)cc(-c3cccc(CO)c3)c2)N=C1N,0,O=C1N(C)C(=NC(C1)(C)C1CC1c1cc(ccc1)-c1cc(ccc1)CO)N,0,0,0,Exmol_based,Generated using exmol-based algorithm
CNS(=O)(=O)N(c1cccc(F)c1)C1CC[NH+](Cc2ccccc2)C(C)C1,0,S1(=O)(=O)NCC2(N1c1cc(F)ccc1)CC([NH+](CC2)Cc1ccccc1)C,0,0,0,Exmol_based,Generated using exmol-based algorithm
CC1CC2(CC[NH+]1Cc1ccccc1)C(=S)NS(=O)(=O)N2c1cccc(F)c1,0,S1(=O)(=O)NCC2(N1c1cc(F)ccc1)CC([NH+](CC2)Cc1ccccc1)C,0,0,0,Exmol_based,Generated using exmol-based algorithm
CC1CC2(CC[NH+]1Cc1ccccc1)CNS(=O)N2c1cccc(F)c1,0,S1(=O)(=O)NCC2(N1c1cc(F)ccc1)CC([NH+](CC2)Cc1ccccc1)C,0,0,0,Exmol_based,Generated using exmol-based algorithm
CCN(C(C)=C([CH]c1ccccc1)C(=O)N[C@@H](Cc1ccccc1)[C@H](O)C[NH2+]C1CC1)S(C)(=O)=O.O=CNOCc1ccccc1,0,S(=O)(=O)(N1C(C)=C(C(=O)N[C@H]([C@H](O)C[NH2+]C2CC2)Cc2ccccc2)[C@@H](C(C(=O)NOCc2ccccc2)=C1C)c1ccccc1)C,0,0,0,Exmol_based,Generated using exmol-based algorithm
CC1=C(C(=O)N[C@@H](Cc2ccccc2)[C@H](O)C[NH2+]C2CC2)[C@H](c2ccccc2)C(C(=O)NOCc2ccccc2)=CN1S(C)(=O)=O,0,S(=O)(=O)(N1C(C)=C(C(=O)N[C@H]([C@H](O)C[NH2+]C2CC2)Cc2ccccc2)[C@@H](C(C(=O)NOCc2ccccc2)=C1C)c1ccccc1)C,0,0,0,Exmol_based,Generated using exmol-based algorithm
CC1=C(C(=O)NOCc2ccccc2)[C@@H](c2ccccc2)C(C(=O)N[C@@H](Cc2ccccc2)[C@H](O)C[NH2+]C2CC2)=C2C=CS(=O)(=O)N12,0,S(=O)(=O)(N1C(C)=C(C(=O)N[C@H]([C@H](O)C[NH2+]C2CC2)Cc2ccccc2)[C@@H](C(C(=O)NOCc2ccccc2)=C1C)c1ccccc1)C,0,0,0,Exmol_based,Generated using exmol-based algorithm
NC1=[NH+]C(c2ccccc2)(c2cccc(C(F)(F)F)c2)C2=NCCCN21,0,FC(F)(F)c1cc(ccc1)C1([NH+]=C(N2C1=NCCC2)N)c1ccccc1,0,0,0,Exmol_based,Generated using exmol-based algorithm
NC1=[NH+]C(c2ccccc2)(S2=CC=CC(C(F)(F)F)=C2)C2=NCCCN21,0,FC(F)(F)c1cc(ccc1)C1([NH+]=C(N2C1=NCCC2)N)c1ccccc1,0,0,0,Exmol_based,Generated using exmol-based algorithm
NC=[NH+]C(C1=NCCCN1)(c1ccccc1)c1cccc(C(F)(F)F)c1,0,FC(F)(F)c1cc(ccc1)C1([NH+]=C(N2C1=NCCC2)N)c1ccccc1,0,0,0,Exmol_based,Generated using exmol-based algorithm
CC(NC(=O)c1cc(COCC([NH3+])(CCN)Cc2ccccc2)cc(N(C)S(C)(=O)=O)c1)c1ccc(F)cc1,0,S(=O)(=O)(N(C)c1cc(cc(c1)COCC([NH3+])(Cc1ccccc1)CC)C(=O)NC(C)c1ccc(F)cc1)C,0,0,0,Exmol_based,Generated using exmol-based algorithm
CCC([NH3+])(COCc1cc(C(=O)NC(C)c2ccc(F)cc2)cc(N(C)S(C)=O)c1)Cc1ccccc1,0,S(=O)(=O)(N(C)c1cc(cc(c1)COCC([NH3+])(Cc1ccccc1)CC)C(=O)NC(C)c1ccc(F)cc1)C,0,0,0,Exmol_based,Generated using exmol-based algorithm
CCC([NH3+])(COCc1cc(C(=O)NC(C)c2ccc(F)cc2)cc(N(C)S(C)(=O)=O)c1)Cc1ccccc1,0,S(=O)(=O)(N(C)c1cc(cc(c1)COCC([NH3+])(Cc1ccccc1)CC)C(=O)NC(C)c1ccc(F)cc1)C,0,0,0,Exmol_based,Generated using exmol-based algorithm
CN(c1cc(C(=O)NC(F)c2ccc(F)cc2)cc(C(=O)OCC(O)(C[NH3+])Cc2ccccc2)c1)S(C)(=O)=O,0,S(=O)(=O)(N(C)c1cc(cc(c1)C(OCC(O)(Cc1ccccc1)C[NH3+])=O)C(=O)NC(C)c1ccc(F)cc1)C,0,0,0,Exmol_based,Generated using exmol-based algorithm
CN(c1cc(C(=O)NC2Cc3cc2ccc3F)cc(C(=O)OCC(O)(C[NH3+])Cc2ccccc2)c1)S(C)(=O)=O,0,S(=O)(=O)(N(C)c1cc(cc(c1)C(OCC(O)(Cc1ccccc1)C[NH3+])=O)C(=O)NC(C)c1ccc(F)cc1)C,0,0,0,Exmol_based,Generated using exmol-based algorithm
CC(NC(=O)c1cc(C(=O)OCC(O)Cc2ccccc2)cc(N(C)S(C)(=O)=O)c1)c1ccc(F)cc1.[NH3+],0,S(=O)(=O)(N(C)c1cc(cc(c1)C(OCC(O)(Cc1ccccc1)C[NH3+])=O)C(=O)NC(C)c1ccc(F)cc1)C,0,0,0,Exmol_based,Generated using exmol-based algorithm
CC(NC(=O)c1cc(CCCC([NH3+])(CO)Cc2cc3ccc2-3)cc(N(C)S(C)(=O)=O)c1)c1ccc(F)cc1,0,S(=O)(=O)(N(C)c1cc(cc(c1)C(=O)NC(C)c1ccc(F)cc1)CCCC([NH3+])(Cc1ccccc1)CO)C,0,0,0,Exmol_based,Generated using exmol-based algorithm
CC(NC(=O)c1cc(CCCC(CO)Cc2ccccc2)cc(N(C)S(C)(=O)=O)c1)c1ccc(F)cc1.[NH3+],0,S(=O)(=O)(N(C)c1cc(cc(c1)C(=O)NC(C)c1ccc(F)cc1)CCCC([NH3+])(Cc1ccccc1)CO)C,0,0,0,Exmol_based,Generated using exmol-based algorithm
CC(NC(=O)c1cc2cc(c1)N(C)S(=O)(=O)CC(C([NH3+])(CO)Cc1ccccc1)CC2)c1ccc(F)cc1,0,S(=O)(=O)(N(C)c1cc(cc(c1)C(=O)NC(C)c1ccc(F)cc1)CCCC([NH3+])(Cc1ccccc1)CO)C,0,0,0,Exmol_based,Generated using exmol-based algorithm
CCCOc1cccc(C[NH+]C(C)CC2(C)CNS(=O)(=O)N2c2cccc(F)c2)c1,0,S1(=O)(=O)NCC2(N1c1cc(F)ccc1)CC([NH+](CC2)Cc1cc(OCCC)ccc1)C,0,0,0,Exmol_based,Generated using exmol-based algorithm
CCCOc1ccc(Br)c(C[NH+]2CCC3(CNS(=O)(=O)N3c3cccc(F)c3)CC2C)c1,0,S1(=O)(=O)NCC2(N1c1cc(F)ccc1)CC([NH+](CC2)Cc1cc(OCCC)ccc1)C,0,0,0,Exmol_based,Generated using exmol-based algorithm
CCCOc1cccc(C[NH+]2CCC(N(c3cccc(F)c3)S(=O)(=O)NC)CC2C)c1,0,S1(=O)(=O)NCC2(N1c1cc(F)ccc1)CC([NH+](CC2)Cc1cc(OCCC)ccc1)C,0,0,0,Exmol_based,Generated using exmol-based algorithm
CCC[C@@H]1C(C(C)=O)=C(C)N(CC(=O)OC(C)C)C(C)=C1C(=O)N[CH]Cc1ccccc1.COc1cccc(C[NH2+]C[CH]O)c1,0,O(C)c1cc(ccc1)C[NH2+]C[C@@H](O)[C@@H](NC(=O)C=1[C@H](CCC)C(C(=O)C)=C(N(CC(OC(C)C)=O)C=1C)C)Cc1ccccc1,0,0,0,Exmol_based,Generated using exmol-based algorithm
CCC[C@@H]1C(C(C)=O)=C(C)N(CC(=O)OC(C)C)C(C)=C1C(=O)N[C@@H](Cc1cccc(Cl)c1)[C@H](O)C[NH2+]Cc1cccc(OC)c1,0,O(C)c1cc(ccc1)C[NH2+]C[C@@H](O)[C@@H](NC(=O)C=1[C@H](CCC)C(C(=O)C)=C(N(CC(OC(C)C)=O)C=1C)C)Cc1ccccc1,0,0,0,Exmol_based,Generated using exmol-based algorithm
CCC[C@@H]1C(C(C)=O)=C(C)N(CC(=O)OC(C)C)C(C)=C1C(=O)N[C@H]([CH]C[NH2+]Cc1cccc(OC)c1)Cc1ccccc1.O,0,O(C)c1cc(ccc1)C[NH2+]C[C@@H](O)[C@@H](NC(=O)C=1[C@H](CCC)C(C(=O)C)=C(N(CC(OC(C)C)=O)C=1C)C)Cc1ccccc1,0,0,0,Exmol_based,Generated using exmol-based algorithm
CCc1cccc(-c2ccc(CCc3cc(=O)n(C)c(N)n3)cc2)c1,0,O=C1N(C)C(=NC(=C1)C1CC1c1ccc(cc1)-c1cc(ccc1)CC)N,0,0,0,Exmol_based,Generated using exmol-based algorithm
CCc1cccc(-c2ccc(C3CC3c3cc(=O)n(C)c(N)n3)cc2)c1,0,O=C1N(C)C(=NC(=C1)C1CC1c1ccc(cc1)-c1cc(ccc1)CC)N,0,0,0,Exmol_based,Generated using exmol-based algorithm
CCc1cc(=O)n(C)c(N)n1.CCc1cccc(-c2ccccc2)c1,0,O=C1N(C)C(=NC(=C1)C1CC1c1ccc(cc1)-c1cc(ccc1)CC)N,0,0,0,Exmol_based,Generated using exmol-based algorithm
COc1ccc(-c2cccc(C3CC3C(C)CC(=O)N(C)CN)c2)cc1,0,O(C)c1ccc(cc1)-c1cc(ccc1)C1CC1C1(N=C(N)N(C)C(=O)C1)C,0,0,0,Exmol_based,Generated using exmol-based algorithm
COc1ccc(-c2cccc(CCC3(C)CC(=O)N(C)C(N)=N3)c2)cc1,0,O(C)c1ccc(cc1)-c1cc(ccc1)C1CC1C1(N=C(N)N(C)C(=O)C1)C,0,0,0,Exmol_based,Generated using exmol-based algorithm
COc1ccc(-c2cccc(C(C)CC3(C)CC(=O)N(C)C(N)=N3)c2)cc1,0,O(C)c1ccc(cc1)-c1cc(ccc1)C1CC1C1(N=C(N)N(C)C(=O)C1)C,0,0,0,Exmol_based,Generated using exmol-based algorithm
COCc1cccc(-c2ccc(C3CC3c3cc(=O)n(C)c(N)n3)c(C)c2)c1,0,O=C1N(C)C(=NC(=C1)C1CC1c1ccc(cc1)-c1cc(ccc1)COC)N,0,0,0,Exmol_based,Generated using exmol-based algorithm
COCc1cccc2c1-c1c(nc(N)n(C)c1=O)C1CC1c1ccc-2cc1,0,O=C1N(C)C(=NC(=C1)C1CC1c1ccc(cc1)-c1cc(ccc1)COC)N,0,0,0,Exmol_based,Generated using exmol-based algorithm
COCc1ccc2c(c1)-c1ccc(cc1)C1CC1c1nc(N)n(C)c(=O)c1-2,0,O=C1N(C)C(=NC(=C1)C1CC1c1ccc(cc1)-c1cc(ccc1)COC)N,0,0,0,Exmol_based,Generated using exmol-based algorithm
Cn1c(N)nc(C2CC2c2ccc(-c3cccc(CCO)c3)cc2)cc1=N,0,O=C1N(C)C(=NC(=C1)C1CC1c1ccc(cc1)-c1cc(ccc1)CCO)N,0,0,0,Exmol_based,Generated using exmol-based algorithm
Cn1c(N)nc(C2CC2c2ccc(-c3cccc(CCF)c3)cc2)cc1=O,0,O=C1N(C)C(=NC(=C1)C1CC1c1ccc(cc1)-c1cc(ccc1)CCO)N,0,0,0,Exmol_based,Generated using exmol-based algorithm
Cn1c(N)nc(C2C3=C(CO)c4cccc(c4)-c4ccc(cc4)C32)cc1=O,0,O=C1N(C)C(=NC(=C1)C1CC1c1ccc(cc1)-c1cc(ccc1)CCO)N,0,0,0,Exmol_based,Generated using exmol-based algorithm
C1CC1.CCC[C@H]1C(C(=O)N[C@@H](Cc2ccccc2)[C@H](O)C[NH2+])=CN(CC(=O)OC(C)C)C=C1C(=O)OC(C)(C)C,0,O(C(=O)C1=CN(C=C(C(=O)N[C@H]([C@H](O)C[NH2+]C2CC2)Cc2ccccc2)[C@@H]1CCC)CC(OC(C)C)=O)C(C)(C)C,0,0,0,Exmol_based,Generated using exmol-based algorithm
C.CCC[C@H]1C(C(=O)N[C@@H](Cc2ccccc2)[C@H](O)C[NH2+]C2CC2)=CN(CC(=O)OC(C)C)C=C1C(=O)OC(C)C,0,O(C(=O)C1=CN(C=C(C(=O)N[C@H]([C@H](O)C[NH2+]C2CC2)Cc2ccccc2)[C@@H]1CCC)CC(OC(C)C)=O)C(C)(C)C,0,0,0,Exmol_based,Generated using exmol-based algorithm
CCC[C@H]1C(C(=O)N[C@@H](Cc2ccccc2)[C@H](O)C[NH2+]C2CC2)=CN(CC(=O)OCC)C=C1C(=O)OC(C)(C)C,0,O(C(=O)C1=CN(C=C(C(=O)N[C@H]([C@H](O)C[NH2+]C2CC2)Cc2ccccc2)[C@@H]1CCC)CC(OC(C)C)=O)C(C)(C)C,0,0,0,Exmol_based,Generated using exmol-based algorithm
CC(NC(=O)c1cc(C=O)cc(N(C)S(C)(=O)=O)c1)c1ccc(F)cc1.CC(O)(CO)Cc1ccccc1,0,S(=O)(=O)(N(C)c1cc(cc(c1)C(=O)NCC(O)(Cc1ccccc1)CO)C(=O)NC(C)c1ccc(F)cc1)C,0,0,0,Exmol_based,Generated using exmol-based algorithm
CC(NCc1cc(C(=O)NCC(O)(CO)Cc2ccccc2)cc(N(C)S(C)(=O)=O)c1)c1ccc(F)cc1.O,0,S(=O)(=O)(N(C)c1cc(cc(c1)C(=O)NCC(O)(Cc1ccccc1)CO)C(=O)NC(C)c1ccc(F)cc1)C,0,0,0,Exmol_based,Generated using exmol-based algorithm
C.CC(NC(=O)c1cccc(C(=O)NCC(O)(CO)Cc2ccccc2)c1)c1ccc(F)cc1.C[SH](=O)=O,0,S(=O)(=O)(N(C)c1cc(cc(c1)C(=O)NCC(O)(Cc1ccccc1)CO)C(=O)NC(C)c1ccc(F)cc1)C,0,0,0,Exmol_based,Generated using exmol-based algorithm
CCCC(c1ccc(OC)cc1)c1csc(N)n1,0,s1cc(nc1N)C1(CCCC1)c1ccc(OC)cc1,0,0,0,Exmol_based,Generated using exmol-based algorithm
COc1ccccc1.Nc1nc(C2CCCC2)cs1,0,s1cc(nc1N)C1(CCCC1)c1ccc(OC)cc1,0,0,0,Exmol_based,Generated using exmol-based algorithm
COc1ccc(C2(c3csc(N)n3)CCCC2)cc1,0,s1cc(nc1N)C1(CCCC1)c1ccc(OC)cc1,0,0,0,Exmol_based,Generated using exmol-based algorithm
Cn1c(N)nc(CCc2ccc(-c3ccccc3)cc2)cc1=O,0,O=C1N(C)C(=NC(=C1)C1CC1c1ccc(cc1)-c1ccccc1)N,0,0,0,Exmol_based,Generated using exmol-based algorithm
Cn1c(F)nc(C2CC2c2ccc(-c3ccccc3)cc2)cc1=O,0,O=C1N(C)C(=NC(=C1)C1CC1c1ccc(cc1)-c1ccccc1)N,0,0,0,Exmol_based,Generated using exmol-based algorithm
CCc1cc(=O)n(C)c(N)n1.c1ccc(-c2ccccc2)cc1,0,O=C1N(C)C(=NC(=C1)C1CC1c1ccc(cc1)-c1ccccc1)N,0,0,0,Exmol_based,Generated using exmol-based algorithm
CC=O.COc1cccc(C[NH2+]C[C@@H](O)[C@H](Cc2ccccc2)NC(=O)C2=CN(CC(=O)OC(C)C)C(C)=C[C@H]2C)c1,0,O(C)c1cc(ccc1)C[NH2+]C[C@@H](O)[C@@H](NC(=O)C1=CN(CC(OC(C)C)=O)C(C)=C(C(=O)C)[C@H]1C)Cc1ccccc1,0,0,0,Exmol_based,Generated using exmol-based algorithm
COc1cccc(C[NH2+]C[C@@H](O)[C@H](Cc2ccccc2)NC(=O)C2=CN(CC(=O)OC(C)C)C(C)=C(C(C)=O)[C@H]2C)c1,0,O(C)c1cc(ccc1)C[NH2+]C[C@@H](O)[C@@H](NC(=O)C1=CN(CC(OC(C)C)=O)C(C)=C(C(=O)C)[C@H]1C)Cc1ccccc1,0,0,0,Exmol_based,Generated using exmol-based algorithm
COc1cccc(C[NH2+]C[C@@H](O)[C@H](Cc2ccccc2)NC(=O)C2=CN(CCOC(C)C)C(C)=C(C(C)=O)[C@H]2C)c1.O,0,O(C)c1cc(ccc1)C[NH2+]C[C@@H](O)[C@@H](NC(=O)C1=CN(CC(OC(C)C)=O)C(C)=C(C(=O)C)[C@H]1C)Cc1ccccc1,0,0,0,Exmol_based,Generated using exmol-based algorithm
C.CC(=O)C1=CN(CC(=O)OC(C)C)C(C)=C(C(=O)N[C@@H](Cc2ccccc2)[C@H](O)CNc2cccc(F)c2)[C@@H]1C,0,Fc1cc(NC[C@@H](O)[C@@H](NC(=O)C=2[C@H](C)C(C(=O)C)=C(N(CC(OC(C)C)=O)C=2C)C)Cc2ccccc2)ccc1,0,0,0,Exmol_based,Generated using exmol-based algorithm
C.CC1=C[C@@H](C)C(C(=O)N[C@@H](Cc2ccccc2)[C@H](O)CNc2cccc(F)c2)=C(C)N1CC(=O)OC(C)C.O,0,Fc1cc(NC[C@@H](O)[C@@H](NC(=O)C=2[C@H](C)C(C(=O)C)=C(N(CC(OC(C)C)=O)C=2C)C)Cc2ccccc2)ccc1,0,0,0,Exmol_based,Generated using exmol-based algorithm
CC(=O)C1=C(C)N(CC(=O)OC(C)C)C(C)=C(C(=O)N[C@@H](Cc2ccccc2)[C@@H](C)O)[C@@H]1C.Fc1ccccc1,0,Fc1cc(NC[C@@H](O)[C@@H](NC(=O)C=2[C@H](C)C(C(=O)C)=C(N(CC(OC(C)C)=O)C=2C)C)Cc2ccccc2)ccc1,0,0,0,Exmol_based,Generated using exmol-based algorithm
CCC[C@@H]1C(C(C)=O)=C(C)N(CC(=O)OC(C)C)C(C)=C1C(=O)N[C@@H](Cc1ccccc1)[C@H](O)CNc1cccc(O)c1,0,O(C)c1cc(NC[C@@H](O)[C@@H](NC(=O)C=2[C@H](CCC)C(C(=O)C)=C(N(CC(OC(C)C)=O)C=2C)C)Cc2ccccc2)ccc1,0,0,0,Exmol_based,Generated using exmol-based algorithm
CC(=O)OC(C)C.CC=C(C(C)=O)[C@@H](CCC)C(=CC)C(=O)N[C@@H](Cc1ccccc1)[C@H](O)CNc1cccc(OC)c1,0,O(C)c1cc(NC[C@@H](O)[C@@H](NC(=O)C=2[C@H](CCC)C(C(=O)C)=C(N(CC(OC(C)C)=O)C=2C)C)Cc2ccccc2)ccc1,0,0,0,Exmol_based,Generated using exmol-based algorithm
CCC[C@@H]1C(C(C)=O)=C(C)N(CC(=O)OC(C)C)C(C)=C1C(=O)N[C@@H](Cc1ccccc1)[C@H](O)CN(P)c1cccc(OC)c1,0,O(C)c1cc(NC[C@@H](O)[C@@H](NC(=O)C=2[C@H](CCC)C(C(=O)C)=C(N(CC(OC(C)C)=O)C=2C)C)Cc2ccccc2)ccc1,0,0,0,Exmol_based,Generated using exmol-based algorithm
NC1=NC2(c3cccc(-c4cccc(F)c4)c3)CCCCC2O1,0,Clc1cc(cc(F)c1)-c1cc(ccc1)C12N=C(OC1CCCC2)N,0,0,0,Exmol_based,Generated using exmol-based algorithm
Fc1cc(Cl)cc(-c2cccc(C34CCCCC3OC(P)=N4)c2)c1,0,Clc1cc(cc(F)c1)-c1cc(ccc1)C12N=C(OC1CCCC2)N,0,0,0,Exmol_based,Generated using exmol-based algorithm
CCCC1OC(N)=NC1c1cccc(-c2cc(F)cc(Cl)c2)c1,0,Clc1cc(cc(F)c1)-c1cc(ccc1)C12N=C(OC1CCCC2)N,0,0,0,Exmol_based,Generated using exmol-based algorithm
COC(=O)C1=C(C)N(CCCOC(C)=O)C(C)=C(C(=O)N[C@@H](Cc2ccccc2)[C@H](O)C[NH2+]C2CC2)[C@@H]1C.c1ccccc1,0,O(C(=O)C=1[C@@H](C)C(C(=O)N[C@H]([C@H](O)C[NH2+]C2CC2)Cc2ccccc2)=C(N(CCCOC(=O)C)C=1C)C)Cc1ccccc1,0,0,0,Exmol_based,Generated using exmol-based algorithm
CC[NH2+]C[C@@H](O)[C@H](Cc1ccccc1)NC(=O)C1=C(C)N(CCCOC(C)=O)C(C)=C(C(=O)OCc2ccccc2)[C@H]1C,0,O(C(=O)C=1[C@@H](C)C(C(=O)N[C@H]([C@H](O)C[NH2+]C2CC2)Cc2ccccc2)=C(N(CCCOC(=O)C)C=1C)C)Cc1ccccc1,0,0,0,Exmol_based,Generated using exmol-based algorithm
CC.CC(=O)OCCCN1C(C)=C(C(=O)N[C@@H](Cc2ccccc2)[C@H](O)C[NH2+])[C@H](C)C(C(=O)OCc2ccccc2)=C1C,0,O(C(=O)C=1[C@@H](C)C(C(=O)N[C@H]([C@H](O)C[NH2+]C2CC2)Cc2ccccc2)=C(N(CCCOC(=O)C)C=1C)C)Cc1ccccc1,0,0,0,Exmol_based,Generated using exmol-based algorithm
CCC[C@@H]1C(C(C)=O)=C(C)N(CC(=O)OC(C)C)C(C)=C1C(=O)N[CH]Cc1ccccc1.O[CH]CNc1cccc(F)c1,0,Fc1cc(NC[C@@H](O)[C@@H](NC(=O)C=2[C@H](CCC)C(C(=O)C)=C(N(CC(OC(C)C)=O)C=2C)C)Cc2ccccc2)ccc1,0,0,0,Exmol_based,Generated using exmol-based algorithm
CC(=O)C1=C(C)N(CC(=O)OC(C)C)C(C)=C(C(=O)N[C@@H](Cc2ccccc2)[C@H](O)CNc2cccc(F)c2)[C@@H]1CCBr,0,Fc1cc(NC[C@@H](O)[C@@H](NC(=O)C=2[C@H](CCC)C(C(=O)C)=C(N(CC(OC(C)C)=O)C=2C)C)Cc2ccccc2)ccc1,0,0,0,Exmol_based,Generated using exmol-based algorithm
CCC[C@H]1C=C(C)N(CC(=O)OC(C)C)C(C)=C1C(C)=O.O=CN[C@@H](Cc1ccccc1)[C@H](O)CNc1cccc(F)c1,0,Fc1cc(NC[C@@H](O)[C@@H](NC(=O)C=2[C@H](CCC)C(C(=O)C)=C(N(CC(OC(C)C)=O)C=2C)C)Cc2ccccc2)ccc1,0,0,0,Exmol_based,Generated using exmol-based algorithm
CC1(C)Cc2ccccc2C(NC(C[O-])Cc2ccccc2)=N1.O,0,O=C([O-])C(NC1=NC(Cc2c1cccc2)(C)C)Cc1ccccc1,0,0,0,Exmol_based,Generated using exmol-based algorithm
CC(C)Cc1ccccc1C(=N)NC(Cc1ccccc1)C(=O)[O-],0,O=C([O-])C(NC1=NC(Cc2c1cccc2)(C)C)Cc1ccccc1,0,0,0,Exmol_based,Generated using exmol-based algorithm
CC1(C)Cc2ccccc2C=N1.NC(Cc1ccccc1)C(=O)[O-],0,O=C([O-])C(NC1=NC(Cc2c1cccc2)(C)C)Cc1ccccc1,0,0,0,Exmol_based,Generated using exmol-based algorithm
NC1=NC2(c3cccc(NC(=O)c4ccc(F)cp4)c3)CCOCC2O1,0,Fc1ccc(nc1)C(=O)Nc1cc(ccc1)C12N=C(OC1COCC2)N,0,0,0,Exmol_based,Generated using exmol-based algorithm
CC1OC(N)=NC1(CCO)c1cccc(NC(=O)c2ccc(F)cn2)c1,0,Fc1ccc(nc1)C(=O)Nc1cc(ccc1)C12N=C(OC1COCC2)N,0,0,0,Exmol_based,Generated using exmol-based algorithm
NC1=NC2(c3cccc(NC(=O)c4ccc(F)cn4)c3)CCOCC2O1,0,Fc1ccc(nc1)C(=O)Nc1cc(ccc1)C12N=C(OC1COCC2)N,0,0,0,Exmol_based,Generated using exmol-based algorithm
CC1=C(C=O)[C@@H](C)C(C(=O)N[C@@H](Cc2ccccc2)[C@H](O)C[NH2+]C2CC2)=C(C)N1CC(=O)N(C)C(C)C.Cc1ccccc1,0,O(C(=O)C=1[C@@H](C)C(C(=O)N[C@H]([C@H](O)C[NH2+]C2CC2)Cc2ccccc2)=C(N(CC(=O)N(C(C)C)C)C=1C)C)Cc1ccccc1,0,0,0,Exmol_based,Generated using exmol-based algorithm
C.CC(NCC(=O)N(C)C(C)C)=C(C(=O)OCc1ccccc1)[C@@H](C)CC(=O)N[C@@H](Cc1ccccc1)[C@H](O)C[NH2+]C1CC1,0,O(C(=O)C=1[C@@H](C)C(C(=O)N[C@H]([C@H](O)C[NH2+]C2CC2)Cc2ccccc2)=C(N(CC(=O)N(C(C)C)C)C=1C)C)Cc1ccccc1,0,0,0,Exmol_based,Generated using exmol-based algorithm
CC1=C(C(=O)N[C@@H](Cc2ccccc2)[C@H](O)C[NH2+]C2CC2)[C@H](C)C(C(=O)OCc2ccccc2)=C(C)N1CC(=O)N(C)C(C)Br,0,O(C(=O)C=1[C@@H](C)C(C(=O)N[C@H]([C@H](O)C[NH2+]C2CC2)Cc2ccccc2)=C(N(CC(=O)N(C(C)C)C)C=1C)C)Cc1ccccc1,0,0,0,Exmol_based,Generated using exmol-based algorithm
CC1=C(C(=O)N[C@@H](C)[C@H](O)C[NH2+]C2CC2)[C@H](C)C(C(=O)OCc2ccccc2)=C(C)N1CC(=O)N1CCOCC1.c1ccccc1,0,O1CCN(CC1)C(=O)CN1C(C)=C(C(=O)N[C@H]([C@H](O)C[NH2+]C2CC2)Cc2ccccc2)[C@H](C)C(C(OCc2ccccc2)=O)=C1C,0,0,0,Exmol_based,Generated using exmol-based algorithm
CC=C(C(=O)OCc1ccccc1)[C@@H](C)C(C(=O)N[C@@H](Cc1ccccc1)[C@H](O)C[NH2+]C1CC1)=C(C)NCC(=O)N1CCOCC1,0,O1CCN(CC1)C(=O)CN1C(C)=C(C(=O)N[C@H]([C@H](O)C[NH2+]C2CC2)Cc2ccccc2)[C@H](C)C(C(OCc2ccccc2)=O)=C1C,0,0,0,Exmol_based,Generated using exmol-based algorithm
CC1=C(C(=O)N[C@@H](Cc2ccccc2)[C@@H](C[NH2+]C2CC2)OCl)[C@H](C)C(C(=O)OCc2ccccc2)=C(C)N1CC(=O)N1CCOCC1,0,O1CCN(CC1)C(=O)CN1C(C)=C(C(=O)N[C@H]([C@H](O)C[NH2+]C2CC2)Cc2ccccc2)[C@H](C)C(C(OCc2ccccc2)=O)=C1C,0,0,0,Exmol_based,Generated using exmol-based algorithm
CC(=O)C1=C(C)N(CC(=O)OC(C)C)C(C)=C(C(=O)N[C@@H](Oc2ccccc2)[C@H](O)C[NH2+]C2CC2)[C@@H]1C,0,O(C(C)C)C(=O)CN1C(C)=C(C(=O)C)[C@@H](C)C(C(=O)N[C@H]([C@H](O)C[NH2+]C2CC2)Cc2ccccc2)=C1C,0,0,0,Exmol_based,Generated using exmol-based algorithm
CC[NH2+]C[C@@H](O)[C@H](Cc1ccccc1)NC(=O)C1=C(C)N(CC(=O)OC(C)C)C(C)=C(C(C)=O)[C@H]1C,0,O(C(C)C)C(=O)CN1C(C)=C(C(=O)C)[C@@H](C)C(C(=O)N[C@H]([C@H](O)C[NH2+]C2CC2)Cc2ccccc2)=C1C,0,0,0,Exmol_based,Generated using exmol-based algorithm
CC(=O)C1=C(C)N(CC(=O)OC(C)C)C(C)=C(CN[C@@H](Cc2ccccc2)[C@H](O)C[NH2+]C2CC2)[C@@H]1C.O,0,O(C(C)C)C(=O)CN1C(C)=C(C(=O)C)[C@@H](C)C(C(=O)N[C@H]([C@H](O)C[NH2+]C2CC2)Cc2ccccc2)=C1C,0,0,0,Exmol_based,Generated using exmol-based algorithm
CC(=O)C1=C(C)N(CC(=O)O)C=C(C(=O)N[C@@H](Cc2ccccc2)[C@H](O)CNc2cccc(F)c2)[C@@H]1C.CCC,0,Fc1cc(NC[C@@H](O)[C@@H](NC(=O)C2=CN(CC(OC(C)C)=O)C(C)=C(C(=O)C)[C@H]2C)Cc2ccccc2)ccc1,0,0,0,Exmol_based,Generated using exmol-based algorithm
CC=C(C(C)=O)[C@@H](C)C(=CNCC(=O)OC(C)C)C(=O)N[C@@H](Cc1ccccc1)[C@H](O)CNc1cccc(F)c1,0,Fc1cc(NC[C@@H](O)[C@@H](NC(=O)C2=CN(CC(OC(C)C)=O)C(C)=C(C(=O)C)[C@H]2C)Cc2ccccc2)ccc1,0,0,0,Exmol_based,Generated using exmol-based algorithm
CC1=C[C@@H](C)C(C(=O)N[C@@H](Cc2ccccc2)[C@H](O)CNc2cccc(F)c2)=CN1CC(=O)OC(C)C.CC=O,0,Fc1cc(NC[C@@H](O)[C@@H](NC(=O)C2=CN(CC(OC(C)C)=O)C(C)=C(C(=O)C)[C@H]2C)Cc2ccccc2)ccc1,0,0,0,Exmol_based,Generated using exmol-based algorithm
O=C(OCc1ccccc1)C1CC2(C[NH2+]1)C(=O)Nc1ccccc12,0,Brc1ccc(cc1)COC(=O)C1[NH2+]CC2(C1)c1c(NC2=O)cccc1,0,0,0,Exmol_based,Generated using exmol-based algorithm
O=C1Nc2ccccc2C12C[NH2+]C(COCc1ccc(Br)cc1)C2,0,Brc1ccc(cc1)COC(=O)C1[NH2+]CC2(C1)c1c(NC2=O)cccc1,0,0,0,Exmol_based,Generated using exmol-based algorithm
C[NH2+]C(CC1C(=O)Nc2ccccc21)C(=O)OCc1ccc(Br)cc1,0,Brc1ccc(cc1)COC(=O)C1[NH2+]CC2(C1)c1c(NC2=O)cccc1,0,0,0,Exmol_based,Generated using exmol-based algorithm
CCC[C@H]1C(C(=O)N[C@@H](Cc2ccccc2)[C@H](O)C[NH2+]C2CC2)=CN2C=C1C(=O)N[C@H](C)c1ccc(cc1)CC(C)OC(=O)C2,0,O(C(C)C)C(=O)CN1C=C(C(=O)N[C@H](C)c2ccccc2)[C@@H](CCC)C(=C1)C(=O)N[C@H]([C@H](O)C[NH2+]C1CC1)Cc1ccccc1,0,0,0,Exmol_based,Generated using exmol-based algorithm
CCC[C@H]1C(C(=O)N[C@H]2Cc3cccc(c3)C([NH2+]C3CC3)[C@H]2O)=CN(CC(=O)OC(C)C)C=C1C(=O)N[C@H](C)c1ccccc1,0,O(C(C)C)C(=O)CN1C=C(C(=O)N[C@H](C)c2ccccc2)[C@@H](CCC)C(=C1)C(=O)N[C@H]([C@H](O)C[NH2+]C1CC1)Cc1ccccc1,0,0,0,Exmol_based,Generated using exmol-based algorithm
C.C.CCC[C@H]1C(C(=O)N[C@@H](Cc2ccccc2)[C@H](O)C[NH2+]C2CC2)=CN(CC(=O)O)C=C1C(=O)N[C@H](C)c1ccccc1,0,O(C(C)C)C(=O)CN1C=C(C(=O)N[C@H](C)c2ccccc2)[C@@H](CCC)C(=C1)C(=O)N[C@H]([C@H](O)C[NH2+]C1CC1)Cc1ccccc1,0,0,0,Exmol_based,Generated using exmol-based algorithm
C.CC(NC(=O)c1cc(-c2nncs2)cc(N(C)S(C)(=O)=O)c1)c1ccc(F)cc1.Cc1ccccc1.[NH3+],0,s1c(nnc1C([NH3+])(Cc1ccccc1)C)-c1cc(cc(N(S(=O)(=O)C)C)c1)C(=O)NC(C)c1ccc(F)cc1,0,0,0,Exmol_based,Generated using exmol-based algorithm
CCc1ccc(F)cc1.CN(c1cc(C(N)=O)cc(-c2nnc(C(C)([NH3+])Cc3ccccc3)s2)c1)S(C)(=O)=O,0,s1c(nnc1C([NH3+])(Cc1ccccc1)C)-c1cc(cc(N(S(=O)(=O)C)C)c1)C(=O)NC(C)c1ccc(F)cc1,0,0,0,Exmol_based,Generated using exmol-based algorithm
CNc1cc(C(=O)NC(C)c2ccc(F)cc2)cc(-c2nnc(C(C)([NH3+])Cc3ccccc3)s2)c1.C[SH](=O)=O,0,s1c(nnc1C([NH3+])(Cc1ccccc1)C)-c1cc(cc(N(S(=O)(=O)C)C)c1)C(=O)NC(C)c1ccc(F)cc1,0,0,0,Exmol_based,Generated using exmol-based algorithm
CC(=O)NC(Cc1cc(F)cc(F)c1)C(O)C[NH2+]C1(C2=CC=CS2=O)CCCCC1,0,s1cccc1C1([NH2+]CC(O)C(NC(=O)C)Cc2cc(F)cc(F)c2)CCCCC1,0,0,0,Exmol_based,Generated using exmol-based algorithm
CC(=O)NC(Cc1cc(F)cc(F)c1)C(O)C[NH2+]C1(c2cncs2)CCCCC1,0,s1cccc1C1([NH2+]CC(O)C(NC(=O)C)Cc2cc(F)cc(F)c2)CCCCC1,0,0,0,Exmol_based,Generated using exmol-based algorithm
CCC(CC)([NH2+]CC(O)C(Cc1cc(F)cc(F)c1)NC(C)=O)c1cccs1,0,s1cccc1C1([NH2+]CC(O)C(NC(=O)C)Cc2cc(F)cc(F)c2)CCCCC1,0,0,0,Exmol_based,Generated using exmol-based algorithm
CN1CC(N)=N[C@@](C)(c2cccc(NC(=O)c3ccccn3)c2)C1=O.Cl,0,Clc1ccc(nc1)C(=O)Nc1cc(ccc1)[C@@]1(N=C(N)CN(C)C1=O)C,0,0,0,Exmol_based,Generated using exmol-based algorithm
CNCC(N)=N[C](C)c1cccc(NC(=O)c2ccc(Cl)cn2)c1.O,0,Clc1ccc(nc1)C(=O)Nc1cc(ccc1)[C@@]1(N=C(N)CN(C)C1=O)C,0,0,0,Exmol_based,Generated using exmol-based algorithm
CN1CC(N=N)=N[C@@](C)(c2cccc(NC(=O)c3ccc(Cl)cn3)c2)C1=O,0,Clc1ccc(nc1)C(=O)Nc1cc(ccc1)[C@@]1(N=C(N)CN(C)C1=O)C,0,0,0,Exmol_based,Generated using exmol-based algorithm
CN1C[C@](C)(c2cccc(N(N)C(=O)c3ccc(Cl)cn3)c2)N=C(N)C1=O,0,Clc1ccc(nc1)C(=O)Nc1cc(ccc1)[C@@]1(N=C(N)C(=O)N(C1)C)C,0,0,0,Exmol_based,Generated using exmol-based algorithm
C[C]1CN(C)C(=O)C(N)=N1.O=C(Nc1ccccc1)c1ccc(Cl)cn1,0,Clc1ccc(nc1)C(=O)Nc1cc(ccc1)[C@@]1(N=C(N)C(=O)N(C1)C)C,0,0,0,Exmol_based,Generated using exmol-based algorithm
CN1C[C@](C)(c2cccc(NC(=O)c3ccc(Cl)cn3)c2)N=CC1=O.N,0,Clc1ccc(nc1)C(=O)Nc1cc(ccc1)[C@@]1(N=C(N)C(=O)N(C1)C)C,0,0,0,Exmol_based,Generated using exmol-based algorithm
CN1C[C@](C)(c2cc(NC(=O)c3ccc(Cl)cn3)ccc2F)N=C(N)C1=O,0,Clc1ccc(nc1)C(=O)Nc1cc([C@@]2(N=C(N)C(=O)N(C2)C)C)c(F)cc1,0,0,0,Exmol_based,Generated using exmol-based algorithm
C=NC1=N[C@@](C)(c2cc(NC(=O)c3ccc(Cl)cn3)ccc2F)CN(C)C1=O,0,Clc1ccc(nc1)C(=O)Nc1cc([C@@]2(N=C(N)C(=O)N(C2)C)C)c(F)cc1,0,0,0,Exmol_based,Generated using exmol-based algorithm
C[C](CN(C)C(=O)C(=N)N)c1cc(NC(=O)c2ccc(Cl)cn2)ccc1F,0,Clc1ccc(nc1)C(=O)Nc1cc([C@@]2(N=C(N)C(=O)N(C2)C)C)c(F)cc1,0,0,0,Exmol_based,Generated using exmol-based algorithm
CC1(C)Cc2ccc(cc2)[C@@]2([NH+]=C(N)N3CCCN=C32)c2cccc1c2,0,[NH+]=1[C@@](C=2N(CCCN=2)C=1N)(c1cc(ccc1)C(C)(C)C)c1ccccc1,0,0,0,Exmol_based,Generated using exmol-based algorithm
CC(C)(C)c1cccc([C@@]2(c3ccccc3)[NH+]=C(N)N3CCCN=S32)c1,0,[NH+]=1[C@@](C=2N(CCCN=2)C=1N)(c1cc(ccc1)C(C)(C)C)c1ccccc1,0,0,0,Exmol_based,Generated using exmol-based algorithm
CC(C)c1cccc([C@@]2(c3ccccc3)[NH+]=C(N)N3CCCN=C32)c1,0,[NH+]=1[C@@](C=2N(CCCN=2)C=1N)(c1cc(ccc1)C(C)(C)C)c1ccccc1,0,0,0,Exmol_based,Generated using exmol-based algorithm
C.CCC[C@H]1C(C(=O)N[C@@H](Cc2ccccc2)[C@H](O)CNc2cccc(OC)c2)=CN(CC(=O)OC(C)C)C=C1C(=O)OC(C)C,0,O(C)c1cc(NC[C@@H](O)[C@@H](NC(=O)C2=CN(C=C(C(OC(C)(C)C)=O)[C@H]2CCC)CC(OC(C)C)=O)Cc2ccccc2)ccc1,0,0,0,Exmol_based,Generated using exmol-based algorithm
CCC[C@H]1C(C(=O)N[C@@H](Cc2ccccc2)[C@H](O)CNc2cccc(OC)c2)=CN(CC(=O)OCC)C=C1C(=O)OC(C)(C)C,0,O(C)c1cc(NC[C@@H](O)[C@@H](NC(=O)C2=CN(C=C(C(OC(C)(C)C)=O)[C@H]2CCC)CC(OC(C)C)=O)Cc2ccccc2)ccc1,0,0,0,Exmol_based,Generated using exmol-based algorithm
C#CC(C)(C)OC(=O)C1=CN(CC(=O)OC(C)C)C=C(C(=O)N[C@@H](Cc2ccccc2)[C@H](O)CNc2cccc(OC)c2)[C@@H]1CCC,0,O(C)c1cc(NC[C@@H](O)[C@@H](NC(=O)C2=CN(C=C(C(OC(C)(C)C)=O)[C@H]2CCC)CC(OC(C)C)=O)Cc2ccccc2)ccc1,0,0,0,Exmol_based,Generated using exmol-based algorithm
CCC[C@H]1C(C(=O)N[C@@H](Cc2ccccc2)[C@H](O)CNc2cccc(OC)c2)=CN(CC(=O)OC(C)C)C=C1C(=O)N(N)[C@H](C)c1ccccc1,0,O(C)c1cc(NC[C@@H](O)[C@@H](NC(=O)C2=CN(C=C(C(=O)N[C@H](C)c3ccccc3)[C@H]2CCC)CC(OC(C)C)=O)Cc2ccccc2)ccc1,0,0,0,Exmol_based,Generated using exmol-based algorithm
C.COc1cccc(NC[C@@H](O)[C@H](Cc2ccccc2)NC(=O)C2=CN(CC(=O)OC(C)C)C=C(C(=O)N[C@H](C)c3ccccc3)[C@H]2C)c1,0,O(C)c1cc(NC[C@@H](O)[C@@H](NC(=O)C2=CN(C=C(C(=O)N[C@H](C)c3ccccc3)[C@H]2CCC)CC(OC(C)C)=O)Cc2ccccc2)ccc1,0,0,0,Exmol_based,Generated using exmol-based algorithm
CCC[C@H]1C(C(=O)N[C@@H](Cc2ccccc2)[C@H](O)CNc2cccc(OC)c2)=CN(CC(=O)OC(C)C)C=C1C(=O)N[C@H](C)c1ccccc1,0,O(C)c1cc(NC[C@@H](O)[C@@H](NC(=O)C2=CN(C=C(C(=O)N[C@H](C)c3ccccc3)[C@H]2CCC)CC(OC(C)C)=O)Cc2ccccc2)ccc1,0,0,0,Exmol_based,Generated using exmol-based algorithm
CC(C)O[PH](=O)CN1C=C(C(=O)N[C@@H](Cc2ccccc2)[C@H](O)C[NH2+]C2CC2)[C@H](C)C(C(=O)OC(C)(C)C)=C1,0,O(C(=O)C1=CN(C=C(C(=O)N[C@H]([C@H](O)C[NH2+]C2CC2)Cc2ccccc2)[C@@H]1C)CC(OC(C)C)=O)C(C)(C)C,0,0,0,Exmol_based,Generated using exmol-based algorithm
CC(C)OC(=O)CN1C=C(C(=O)N[C@@H](Cc2ccccc2)[C@H](O)C[NH2+]C2CC2)[C@H](C)C(C(=O)OC(C)C)=C1,0,O(C(=O)C1=CN(C=C(C(=O)N[C@H]([C@H](O)C[NH2+]C2CC2)Cc2ccccc2)[C@@H]1C)CC(OC(C)C)=O)C(C)(C)C,0,0,0,Exmol_based,Generated using exmol-based algorithm
CC(C)OC(=O)CN1C=C(C(=O)CC(C)(C)C)[C@@H](C)C(C(=O)N[C@@H](Cc2ccccc2)[C@H](O)C[NH2+]C2CC2)=C1,0,O(C(=O)C1=CN(C=C(C(=O)N[C@H]([C@H](O)C[NH2+]C2CC2)Cc2ccccc2)[C@@H]1C)CC(OC(C)C)=O)C(C)(C)C,0,0,0,Exmol_based,Generated using exmol-based algorithm
COc1ccc(C(Cc2ccccc2)c2csc(N)n2)cn1,0,s1cc(nc1N)C(Cc1ccccc1)c1ccc(OC)cc1,0,0,0,Exmol_based,Generated using exmol-based algorithm
COc1ccc(C(C)c2csc(N)n2)cc1.c1ccccc1,0,s1cc(nc1N)C(Cc1ccccc1)c1ccc(OC)cc1,0,0,0,Exmol_based,Generated using exmol-based algorithm
C.Nc1nc(C(Cc2ccccc2)c2ccccc2)cs1,0,s1cc(nc1N)C(Cc1ccccc1)c1ccc(OC)cc1,0,0,0,Exmol_based,Generated using exmol-based algorithm
C.CC(C)OC(=O)CN(C=CC(=O)N[C@@H](Cc1ccccc1)[C@H](O)C[NH2+]C1CC1)C=CC(=O)N[C@H](C)c1ccccc1,0,O(C(C)C)C(=O)CN1C=C(C(=O)N[C@H](C)c2ccccc2)[C@@H](C)C(=C1)C(=O)N[C@H]([C@H](O)C[NH2+]C1CC1)Cc1ccccc1,0,0,0,Exmol_based,Generated using exmol-based algorithm
CC(C)OC(=O)CN1C=C(C(=O)N[C@@H](Cc2ccccc2)[C@H](O)C[NH2+]C2CC2)[C@H](C)C(C(=O)N[C@H](C)c2ccccc2)=C1,0,O(C(C)C)C(=O)CN1C=C(C(=O)N[C@H](C)c2ccccc2)[C@@H](C)C(=C1)C(=O)N[C@H]([C@H](O)C[NH2+]C1CC1)Cc1ccccc1,0,0,0,Exmol_based,Generated using exmol-based algorithm
CC(C)OC(=O)CN1C=C(C(N)=O)[C@H](C)C(C(=O)N[C@H](C)c2ccccc2)=C1.O[C@@H]([CH]Cc1ccccc1)C[NH2+]C1CC1,0,O(C(C)C)C(=O)CN1C=C(C(=O)N[C@H](C)c2ccccc2)[C@@H](C)C(=C1)C(=O)N[C@H]([C@H](O)C[NH2+]C1CC1)Cc1ccccc1,0,0,0,Exmol_based,Generated using exmol-based algorithm
CCC[C@@H]1C(C(C)=O)=C(C)N(CC(=O)OC(C)C)C(C)=C1C(=O)N[C@H]([CH]C[NH2+]C1CC1)Cc1ccccc1.O,0,O(C(C)C)C(=O)CN1C(C)=C(C(=O)C)[C@@H](CCC)C(C(=O)N[C@H]([C@H](O)C[NH2+]C2CC2)Cc2ccccc2)=C1C,0,0,0,Exmol_based,Generated using exmol-based algorithm
CCC[C@@H]1C(C(C)=O)=C(C)N(CC(=O)OCC)C(C)=C1C(=O)N[C@@H](Cc1ccccc1)[C@H](O)C[NH2+]C1CC1,0,O(C(C)C)C(=O)CN1C(C)=C(C(=O)C)[C@@H](CCC)C(C(=O)N[C@H]([C@H](O)C[NH2+]C2CC2)Cc2ccccc2)=C1C,0,0,0,Exmol_based,Generated using exmol-based algorithm
CC(=O)OC(C)C.CCC[C@@H]1C(C(C)=O)=C(C)NC(C)=C1C(=O)N[C@@H](Cc1ccccc1)[C@H](O)C[NH2+]C1CC1,0,O(C(C)C)C(=O)CN1C(C)=C(C(=O)C)[C@@H](CCC)C(C(=O)N[C@H]([C@H](O)C[NH2+]C2CC2)Cc2ccccc2)=C1C,0,0,0,Exmol_based,Generated using exmol-based algorithm
N#Cc1cccc(-c2cccc(C3(N=C(N)O)CCCCC3)c2)c1,0,O1C2CCCCC2(N=C1N)c1cc(ccc1)-c1cc(ccc1)C#N,0,0,0,Exmol_based,Generated using exmol-based algorithm
N#Cc1cccc(-c2cccc(C34CCCCC3OC(N)=N4)c2)c1,0,O1C2CCCCC2(N=C1N)c1cc(ccc1)-c1cc(ccc1)C#N,0,0,0,Exmol_based,Generated using exmol-based algorithm
N.N#Cc1cccc(-c2cccc(C3(N)CCCCC3O)c2)c1,0,O1C2CCCCC2(N=C1N)c1cc(ccc1)-c1cc(ccc1)C#N,0,0,0,Exmol_based,Generated using exmol-based algorithm
Cn1c(N)nc(C2CC23c2ccc(cc2)-c2cccc(c2)OCC2CC23)cc1=O,0,O(CC1CC1)c1cc(ccc1)-c1ccc(cc1)C1CC1C=1N=C(N)N(C)C(=O)C=1,0,0,0,Exmol_based,Generated using exmol-based algorithm
Cn1c(N)nccc1=O.c1cc(OCC2CC2)cc(-c2ccc(C3CC3)cc2)c1,0,O(CC1CC1)c1cc(ccc1)-c1ccc(cc1)C1CC1C=1N=C(N)N(C)C(=O)C=1,0,0,0,Exmol_based,Generated using exmol-based algorithm
CCc1cc(=O)n(C)c(N)n1.c1ccc(-c2cccc(OCC3CC3)c2)cc1,0,O(CC1CC1)c1cc(ccc1)-c1ccc(cc1)C1CC1C=1N=C(N)N(C)C(=O)C=1,0,0,0,Exmol_based,Generated using exmol-based algorithm
CCn1ccc2c(N3CCCC3=O)cc(C(=O)NCCc3ccccc3)cc21.COc1cccc(C(C)(C)[NH2+]CCO)c1,0,O(C)c1cc(ccc1)C([NH2+]CC(O)C(NC(=O)c1cc(N2CCCC2=O)c2c(n(cc2)CC)c1)Cc1ccccc1)(C)C,0,0,0,Exmol_based,Generated using exmol-based algorithm
CCn1ccc2c3cc(cc21)C(=O)N(C(Cc1ccccc1)C(O)C[NH2+]C(C)(C)c1cccc(OC)c1)C1CC(=O)N3C1,0,O(C)c1cc(ccc1)C([NH2+]CC(O)C(NC(=O)c1cc(N2CCCC2=O)c2c(n(cc2)CC)c1)Cc1ccccc1)(C)C,0,0,0,Exmol_based,Generated using exmol-based algorithm
CCn1ccc2c(N3CCCC3=O)cc(C(=O)NC(Cc3ccccc3)C(O)C[PH2+]C(C)(C)c3cccc(OC)c3)cc21,0,O(C)c1cc(ccc1)C([NH2+]CC(O)C(NC(=O)c1cc(N2CCCC2=O)c2c(n(cc2)CC)c1)Cc1ccccc1)(C)C,0,0,0,Exmol_based,Generated using exmol-based algorithm
NC1=NC2(c3cccc(-c4cncnc4)c3)CCPCC2O1,0,O1C2CCCCC2(N=C1N)c1cc(ccc1)-c1cncnc1,0,0,0,Exmol_based,Generated using exmol-based algorithm
CCCC1OC(N)=NC1(C)c1cccc(-c2cncnc2)c1,0,O1C2CCCCC2(N=C1N)c1cc(ccc1)-c1cncnc1,0,0,0,Exmol_based,Generated using exmol-based algorithm
CCC1OC(N)=NC1(CC)c1cccc(-c2cncnc2)c1,0,O1C2CCCCC2(N=C1N)c1cc(ccc1)-c1cncnc1,0,0,0,Exmol_based,Generated using exmol-based algorithm
CCC1(c2cccc(-c3cccc(OC)c3)c2)N=C(N)OC1C,0,O1C2COCCC2(N=C1N)c1cc(ccc1)-c1cc(OC)ccc1,0,0,0,Exmol_based,Generated using exmol-based algorithm
NC1=NC2(c3cccc(-c4cccc(O)c4)c3)CCOCC2O1,0,O1C2COCCC2(N=C1N)c1cc(ccc1)-c1cc(OC)ccc1,0,0,0,Exmol_based,Generated using exmol-based algorithm
COc1cccc(-c2cc(C34CCOCC3OC(N)=N4)ccc2N)c1,0,O1C2COCCC2(N=C1N)c1cc(ccc1)-c1cc(OC)ccc1,0,0,0,Exmol_based,Generated using exmol-based algorithm
Nc1nc(C23CCCC2c2cc3ccc2Cl)cs1,0,Clc1ccc(cc1)C1(CCCC1)c1nc(sc1)N,0,0,0,Exmol_based,Generated using exmol-based algorithm
PNc1nc(C2(c3ccc(Cl)cc3)CCCC2)cs1,0,Clc1ccc(cc1)C1(CCCC1)c1nc(sc1)N,0,0,0,Exmol_based,Generated using exmol-based algorithm
Nc1nc(S2(c3ccc(Cl)cc3)CCCC2)cs1,0,Clc1ccc(cc1)C1(CCCC1)c1nc(sc1)N,0,0,0,Exmol_based,Generated using exmol-based algorithm
CCCCn1cc(C(=O)NC2Cc3ccccc3OC2C[NH2+]Cc2cccc(OC)c2)c2ccccc21,0,O(C)c1cc(ccc1)C[NH2+]CC(O)C(NC(=O)c1c2c(n(c1)CCCC)cccc2)Cc1ccccc1,0,0,0,Exmol_based,Generated using exmol-based algorithm
CCCCn1cc(CNC(Cc2ccccc2)C(O)C[NH2+]Cc2cccc(OC)c2)c2ccccc21.O,0,O(C)c1cc(ccc1)C[NH2+]CC(O)C(NC(=O)c1c2c(n(c1)CCCC)cccc2)Cc1ccccc1,0,0,0,Exmol_based,Generated using exmol-based algorithm
C.CCCn1cc(C(=O)NC(Cc2ccccc2)C(O)C[NH2+]Cc2cccc(OC)c2)c2ccccc21,0,O(C)c1cc(ccc1)C[NH2+]CC(O)C(NC(=O)c1c2c(n(c1)CCCC)cccc2)Cc1ccccc1,0,0,0,Exmol_based,Generated using exmol-based algorithm
COc1cc2ccc1C13CCCCC1(N=C(N)O3)c1cccc-2c1,0,O1C2CCCCC2(N=C1N)c1cc(ccc1)-c1cc(OC)ccc1,0,0,0,Exmol_based,Generated using exmol-based algorithm
COc1cccc(C2=CC=CS(C34CCCCC3OC(N)=N4)=C2)c1,0,O1C2CCCCC2(N=C1N)c1cc(ccc1)-c1cc(OC)ccc1,0,0,0,Exmol_based,Generated using exmol-based algorithm
COc1cccc(-c2cccc(C34CCCC[SH]3OC(N)=N4)c2)c1,0,O1C2CCCCC2(N=C1N)c1cc(ccc1)-c1cc(OC)ccc1,0,0,0,Exmol_based,Generated using exmol-based algorithm
NC1=NC2(c3cccc(NC(=O)c4cocn4)c3)CCOCC2O1,0,O1C2COCCC2(N=C1N)c1cc(NC(=O)c2nc(oc2)C)ccc1,0,0,0,Exmol_based,Generated using exmol-based algorithm
Cc1nc(C(=O)Nc2cccc(C34N=C(N)OC3COCP4)c2)co1,0,O1C2COCCC2(N=C1N)c1cc(NC(=O)c2nc(oc2)C)ccc1,0,0,0,Exmol_based,Generated using exmol-based algorithm
NC1=NC2(c3cccc(NC(=O)c4coc(CCl)n4)c3)CCOCC2O1,0,O1C2COCCC2(N=C1N)c1cc(NC(=O)c2nc(oc2)C)ccc1,0,0,0,Exmol_based,Generated using exmol-based algorithm
CC1=C(C(=O)N[C@@H](Cc2ccccc2)[C@H](O)C[NH2+]C2CC2)[C@@H](C)C(C(=O)OCc2ccccc2)=C(C)N1CC=O.CNC,0,O(C(=O)C=1[C@H](C)C(C(=O)N[C@H]([C@H](O)C[NH2+]C2CC2)Cc2ccccc2)=C(N(CC(=O)N(C)C)C=1C)C)Cc1ccccc1,0,0,0,Exmol_based,Generated using exmol-based algorithm
CC1=C(C(=O)N[C@H]([CH]O)Cc2ccccc2)[C@@H](C)C(C(=O)OCc2ccccc2)=C(C)N1CC(=O)N(C)C.C[NH2+]C1CC1,0,O(C(=O)C=1[C@H](C)C(C(=O)N[C@H]([C@H](O)C[NH2+]C2CC2)Cc2ccccc2)=C(N(CC(=O)N(C)C)C=1C)C)Cc1ccccc1,0,0,0,Exmol_based,Generated using exmol-based algorithm
C.CNC(=O)CN1C(C)=C(C(=O)N[C@@H](Cc2ccccc2)[C@H](O)C[NH2+]C2CC2)[C@@H](C)C(C(=O)OCc2ccccc2)=C1C,0,O(C(=O)C=1[C@H](C)C(C(=O)N[C@H]([C@H](O)C[NH2+]C2CC2)Cc2ccccc2)=C(N(CC(=O)N(C)C)C=1C)C)Cc1ccccc1,0,0,0,Exmol_based,Generated using exmol-based algorithm
C.Cn1c(N)nc(C2CC2c2ccc(-c3ccccc3)cc2)cc1=O,0,O=C1N(C)C(=NC(=C1)C1CC1c1ccc(cc1)-c1ccccc1C)N,0,0,0,Exmol_based,Generated using exmol-based algorithm
C.Cn1c(N)nc(C2CC2c2ccc(-c3ccccc3)cc2)cc1=O,0,O=C1N(C)C(=NC(=C1)C1CC1c1ccc(cc1)-c1ccccc1C)N,0,0,0,Exmol_based,Generated using exmol-based algorithm
Cc1cccc(-c2ccc(C3CC3c3cc(=O)n(C)c(N)n3)cc2)c1C,0,O=C1N(C)C(=NC(=C1)C1CC1c1ccc(cc1)-c1ccccc1C)N,0,0,0,Exmol_based,Generated using exmol-based algorithm
CC([NH2+]CCO)C(=O)NC1CCCCC1.CN(Cc1ccccc1)S(=O)(=O)c1cccc(C(=O)NCCc2ccccc2)c1,0,S(=O)(=O)(N(Cc1ccccc1)C)c1cc(ccc1)C(=O)NC(Cc1ccccc1)C(O)C[NH2+]C(C(=O)NC1CCCCC1)C,0,0,0,Exmol_based,Generated using exmol-based algorithm
CC([NH2+]CC(O)C(Cc1ccccc1)N(S)C(=O)c1cccc(S(=O)(=O)N(C)Cc2ccccc2)c1)C(=O)NC1CCCCC1,0,S(=O)(=O)(N(Cc1ccccc1)C)c1cc(ccc1)C(=O)NC(Cc1ccccc1)C(O)C[NH2+]C(C(=O)NC1CCCCC1)C,0,0,0,Exmol_based,Generated using exmol-based algorithm
CN(Cc1ccccc1)S(=O)(=O)c1cccc(C(=O)NC(Cc2ccccc2)C(O)C[NH2+]C(S)C(=O)NC2CCCCC2)c1,0,S(=O)(=O)(N(Cc1ccccc1)C)c1cc(ccc1)C(=O)NC(Cc1ccccc1)C(O)C[NH2+]C(C(=O)NC1CCCCC1)C,0,0,0,Exmol_based,Generated using exmol-based algorithm
NC(=O)c1ccc(Cl)cn1.NC1=NC2(c3ccccc3)CC2CCS1,0,Clc1ccc(nc1)C(=O)Nc1cc(ccc1)C12N=C(SCCC1C2)N,0,0,0,Exmol_based,Generated using exmol-based algorithm
NCSCCC1CC1(N)c1cccc(NC(=O)c2ccc(Cl)cn2)c1,0,Clc1ccc(nc1)C(=O)Nc1cc(ccc1)C12N=C(SCCC1C2)N,0,0,0,Exmol_based,Generated using exmol-based algorithm
N.NC1(c2cccc(NC(=O)c3ccc(Cl)cn3)c2)CC1CCS,0,Clc1ccc(nc1)C(=O)Nc1cc(ccc1)C12N=C(SCCC1C2)N,0,0,0,Exmol_based,Generated using exmol-based algorithm
CC(=O)NC(Cc1cc(F)cc(F)c1)C(O)C[NH2+]C1(c2nc(C(C)(C)C)co2)CS1,0,Fc1cc(cc(F)c1)CC(NC(=O)C)C(O)C[NH2+]C1(CC1)c1occ(n1)C(C)(C)C,0,0,0,Exmol_based,Generated using exmol-based algorithm
CC(=O)NC(Cc1cc(F)cc(F)c1)C(O)C[NH2+]C1(c2nc(C(C)C)co2)CC1,0,Fc1cc(cc(F)c1)CC(NC(=O)C)C(O)C[NH2+]C1(CC1)c1occ(n1)C(C)(C)C,0,0,0,Exmol_based,Generated using exmol-based algorithm
CC(=O)NC(CC[NH2+]C1(c2nc(C(C)(C)C)co2)CC1)Cc1cc(F)cc(F)c1.O,0,Fc1cc(cc(F)c1)CC(NC(=O)C)C(O)C[NH2+]C1(CC1)c1occ(n1)C(C)(C)C,0,0,0,Exmol_based,Generated using exmol-based algorithm
CC([NH2+]CC(O)C(Cc1ccccc1)NC(=O)c1cccc(CS(=O)(=O)c2ccccc2)c1)C(=O)NC1CCCCC1,0,S(=O)(=O)(Cc1cc(ccc1)C(=O)NC(Cc1ccccc1)C(O)C[NH2+]C(C(=O)NC1CCCCC1)C)c1ccccc1,0,0,0,Exmol_based,Generated using exmol-based algorithm
Cc1cccc(C(=O)NC(Cc2ccccc2)C(O)C[NH2+]C(C)C(=O)NC2CCCCC2)c1.O.O.c1ccccc1,0,S(=O)(=O)(Cc1cc(ccc1)C(=O)NC(Cc1ccccc1)C(O)C[NH2+]C(C(=O)NC1CCCCC1)C)c1ccccc1,0,0,0,Exmol_based,Generated using exmol-based algorithm
CCCC(C)NC(=O)C(C)[NH2+]CC(O)C(Cc1ccccc1)NC(=O)c1cccc(CS(=O)(=O)c2ccccc2)c1,0,S(=O)(=O)(Cc1cc(ccc1)C(=O)NC(Cc1ccccc1)C(O)C[NH2+]C(C(=O)NC1CCCCC1)C)c1ccccc1,0,0,0,Exmol_based,Generated using exmol-based algorithm
COc1ccc([C@@]2(C3CC4CCCC(C4)C3)N=C(N)N(C)C2=O)cc1C,0,O(C)c1ccc(cc1C)[C@]1(N=C(N)N(C)C1=O)C12CC3CC(C1)CC(C2)C3,0,0,0,Exmol_based,Generated using exmol-based algorithm
C.COc1ccc([C@](C=O)(N=CN)C23CC4CC(CC(C4)C2)C3)cc1C,0,O(C)c1ccc(cc1C)[C@]1(N=C(N)N(C)C1=O)C12CC3CC(C1)CC(C2)C3,0,0,0,Exmol_based,Generated using exmol-based algorithm
COc1ccc([C@@]2(C3(C)CC(C)CC(C)C3)N=C(N)N(C)C2=O)cc1C,0,O(C)c1ccc(cc1C)[C@]1(N=C(N)N(C)C1=O)C12CC3CC(C1)CC(C2)C3,0,0,0,Exmol_based,Generated using exmol-based algorithm
NC1=NC2(c3cccc(-c4cncc(O)c4)c3)CCOCC2O1,0,Clc1cc(cnc1)-c1cc(ccc1)C12N=C(OC1COCC2)N,0,0,0,Exmol_based,Generated using exmol-based algorithm
N=NC1=NC2(c3cccc(-c4cncc(Cl)c4)c3)CCOCC2O1,0,Clc1cc(cnc1)-c1cc(ccc1)C12N=C(OC1COCC2)N,0,0,0,Exmol_based,Generated using exmol-based algorithm
COCC1OC(N)=NC1c1cccc(-c2cncc(Cl)c2)c1,0,Clc1cc(cnc1)-c1cc(ccc1)C12N=C(OC1COCC2)N,0,0,0,Exmol_based,Generated using exmol-based algorithm
N#Cc1cccc(-c2cccc(C3(N=C(N)O)CCOCC3)c2)c1,0,O1C2COCCC2(N=C1N)c1cc(ccc1)-c1cc(ccc1)C#N,0,0,0,Exmol_based,Generated using exmol-based algorithm
N.N#Cc1cccc(-c2cccc(C3(N)CCOCC3O)c2)c1,0,O1C2COCCC2(N=C1N)c1cc(ccc1)-c1cc(ccc1)C#N,0,0,0,Exmol_based,Generated using exmol-based algorithm
N#Cc1cccc(-c2cccc(C34CCOCC3OC(N)=N4)c2)c1,0,O1C2COCCC2(N=C1N)c1cc(ccc1)-c1cc(ccc1)C#N,0,0,0,Exmol_based,Generated using exmol-based algorithm
CCc1cc(=O)n(C)c(N)n1.c1ccc(-c2ccsc2)cc1,0,s1cc(cc1)-c1ccc(cc1)C1CC1C=1N=C(N)N(C)C(=O)C=1,0,0,0,Exmol_based,Generated using exmol-based algorithm
Cn1c(N)nc(C2CC2c2ccccc2)cc1=O.c1ccsc1,0,s1cc(cc1)-c1ccc(cc1)C1CC1C=1N=C(N)N(C)C(=O)C=1,0,0,0,Exmol_based,Generated using exmol-based algorithm
Cn1c(N)nc([SH]2CC2c2ccc(-c3ccsc3)cc2)cc1=O,0,s1cc(cc1)-c1ccc(cc1)C1CC1C=1N=C(N)N(C)C(=O)C=1,0,0,0,Exmol_based,Generated using exmol-based algorithm
N.NC1(c2cccc(-c3cccnc3F)c2)CCCCC1O,0,Fc1ncccc1-c1cc(ccc1)C12N=C(OC1CCCC2)N,0,0,0,Exmol_based,Generated using exmol-based algorithm
Cc1ncccc1-c1cccc(C23CCCCC2OC(N)=N3)c1,0,Fc1ncccc1-c1cc(ccc1)C12N=C(OC1CCCC2)N,0,0,0,Exmol_based,Generated using exmol-based algorithm
CCC1OC(N)=NC1(CC)c1cccc(-c2cccnc2F)c1,0,Fc1ncccc1-c1cc(ccc1)C12N=C(OC1CCCC2)N,0,0,0,Exmol_based,Generated using exmol-based algorithm
O=C(C1C[NH2+]CC1c1ccccc1Br)N1CCOCC1c1cc2ccc1-2,0,Brc1ccccc1C1C[NH2+]CC1C(=O)N1CCOCC1c1ccccc1,0,0,0,Exmol_based,Generated using exmol-based algorithm
O=C1C2C(=C3OCCN1C3c1ccccc1)[NH2+]CC2c1ccccc1Br,0,Brc1ccccc1C1C[NH2+]CC1C(=O)N1CCOCC1c1ccccc1,0,0,0,Exmol_based,Generated using exmol-based algorithm
[NH2+]CC(Cc1ccccc1Br)C(=O)N1CCOCC1c1ccccc1,0,Brc1ccccc1C1C[NH2+]CC1C(=O)N1CCOCC1c1ccccc1,0,0,0,Exmol_based,Generated using exmol-based algorithm
CC(C)CC1(CCc2ccccc2)NC(=N)N(C)C1=O.CCCCNC(=O)NCc1ccccc1,0,O=C1N(Cc2ccc(cc2)CNC(=O)NCCCC)C(NC1(CCc1ccccc1)CC(C)C)=N,0,0,0,Exmol_based,Generated using exmol-based algorithm
CCCCNC(=O)NCc1ccc(CN2C(=N)NS(CCc3ccccc3)(CC(C)C)C2=O)cc1,0,O=C1N(Cc2ccc(cc2)CNC(=O)NCCCC)C(NC1(CCc1ccccc1)CC(C)C)=N,0,0,0,Exmol_based,Generated using exmol-based algorithm
CCCCNC(=O)NCc1ccc(CN2C(=N)NC(CCc3ccccc3)(CC(C)C#N)C2=O)cc1,0,O=C1N(Cc2ccc(cc2)CNC(=O)NCCCC)C(NC1(CCc1ccccc1)CC(C)C)=N,0,0,0,Exmol_based,Generated using exmol-based algorithm
C[NH2+]C(C)C(=O)NC1CCCCC1.O.O=C(NCCc1ccccc1)c1cccc(S(=O)(=O)Cc2ccccc2)c1,0,S(=O)(=O)(Cc1ccccc1)c1cc(ccc1)C(=O)NC(Cc1ccccc1)C(O)C[NH2+]C(C(=O)NC1CCCCC1)C,0,0,0,Exmol_based,Generated using exmol-based algorithm
CC([NH2+]CC(O)C(Cc1ccccc1)NC(=O)c1cccc(S(=O)(=O)Cc2cccpc2)c1)C(=O)NC1CCCCC1,0,S(=O)(=O)(Cc1ccccc1)c1cc(ccc1)C(=O)NC(Cc1ccccc1)C(O)C[NH2+]C(C(=O)NC1CCCCC1)C,0,0,0,Exmol_based,Generated using exmol-based algorithm
CCC(=O)NC1CCCCC1.[NH2+]CC(O)C(Cc1ccccc1)NC(=O)c1cccc(S(=O)(=O)Cc2ccccc2)c1,0,S(=O)(=O)(Cc1ccccc1)c1cc(ccc1)C(=O)NC(Cc1ccccc1)C(O)C[NH2+]C(C(=O)NC1CCCCC1)C,0,0,0,Exmol_based,Generated using exmol-based algorithm
Cc1csc(-c2ccc(C3CC3c3cc(=O)n(C)c(N)n3)cp2)c1,0,s1cc(cc1-c1ccc(cc1)C1CC1C=1N=C(N)N(C)C(=O)C=1)C,0,0,0,Exmol_based,Generated using exmol-based algorithm
Cc1csc(-c2ccc3c(c2)Cn2c(N)nc(cc2=O)C2CC32)c1,0,s1cc(cc1-c1ccc(cc1)C1CC1C=1N=C(N)N(C)C(=O)C=1)C,0,0,0,Exmol_based,Generated using exmol-based algorithm
Cc1csc(-c2ccc(C3CC3c3cc(=O)n(C)cn3)cc2)c1,0,s1cc(cc1-c1ccc(cc1)C1CC1C=1N=C(N)N(C)C(=O)C=1)C,0,0,0,Exmol_based,Generated using exmol-based algorithm
COc1cccc(-c2ccc(C3CC3S3=CC(=O)N(C)C(N)=N3)cc2)n1,0,O(C)c1nc(ccc1)-c1ccc(cc1)C1CC1C=1N=C(N)N(C)C(=O)C=1,0,0,0,Exmol_based,Generated using exmol-based algorithm
COc1cccc(-c2ccc(C3CC3c3cc(=O)n(C)c(N)n3)cc2)n1,0,O(C)c1nc(ccc1)-c1ccc(cc1)C1CC1C=1N=C(N)N(C)C(=O)C=1,0,0,0,Exmol_based,Generated using exmol-based algorithm
COc1cccc(-c2ccc(CCc3cc(=O)n(C)c(N)n3)cc2)n1,0,O(C)c1nc(ccc1)-c1ccc(cc1)C1CC1C=1N=C(N)N(C)C(=O)C=1,0,0,0,Exmol_based,Generated using exmol-based algorithm
CCCC(CC(=O)NCc1cccc(F)c1)n1c(N)nc2cc(Cl)ccc21,0,Clc1cc2nc(n(c2cc1)C(CC(C)C)CC(=O)NCc1cc(F)ccc1)N,0,0,0,Exmol_based,Generated using exmol-based algorithm
CC(C)CC(CCNCc1cccc(F)c1)n1c(N)nc2cc(Cl)ccc21,0,Clc1cc2nc(n(c2cc1)C(CC(C)C)CC(=O)NCc1cc(F)ccc1)N,0,0,0,Exmol_based,Generated using exmol-based algorithm
CC(C)CC(CCNCc1cccc(F)c1)n1c(N)nc2cc(Cl)ccc21,0,Clc1cc2nc(n(c2cc1)C(CC(C)C)CC(=O)NCc1cc(F)ccc1)N,0,0,0,Exmol_based,Generated using exmol-based algorithm
CC1CC2(CC2c2cc(=O)n(C)c(N)n2)c2ccc(cc2)-c2cccc(c2)O1,0,O(C(C)C)c1cc(ccc1)-c1ccc(cc1)C1CC1C=1N=C(N)N(C)C(=O)C=1,0,0,0,Exmol_based,Generated using exmol-based algorithm
CC(C)Oc1ccccc1.Cn1c(N)nc(C2CC2c2ccccc2)cc1=O,0,O(C(C)C)c1cc(ccc1)-c1ccc(cc1)C1CC1C=1N=C(N)N(C)C(=O)C=1,0,0,0,Exmol_based,Generated using exmol-based algorithm
CC(C)Oc1cccc(-c2ccc(C3CC3c3cc(=O)n(C)c(N)n3)cc2)c1,0,O(C(C)C)c1cc(ccc1)-c1ccc(cc1)C1CC1C=1N=C(N)N(C)C(=O)C=1,0,0,0,Exmol_based,Generated using exmol-based algorithm
O=C(C1C[NH2+]CC1c1ccccc1Br)N1SCCCC1c1ccccc1,0,Brc1ccccc1C1C[NH2+]CC1C(=O)N1CCCCC1c1ccccc1,0,0,0,Exmol_based,Generated using exmol-based algorithm
C[NH2+]CC(Cc1ccccc1Br)C(=O)N1CCCCC1c1ccccc1,0,Brc1ccccc1C1C[NH2+]CC1C(=O)N1CCCCC1c1ccccc1,0,0,0,Exmol_based,Generated using exmol-based algorithm
O=C(C1C[NH2+]CC1c1ccccc1Br)N1CCCCC1c1ccccc1,0,Brc1ccccc1C1C[NH2+]CC1C(=O)N1CCCCC1c1ccccc1,0,0,0,Exmol_based,Generated using exmol-based algorithm
CN1CC2CCCCC2C(Cn2c(N)nc3cc(Cl)ccc32)CC1=O,0,Clc1cc2nc(n(c2cc1)CCCC(=O)N(CC1CCCCC1)C)N,0,0,0,Exmol_based,Generated using exmol-based algorithm
CN(CC1CCCPC1)C(=O)CCCn1c(N)nc2cc(Cl)ccc21,0,Clc1cc2nc(n(c2cc1)CCCC(=O)N(CC1CCCCC1)C)N,0,0,0,Exmol_based,Generated using exmol-based algorithm
CN(CC1CCCCC1)C(=O)CCCn1cccc(Cl)ccnc1N,0,Clc1cc2nc(n(c2cc1)CCCC(=O)N(CC1CCCCC1)C)N,0,0,0,Exmol_based,Generated using exmol-based algorithm
Cn1c(N)nc(C2CC2c2ccccc2)cc1=O.c1ccoc1,0,o1cccc1-c1ccc(cc1)C1CC1C=1N=C(N)N(C)C(=O)C=1,0,0,0,Exmol_based,Generated using exmol-based algorithm
Cn1c(F)nc(C2CC2c2ccc(-c3ccco3)cc2)cc1=O,0,o1cccc1-c1ccc(cc1)C1CC1C=1N=C(N)N(C)C(=O)C=1,0,0,0,Exmol_based,Generated using exmol-based algorithm
CCc1ccc(-c2ccco2)cc1.Cn1c(N)nccc1=O,0,o1cccc1-c1ccc(cc1)C1CC1C=1N=C(N)N(C)C(=O)C=1,0,0,0,Exmol_based,Generated using exmol-based algorithm
Cn1c(N)nc(C2CC2c2ccc(-c3cccc(C(N)=O)c3)cc2)c(S)c1=O,0,O=C1N(C)C(=NC(=C1)C1CC1c1ccc(cc1)-c1cc(ccc1)C(=O)N)N,0,0,0,Exmol_based,Generated using exmol-based algorithm
Cn1c(N)nc(C2CC2c2ccc(-c3cccc(C(=O)NBr)c3)cc2)cc1=O,0,O=C1N(C)C(=NC(=C1)C1CC1c1ccc(cc1)-c1cc(ccc1)C(=O)N)N,0,0,0,Exmol_based,Generated using exmol-based algorithm
CC(Cc1ccc(-c2cccc(C(N)=O)c2)cc1)c1cc(=O)n(C)c(N)n1,0,O=C1N(C)C(=NC(=C1)C1CC1c1ccc(cc1)-c1cc(ccc1)C(=O)N)N,0,0,0,Exmol_based,Generated using exmol-based algorithm
O=S1(=O)CC(Cc2ccc(O)c(Br)c2)C(O)C([NH2+]Cc2ccccp2)C1,0,Brc1cc(ccc1O)CC1CS(=O)(=O)CC([NH2+]Cc2ccccc2)C1O,0,0,0,Exmol_based,Generated using exmol-based algorithm
O=S1(=O)CC(Cc2cc(Br)c(O)cp2)C(O)C([NH2+]Cc2ccccc2)C1,0,Brc1cc(ccc1O)CC1CS(=O)(=O)CC([NH2+]Cc2ccccc2)C1O,0,0,0,Exmol_based,Generated using exmol-based algorithm
CC1CS(=O)(=O)CC([NH2+]Cc2ccccc2)C1O.Oc1ccccc1Br,0,Brc1cc(ccc1O)CC1CS(=O)(=O)CC([NH2+]Cc2ccccc2)C1O,0,0,0,Exmol_based,Generated using exmol-based algorithm
CC(=O)Nc1cccc(-c2ccc(CC(C)c3cc(=O)n(C)c(N)n3)cc2)c1,0,O=C1N(C)C(=NC(=C1)C1CC1c1ccc(cc1)-c1cc(NC(=O)C)ccc1)N,0,0,0,Exmol_based,Generated using exmol-based algorithm
Cn1c(N)nc(C2CC2c2ccc(-c3cccc(NC=O)c3)cc2)cc1=O,0,O=C1N(C)C(=NC(=C1)C1CC1c1ccc(cc1)-c1cc(NC(=O)C)ccc1)N,0,0,0,Exmol_based,Generated using exmol-based algorithm
CC(=O)Nc1cccc(-c2ccc(N3CC3c3cc(=O)n(C)c(N)n3)cc2)c1,0,O=C1N(C)C(=NC(=C1)C1CC1c1ccc(cc1)-c1cc(NC(=O)C)ccc1)N,0,0,0,Exmol_based,Generated using exmol-based algorithm
CC(NC(=O)c1cc(OCCC([NH3+])(CO)Cc2ccccc2)cc(N(C)S(C)=O)c1)c1ccc(F)cc1,0,S(=O)(=O)(N(C)c1cc(cc(OCCC([NH3+])(Cc2ccccc2)CO)c1)C(=O)NC(C)c1ccc(F)cc1)C,0,0,0,Exmol_based,Generated using exmol-based algorithm
CC(NC(=O)c1cc(OCCC([NH3+])CO)cc(N(C)S(C)(=O)=O)c1)c1ccc(F)cc1.c1ccccc1,0,S(=O)(=O)(N(C)c1cc(cc(OCCC([NH3+])(Cc2ccccc2)CO)c1)C(=O)NC(C)c1ccc(F)cc1)C,0,0,0,Exmol_based,Generated using exmol-based algorithm
CCNC(=O)c1cc(OCCC([NH3+])(CO)Cc2ccccc2)cc(N(C)S(C)(=O)=O)c1.Fc1ccccc1,0,S(=O)(=O)(N(C)c1cc(cc(OCCC([NH3+])(Cc2ccccc2)CO)c1)C(=O)NC(C)c1ccc(F)cc1)C,0,0,0,Exmol_based,Generated using exmol-based algorithm
CCC(C)n1c(N)nc2cc(Cl)ccc21.NCc1ccccc1.O,0,Clc1cc2nc(n(c2cc1)C(CC(=O)NCc1ccccc1)CC)N,0,0,0,Exmol_based,Generated using exmol-based algorithm
CC.Nc1nc2cc(Cl)ccc2n1CCC(=O)NCc1ccccc1,0,Clc1cc2nc(n(c2cc1)C(CC(=O)NCc1ccccc1)CC)N,0,0,0,Exmol_based,Generated using exmol-based algorithm
CCC1C(C(=O)NCc2ccccc2)Nc2nc3cc(Cl)ccc3n21,0,Clc1cc2nc(n(c2cc1)C(CC(=O)NCc1ccccc1)CC)N,0,0,0,Exmol_based,Generated using exmol-based algorithm
CC(C)Cc1cc(Cl)ccc1C(=N)NC(Cc1ccccc1)c1ncc2ccoc2n1,0,Clc1cc2CC(N=C(NC(Cc3ccccc3)c3nc4occc4cn3)c2cc1)(C)C,0,0,0,Exmol_based,Generated using exmol-based algorithm
CC1(C)Cc2cc(Cl)ccc2C(NC2Cc3cccc(c3)-c3cc4cnc2nc4o3)=N1,0,Clc1cc2CC(N=C(NC(Cc3ccccc3)c3nc4occc4cn3)c2cc1)(C)C,0,0,0,Exmol_based,Generated using exmol-based algorithm
CC(C)N=C(NC(Cc1ccccc1)c1ncc2ccoc2n1)c1ccc(Cl)cc1,0,Clc1cc2CC(N=C(NC(Cc3ccccc3)c3nc4occc4cn3)c2cc1)(C)C,0,0,0,Exmol_based,Generated using exmol-based algorithm
CCC(CC(N)=O)n1c(N)nc2cc(Cl)ccc21.COC(=O)CCOC(C)(C)C,0,Clc1cc2nc(n(c2cc1)C(CC(=O)NC(C(OC)=O)COC(C)(C)C)CC)N,0,0,0,Exmol_based,Generated using exmol-based algorithm
CCC(CCNC(COC(C)(C)C)C(=O)OC)n1c(N)nc2cc(Cl)ccc21.O,0,Clc1cc2nc(n(c2cc1)C(CC(=O)NC(C(OC)=O)COC(C)(C)C)CC)N,0,0,0,Exmol_based,Generated using exmol-based algorithm
COC(=O)C(COC(C)(C)C)NC(=O)CC(C)n1c(N)nc2cc(Cl)ccc21,0,Clc1cc2nc(n(c2cc1)C(CC(=O)NC(C(OC)=O)COC(C)(C)C)CC)N,0,0,0,Exmol_based,Generated using exmol-based algorithm
Nc1nc2cc(Cl)cpc2n1CCCC(=O)NCC1CCCCC1,0,Clc1cc2nc(n(c2cc1)CCCC(=O)NCC1CCCCC1)N,0,0,0,Exmol_based,Generated using exmol-based algorithm
CCn1c(N)nc2cc(Cl)ccc21.O=CNCC1CCCCC1,0,Clc1cc2nc(n(c2cc1)CCCC(=O)NCC1CCCCC1)N,0,0,0,Exmol_based,Generated using exmol-based algorithm
Nc1nccc(Cl)cccn1CCCC(=O)NCC1CCCCC1,0,Clc1cc2nc(n(c2cc1)CCCC(=O)NCC1CCCCC1)N,0,0,0,Exmol_based,Generated using exmol-based algorithm
CCC(CCNC(C)=O)OC(=O)C1CC2(C[NH2+]1)C(=O)Nc1ccccc12,0,O(C(=O)C1[NH2+]CC2(C1)c1c(NC2=O)cccc1)C1CCN(CC1)C(=O)C,0,0,0,Exmol_based,Generated using exmol-based algorithm
CC(=O)N1CCC2OC(=O)C3CC4(C(=O)Nc5ccccc54)C([NH2+]3)C2C1,0,O(C(=O)C1[NH2+]CC2(C1)c1c(NC2=O)cccc1)C1CCN(CC1)C(=O)C,0,0,0,Exmol_based,Generated using exmol-based algorithm
CCN(CCCOC(=O)C1CC2(C[NH2+]1)C(=O)Nc1ccccc12)C(C)=O,0,O(C(=O)C1[NH2+]CC2(C1)c1c(NC2=O)cccc1)C1CCN(CC1)C(=O)C,0,0,0,Exmol_based,Generated using exmol-based algorithm
CCC(CC(=O)NC(COC(C)C)C(=O)[O-])n1c(N)nc2cc(Cl)ccc21,0,Clc1cc2nc(n(c2cc1)C(CC(=O)NC(C(=O)[O-])COC(C)(C)C)CC)N,0,0,0,Exmol_based,Generated using exmol-based algorithm
CCC(CC(=O)NC(COC(C)C)C(=O)[O-])n1c(N)nc2cc(Cl)ccc21,0,Clc1cc2nc(n(c2cc1)C(CC(=O)NC(C(=O)[O-])COC(C)(C)C)CC)N,0,0,0,Exmol_based,Generated using exmol-based algorithm
CCC(CC(=O)NC(COC(C)(C)C)C(=O)[S-])n1c(N)nc2cc(Cl)ccc21,0,Clc1cc2nc(n(c2cc1)C(CC(=O)NC(C(=O)[O-])COC(C)(C)C)CC)N,0,0,0,Exmol_based,Generated using exmol-based algorithm
C.CCC(CC(=O)NCCC(C)C)n1c(N)nc2cc(Cl)ccc21,0,Clc1cc2nc(n(c2cc1)C(CC(=O)NCCC(C)(C)C)CC)N,0,0,0,Exmol_based,Generated using exmol-based algorithm
C.CCC(CC(=O)NCCC(C)C)n1c(N)nc2cc(Cl)ccc21,0,Clc1cc2nc(n(c2cc1)C(CC(=O)NCCC(C)(C)C)CC)N,0,0,0,Exmol_based,Generated using exmol-based algorithm
CCC(CC(=O)NC(Br)CC(C)(C)C)n1c(N)nc2cc(Cl)ccc21,0,Clc1cc2nc(n(c2cc1)C(CC(=O)NCCC(C)(C)C)CC)N,0,0,0,Exmol_based,Generated using exmol-based algorithm
COc1cccc(C[NH+]2CCC34CNS(=O)(=O)N3c3cc(F)ccc3C4C2C)c1,0,S1(=O)(=O)NCC2(N1c1cc(F)ccc1)CC([NH+](CC2)Cc1cc(OC)ccc1)C,0,0,0,Exmol_based,Generated using exmol-based algorithm
COc1cccc(C[NH+]2CCC3(CC2C)ONS(=O)(=O)N3c2cccc(F)c2)c1,0,S1(=O)(=O)NCC2(N1c1cc(F)ccc1)CC([NH+](CC2)Cc1cc(OC)ccc1)C,0,0,0,Exmol_based,Generated using exmol-based algorithm
CC[NH+](CCC1CNS(=O)(=O)N1c1cccc(F)c1)Cc1cccc(OC)c1,0,S1(=O)(=O)NCC2(N1c1cc(F)ccc1)CC([NH+](CC2)Cc1cc(OC)ccc1)C,0,0,0,Exmol_based,Generated using exmol-based algorithm
C[NH2+]C(CO)(COC(=O)c1cc(C(=O)NC(C)c2ccc(F)nc2)cc(N(C)S(C)(=O)=O)c1)Cc1ccccc1,0,S(=O)(=O)(N(C)c1cc(cc(c1)C(OCC([NH2+]C)(Cc1ccccc1)CO)=O)C(=O)NC(C)c1ccc(F)cc1)C,0,0,0,Exmol_based,Generated using exmol-based algorithm
C[NH2+]C(CO)(COC(=O)c1cc(C(=O)NC(C)c2ccc(F)cc2)cc(N(C)S(=O)(=O)Cl)c1)Cc1ccccc1,0,S(=O)(=O)(N(C)c1cc(cc(c1)C(OCC([NH2+]C)(Cc1ccccc1)CO)=O)C(=O)NC(C)c1ccc(F)cc1)C,0,0,0,Exmol_based,Generated using exmol-based algorithm
C.C[NH2+]C(CO)(COC(=O)c1cccc(C(=O)NC(C)c2ccc(F)cc2)c1)Cc1ccccc1.C[SH](=O)=O,0,S(=O)(=O)(N(C)c1cc(cc(c1)C(OCC([NH2+]C)(Cc1ccccc1)CO)=O)C(=O)NC(C)c1ccc(F)cc1)C,0,0,0,Exmol_based,Generated using exmol-based algorithm
CCNc1cc(C(=O)NC(C)c2ccc(F)cc2)cc(N(C)S(C)(=O)=O)c1.[NH3+]C(CO)Cc1ccccc1,0,S(=O)(=O)(N(C)c1cc(cc(NCCC([NH3+])(Cc2ccccc2)CO)c1)C(=O)NC(C)c1ccc(F)cc1)C,0,0,0,Exmol_based,Generated using exmol-based algorithm
CC(NC(=O)c1cc(NCCC([NH3+])(CO)Cc2ccccc2)cc(N(C)S(C)=O)c1)c1ccc(F)cc1.O,0,S(=O)(=O)(N(C)c1cc(cc(NCCC([NH3+])(Cc2ccccc2)CO)c1)C(=O)NC(C)c1ccc(F)cc1)C,0,0,0,Exmol_based,Generated using exmol-based algorithm
CC(NC(=O)c1cc(NCCC([NH3+])(CO)Cc2ccccc2)cc(NS(C)(=O)=O)c1)c1ccc(F)cc1,0,S(=O)(=O)(N(C)c1cc(cc(NCCC([NH3+])(Cc2ccccc2)CO)c1)C(=O)NC(C)c1ccc(F)cc1)C,0,0,0,Exmol_based,Generated using exmol-based algorithm
CC(NC(=O)c1cc(S)cc(N(C)S(C)(=O)=O)c1)c1ccc(F)cc1.CCC([NH3+])(CO)Cc1ccccc1,0,S(CCC([NH3+])(Cc1ccccc1)CO)c1cc(cc(N(S(=O)(=O)C)C)c1)C(=O)NC(C)c1ccc(F)cc1,0,0,0,Exmol_based,Generated using exmol-based algorithm
CC(NC(=O)c1cc(SCCC([NH3+])(CO)Cc2cccpc2)cc(N(C)S(C)(=O)=O)c1)c1ccc(F)cc1,0,S(CCC([NH3+])(Cc1ccccc1)CO)c1cc(cc(N(S(=O)(=O)C)C)c1)C(=O)NC(C)c1ccc(F)cc1,0,0,0,Exmol_based,Generated using exmol-based algorithm
CC(NCc1cc(SCCC([NH3+])(CO)Cc2ccccc2)cc(N(C)S(C)(=O)=O)c1)c1ccc(F)cc1.O,0,S(CCC([NH3+])(Cc1ccccc1)CO)c1cc(cc(N(S(=O)(=O)C)C)c1)C(=O)NC(C)c1ccc(F)cc1,0,0,0,Exmol_based,Generated using exmol-based algorithm
CC(NC(=O)c1cc(N(C)S(C)(=O)=O)cc(S(=O)(=O)CCS([NH3+])(CO)Cc2ccccc2)c1)c1ccc(F)cc1,0,S(=O)(=O)(CCC([NH3+])(Cc1ccccc1)CO)c1cc(cc(N(S(=O)(=O)C)C)c1)C(=O)NC(C)c1ccc(F)cc1,0,0,0,Exmol_based,Generated using exmol-based algorithm
CC(NC(=O)c1cccc(N(C)S(C)(=O)=O)c1)c1ccc(F)cc1.CCC([NH3+])(CO)Cc1ccccc1.O.O,0,S(=O)(=O)(CCC([NH3+])(Cc1ccccc1)CO)c1cc(cc(N(S(=O)(=O)C)C)c1)C(=O)NC(C)c1ccc(F)cc1,0,0,0,Exmol_based,Generated using exmol-based algorithm
C.CN(c1cc(C(=O)NCc2ccc(F)cc2)cc(S(=O)(=O)CCC([NH3+])(CO)Cc2ccccc2)c1)S(C)(=O)=O,0,S(=O)(=O)(CCC([NH3+])(Cc1ccccc1)CO)c1cc(cc(N(S(=O)(=O)C)C)c1)C(=O)NC(C)c1ccc(F)cc1,0,0,0,Exmol_based,Generated using exmol-based algorithm
C=S(C)(=O)N(C)c1cc(COCC([NH3+])(COC)Cc2ccccc2)cc(C(=O)NC(C)c2ccc(F)cc2)c1,0,S(=O)(=O)(N(C)c1cc(cc(c1)COCC([NH3+])(Cc1ccccc1)COC)C(=O)NC(C)c1ccc(F)cc1)C,0,0,0,Exmol_based,Generated using exmol-based algorithm
CC(NC(=O)c1cc(COCC([NH3+])(CO)Cc2ccccc2)cc(N(C)S(C)(=O)=O)c1)c1ccc(F)cc1,0,S(=O)(=O)(N(C)c1cc(cc(c1)COCC([NH3+])(Cc1ccccc1)COC)C(=O)NC(C)c1ccc(F)cc1)C,0,0,0,Exmol_based,Generated using exmol-based algorithm
COCC(COCc1cc(C(=O)NC(C)c2ccc(F)cc2)cc(N(C)S(C)(=O)=O)c1)Cc1ccccc1,0,S(=O)(=O)(N(C)c1cc(cc(c1)COCC([NH3+])(Cc1ccccc1)COC)C(=O)NC(C)c1ccc(F)cc1)C,0,0,0,Exmol_based,Generated using exmol-based algorithm
CCCC(O)N(C)C(=O)n1cc(C(=O)NC(Cc2ccccc2)C(O)CNC(=O)c2cccc(OC)c2)c2cccnc21,0,O(C)c1cc(ccc1)C(=O)NCC(O)C(NC(=O)c1c2cccnc2n(c1)C(=O)N(CCCC)C)Cc1ccccc1,0,0,0,Exmol_based,Generated using exmol-based algorithm
CCCCN(C)C(=O)n1cc(C(=O)NC(CCNC(=O)c2cccc(OC)c2)Cc2ccccc2)c2cccnc21.O,0,O(C)c1cc(ccc1)C(=O)NCC(O)C(NC(=O)c1c2cccnc2n(c1)C(=O)N(CCCC)C)Cc1ccccc1,0,0,0,Exmol_based,Generated using exmol-based algorithm
CCCCN(C)C(=O)n1cc(C(=O)NCC(O)CNC(=O)c2cccc(OC)c2)c2cccnc21.Cc1ccccc1,0,O(C)c1cc(ccc1)C(=O)NCC(O)C(NC(=O)c1c2cccnc2n(c1)C(=O)N(CCCC)C)Cc1ccccc1,0,0,0,Exmol_based,Generated using exmol-based algorithm
COc1cccc(S(=O)(=O)NCC(O)C(Cc2ccccc2)NC(=O)c2cn(C(=O)N(C)C3=CCC3)c3ncccc23)c1,0,S(=O)(=O)(NCC(O)C(NC(=O)c1c2cccnc2n(c1)C(=O)N(CCCC)C)Cc1ccccc1)c1cc(OC)ccc1,0,0,0,Exmol_based,Generated using exmol-based algorithm
CCCCN(C)C(=O)n1cc(C(=O)NC(Cc2ccccc2)C(O)CNS(=O)(=O)c2ccccc2)c2cccnc21.CO,0,S(=O)(=O)(NCC(O)C(NC(=O)c1c2cccnc2n(c1)C(=O)N(CCCC)C)Cc1ccccc1)c1cc(OC)ccc1,0,0,0,Exmol_based,Generated using exmol-based algorithm
CC.CCN(C)C(=O)n1cc(C(=O)NC(Cc2ccccc2)C(O)CNS(=O)(=O)c2cccc(OC)c2)c2cccnc21,0,S(=O)(=O)(NCC(O)C(NC(=O)c1c2cccnc2n(c1)C(=O)N(CCCC)C)Cc1ccccc1)c1cc(OC)ccc1,0,0,0,Exmol_based,Generated using exmol-based algorithm
C.CCN(C)C(=O)n1cc(C(=O)NC(Cc2ccccc2)C(O)C[NH2+]C2CC2)c2cccnc21,0,OC(C(NC(=O)c1c2cccnc2n(c1)C(=O)N(CCCC)C)Cc1ccccc1)C[NH2+]C1CC1,0,0,0,Exmol_based,Generated using exmol-based algorithm
CCCCN(C)C(=O)n1cc(C(=O)NC(Cc2ccccc2)C(O)C[NH2+]C2CC2)c2cc(Br)cnc21,0,OC(C(NC(=O)c1c2cccnc2n(c1)C(=O)N(CCCC)C)Cc1ccccc1)C[NH2+]C1CC1,0,0,0,Exmol_based,Generated using exmol-based algorithm
CCCCN(C)C(=O)n1cc(C=O)c2cccnc21.NC(Cc1ccccc1)C(O)C[NH2+]C1CC1,0,OC(C(NC(=O)c1c2cccnc2n(c1)C(=O)N(CCCC)C)Cc1ccccc1)C[NH2+]C1CC1,0,0,0,Exmol_based,Generated using exmol-based algorithm
[NH3+]C1CS(=O)CC(Cc2ccc(O)c(Br)c2)C1O,0,Brc1cc(ccc1O)CC1CS(=O)(=O)CC([NH3+])C1O,0,0,0,Exmol_based,Generated using exmol-based algorithm
O=S1(=O)CCC(O)C(Cc2ccc(O)c(Br)c2)C1,0,Brc1cc(ccc1O)CC1CS(=O)(=O)CC([NH3+])C1O,0,0,0,Exmol_based,Generated using exmol-based algorithm
[NH3+]C1CS(=O)(=O)CC(Cc2cc3c(O)c(Br)c2-3)C1O,0,Brc1cc(ccc1O)CC1CS(=O)(=O)CC([NH3+])C1O,0,0,0,Exmol_based,Generated using exmol-based algorithm
C.C.CC1(c2cccc(-c3cccnc3)c2)N=CC(N)=N1,0,n1cc(ccc1)-c1cc(ccc1)C1(N=C(C(C)C)C(=N1)N)C,0,0,0,Exmol_based,Generated using exmol-based algorithm
CC(C)C1=NC(C)(c2cccc(-c3cccnc3)c2)N=C1N,0,n1cc(ccc1)-c1cc(ccc1)C1(N=C(C(C)C)C(=N1)N)C,0,0,0,Exmol_based,Generated using exmol-based algorithm
CC(C)C1=NC(C)(c2cccc(-c3cccnc3)c2)N=C1N,0,n1cc(ccc1)-c1cc(ccc1)C1(N=C(C(C)C)C(=N1)N)C,0,0,0,Exmol_based,Generated using exmol-based algorithm
COc1cc(-c2ccc(C3CC3c3cc(=O)n(C)cn3)cc2)ccn1.N,0,O(C)c1nccc(c1)-c1ccc(cc1)C1CC1C=1N=C(N)N(C)C(=O)C=1,0,0,0,Exmol_based,Generated using exmol-based algorithm
COc1cc(-c2ccc(C3NC3c3cc(=O)n(C)c(N)n3)cc2)ccn1,0,O(C)c1nccc(c1)-c1ccc(cc1)C1CC1C=1N=C(N)N(C)C(=O)C=1,0,0,0,Exmol_based,Generated using exmol-based algorithm
C.Cn1c(N)nc(C2CC2c2ccc(-c3ccnc(O)c3)cc2)cc1=O,0,O(C)c1nccc(c1)-c1ccc(cc1)C1CC1C=1N=C(N)N(C)C(=O)C=1,0,0,0,Exmol_based,Generated using exmol-based algorithm
Cc1ccc(-c2ccccc2)cc1.Cn1c(N)nc(C2CC2)cc1=O,0,O=C1N(C)C(=NC(=C1)C1CC1c1ccc(cc1)-c1ccc(cc1)C)N,0,0,0,Exmol_based,Generated using exmol-based algorithm
Cc1ccc(-c2ccc(C(C)Cc3cc(=O)n(C)c(N)n3)cc2)cc1,0,O=C1N(C)C(=NC(=C1)C1CC1c1ccc(cc1)-c1ccc(cc1)C)N,0,0,0,Exmol_based,Generated using exmol-based algorithm
Cc1ccc(-c2ccc(C3CC3c3cc(=O)n(C)c(N)n3)cp2)cc1,0,O=C1N(C)C(=NC(=C1)C1CC1c1ccc(cc1)-c1ccc(cc1)C)N,0,0,0,Exmol_based,Generated using exmol-based algorithm
CN1C(=O)CC(C)([C@H]2C[C@@H]2c2ccpcc2)N=C1N,0,O=C1N(C)C(=NC(C1)(C)[C@H]1C[C@@H]1c1ccccc1)N,0,0,0,Exmol_based,Generated using exmol-based algorithm
CN1C(=O)CC(C)([C@@H]2[CH]C2)N=C1N.c1ccccc1,0,O=C1N(C)C(=NC(C1)(C)[C@H]1C[C@@H]1c1ccccc1)N,0,0,0,Exmol_based,Generated using exmol-based algorithm
CN1C(=O)CC(Br)([C@H]2C[C@@H]2c2ccccc2)N=C1N,0,O=C1N(C)C(=NC(C1)(C)[C@H]1C[C@@H]1c1ccccc1)N,0,0,0,Exmol_based,Generated using exmol-based algorithm
CC(C)Cc1cc(Cl)ccc1C(=N)NC(Cc1ccccc1)c1ncccn1,0,Clc1cc2CC(N=C(NC(Cc3ccccc3)c3ncccn3)c2cc1)(C)C,0,0,0,Exmol_based,Generated using exmol-based algorithm
CC1(C)Cc2cc(Cl)ccc2C(NC(C(=N)c2ccccc2)c2ncccn2)=N1,0,Clc1cc2CC(N=C(NC(Cc3ccccc3)c3ncccn3)c2cc1)(C)C,0,0,0,Exmol_based,Generated using exmol-based algorithm
CC1(C)Cc2cc(Cl)ccc2C(NC(Cc2ccccc2)c2ncccp2)=N1,0,Clc1cc2CC(N=C(NC(Cc3ccccc3)c3ncccn3)c2cc1)(C)C,0,0,0,Exmol_based,Generated using exmol-based algorithm
CC(C)(C)c1coc(C2([NH2+]CC(O)CCc3cc(F)cc(F)c3)CCCCC2)n1.CC(N)=O,0,Fc1cc(cc(F)c1)CC(NC(=O)C)C(O)C[NH2+]C1(CCCCC1)c1occ(n1)C(C)(C)C,0,0,0,Exmol_based,Generated using exmol-based algorithm
CC(=O)NC(Cc1cc(F)cc(F)c1)C(O)C[NH2+].CC(C)(C)c1cocn1.CCCCC,0,Fc1cc(cc(F)c1)CC(NC(=O)C)C(O)C[NH2+]C1(CCCCC1)c1occ(n1)C(C)(C)C,0,0,0,Exmol_based,Generated using exmol-based algorithm
CCCCC([NH2+]CC(O)C(Cc1cc(F)cc(F)c1)NC(C)=O)c1nc(C(C)(C)C)co1,0,Fc1cc(cc(F)c1)CC(NC(=O)C)C(O)C[NH2+]C1(CCCCC1)c1occ(n1)C(C)(C)C,0,0,0,Exmol_based,Generated using exmol-based algorithm
CSCC(Oc1cc(CC2CS(=O)CC([NH3+])C2O)cc(F)c1N)C(F)(F)F,0,S1(=O)CC(Cc2cc(OC(COC)C(F)(F)F)c(N)c(F)c2)C(O)C([NH3+])C1,0,0,0,Exmol_based,Generated using exmol-based algorithm
COCC(Oc1cc(CC(CS(C)=O)C(O)C[NH3+])cc(F)c1N)C(F)(F)F,0,S1(=O)CC(Cc2cc(OC(COC)C(F)(F)F)c(N)c(F)c2)C(O)C([NH3+])C1,0,0,0,Exmol_based,Generated using exmol-based algorithm
COCC(Oc1cc(C)cc(F)c1N)C(F)(F)F.[NH3+]C1CS(=O)CCC1O,0,S1(=O)CC(Cc2cc(OC(COC)C(F)(F)F)c(N)c(F)c2)C(O)C([NH3+])C1,0,0,0,Exmol_based,Generated using exmol-based algorithm
Cc1ncc(-c2ccc(C3CC3c3cc(=O)n(C)c(N)n3)cc2)s1,0,s1c(ccc1C)-c1ccc(cc1)C1CC1C=1N=C(N)N(C)C(=O)C=1,0,0,0,Exmol_based,Generated using exmol-based algorithm
Cc1ccc(-c2ccc(C3PC3c3cc(=O)n(C)c(N)n3)cc2)s1,0,s1c(ccc1C)-c1ccc(cc1)C1CC1C=1N=C(N)N(C)C(=O)C=1,0,0,0,Exmol_based,Generated using exmol-based algorithm
Cc1ccc(-c2ccc(CC(C)c3cc(=O)n(C)c(N)n3)cc2)s1,0,s1c(ccc1C)-c1ccc(cc1)C1CC1C=1N=C(N)N(C)C(=O)C=1,0,0,0,Exmol_based,Generated using exmol-based algorithm
Cn1c(N)nc(OCc2ccccc2)cc1=O,0,O=C1N(C)C(=NC(=C1)CCc1ccccc1)N,0,0,0,Exmol_based,Generated using exmol-based algorithm
Cn1c(N)nc(CCc2cc3ccc2=3)cc1=O,0,O=C1N(C)C(=NC(=C1)CCc1ccccc1)N,0,0,0,Exmol_based,Generated using exmol-based algorithm
Cn1c(N)pc(CCc2ccccc2)cc1=O,0,O=C1N(C)C(=NC(=C1)CCc1ccccc1)N,0,0,0,Exmol_based,Generated using exmol-based algorithm
CC1(C)Cc2cc(Cl)ccc2C(NC(Cc2ccpcc2)c2nnco2)=N1,0,Clc1cc2CC(N=C(NC(Cc3ccccc3)c3ocnn3)c2cc1)(C)C,0,0,0,Exmol_based,Generated using exmol-based algorithm
CC1(C)Cc2cc(Cl)ccc2C(NC(Cc2cccpc2)c2nnco2)=N1,0,Clc1cc2CC(N=C(NC(Cc3ccccc3)c3ocnn3)c2cc1)(C)C,0,0,0,Exmol_based,Generated using exmol-based algorithm
CC1(C)CC2=C(C=CS(Cl)=C2)C(NC(Cc2ccccc2)c2nnco2)=N1,0,Clc1cc2CC(N=C(NC(Cc3ccccc3)c3ocnn3)c2cc1)(C)C,0,0,0,Exmol_based,Generated using exmol-based algorithm
CC(C)NC(=O)CC(=O)Cn1c(N)nc2cc(Cl)ccc21,0,Clc1cc2nc(n(c2cc1)CCCC(=O)NC(C)C)N,0,0,0,Exmol_based,Generated using exmol-based algorithm
CC(C)NC(=O)CCCn1c(N)[n+]([O-])c2cc(Cl)ccc21,0,Clc1cc2nc(n(c2cc1)CCCC(=O)NC(C)C)N,0,0,0,Exmol_based,Generated using exmol-based algorithm
CC(C)NC(=O)CPCn1c(N)nc2cc(Cl)ccc21,0,Clc1cc2nc(n(c2cc1)CCCC(=O)NC(C)C)N,0,0,0,Exmol_based,Generated using exmol-based algorithm
CNC(=O)CCCn1c(N)nc2cc(Cl)ccc21.Cc1cccc(F)c1,0,Clc1cc2nc(n(c2cc1)CCCC(=O)N(Cc1cc(F)ccc1)C)N,0,0,0,Exmol_based,Generated using exmol-based algorithm
C.Nc1nc2cc(Cl)ccc2n1CCCC(=O)NCc1cccc(F)c1,0,Clc1cc2nc(n(c2cc1)CCCC(=O)N(Cc1cc(F)ccc1)C)N,0,0,0,Exmol_based,Generated using exmol-based algorithm
CC(=O)N(C)Cc1cccc(F)c1.CCn1c(N)nc2cc(Cl)ccc21,0,Clc1cc2nc(n(c2cc1)CCCC(=O)N(Cc1cc(F)ccc1)C)N,0,0,0,Exmol_based,Generated using exmol-based algorithm
Cn1c(N)nc(CCc2ccc(-c3ccccc3)cc2)pc1=O,0,O=C1N(C)C(=NC(=C1)CCc1ccc(cc1)-c1ccccc1)N,0,0,0,Exmol_based,Generated using exmol-based algorithm
Cn1c(N)nc(CCc2ccccc2)cc1=O.c1ccccc1,0,O=C1N(C)C(=NC(=C1)CCc1ccc(cc1)-c1ccccc1)N,0,0,0,Exmol_based,Generated using exmol-based algorithm
CCc1ccc(-c2ccccc2)cc1.Cn1c(N)nccc1=O,0,O=C1N(C)C(=NC(=C1)CCc1ccc(cc1)-c1ccccc1)N,0,0,0,Exmol_based,Generated using exmol-based algorithm
NC1=NC2(c3cccc(NC(=O)c4ccccn4)c3)CCOSC2O1,0,O1C2COCCC2(N=C1N)c1cc(NC(=O)c2ncccc2)ccc1,0,0,0,Exmol_based,Generated using exmol-based algorithm
CCC1(c2cccc(NC(=O)c3ccccn3)c2)N=C(N)OC1C,0,O1C2COCCC2(N=C1N)c1cc(NC(=O)c2ncccc2)ccc1,0,0,0,Exmol_based,Generated using exmol-based algorithm
NC1=NC2(c3cccc(NC(=O)c4ccccn4)c3)C3COC3C2O1,0,O1C2COCCC2(N=C1N)c1cc(NC(=O)c2ncccc2)ccc1,0,0,0,Exmol_based,Generated using exmol-based algorithm
NCOC1CCCCC1c1cccc(Br)c1,0,Brc1cc(ccc1)C12N=C(OC1CCCC2)N,0,0,0,Exmol_based,Generated using exmol-based algorithm
NC1=NC2(c3cccc(Br)c3)CCNCC2O1,0,Brc1cc(ccc1)C12N=C(OC1CCCC2)N,0,0,0,Exmol_based,Generated using exmol-based algorithm
Brc1cccc(C23CCCCC2OC=N3)c1,0,Brc1cc(ccc1)C12N=C(OC1CCCC2)N,0,0,0,Exmol_based,Generated using exmol-based algorithm
NC1=NC2(c3cccc(N(Br)C(=O)c4ccccn4)c3)CCCCC2O1,0,O1C2CCCCC2(N=C1N)c1cc(NC(=O)c2ncccc2)ccc1,0,0,0,Exmol_based,Generated using exmol-based algorithm
NC1=NC(c2cccc(NC(=O)c3ccccn3)c2)CCCCCO1,0,O1C2CCCCC2(N=C1N)c1cc(NC(=O)c2ncccc2)ccc1,0,0,0,Exmol_based,Generated using exmol-based algorithm
NC1=NC2(c3cccc(NCc4ccccn4)c3)CCCCC2O1,0,O1C2CCCCC2(N=C1N)c1cc(NC(=O)c2ncccc2)ccc1,0,0,0,Exmol_based,Generated using exmol-based algorithm
CN1C(=O)C[C](CCc2ccccc2)N=C1N,0,O=C1N(C)C(=N[C@](C1)(CCc1ccccc1)C)N,0,0,0,Exmol_based,Generated using exmol-based algorithm
CC[C@@]1(C)CC(=O)N(C)C(N)=N1.c1ccccc1,0,O=C1N(C)C(=N[C@](C1)(CCc1ccccc1)C)N,0,0,0,Exmol_based,Generated using exmol-based algorithm
CN1C=N[C@@](C)(CCc2ccccc2)CC1=O.N,0,O=C1N(C)C(=N[C@](C1)(CCc1ccccc1)C)N,0,0,0,Exmol_based,Generated using exmol-based algorithm
Nc1nc(C2(c3ccccc3)CCC(P)C2)cs1,0,s1cc(nc1N)C1(CCCC1)c1ccccc1,0,0,0,Exmol_based,Generated using exmol-based algorithm
Nc1nc(C2(c3ccccc3)CCC(=S)C2)cs1,0,s1cc(nc1N)C1(CCCC1)c1ccccc1,0,0,0,Exmol_based,Generated using exmol-based algorithm
Nc1nc(C2(c3ccccc3)CCOC2)cs1,0,s1cc(nc1N)C1(CCCC1)c1ccccc1,0,0,0,Exmol_based,Generated using exmol-based algorithm
C[SH](C)CC(CC(=O)NCc1ccccn1)n1c(N)nc2cc(Cl)ccc21,0,Clc1cc2nc(n(c2cc1)C(CC(C)C)CC(=O)NCc1ncccc1)N,0,0,0,Exmol_based,Generated using exmol-based algorithm
CC(C)CC(CC(=O)OCc1ccccn1)n1c(N)nc2cc(Cl)ccc21,0,Clc1cc2nc(n(c2cc1)C(CC(C)C)CC(=O)NCc1ncccc1)N,0,0,0,Exmol_based,Generated using exmol-based algorithm
CC(C)CC(CC(=O)NCc1cc(O)ccn1)n1c(N)nc2cc(Cl)ccc21,0,Clc1cc2nc(n(c2cc1)C(CC(C)C)CC(=O)NCc1ncccc1)N,0,0,0,Exmol_based,Generated using exmol-based algorithm
C.CC(CC(=O)NCC1CC1)n1c(N)nc2cc(Cl)ccc21,0,Clc1cc2nc(n(c2cc1)C(CC(=O)NCC1CC1)CC)N,0,0,0,Exmol_based,Generated using exmol-based algorithm
CCC(CC(=O)NCC1CC1)n1c(N)nc2cc(Cl)ccc21,0,Clc1cc2nc(n(c2cc1)C(CC(=O)NCC1CC1)CC)N,0,0,0,Exmol_based,Generated using exmol-based algorithm
CCC(CC(=O)NCC1CO1)n1c(N)nc2cc(Cl)ccc21,0,Clc1cc2nc(n(c2cc1)C(CC(=O)NCC1CC1)CC)N,0,0,0,Exmol_based,Generated using exmol-based algorithm
CC(C)CC(CC(=O)NC(C)C)n1c(NP)nc2cc(Cl)ccc21,0,Clc1cc2nc(n(c2cc1)C(CC(C)C)CC(=O)NC(C)C)N,0,0,0,Exmol_based,Generated using exmol-based algorithm
CC(C)CC(CC(=O)NC(C)F)n1c(N)nc2cc(Cl)ccc21,0,Clc1cc2nc(n(c2cc1)C(CC(C)C)CC(=O)NC(C)C)N,0,0,0,Exmol_based,Generated using exmol-based algorithm
CCNC(=O)CC(CC(C)C)n1c(N)nc2cc(Cl)ccc21,0,Clc1cc2nc(n(c2cc1)C(CC(C)C)CC(=O)NC(C)C)N,0,0,0,Exmol_based,Generated using exmol-based algorithm
NCc1cccc(F)c1.Nc1nc2cc(Cl)ccc2n1CCCC=O,0,Clc1cc2nc(n(c2cc1)CCCC(=O)NCc1cc(F)ccc1)N,0,0,0,Exmol_based,Generated using exmol-based algorithm
CCCn1c(N)nc2cc(Cl)ccc21.NCc1cccc(F)c1.O,0,Clc1cc2nc(n(c2cc1)CCCC(=O)NCc1cc(F)ccc1)N,0,0,0,Exmol_based,Generated using exmol-based algorithm
Nc1nccc(Cl)cccn1CCCC(=O)NCc1cccc(F)c1,0,Clc1cc2nc(n(c2cc1)CCCC(=O)NCc1cc(F)ccc1)N,0,0,0,Exmol_based,Generated using exmol-based algorithm
CC1(C)Cc2cc(Cl)ccc2C(N)=N1.Cc1ccnc(CCc2ccccc2)n1,0,Clc1cc2CC(N=C(NC(Cc3ccccc3)c3nc(ccn3)C)c2cc1)(C)C,0,0,0,Exmol_based,Generated using exmol-based algorithm
CC1(C)Cc2cc(Cl)ccc2C(NC(Cc2ccccc2)c2nccc(Br)n2)=N1,0,Clc1cc2CC(N=C(NC(Cc3ccccc3)c3nc(ccn3)C)c2cc1)(C)C,0,0,0,Exmol_based,Generated using exmol-based algorithm
Cc1ccnc(C2Cc3ccccc3N2C2=NC(C)(C)Cc3cc(Cl)ccc32)n1,0,Clc1cc2CC(N=C(NC(Cc3ccccc3)c3nc(ccn3)C)c2cc1)(C)C,0,0,0,Exmol_based,Generated using exmol-based algorithm
CCC(CC(=O)NCc1ccc(F)cc1)n1c(N)nc2cc(Cl)ccc21,0,Clc1cc2nc(n(c2cc1)C(CC(=O)NCc1ccc(F)cc1)CC)N,0,0,0,Exmol_based,Generated using exmol-based algorithm
CCC(CC(=O)NCc1ccc(F)pc1)n1c(N)nc2cc(Cl)ccc21,0,Clc1cc2nc(n(c2cc1)C(CC(=O)NCc1ccc(F)cc1)CC)N,0,0,0,Exmol_based,Generated using exmol-based algorithm
CCC(C1C(=O)NC1c1ccc(F)cc1)n1c(N)nc2cc(Cl)ccc21,0,Clc1cc2nc(n(c2cc1)C(CC(=O)NCc1ccc(F)cc1)CC)N,0,0,0,Exmol_based,Generated using exmol-based algorithm
CCCn1c(N)nc2cc(Cl)ccc21.O=CNCCC1CC[NH2+]C1,0,Clc1cc2nc(n(c2cc1)C(CC(=O)NCCC1CC[NH2+]C1)CC)N,0,0,0,Exmol_based,Generated using exmol-based algorithm
CCC(CC(=O)NCCC1C[NH2+]C(=O)C1)n1c(N)nc2cc(Cl)ccc21,0,Clc1cc2nc(n(c2cc1)C(CC(=O)NCCC1CC[NH2+]C1)CC)N,0,0,0,Exmol_based,Generated using exmol-based algorithm
CCC(CC(=O)NCCC1CC[NH2+]C1)n1c(N)nc2ccccc21,0,Clc1cc2nc(n(c2cc1)C(CC(=O)NCCC1CC[NH2+]C1)CC)N,0,0,0,Exmol_based,Generated using exmol-based algorithm
C[NH+]1CCC2NC(=O)CCCn3c(N)nc4cc(Cl)cc(c43)C2C1,0,Clc1cc2nc(n(c2cc1)CCCC(=O)NC1CC[NH+](CC1)C)N,0,0,0,Exmol_based,Generated using exmol-based algorithm
CC[NH+](C)CCCNC(=O)CCCn1c(N)nc2cc(Cl)ccc21,0,Clc1cc2nc(n(c2cc1)CCCC(=O)NC1CC[NH+](CC1)C)N,0,0,0,Exmol_based,Generated using exmol-based algorithm
C[NH+]1CCC(NC(=P)CCCn2c(N)nc3cc(Cl)ccc32)CC1,0,Clc1cc2nc(n(c2cc1)CCCC(=O)NC1CC[NH+](CC1)C)N,0,0,0,Exmol_based,Generated using exmol-based algorithm
Cc1nnc(C2Cc3cccc(c3)CC3(C)Cc4cc(Cl)ccc4C(=N3)N2)o1,0,Clc1cc2CC(N=C(NC(Cc3ccccc3)c3oc(nn3)C)c2cc1)(C)C,0,0,0,Exmol_based,Generated using exmol-based algorithm
Cc1nnc(C(Cc2ccccc2)NC2=NC(C)Cc3cc(Cl)ccc32)o1,0,Clc1cc2CC(N=C(NC(Cc3ccccc3)c3oc(nn3)C)c2cc1)(C)C,0,0,0,Exmol_based,Generated using exmol-based algorithm
Cc1nnc(C(NC2=NC(C)(C)Cc3cc(Cl)ccc32)C2c3ccccc32)o1,0,Clc1cc2CC(N=C(NC(Cc3ccccc3)c3oc(nn3)C)c2cc1)(C)C,0,0,0,Exmol_based,Generated using exmol-based algorithm
CCC(CC(=O)NCc1ccccc1)n1c(N)nc2cc(Cl)ccc21,0,Clc1cc2nc(n(c2cc1)C(CC(=O)NCc1cc(F)ccc1)CC)N,0,0,0,Exmol_based,Generated using exmol-based algorithm
CCC(CC(=O)NCc1cccc(F)c1O)n1c(N)nc2cc(Cl)ccc21,0,Clc1cc2nc(n(c2cc1)C(CC(=O)NCc1cc(F)ccc1)CC)N,0,0,0,Exmol_based,Generated using exmol-based algorithm
CCC(CC=O)n1c(N)nc2cc(Cl)ccc21.Cc1cccc(F)c1,0,Clc1cc2nc(n(c2cc1)C(CC(=O)NCc1cc(F)ccc1)CC)N,0,0,0,Exmol_based,Generated using exmol-based algorithm
CCCC(C)CN(C)C(=O)CC(CC)n1c(N)nc2cc(Cl)ccc21,0,Clc1cc2nc(n(c2cc1)C(CC(=O)N(CC1CCCCC1)C)CC)N,0,0,0,Exmol_based,Generated using exmol-based algorithm
C1CCCCC1.CCC(CC(=O)NC)n1c(N)nc2cc(Cl)ccc21,0,Clc1cc2nc(n(c2cc1)C(CC(=O)N(CC1CCCCC1)C)CC)N,0,0,0,Exmol_based,Generated using exmol-based algorithm
C1CCCCC1.CCC(CC(=O)N(C)C)n1c(N)nc2cc(Cl)ccc21,0,Clc1cc2nc(n(c2cc1)C(CC(=O)N(CC1CCCCC1)C)CC)N,0,0,0,Exmol_based,Generated using exmol-based algorithm
NC(=O)CCCn1c(N)nc2cc(Cl)ccc21.c1ccncc1,0,Clc1cc2nc(n(c2cc1)CCCC(=O)NCc1ncccc1)N,0,0,0,Exmol_based,Generated using exmol-based algorithm
Nc1nc2cc(Cl)ccc2n1CCCCNCc1ccccn1.O,0,Clc1cc2nc(n(c2cc1)CCCC(=O)NCc1ncccc1)N,0,0,0,Exmol_based,Generated using exmol-based algorithm
Nc1nc2cc(Cl)cnc2n1CCCC(=O)NCc1ccccn1,0,Clc1cc2nc(n(c2cc1)CCCC(=O)NCc1ncccc1)N,0,0,0,Exmol_based,Generated using exmol-based algorithm
NCC(CC(=O)NCC[NH+]1CCOCC1)n1c(N)nc2cc(Cl)ccc21,0,Clc1cc2nc(n(c2cc1)C(CC(=O)NCC[NH+]1CCOCC1)CC)N,0,0,0,Exmol_based,Generated using exmol-based algorithm
CCC(CC(=O)NCC[NH+]1CCOCC1)n1c(N)nc2c(N)c(Cl)ccc21,0,Clc1cc2nc(n(c2cc1)C(CC(=O)NCC[NH+]1CCOCC1)CC)N,0,0,0,Exmol_based,Generated using exmol-based algorithm
CCC(CC(=O)NCC[NH+](C)CCOC)n1c(N)nc2cc(Cl)ccc21,0,Clc1cc2nc(n(c2cc1)C(CC(=O)NCC[NH+]1CCOCC1)CC)N,0,0,0,Exmol_based,Generated using exmol-based algorithm
CCC1CC[NH2+]C1.Nc1nc2cc(Cl)ccc2n1CCCC=O,0,Clc1cc2nc(n(c2cc1)CCCC(=O)NCCC1CC[NH2+]C1)N,0,0,0,Exmol_based,Generated using exmol-based algorithm
O=C(CCCn1c(Cl)nc2cc(Cl)ccc21)NCCC1CC[NH2+]C1,0,Clc1cc2nc(n(c2cc1)CCCC(=O)NCCC1CC[NH2+]C1)N,0,0,0,Exmol_based,Generated using exmol-based algorithm
N=C(CCC(=O)NCCC1CC[NH2+]C1)n1c(N)nc2cc(Cl)ccc21,0,Clc1cc2nc(n(c2cc1)CCCC(=O)NCCC1CC[NH2+]C1)N,0,0,0,Exmol_based,Generated using exmol-based algorithm
CC(C)(Cc1ccccc1)N=CNC(Cc1ccccc1)c1nnn[nH]1,0,[nH]1nnnc1C(NC1=NC(Cc2c1cccc2)(C)C)Cc1ccccc1,0,0,0,Exmol_based,Generated using exmol-based algorithm
CC1(C)Cc2ccccc2C(NC(Cc2ccc(Cl)cc2)c2nnn[nH]2)=N1,0,[nH]1nnnc1C(NC1=NC(Cc2c1cccc2)(C)C)Cc1ccccc1,0,0,0,Exmol_based,Generated using exmol-based algorithm
CC1(C)CC=CC=CC=CC(NC(Cc2ccccc2)c2nnn[nH]2)=N1,0,[nH]1nnnc1C(NC1=NC(Cc2c1cccc2)(C)C)Cc1ccccc1,0,0,0,Exmol_based,Generated using exmol-based algorithm
CCC(CCNC(C)C)n1c(N)nc2cc(Cl)ccc21.O,0,Clc1cc2nc(n(c2cc1)C(CC(=O)NC(C)C)CC)N,0,0,0,Exmol_based,Generated using exmol-based algorithm
CCC(CC(=O)NC(C)C)n1c(N)nc2cc(Cl)ccc21,0,Clc1cc2nc(n(c2cc1)C(CC(=O)NC(C)C)CC)N,0,0,0,Exmol_based,Generated using exmol-based algorithm
CCC(CC(=O)NC(C)P)n1c(N)nc2cc(Cl)ccc21,0,Clc1cc2nc(n(c2cc1)C(CC(=O)NC(C)C)CC)N,0,0,0,Exmol_based,Generated using exmol-based algorithm
Nc1nc2cc(Cl)ccc2[nH]1,0,Clc1cc2nc([nH]c2cc1)N,0,0,0,Exmol_based,Generated using exmol-based algorithm
Nc1nc2cc(Cl)ccc2[nH]1,0,Clc1cc2nc([nH]c2cc1)N,0,0,0,Exmol_based,Generated using exmol-based algorithm
Nc1nc2cc(Cl)ccc2[pH]1,0,Clc1cc2nc([nH]c2cc1)N,0,0,0,Exmol_based,Generated using exmol-based algorithm
CC1C[NH+](CCNC(=O)CCCn2c(N)nc3cc(Cl)ccc32)CCO1,0,Clc1cc2nc(n(c2cc1)CCCC(=O)NCC[NH+]1CCOCC1)N,0,0,0,Exmol_based,Generated using exmol-based algorithm
Nc1nc2cc(Cl)ccc2n1CCCC(=O)OCC[NH+]1CCOCC1,0,Clc1cc2nc(n(c2cc1)CCCC(=O)NCC[NH+]1CCOCC1)N,0,0,0,Exmol_based,Generated using exmol-based algorithm
Nc1nc2ccccc2n1CCCC(=O)NCC[NH+]1CCOCC1,0,Clc1cc2nc(n(c2cc1)CCCC(=O)NCC[NH+]1CCOCC1)N,0,0,0,Exmol_based,Generated using exmol-based algorithm
CCC(C)n1c(N)nc2cc(Cl)ccc21.O=CNCC1CCOCC1,0,Clc1cc2nc(n(c2cc1)C(CC(=O)NCC1CCOCC1)CC)N,0,0,0,Exmol_based,Generated using exmol-based algorithm
CCC(CC(=O)NCC1CCOCC1)n1c(N)nc2cc(Cl)ccc21,0,Clc1cc2nc(n(c2cc1)C(CC(=O)NCC1CCOCC1)CC)N,0,0,0,Exmol_based,Generated using exmol-based algorithm
CCC(CC(=O)NCC1CCOCC1)n1c(N)nc2ccccc21.Cl,0,Clc1cc2nc(n(c2cc1)C(CC(=O)NCC1CCOCC1)CC)N,0,0,0,Exmol_based,Generated using exmol-based algorithm
CCC(C(F)C(=O)NCc1ccccn1)n1c(N)nc2cc(Cl)ccc21,0,Clc1cc2nc(n(c2cc1)C(CC(=O)NCc1ncccc1)CC)N,0,0,0,Exmol_based,Generated using exmol-based algorithm
Nc1nc2cc(Cl)ccc2n1C(CC#P)CC(=O)NCc1ccccn1,0,Clc1cc2nc(n(c2cc1)C(CC(=O)NCc1ncccc1)CC)N,0,0,0,Exmol_based,Generated using exmol-based algorithm
CCC(CC(=O)NCc1ccccn1)n1c(N)nc2ccccc21.Cl,0,Clc1cc2nc(n(c2cc1)C(CC(=O)NCc1ncccc1)CC)N,0,0,0,Exmol_based,Generated using exmol-based algorithm
Cn1c(N)nc(C2SC2c2cccc(Br)c2)cc1=O,0,Brc1cc(ccc1)C1CC1C=1N=C(N)N(C)C(=O)C=1,0,0,0,Exmol_based,Generated using exmol-based algorithm
Cn1c(N)nc(C2CC2c2ccccc2)cc1=O,0,Brc1cc(ccc1)C1CC1C=1N=C(N)N(C)C(=O)C=1,0,0,0,Exmol_based,Generated using exmol-based algorithm
Cn1cnc(C2CC2c2cccc(Br)c2)cc1=O,0,Brc1cc(ccc1)C1CC1C=1N=C(N)N(C)C(=O)C=1,0,0,0,Exmol_based,Generated using exmol-based algorithm
Cn1c(N)nc(C2CC23c2cccc(c2)-c2ccccc23)cc1=O,0,O=C1N(C)C(=NC(=C1)C1CC1c1cc(ccc1)-c1ccccc1)N,0,0,0,Exmol_based,Generated using exmol-based algorithm
Cn1c(N)nc(C2CC2c2cccc(-c3ccccp3)c2)cc1=O,0,O=C1N(C)C(=NC(=C1)C1CC1c1cc(ccc1)-c1ccccc1)N,0,0,0,Exmol_based,Generated using exmol-based algorithm
Cn1c(N)nc(C2CC2c2cccc(-c3ccccc3N)c2)cc1=O,0,O=C1N(C)C(=NC(=C1)C1CC1c1cc(ccc1)-c1ccccc1)N,0,0,0,Exmol_based,Generated using exmol-based algorithm
Nc1nc2cc(Cl)ccc2n1CCCC(=O)NCC1CC1,0,Clc1cc2nc(n(c2cc1)CCCC(=O)NCC1CC1)N,0,0,0,Exmol_based,Generated using exmol-based algorithm
Nc1nc2cc(Cl)ccc2n1CCCC(=O)NCC1CC1,0,Clc1cc2nc(n(c2cc1)CCCC(=O)NCC1CC1)N,0,0,0,Exmol_based,Generated using exmol-based algorithm
Nc1nc2cc(Cl)ccc2n1CCCCNCC1CC1,0,Clc1cc2nc(n(c2cc1)CCCC(=O)NCC1CC1)N,0,0,0,Exmol_based,Generated using exmol-based algorithm
