original_smiles,intervened_smiles,intervention_strategy,original_molecule_idx,original_prediction,intervened_prediction,prediction_difference,abs_prediction_difference,original_probability,intervened_probability,probability_difference,original_logp,intervened_logp,logp_difference
S(=O)(=O)(N(C)c1cc(cc(c1)CNC(=O)C([NH3+])(Cc1ccccc1)CO)C(=O)NC(C)c1ccc(F)cc1)C,[H]C([NH3+])(Cc1ccccc1)C(=O)NCc1cc(C(=O)NC(C)c2ccc(F)cc2)cc(N(C)S(C)(=O)=O)c1,hydroxyl,1370,0.15701787173748016,0.19468986988067627,0.037671998143196106,0.037671998143196106,0.15701787173748016,0.19468986988067627,0.037671998143196106,1.5444000000000013,2.1819000000000006,0.6374999999999993
Clc1cc(cc(Cl)c1)-c1cc2c(OC(CC23N=C(N)N(C)C3=O)(C)C)cc1,CN1C(=O)C2(CC(C)(C)Oc3ccc(-c4cccc(Cl)c4)cc32)N=C1N,aromatic_chloro,540,0.7622055411338806,0.1557372361421585,-0.6064683049917221,0.6064683049917221,0.7622055411338806,0.1557372361421585,-0.6064683049917221,4.203500000000004,3.5501000000000023,-0.6534000000000013
S1(=O)(=O)CC(Cc2cc(OCC(F)F)c(N)c(F)c2)C(O)C([NH2+]Cc2cc(ccc2)C(C)(C)C)C1,CC(C)(C)c1cccc(C[NH2+]C2CS(=O)(=O)CC(Cc3ccc(N)c(OCC(F)F)c3)C2O)c1,fluoro_aromatic,319,0.7624109983444214,0.5836900472640991,-0.17872095108032227,0.17872095108032227,0.7624109983444214,0.5836900472640991,-0.17872095108032227,2.429500000000001,2.290400000000001,-0.1391
Fc1ccc(NC(=O)c2ncc(cc2)C#N)cc1[C@]1(N=C(OCC1)N)C(F)F,N#Cc1ccc(C(=O)Nc2cccc([C@]3(C(F)F)CCOC(N)=N3)c2)nc1,fluoro_aromatic,79,0.7617397308349609,0.36314600706100464,-0.3985937237739563,0.3985937237739563,0.7617397308349609,0.36314600706100464,-0.3985937237739563,2.5400800000000006,2.4009799999999997,-0.1391000000000009
Fc1cc(cc(F)c1)CC(NC(=O)C)C(O)C[NH2+]C1(CCC(CC1)C#N)c1cc(ccc1)C(C)(C)C,CC(=O)NC(Cc1cccc(F)c1)C(O)C[NH2+]C1(c2cccc(C(C)(C)C)c2)CCC(C#N)CC1,fluoro_aromatic,965,0.7180820107460022,0.16069316864013672,-0.5573888421058655,0.5573888421058655,0.7180820107460022,0.16069316864013672,-0.5573888421058655,3.8430800000000023,3.7039800000000023,-0.1391
s1ccnc1-c1cc(ccc1F)CC(NC(=O)COC)C(O)C[NH2+]C1CC2(Oc3ncc(cc13)CC(C)(C)C)CCC2,COCC(=O)NC(Cc1cccc(-c2nccs2)c1)C(O)C[NH2+]C1CC2(CCC2)Oc2ncc(CC(C)(C)C)cc21,fluoro_aromatic,325,0.7618929147720337,0.7623814344406128,0.0004885196685791016,0.0004885196685791016,0.7618929147720337,0.7623814344406128,0.0004885196685791016,3.9773000000000023,3.8382000000000014,-0.1391000000000009
Clc1cc2nc(n(c2cc1)C(CC(=O)NCc1ccc(F)cc1)CC)N,CCC(CC(=O)NCc1ccc(F)cc1)n1c(N)nc2ccccc21,aromatic_chloro,1495,0.15537101030349731,0.1554204374551773,4.9427151679992676e-05,4.9427151679992676e-05,0.15537101030349731,0.1554204374551773,4.9427151679992676e-05,4.068600000000002,3.4152000000000013,-0.6534000000000004
Clc1cc2nc(n(c2cc1)C(CC(=O)NCc1ccc(F)cc1)CC)N,CCC(CC(=O)NCc1ccccc1)n1c(N)nc2cc(Cl)ccc21,fluoro_aromatic,1495,0.155389204621315,0.1552610844373703,-0.00012812018394470215,0.00012812018394470215,0.155389204621315,0.1552610844373703,-0.00012812018394470215,4.068600000000002,3.9295000000000018,-0.1391
S1(=O)(=O)N([C@]2(C[C@@H]([N@H+](CC2)Cc2cc(OC(C)C)ccc2)C)CN1C)c1cc(F)ccc1,CC(C)Oc1cccc(C[N@H+]2CC[C@@]3(C[C@@H]2C)CN(C)S(=O)(=O)N3c2ccccc2)c1,fluoro_aromatic,149,0.15531623363494873,0.16525273025035858,0.009936496615409851,0.009936496615409851,0.15531623363494873,0.16525273025035858,0.009936496615409851,2.6157000000000012,2.4766000000000012,-0.1391
S1(=O)CC(Cc2cc(O)c(N)c(F)c2)C(O)C([NH2+]Cc2cc(ccc2)C(C)(C)C)C1,CC(C)(C)c1cccc(C[NH2+]C2CS(=O)CC(Cc3ccc(N)c(O)c3)C2O)c1,fluoro_aromatic,1004,0.7616388201713562,0.16008327901363373,-0.6015555411577225,0.6015555411577225,0.7616388201713562,0.16008327901363373,-0.6015555411577225,1.8251,1.6860000000000002,-0.13909999999999978
Clc1ccccc1-c1n(Cc2nc(N)ccc2)c(cc1)-c1ccc(Oc2nccnc2)cc1,Nc1cccc(Cn2c(-c3ccccc3)ccc2-c2ccc(Oc3cnccn3)cc2)n1,aromatic_chloro,987,0.1682855486869812,0.39011693000793457,0.22183138132095337,0.22183138132095337,0.1682855486869812,0.39011693000793457,0.22183138132095337,6.083300000000003,5.4299000000000035,-0.6533999999999995
S(=O)(=O)(N(C)c1cc(cc(c1)COCC([NH3+])(Cc1ccccc1)COC)C(=O)NC(C)c1ccc(F)cc1)C,COCC([NH3+])(COCc1cc(C(=O)NC(C)c2ccccc2)cc(N(C)S(C)(=O)=O)c1)Cc1ccccc1,fluoro_aromatic,1467,0.15663808584213257,0.6961778998374939,0.5395398139953613,0.5395398139953613,0.15663808584213257,0.6961778998374939,0.5395398139953613,3.0989000000000013,2.9598000000000013,-0.1391
S1(=O)(=O)NCC2(N1c1cc(F)ccc1)CC([NH+](CC2)Cc1cc(OC(C)C)ccc1)C,[H]N(c1cccc(F)c1)C1(C)CC[NH+](Cc2cccc(OC(C)C)c2)C(C)C1,sulfonamide,1122,0.1556006371974945,0.15545861423015594,-0.000142022967338562,0.000142022967338562,0.1556006371974945,0.15545861423015594,-0.000142022967338562,2.2735000000000003,4.050900000000003,1.7774000000000028
S1(=O)(=O)NCC2(N1c1cc(F)ccc1)CC([NH+](CC2)Cc1cc(OC(C)C)ccc1)C,CC(C)Oc1cccc(C[NH+]2CCC3(CNS(=O)(=O)N3c3ccccc3)CC2C)c1,fluoro_aromatic,1122,0.15548904240131378,0.6043589115142822,0.44886986911296844,0.44886986911296844,0.15548904240131378,0.6043589115142822,0.44886986911296844,2.2735000000000003,2.1344000000000003,-0.1391
S1(=O)(=O)CC(Cc2cc(CO)c(O)cc2)C(O)C([NH2+]Cc2cc(ccc2)C(C)C)C1,[H]c1cc(CC2CS(=O)(=O)CC([NH2+]Cc3cccc(C(C)C)c3)C2O)ccc1O,hydroxyl,1106,0.1761765331029892,0.16115185618400574,-0.01502467691898346,0.01502467691898346,0.1761765331029892,0.16115185618400574,-0.01502467691898346,1.0881,1.5958,0.5077
Fc1ccc(cc1-c1cccnc1F)C1(N=C(N)N(C)C1=O)c1cn(nc1)CC,CCn1cc(C2(c3cccc(-c4cccnc4F)c3)N=C(N)N(C)C2=O)cn1,fluoro_aromatic,565,0.7615761160850525,0.7607941031455994,-0.000782012939453125,0.000782012939453125,0.7615761160850525,0.7607941031455994,-0.000782012939453125,2.2735000000000003,2.1344000000000003,-0.1391
Fc1cc(cc(F)c1)CC(NC(=O)C(N1CCC(CCCC)C1=O)C)C(O)C[NH2+]Cc1cc(OC)ccc1,CCCCC1CCN(C(C)C(=O)NC(Cc2cccc(F)c2)C(O)C[NH2+]Cc2cccc(OC)c2)C1=O,fluoro_aromatic,692,0.4103720188140869,0.1687985211610794,-0.2415734976530075,0.2415734976530075,0.4103720188140869,0.1687985211610794,-0.2415734976530075,2.5524000000000013,2.4133000000000013,-0.1391
FC1(F)COC(=NC1(C)c1cc(NC(=O)c2ncccc2)ccc1F)N,CC1(c2cccc(NC(=O)c3ccccn3)c2)N=C(N)OCC1(F)F,fluoro_aromatic,931,0.7141822576522827,0.5082319378852844,-0.2059503197669983,0.2059503197669983,0.7141822576522827,0.5082319378852844,-0.2059503197669983,2.6684,2.5292999999999997,-0.13910000000000045
Fc1c(cccc1F)-c1cc(ccc1)C1(N=C(N)N(C)C1=O)c1ccncc1,CN1C(=O)C(c2ccncc2)(c2cccc(-c3cccc(F)c3)c2)N=C1N,fluoro_aromatic,615,0.758663535118103,0.15671396255493164,-0.6019495725631714,0.6019495725631714,0.758663535118103,0.15671396255493164,-0.6019495725631714,3.057100000000003,2.918000000000003,-0.1391
Fc1ccc(cc1-c1cccnc1)C1(N=C(N2C1=NCC(F)(F)C2)N)c1cc(C)c(OC)cc1,COc1ccc(C2(c3cccc(-c4cccnc4)c3)N=C(N)N3CC(F)(F)CN=C32)cc1C,fluoro_aromatic,603,0.7604026198387146,0.7419530749320984,-0.01844954490661621,0.01844954490661621,0.7604026198387146,0.7419530749320984,-0.01844954490661621,4.126020000000002,3.9869200000000022,-0.1391
Clc1ccc(cc1)C1(N=C(N)N(C)C1=O)c1ccccc1,CN1C(=O)C(c2ccccc2)(c2ccccc2)N=C1N,aromatic_chloro,1188,0.17747172713279724,0.15626300871372223,-0.021208718419075012,0.021208718419075012,0.17747172713279724,0.15626300871372223,-0.021208718419075012,2.3703000000000003,1.7169,-0.6534000000000002
S1(=O)CC(Cc2cc(OC(COC)C(F)(F)F)c(N)c(F)c2)C(O)C([NH2+]Cc2cc(ccc2)C(C)C)C1,COCC(Oc1cc(CC2CS(=O)CC([NH2+]Cc3cccc(C(C)C)c3)C2O)ccc1N)C(F)(F)F,fluoro_aromatic,448,0.7624959349632263,0.7625064253807068,1.049041748046875e-05,1.049041748046875e-05,0.7624959349632263,0.7625064253807068,1.049041748046875e-05,2.9015000000000013,2.7624000000000013,-0.1391
Clc1cc(ccc1)CCc1cccnc1N,Nc1ncccc1CCc1ccccc1,aromatic_chloro,199,0.19531311094760895,0.4819158613681793,0.2866027504205704,0.2866027504205704,0.19531311094760895,0.4819158613681793,0.2866027504205704,3.1024000000000003,2.449,-0.6534000000000004
S1(=O)(=O)N(C2(CC([NH+](CC2)Cc2cc(OC(C)C)ccc2)C)CN1CC)c1cc(F)ccc1,CCN1CC2(CC[NH+](Cc3cccc(OC(C)C)c3)C(C)C2)N(c2ccccc2)S1(=O)=O,fluoro_aromatic,1156,0.15548831224441528,0.1644974946975708,0.009009182453155518,0.009009182453155518,0.15548831224441528,0.1644974946975708,0.009009182453155518,3.0058000000000016,2.8667000000000016,-0.1391
Fc1cc(cc(F)c1)CC(NC(=O)C)C(O)C[NH2+]C1(CCCCC1)c1cc(ccc1)C1CCOCOC1,CC(=O)NC(Cc1cccc(F)c1)C(O)C[NH2+]C1(c2cccc(C3CCOCOC3)c2)CCCCC1,fluoro_aromatic,1010,0.15590743720531464,0.15696129202842712,0.0010538548231124878,0.0010538548231124878,0.15590743720531464,0.15696129202842712,0.0010538548231124878,3.273900000000001,3.134800000000001,-0.1391
Clc1cc2nc(n(c2cc1)C(CC(=O)NCc1ncccc1)CC)N,CCC(CC(=O)NCc1ccccn1)n1c(N)nc2ccccc21,aromatic_chloro,1509,0.15533912181854248,0.1553858369588852,4.67151403427124e-05,4.67151403427124e-05,0.15533912181854248,0.1553858369588852,4.67151403427124e-05,3.3245000000000005,2.6711,-0.6534000000000004
Clc1ccc(nc1)C(=O)Nc1cc(ccc1)C12N=C(OC1COCC2)N,NC1=NC2(c3cccc(NC(=O)c4ccccn4)c3)CCOCC2O1,aromatic_chloro,1227,0.1553572714328766,0.1557275503873825,0.0003702789545059204,0.0003702789545059204,0.1553572714328766,0.1557275503873825,0.0003702789545059204,2.3163999999999993,1.6629999999999998,-0.6533999999999995
Fc1cc(cc(F)c1)CC(NC(=O)C)C(O)C[NH2+]C1(CCCCC1)c1nn(cc1)C(C)(C)C,CC(=O)NC(Cc1cccc(F)c1)C(O)C[NH2+]C1(c2ccn(C(C)(C)C)n2)CCCCC1,fluoro_aromatic,1166,0.15627774596214294,0.15739816427230835,0.0011204183101654053,0.0011204183101654053,0.15627774596214294,0.15739816427230835,0.0011204183101654053,2.7474000000000007,2.6083000000000007,-0.1391
Clc1ccc(nc1)C(=O)Nc1cc(C2(Oc3c(cccc3)C(=N2)N)C)c(F)cc1,CC1(c2cc(NC(=O)c3ccccn3)ccc2F)N=C(N)c2ccccc2O1,aromatic_chloro,817,0.7584872841835022,0.16788837313652039,-0.5905989110469818,0.5905989110469818,0.7584872841835022,0.16788837313652039,-0.5905989110469818,4.097000000000001,3.4436000000000018,-0.6533999999999995
Clc1ccc(nc1)C(=O)Nc1cc(C2(Oc3c(cccc3)C(=N2)N)C)c(F)cc1,CC1(c2cccc(NC(=O)c3ccc(Cl)cn3)c2)N=C(N)c2ccccc2O1,fluoro_aromatic,817,0.7584241032600403,0.15599483251571655,-0.6024292707443237,0.6024292707443237,0.7584241032600403,0.15599483251571655,-0.6024292707443237,4.097000000000001,3.9579000000000013,-0.1391
Fc1ncccc1-c1cc(ccc1)C1(N=C(N)N(C)C1=O)c1cn(nc1)CC,CCn1cc(C2(c3cccc(-c4cccnc4)c3)N=C(N)N(C)C2=O)cn1,fluoro_aromatic,383,0.7613583207130432,0.7554391622543335,-0.005919158458709717,0.005919158458709717,0.7613583207130432,0.7554391622543335,-0.005919158458709717,2.1343999999999994,1.9952999999999996,-0.13909999999999978
Clc1cc2nc(n(c2cc1)C(CC(=O)N(CC1CCCCC1)C)CC)N,CCC(CC(=O)N(C)CC1CCCCC1)n1c(N)nc2ccccc21,aromatic_chloro,1500,0.1559632420539856,0.15572459995746613,-0.00023864209651947021,0.00023864209651947021,0.1559632420539856,0.15572459995746613,-0.00023864209651947021,4.651800000000002,3.998400000000002,-0.6534000000000004
Clc1ccccc1-c1n(Cc2nc(N)ccc2)c(cc1)-c1ccc(OCCCC#N)cc1,N#CCCCOc1ccc(-c2ccc(-c3ccccc3)n2Cc2cccc(N)n2)cc1,aromatic_chloro,125,0.16006453335285187,0.6180478930473328,0.4579833596944809,0.4579833596944809,0.16006453335285187,0.6180478930473328,0.4579833596944809,6.183580000000004,5.530180000000004,-0.6533999999999995
Fc1cc(cc(F)c1)CC(NC(=O)C)C(O)C[NH2+]C1(CCC(CC1)CCO)c1cc(ccc1)C(C)(C)C,CC(=O)NC(Cc1cccc(F)c1)C(O)C[NH2+]C1(c2cccc(C(C)(C)C)c2)CCC(CCO)CC1,fluoro_aromatic,1320,0.1740051805973053,0.15730693936347961,-0.016698241233825684,0.016698241233825684,0.1740051805973053,0.15730693936347961,-0.016698241233825684,3.701900000000003,3.562800000000002,-0.1391000000000009
S(=O)(=O)(N(C)c1cc(cc(c1)COCC([NH3+])(Cc1ccccc1)C)C(=O)NC(C)c1ccc(F)cc1)C,CC(NC(=O)c1cc(COCC(C)([NH3+])Cc2ccccc2)cc(N(C)S(C)(=O)=O)c1)c1ccccc1,fluoro_aromatic,950,0.15575021505355835,0.18412747979164124,0.028377264738082886,0.028377264738082886,0.15575021505355835,0.18412747979164124,0.028377264738082886,3.472400000000002,3.3333000000000013,-0.1391000000000009
S1(=O)(=O)CC(Cc2cc(OC(C(F)(F)F)C(F)(F)F)c(N)c(F)c2)C(O)C([NH2+]CC2CC2OC(C)(C)C)C1,CC(C)(C)OC1CC1C[NH2+]C1CS(=O)(=O)CC(Cc2ccc(N)c(OC(C(F)(F)F)C(F)(F)F)c2)C1O,fluoro_aromatic,1334,0.7621863484382629,0.6698167324066162,-0.09236961603164673,0.09236961603164673,0.7621863484382629,0.6698167324066162,-0.09236961603164673,2.3634999999999993,2.2243999999999993,-0.1391
S1(=O)CC(Cc2cc(OC(CO)C(F)(F)F)c(N)c(F)c2)C(O)C([NH2+]Cc2cc(ccc2)C(C)(C)C)C1,CC(C)(C)c1cccc(C[NH2+]C2CS(=O)CC(Cc3ccc(N)c(OC(CO)C(F)(F)F)c3)C2O)c1,fluoro_aromatic,335,0.7623732089996338,0.5914157032966614,-0.1709575057029724,0.1709575057029724,0.7623732089996338,0.5914157032966614,-0.1709575057029724,2.421500000000001,2.282400000000001,-0.1391
S1(=O)CC(Cc2cc(OC(CO)C(F)(F)F)c(N)c(F)c2)C(O)C([NH2+]Cc2cc(ccc2)C(C)(C)C)C1,[H]C(Oc1cc(CC2CS(=O)CC([NH2+]Cc3cccc(C(C)(C)C)c3)C2O)cc(F)c1N)C(F)(F)F,hydroxyl,335,0.7623356580734253,0.7623339295387268,-1.7285346984863281e-06,1.7285346984863281e-06,0.7623356580734253,0.7623339295387268,-1.7285346984863281e-06,2.421500000000001,3.060600000000001,0.6391
Fc1cc(cc(F)c1)CC(NC(=O)C)C(O)C[NH2+]C1(CCCCC1)c1cc(N2CCNC2=O)ccc1,CC(=O)NC(Cc1cccc(F)c1)C(O)C[NH2+]C1(c2cccc(N3CCNC3=O)c2)CCCCC1,fluoro_aromatic,1131,0.15635788440704346,0.1637229025363922,0.007365018129348755,0.007365018129348755,0.15635788440704346,0.1637229025363922,0.007365018129348755,2.3255,2.1864,-0.1391
Fc1c2c(ccc1)C(N=C2N)(c1cc(ccc1)-c1cncnc1)c1cc(ncc1)C(F)(F)F,NC1=NC(c2cccc(-c3cncnc3)c2)(c2ccnc(C(F)(F)F)c2)c2ccccc21,fluoro_aromatic,907,0.7570419311523438,0.5050413608551025,-0.2520005702972412,0.2520005702972412,0.7570419311523438,0.5050413608551025,-0.2520005702972412,4.707300000000002,4.568200000000003,-0.1390999999999991
Fc1cc(cc(F)c1)CC(NC(=O)C(N1CCC(C(C)C)C1=O)C)C(O)C1[NH2+]CC(OCCC)C1,CCCOC1C[NH2+]C(C(O)C(Cc2cccc(F)c2)NC(=O)C(C)N2CCC(C(C)C)C2=O)C1,fluoro_aromatic,859,0.7465541362762451,0.4587767422199249,-0.2877773940563202,0.2877773940563202,0.7465541362762451,0.4587767422199249,-0.2877773940563202,1.3769000000000016,1.237800000000002,-0.13909999999999956
s1cc(cc1C(=O)CC)[C@]1(N=C(N)N(C)C1=O)c1cc(ccc1)-c1cccnc1F,CCC(=O)c1cc([C@@]2(c3cccc(-c4cccnc4)c3)N=C(N)N(C)C2=O)cs1,fluoro_aromatic,1217,0.7610936164855957,0.7586816549301147,-0.002411961555480957,0.002411961555480957,0.7610936164855957,0.7586816549301147,-0.002411961555480957,3.5722000000000023,3.4331000000000023,-0.1391
Fc1c2c(ccc1)C(N=C2N)(C=1C=C(C)C(=O)N(C=1)CC)c1cc(NC(=O)c2ncccc2)ccc1,CCn1cc(C2(c3cccc(NC(=O)c4ccccn4)c3)N=C(N)c3ccccc32)cc(C)c1=O,fluoro_aromatic,269,0.7590106725692749,0.7280017137527466,-0.03100895881652832,0.03100895881652832,0.7590106725692749,0.7280017137527466,-0.03100895881652832,3.9738200000000026,3.8347200000000026,-0.1391
Fc1ccc(cc1CC(NC(=O)COC)C(O)C[NH2+]C1CC2(Oc3ncc(cc13)CC(C)(C)C)CCC2)C#C,C#Cc1cccc(CC(NC(=O)COC)C(O)C[NH2+]C2CC3(CCC3)Oc3ncc(CC(C)(C)C)cc32)c1,fluoro_aromatic,278,0.7619808316230774,0.7622433304786682,0.0002624988555908203,0.0002624988555908203,0.7619808316230774,0.7622433304786682,0.0002624988555908203,2.8351000000000006,2.6960000000000006,-0.1391
S1(=O)(=O)CC(Cc2cc(CCC(F)(F)F)c(N)c(F)c2)C(O)C([NH2+]Cc2cc(ccc2)C(C)(C)C)C1,CC(C)(C)c1cccc(C[NH2+]C2CS(=O)(=O)CC(Cc3ccc(N)c(CCC(F)(F)F)c3)C2O)c1,fluoro_aromatic,830,0.7626674771308899,0.745212972164154,-0.01745450496673584,0.01745450496673584,0.7626674771308899,0.745212972164154,-0.01745450496673584,3.2805000000000017,3.1414000000000017,-0.1391
S1(=O)CC(Cc2cc(OC(COC)C(F)(F)F)c(N)c(F)c2)C(O)C([NH2+]Cc2cc(OC(C)C)ccc2)C1,COCC(Oc1cc(CC2CS(=O)CC([NH2+]Cc3cccc(OC(C)C)c3)C2O)ccc1N)C(F)(F)F,fluoro_aromatic,752,0.7617865204811096,0.7619361877441406,0.00014966726303100586,0.00014966726303100586,0.7617865204811096,0.7619361877441406,0.00014966726303100586,2.5653000000000006,2.4262000000000006,-0.1391
S(=O)(=O)(N(C)c1cc(cc(c1)COC(=O)[C@]([NH3+])(Cc1ccccc1)C)C(=O)N[C@H](C)c1ccc(F)cc1)C,C[C@@H](NC(=O)c1cc(COC(=O)[C@](C)([NH3+])Cc2ccccc2)cc(N(C)S(C)(=O)=O)c1)c1ccccc1,fluoro_aromatic,58,0.1565028429031372,0.15843917429447174,0.0019363313913345337,0.0019363313913345337,0.1565028429031372,0.15843917429447174,0.0019363313913345337,2.9990000000000023,2.8599000000000014,-0.1391000000000009
Clc1cc2nc(n(c2cc1)C(CC(=O)NCCC(C)(C)C)CC)N,CCC(CC(=O)NCCC(C)(C)C)n1c(N)nc2ccccc21,aromatic_chloro,1461,0.15600652992725372,0.15584149956703186,-0.0001650303602218628,0.0001650303602218628,0.15600652992725372,0.15584149956703186,-0.0001650303602218628,4.165500000000002,3.512100000000001,-0.6534000000000013
Fc1cc(cc(F)c1)CC(NC(=O)C)C(O)C[NH2+]C1(CCCN(C1)C(=O)N)c1cc(ccc1)C(C)(C)C,CC(=O)NC(Cc1cccc(F)c1)C(O)C[NH2+]C1(c2cccc(C(C)(C)C)c2)CCCN(C(N)=O)C1,fluoro_aromatic,944,0.1921200454235077,0.15952759981155396,-0.032592445611953735,0.032592445611953735,0.1921200454235077,0.15952759981155396,-0.032592445611953735,2.3038000000000016,2.1647000000000016,-0.1391
Clc1cc2CC(N=C(NC(Cc3ccccc3)c3nc(ccn3)C)c2cc1)(C)C,Cc1ccnc(C(Cc2ccccc2)NC2=NC(C)(C)Cc3ccccc32)n1,aromatic_chloro,1494,0.15585869550704956,0.15528100728988647,-0.0005776882171630859,0.0005776882171630859,0.15585869550704956,0.15528100728988647,-0.0005776882171630859,5.093320000000005,4.439920000000003,-0.6534000000000013
Clc1cc2CC(N=C(NC(Cc3cscc3CCC3CC3)C(=O)[O-])c2cc1)(C)C,CC1(C)Cc2ccccc2C(NC(Cc2cscc2CCC2CC2)C(=O)[O-])=N1,aromatic_chloro,1013,0.27386727929115295,0.15600039064884186,-0.1178668886423111,0.1178668886423111,0.27386727929115295,0.15600039064884186,-0.1178668886423111,3.776200000000003,3.1228000000000016,-0.6534000000000013
Clc1cc2CC(N=C(NC(Cc3cscc3CCC3CC3)C(=O)[O-])c2cc1)(C)C,[H]C(Cc1cscc1CCC1CC1)NC1=NC(C)(C)Cc2cc(Cl)ccc21,carboxylic_acid,1013,0.270339697599411,0.15567897260189056,-0.11466072499752045,0.11466072499752045,0.270339697599411,0.15567897260189056,-0.11466072499752045,3.776200000000003,5.657700000000005,1.8815000000000017
S(=O)(=O)(N(C)c1cc(cc(c1)C(=O)NCC([NH3+])(Cc1ccccc1)CO)C(=O)NC(C)c1ccc(F)cc1)C,[H]C([NH3+])(CNC(=O)c1cc(C(=O)NC(C)c2ccc(F)cc2)cc(N(C)S(C)(=O)=O)c1)Cc1ccccc1,hydroxyl,1343,0.1565745323896408,0.525306224822998,0.36873169243335724,0.36873169243335724,0.1565745323896408,0.525306224822998,0.36873169243335724,1.658000000000001,2.2955000000000005,0.6374999999999995
Fc1cc(cc(F)c1)CC(NC(=O)C)C(O)C[NH2+]C1(CCC(CC1)C)c1cc(ccc1)C(C)(C)C,CC(=O)NC(Cc1cccc(F)c1)C(O)C[NH2+]C1(c2cccc(C(C)(C)C)c2)CCC(C)CC1,fluoro_aromatic,653,0.1580413579940796,0.1580866277217865,4.526972770690918e-05,4.526972770690918e-05,0.1580413579940796,0.1580866277217865,4.526972770690918e-05,4.339400000000004,4.200300000000002,-0.13910000000000178
Fc1ncccc1-c1cc(ccc1)C1(N=C(N)N(C)C1=O)c1cc(C)c(OC)cc1,COc1ccc(C2(c3cccc(-c4cccnc4)c3)N=C(N)N(C)C2=O)cc1C,fluoro_aromatic,465,0.7596019506454468,0.7590903639793396,-0.0005115866661071777,0.0005115866661071777,0.7596019506454468,0.7590903639793396,-0.0005115866661071777,3.2350200000000013,3.0959200000000013,-0.1391
Fc1ccc(cc1C(F)(F)F)CC(NC(=O)C)C(O)C[NH2+]C1CC2(Oc3ncc(cc13)CC(C)(C)C)CCC2,CC(=O)NC(Cc1cccc(C(F)(F)F)c1)C(O)C[NH2+]C1CC2(CCC2)Oc2ncc(CC(C)(C)C)cc21,fluoro_aromatic,389,0.7621182203292847,0.7624581456184387,0.00033992528915405273,0.00033992528915405273,0.7621182203292847,0.7624581456184387,0.00033992528915405273,4.246100000000003,4.107000000000002,-0.1391000000000009
s1cc(nc1)-c1cc(ccc1)C1([NH2+]CC(O)C(NC(=O)C)Cc2cc(F)cc(F)c2)CCCCC1,CC(=O)NC(Cc1cccc(F)c1)C(O)C[NH2+]C1(c2cccc(-c3cscn3)c2)CCCCC1,fluoro_aromatic,801,0.7001704573631287,0.18835800886154175,-0.5118124485015869,0.5118124485015869,0.7001704573631287,0.18835800886154175,-0.5118124485015869,3.919400000000003,3.780300000000002,-0.1391000000000009
S1(=O)CC(Cc2cc(OC(COC)C(F)(F)F)c(N)c(F)c2)C(O)C([NH2+]C(C)c2cc(ccc2)C(C)(C)C)C1,COCC(Oc1cc(CC2CS(=O)CC([NH2+]C(C)c3cccc(C(C)(C)C)c3)C2O)ccc1N)C(F)(F)F,fluoro_aromatic,387,0.7620965242385864,0.7623981833457947,0.00030165910720825195,0.00030165910720825195,0.7620965242385864,0.7623981833457947,0.00030165910720825195,3.6366000000000023,3.4975000000000023,-0.1391
Fc1ccc(cc1C#CCOC)[C@]1(N=C(N)N(C)C1=O)c1cc(C)c(OC(F)F)cc1,COCC#Cc1cccc([C@@]2(c3ccc(OC(F)F)c(C)c3)N=C(N)N(C)C2=O)c1,fluoro_aromatic,410,0.7624624967575073,0.7625128030776978,5.030632019042969e-05,5.030632019042969e-05,0.7624624967575073,0.7625128030776978,5.030632019042969e-05,2.763720000000001,2.624620000000001,-0.1391
Clc1cc2nc(n(c2cc1)C(CC(=O)NCc1cc(F)ccc1)CC)N,CCC(CC(=O)NCc1cccc(F)c1)n1c(N)nc2ccccc21,aromatic_chloro,1499,0.15543165802955627,0.15629975497722626,0.0008680969476699829,0.0008680969476699829,0.15543165802955627,0.15629975497722626,0.0008680969476699829,4.068600000000002,3.4152000000000013,-0.6534000000000004
Clc1cc2nc(n(c2cc1)C(CC(=O)NCc1cc(F)ccc1)CC)N,CCC(CC(=O)NCc1ccccc1)n1c(N)nc2cc(Cl)ccc21,fluoro_aromatic,1499,0.1554628610610962,0.1552346646785736,-0.000228196382522583,0.000228196382522583,0.1554628610610962,0.1552346646785736,-0.000228196382522583,4.068600000000002,3.9295000000000018,-0.1391
O=C1N[C@@H](C[C@@H](CCCCCCCC(=O)N[C@H]1C)C)[C@@H](O)C[C@H](C(=O)NCCCC)C,[H]C(C)NC(=O)CCCCCCC[C@@H](C)C[CH][C@@H](O)C[C@@H](C)C(=O)NCCCC,amide,132,0.15800130367279053,0.1592179834842682,0.0012166798114776611,0.0012166798114776611,0.15800130367279053,0.1592179834842682,0.0012166798114776611,3.0498000000000003,4.387090000000003,1.337290000000003
O=C1Nc2c(cccc2)[C@]12C[C@@H]([NH2+]C2)C(OCc1ccccc1)=O,[H][C@]1(c2ccccc2)C[NH2+][C@@H](C(=O)OCc2ccccc2)C1,amide,183,0.15560124814510345,0.15635444223880768,0.0007531940937042236,0.0007531940937042236,0.15560124814510345,0.15635444223880768,0.0007531940937042236,0.9556000000000001,1.8492999999999997,0.8936999999999996
Fc1cc(ccc1)-c1cc(ccc1)C1(N=C(N)N(C)C1=O)c1ccncc1,CN1C(=O)C(c2ccncc2)(c2cccc(-c3ccccc3)c2)N=C1N,fluoro_aromatic,661,0.7490754127502441,0.1555599868297577,-0.5935154259204865,0.5935154259204865,0.7490754127502441,0.1555599868297577,-0.5935154259204865,2.918000000000002,2.778900000000001,-0.1391000000000009
S1(=O)(=O)CC(Cc2cc(CC)c(NC(=O)C[NH+](C)C)c(F)c2)C(O)C([NH2+]Cc2cc(ccc2)C(C)(C)C)C1,CCc1cc(CC2CS(=O)(=O)CC([NH2+]Cc3cccc(C(C)(C)C)c3)C2O)ccc1NC(=O)C[NH+](C)C,fluoro_aromatic,670,0.7618815302848816,0.7613767981529236,-0.0005047321319580078,0.0005047321319580078,0.7618815302848816,0.7613767981529236,-0.0005047321319580078,0.8488000000000051,0.7097000000000053,-0.13909999999999978
Fc1cc(cc(F)c1)C[C@H](NC(=O)C)[C@H](O)C[NH2+]C1(CC1)c1cc(ccc1)C(C(F)F)(C)C,CC(=O)N[C@@H](Cc1cccc(F)c1)[C@H](O)C[NH2+]C1(c2cccc(C(C)(C)C(F)F)c2)CC1,fluoro_aromatic,899,0.1579940766096115,0.16297875344753265,0.004984676837921143,0.004984676837921143,0.1579940766096115,0.16297875344753265,0.004984676837921143,3.1683000000000012,3.0292000000000012,-0.1391
Clc1ccc(cc1)-c1cc2c(Oc3c(cc(OC)cc3)C23N=C(OC3)N)cc1,COc1ccc2c(c1)C1(COC(N)=N1)c1cc(-c3ccccc3)ccc1O2,aromatic_chloro,1178,0.15563839673995972,0.15560105443000793,-3.7342309951782227e-05,3.7342309951782227e-05,0.15563839673995972,0.15560105443000793,-3.7342309951782227e-05,4.709800000000004,4.056400000000003,-0.6534000000000013
Fc1cc(cc(c1)C#C)CC(NC(=O)COC)C(O)C[NH2+]C1CC2(Oc3ncc(cc13)CC(C)(C)C)CCC2,C#Cc1cccc(CC(NC(=O)COC)C(O)C[NH2+]C2CC3(CCC3)Oc3ncc(CC(C)(C)C)cc32)c1,fluoro_aromatic,258,0.7613882422447205,0.7620823979377747,0.0006941556930541992,0.0006941556930541992,0.7613882422447205,0.7620823979377747,0.0006941556930541992,2.8351000000000006,2.6960000000000006,-0.1391
Clc1ccccc1-c1n(Cc2nc(N)ccc2)c(cc1)-c1ccc(Oc2sccn2)cc1,Nc1cccc(Cn2c(-c3ccccc3)ccc2-c2ccc(Oc3nccs3)cc2)n1,aromatic_chloro,926,0.1577528715133667,0.1626805067062378,0.004927635192871094,0.004927635192871094,0.1577528715133667,0.1626805067062378,0.004927635192871094,6.749800000000003,6.096400000000004,-0.6533999999999995
s1cc(cc1C1([NH2+]CC(O)C(NC(=O)C)Cc2cc(F)cc(F)c2)CCCCC1)C#C,C#Cc1csc(C2([NH2+]CC(O)C(Cc3cccc(F)c3)NC(C)=O)CCCCC2)c1,fluoro_aromatic,1257,0.3516952395439148,0.16108116507530212,-0.19061407446861267,0.19061407446861267,0.3516952395439148,0.16108116507530212,-0.19061407446861267,2.838700000000001,2.699600000000001,-0.1391
Fc1cc(cc(F)c1)CC(NC(=O)C)C(O)C[NH2+]C1(CCC(CC1)=C)c1cc(ccc1)C(C)(C)C,C=C1CCC([NH2+]CC(O)C(Cc2cccc(F)c2)NC(C)=O)(c2cccc(C(C)(C)C)c2)CC1,fluoro_aromatic,650,0.15782204270362854,0.16445757448673248,0.006635531783103943,0.006635531783103943,0.15782204270362854,0.16445757448673248,0.006635531783103943,4.259500000000004,4.120400000000003,-0.1391000000000009
Clc1cc(ccc1)-c1cc(ccc1)C1(OCCC(=N1)N)C,CC1(c2cccc(-c3ccccc3)c2)N=C(N)CCO1,aromatic_chloro,1284,0.1555710732936859,0.15548481047153473,-8.626282215118408e-05,8.626282215118408e-05,0.1555710732936859,0.15548481047153473,-8.626282215118408e-05,3.957200000000004,3.3038000000000007,-0.6534000000000031
Clc1cc2CC(N=C(NC(Cc3ccccc3)C=3NC(=O)c4c(N=3)ccnc4)c2cc1)(C)C,CC1(C)Cc2ccccc2C(NC(Cc2ccccc2)c2nc3ccncc3c(=O)[nH]2)=N1,aromatic_chloro,866,0.15740591287612915,0.1554224193096161,-0.0019834935665130615,0.0019834935665130615,0.15740591287612915,0.1554224193096161,-0.0019834935665130615,4.626400000000004,3.9730000000000025,-0.6534000000000013
Fc1cc(cc(F)c1)CC(NC(=O)C)C(O)C[NH2+]C1(CC(=O)NCC1)c1cc(ccc1)C(C)(C)C,CC(=O)NC(Cc1cccc(F)c1)C(O)C[NH2+]C1(c2cccc(C(C)(C)C)c2)CCNC(=O)C1,fluoro_aromatic,444,0.1572064459323883,0.15614812076091766,-0.001058325171470642,0.001058325171470642,0.1572064459323883,0.15614812076091766,-0.001058325171470642,2.039300000000001,1.9002000000000014,-0.13909999999999934
s1cc(cc1C1([NH2+]CC(O)C(NC(=O)C)Cc2cc(F)cc(F)c2)CCCCC1)C(C)C,CC(=O)NC(Cc1cccc(F)c1)C(O)C[NH2+]C1(c2cc(C(C)C)cs2)CCCCC1,fluoro_aromatic,957,0.43221455812454224,0.156242236495018,-0.27597232162952423,0.27597232162952423,0.43221455812454224,0.156242236495018,-0.27597232162952423,3.980800000000003,3.841700000000003,-0.1391
S1(=O)C[C@@H](Cc2cc(O[C@H](COC)C(F)(F)F)c(N)c(F)c2)[C@H](O)[C@@H]([NH2+]Cc2cc(ccc2)C(C)(C)C)C1,COC[C@@H](Oc1cc(C[C@@H]2CS(=O)C[C@H]([NH2+]Cc3cccc(C(C)(C)C)c3)[C@H]2O)ccc1N)C(F)(F)F,fluoro_aromatic,14,0.7621323466300964,0.7624772191047668,0.00034487247467041016,0.00034487247467041016,0.7621323466300964,0.7624772191047668,0.00034487247467041016,3.0756000000000014,2.9365000000000014,-0.1391
Clc1cc(cc(F)c1)-c1cc(ccc1)C12N=C(OC1CCCC2)N,NC1=NC2(c3cccc(-c4cccc(F)c4)c3)CCCCC2O1,aromatic_chloro,1398,0.1558316946029663,0.15543951094150543,-0.00039218366146087646,0.00039218366146087646,0.1558316946029663,0.15543951094150543,-0.00039218366146087646,4.628900000000005,3.975500000000002,-0.6534000000000031
Clc1cc(cc(F)c1)-c1cc(ccc1)C12N=C(OC1CCCC2)N,NC1=NC2(c3cccc(-c4cccc(Cl)c4)c3)CCCCC2O1,fluoro_aromatic,1398,0.1559070199728012,0.15538804233074188,-0.0005189776420593262,0.0005189776420593262,0.1559070199728012,0.15538804233074188,-0.0005189776420593262,4.628900000000005,4.489800000000003,-0.13910000000000178
Fc1cc(cc(F)c1)CC(NC(=O)C)C(O)C[NH2+]C1(CCCCC1)c1cc(-n2ccnc2)ccc1,CC(=O)NC(Cc1cccc(F)c1)C(O)C[NH2+]C1(c2cccc(-n3ccnc3)c2)CCCCC1,fluoro_aromatic,1146,0.1570964902639389,0.1701839566230774,0.013087466359138489,0.013087466359138489,0.1570964902639389,0.1701839566230774,0.013087466359138489,2.9816000000000003,2.8425000000000002,-0.1391
Fc1cc(cc(F)c1)C[C@H](NC(=O)C)[C@H](O)C[NH2+][C@@]1(C[C@H]1C)c1cc(ccc1)C(C(F)F)(C)C,CC(=O)N[C@@H](Cc1cccc(F)c1)[C@H](O)C[NH2+][C@]1(c2cccc(C(C)(C)C(F)F)c2)C[C@H]1C,fluoro_aromatic,1154,0.15934045612812042,0.18751390278339386,0.028173446655273438,0.028173446655273438,0.15934045612812042,0.18751390278339386,0.028173446655273438,3.4143000000000017,3.2752000000000017,-0.1391
S(=O)(=O)(N(C)c1cc(cc(c1)COCC([NH3+])(Cc1ccccc1)CC)C(=O)NC(C)c1ccc(F)cc1)C,CCC([NH3+])(COCc1cc(C(=O)NC(C)c2ccccc2)cc(N(C)S(C)(=O)=O)c1)Cc1ccccc1,fluoro_aromatic,1382,0.15597453713417053,0.477988600730896,0.32201406359672546,0.32201406359672546,0.15597453713417053,0.477988600730896,0.32201406359672546,3.8625000000000025,3.7234000000000016,-0.1391000000000009
Fc1ccc(nc1)C(=O)Nc1cc(ccc1)C12N=C(OC1COCC2)N,NC1=NC2(c3cccc(NC(=O)c4ccccn4)c3)CCOCC2O1,fluoro_aromatic,1402,0.15533941984176636,0.1556367427110672,0.0002973228693008423,0.0002973228693008423,0.15533941984176636,0.1556367427110672,0.0002973228693008423,1.8020999999999998,1.6629999999999998,-0.1391
Clc1cc2nc(n(c2cc1)[C@H](CC(=O)NCC1CCCCC1)CC)N,CC[C@@H](CC(=O)NCC1CCCCC1)n1c(N)nc2ccccc21,aromatic_chloro,163,0.1557786613702774,0.15545298159122467,-0.0003256797790527344,0.0003256797790527344,0.1557786613702774,0.15545298159122467,-0.0003256797790527344,4.309600000000002,3.656200000000002,-0.6534000000000004
S1(=O)(=O)CC(Cc2cc(-c3occc3)c(N)c(F)c2)C(O)C([NH2+]Cc2cc(ccc2)C(C)(C)C)C1,CC(C)(C)c1cccc(C[NH2+]C2CS(=O)(=O)CC(Cc3ccc(N)c(-c4ccco4)c3)C2O)c1,fluoro_aromatic,740,0.7624757289886475,0.35426419973373413,-0.40821152925491333,0.40821152925491333,0.7624757289886475,0.35426419973373413,-0.40821152925491333,3.045600000000001,2.906500000000001,-0.1391
O=C1N[C@@H](C[C@@H](CCCCCCCCC(=O)N(C)[C@H]1C)C)[C@H](O)C[NH2+]Cc1cc(ccc1)C(C)C,[H]C(C)N(C)C(=O)CCCCCCCC[C@@H](C)C[CH][C@H](O)C[NH2+]Cc1cccc(C(C)C)c1,amide,59,0.7526286244392395,0.16360729932785034,-0.5890213251113892,0.5890213251113892,0.7526286244392395,0.16360729932785034,-0.5890213251113892,3.726600000000003,5.063890000000003,1.3372900000000003
Fc1ccc(cc1-c1cncnc1)C1(N=C(N)N(C)C1=O)c1cn(nc1)CC(F)(F)F,CN1C(=O)C(c2cccc(-c3cncnc3)c2)(c2cnn(CC(F)(F)F)c2)N=C1N,fluoro_aromatic,814,0.7620993256568909,0.5383111834526062,-0.22378814220428467,0.22378814220428467,0.7620993256568909,0.5383111834526062,-0.22378814220428467,2.0717999999999996,1.932699999999999,-0.13910000000000067
Clc1ccc(nc1)C(=O)Nc1cc(C2(N=C(N)c3c(C2)cccc3)C)c(F)cc1,CC1(c2cc(NC(=O)c3ccccn3)ccc2F)Cc2ccccc2C(N)=N1,aromatic_chloro,699,0.7580181360244751,0.6640055775642395,-0.0940125584602356,0.0940125584602356,0.7580181360244751,0.6640055775642395,-0.0940125584602356,4.303200000000002,3.6498000000000017,-0.6534000000000004
Clc1ccc(nc1)C(=O)Nc1cc(C2(N=C(N)c3c(C2)cccc3)C)c(F)cc1,CC1(c2cccc(NC(=O)c3ccc(Cl)cn3)c2)Cc2ccccc2C(N)=N1,fluoro_aromatic,699,0.7576807737350464,0.235476553440094,-0.5222042202949524,0.5222042202949524,0.7576807737350464,0.235476553440094,-0.5222042202949524,4.303200000000002,4.164100000000002,-0.1391
S(=O)(=O)(CCC([NH3+])(Cc1ccccc1)CO)c1cc(cc(N(S(=O)(=O)C)C)c1)C(=O)NC(C)c1ccc(F)cc1,CC(NC(=O)c1cc(N(C)S(C)(=O)=O)cc(S(=O)(=O)CCC([NH3+])(CO)Cc2ccccc2)c1)c1ccccc1,fluoro_aromatic,1466,0.15790323913097382,0.15835067629814148,0.0004474371671676636,0.0004474371671676636,0.15790323913097382,0.15835067629814148,0.0004474371671676636,2.0920000000000005,1.9529000000000019,-0.13909999999999867
S(=O)(=O)(CCC([NH3+])(Cc1ccccc1)CO)c1cc(cc(N(S(=O)(=O)C)C)c1)C(=O)NC(C)c1ccc(F)cc1,[H]C([NH3+])(CCS(=O)(=O)c1cc(C(=O)NC(C)c2ccc(F)cc2)cc(N(C)S(C)(=O)=O)c1)Cc1ccccc1,hydroxyl,1466,0.15803544223308563,0.37885263562202454,0.2208171933889389,0.2208171933889389,0.15803544223308563,0.37885263562202454,0.2208171933889389,2.0920000000000005,2.7295000000000016,0.6375000000000011
Fc1cc(N2C3(CC[NH+](CC3)Cc3ccc(NC(=O)C)cc3)C(=NC2=O)NC2CCCCC2)ccc1,CC(=O)Nc1ccc(C[NH+]2CCC3(CC2)C(NC2CCCCC2)=NC(=O)N3c2ccccc2)cc1,fluoro_aromatic,150,0.22558841109275818,0.1574600338935852,-0.06812837719917297,0.06812837719917297,0.22558841109275818,0.1574600338935852,-0.06812837719917297,3.662600000000002,3.523500000000001,-0.1391000000000009
Clc1cnc(nc1)C(=O)Nc1cc(C2(N=C(OCC2(F)F)N)C)c(F)cc1,CC1(c2cc(NC(=O)c3ncccn3)ccc2F)N=C(N)OCC1(F)F,aromatic_chloro,707,0.7619175910949707,0.7601979970932007,-0.0017195940017700195,0.0017195940017700195,0.7619175910949707,0.7601979970932007,-0.0017195940017700195,2.716800000000001,2.0633999999999997,-0.6534000000000013
Clc1cnc(nc1)C(=O)Nc1cc(C2(N=C(OCC2(F)F)N)C)c(F)cc1,CC1(c2cccc(NC(=O)c3ncc(Cl)cn3)c2)N=C(N)OCC1(F)F,fluoro_aromatic,707,0.7618592381477356,0.7542955875396729,-0.007563650608062744,0.007563650608062744,0.7618592381477356,0.7542955875396729,-0.007563650608062744,2.716800000000001,2.577700000000001,-0.1391
Fc1ccc(cc1OCC(F)F)[C@]1(N=C(N)N(C)C1=O)c1ccc(OC(F)F)cc1,CN1C(=O)[C@@](c2ccc(OC(F)F)cc2)(c2cccc(OCC(F)F)c2)N=C1N,fluoro_aromatic,717,0.7626144289970398,0.33693385124206543,-0.42568057775497437,0.42568057775497437,0.7626144289970398,0.33693385124206543,-0.42568057775497437,3.101300000000001,2.962200000000002,-0.1390999999999991
Fc1cc(cc(F)c1)CC(NC(=O)C)C(O)C[NH2+]C1(CCCCC1)c1cc(ccc1)C1CCOC1,CC(=O)NC(Cc1cccc(F)c1)C(O)C[NH2+]C1(c2cccc(C3CCOC3)c2)CCCCC1,fluoro_aromatic,761,0.1557721346616745,0.15602625906467438,0.00025412440299987793,0.00025412440299987793,0.1557721346616745,0.15602625906467438,0.00025412440299987793,3.299800000000001,3.160700000000001,-0.1391
s1cc(cc1C1([NH2+]CC(O)C(NC(=O)C)Cc2cc(F)cc(F)c2)CCCCC1)CC,CCc1csc(C2([NH2+]CC(O)C(Cc3cccc(F)c3)NC(C)=O)CCCCC2)c1,fluoro_aromatic,1160,0.1661055088043213,0.15692490339279175,-0.009180605411529541,0.009180605411529541,0.1661055088043213,0.15692490339279175,-0.009180605411529541,3.419800000000002,3.280700000000002,-0.1391
S1(=O)(=O)CC(Cc2cc(O[C@@H](C(F)(F)F)C)c(N)c(F)c2)C(O)C([NH2+]Cc2cc(ccc2)C(C)(C)C)C1,C[C@@H](Oc1cc(CC2CS(=O)(=O)CC([NH2+]Cc3cccc(C(C)(C)C)c3)C2O)ccc1N)C(F)(F)F,fluoro_aromatic,283,0.7624161243438721,0.7624598741531372,4.374980926513672e-05,4.374980926513672e-05,0.7624161243438721,0.7624598741531372,4.374980926513672e-05,3.1152000000000015,2.9761000000000015,-0.1391
FC1(F)COC(=NC1(C)c1cc(NC(=O)c2ncc(OC(F)(F)F)cc2)ccc1F)N,CC1(c2cccc(NC(=O)c3ccc(OC(F)(F)F)cn3)c2)N=C(N)OCC1(F)F,fluoro_aromatic,678,0.7626403570175171,0.7619215250015259,-0.0007188320159912109,0.0007188320159912109,0.7626403570175171,0.7619215250015259,-0.0007188320159912109,3.567000000000001,3.427900000000001,-0.1391
Fc1cc(cc(F)c1)C[C@H](NC(=O)C)[C@H](O)C[NH2+]C1(CCCCC1)c1cc(ccc1)C(C)(C)C,CC(=O)N[C@@H](Cc1cccc(F)c1)[C@H](O)C[NH2+]C1(c2cccc(C(C)(C)C)c2)CCCCC1,fluoro_aromatic,72,0.1563751995563507,0.1564456820487976,7.048249244689941e-05,7.048249244689941e-05,0.1563751995563507,0.1564456820487976,7.048249244689941e-05,4.0934000000000035,3.9543000000000017,-0.13910000000000178
O1c2ncc(cc2C([NH2+]CC(O)C2NC(=O)C=3C=CC(=O)N(CCCc4cc(C2)ccc4)C=3)CC12CCC2)CC(C)(C)C,[H]c1ccc(=O)n(CCCc2cccc(CCC(O)C[NH2+]C3CC4(CCC4)Oc4ncc(CC(C)(C)C)cc43)c2)c1,amide,277,0.7621210217475891,0.7619016766548157,-0.0002193450927734375,0.0002193450927734375,0.7621210217475891,0.7619016766548157,-0.0002193450927734375,3.490000000000002,4.768100000000003,1.2781000000000011
FC(F)Oc1ccc(cc1)[C@@]1(N=C(N)N(C)C1=O)c1cc(ccc1)\C=C\CCO,[H]C/C=C/c1cccc([C@@]2(c3ccc(OC(F)F)cc3)N=C(N)N(C)C2=O)c1,hydroxyl,664,0.7615713477134705,0.7583445310592651,-0.0032268166542053223,0.0032268166542053223,0.7615713477134705,0.7583445310592651,-0.0032268166542053223,2.713900000000001,3.3514000000000017,0.6375000000000006
Clc1ccc(nc1)C(=O)Nc1cc(ccc1)C12N=C(SCCC1C2)N,NC1=NC2(c3cccc(NC(=O)c4ccccn4)c3)CC2CCS1,aromatic_chloro,1433,0.15542076528072357,0.15721012651920319,0.0017893612384796143,0.0017893612384796143,0.15542076528072357,0.15721012651920319,0.0017893612384796143,3.6541000000000006,3.0007,-0.6534000000000004
Clc1ccc(nc1)C(=O)Nc1cc(C2(N=C(N)C3(CC2)CC3)C)c(F)cc1,CC1(c2cc(NC(=O)c3ccccn3)ccc2F)CCC2(CC2)C(N)=N1,aromatic_chloro,576,0.7620515823364258,0.6485863327980042,-0.11346524953842163,0.11346524953842163,0.7620515823364258,0.6485863327980042,-0.11346524953842163,4.272800000000002,3.6194000000000024,-0.6533999999999995
Clc1ccc(nc1)C(=O)Nc1cc(C2(N=C(N)C3(CC2)CC3)C)c(F)cc1,CC1(c2cccc(NC(=O)c3ccc(Cl)cn3)c2)CCC2(CC2)C(N)=N1,fluoro_aromatic,576,0.76218581199646,0.20898859202861786,-0.5531972199678421,0.5531972199678421,0.76218581199646,0.20898859202861786,-0.5531972199678421,4.272800000000002,4.133700000000002,-0.1391
Brc1cscc1C[C@H](NC1=[NH+]C(Cc2c1ccc(Cl)c2)(C)C)C(=O)[O-],CC1(C)Cc2ccccc2C(N[C@@H](Cc2cscc2Br)C(=O)[O-])=[NH+]1,aromatic_chloro,121,0.15634487569332123,0.15557345747947693,-0.0007714182138442993,0.0007714182138442993,0.15634487569332123,0.15557345747947693,-0.0007714182138442993,1.2767,0.6232999999999997,-0.6534000000000002
Brc1cscc1C[C@H](NC1=[NH+]C(Cc2c1ccc(Cl)c2)(C)C)C(=O)[O-],[H]C(Cc1cscc1Br)NC1=[NH+]C(C)(C)Cc2cc(Cl)ccc21,carboxylic_acid,121,0.15639738738536835,0.15579700469970703,-0.0006003826856613159,0.0006003826856613159,0.15639738738536835,0.15579700469970703,-0.0006003826856613159,1.2767,3.1582000000000017,1.8815000000000017
Clc1cc(cc(Cl)c1NC(=O)C)C\N=C(\NC(=O)Cn1c2c(cccc2)cc1)/N,CC(=O)Nc1ccc(C/N=C(\N)NC(=O)Cn2ccc3ccccc32)cc1Cl,aromatic_chloro,142,0.15578772127628326,0.5929731130599976,0.4371853917837143,0.4371853917837143,0.15578772127628326,0.5929731130599976,0.4371853917837143,3.537600000000001,2.8842,-0.6534000000000013
Clc1cc(Cl)cnc1C(=O)Nc1cc(C2(N=C(OCC2)N)C)c(F)cc1,CC1(c2cc(NC(=O)c3ccc(Cl)cn3)ccc2F)CCOC(N)=N1,aromatic_chloro,608,0.75853431224823,0.5275537371635437,-0.23098057508468628,0.23098057508468628,0.75853431224823,0.5275537371635437,-0.23098057508468628,3.7300000000000013,3.076600000000001,-0.6534000000000004
Clc1cc(Cl)cnc1C(=O)Nc1cc(C2(N=C(OCC2)N)C)c(F)cc1,CC1(c2cccc(NC(=O)c3ncc(Cl)cc3Cl)c2)CCOC(N)=N1,fluoro_aromatic,608,0.7582494616508484,0.1843695044517517,-0.5738799571990967,0.5738799571990967,0.7582494616508484,0.1843695044517517,-0.5738799571990967,3.7300000000000013,3.5909000000000013,-0.1391
Clc1cc2nc(n(c2cc1)C(CC(=O)NC(C)C)CC)N,CCC(CC(=O)NC(C)C)n1c(N)nc2ccccc21,aromatic_chloro,1505,0.15619438886642456,0.15567618608474731,-0.0005182027816772461,0.0005182027816772461,0.15619438886642456,0.15567618608474731,-0.0005182027816772461,3.1377000000000006,2.4842999999999997,-0.6534000000000009
O=C([O-])C(NC1=NC(Cc2c1cccc2)(C)C)Cc1ccccc1,[H]C(Cc1ccccc1)NC1=NC(C)(C)Cc2ccccc21,carboxylic_acid,1401,0.15585237741470337,0.1562146544456482,0.0003622770309448242,0.0003622770309448242,0.15585237741470337,0.1562146544456482,0.0003622770309448242,1.7187000000000001,3.6002000000000027,1.8815000000000026
Clc1cc2CC(N=C(NC(Cc3ccccc3)C=3NC(=O)C=CN=3)c2cc1)(C)C,CC1(C)Cc2ccccc2C(NC(Cc2ccccc2)c2nccc(=O)[nH]2)=N1,aromatic_chloro,1205,0.15536688268184662,0.15560223162174225,0.00023534893989562988,0.00023534893989562988,0.15536688268184662,0.15560223162174225,0.00023534893989562988,4.078200000000003,3.424800000000002,-0.6534000000000013
S(=O)(=O)(N(C)c1cc(cc(c1)CNC(=O)C([NH3+])(Cc1ccccc1)C)C(=O)NC(C)c1ccc(F)cc1)C,CC(NC(=O)c1cc(CNC(=O)C(C)([NH3+])Cc2ccccc2)cc(N(C)S(C)(=O)=O)c1)c1ccccc1,fluoro_aromatic,1276,0.1593264490365982,0.18337155878543854,0.024045109748840332,0.024045109748840332,0.1593264490365982,0.18337155878543854,0.024045109748840332,2.572000000000001,2.432900000000002,-0.1390999999999991
s1cccc1C1([NH2+]CC(O)C(NC(=O)C)Cc2cc(F)cc(F)c2)CCCCC1,CC(=O)NC(Cc1cccc(F)c1)C(O)C[NH2+]C1(c2cccs2)CCCCC1,fluoro_aromatic,1410,0.15604230761528015,0.1559358835220337,-0.00010642409324645996,0.00010642409324645996,0.15604230761528015,0.1559358835220337,-0.00010642409324645996,2.857400000000001,2.718300000000001,-0.1391
Clc1cc(cc(Cl)c1N)CN\C(=N/C(=O)c1c(nsc1C)-c1ccc(OC)cc1)\N,COc1ccc(-c2nsc(C)c2C(=O)/N=C(/N)NCc2ccc(N)c(Cl)c2)cc1,aromatic_chloro,227,0.7617178559303284,0.734929621219635,-0.02678823471069336,0.02678823471069336,0.7617178559303284,0.734929621219635,-0.02678823471069336,4.260820000000003,3.607420000000001,-0.6534000000000022
Clc1cc(cc(Cl)c1NC(=O)C)CNC(=[NH2+])NC(=O)Cn1c2c(cc(OC)cc2)cc1,COc1ccc2c(ccn2CC(=O)NC(=[NH2+])NCc2ccc(NC(C)=O)c(Cl)c2)c1,aromatic_chloro,985,0.16389277577400208,0.7209398150444031,0.557047039270401,0.557047039270401,0.16389277577400208,0.7209398150444031,0.557047039270401,1.9361999999999997,1.2828000000000006,-0.6533999999999991
Fc1cc(cc(F)c1)CC(NC(=O)C)C(O)C[NH2+]C1(CCCCC1)c1cc(ccc1)C(CO)(C)C,CC(=O)NC(Cc1cccc(F)c1)C(O)C[NH2+]C1(c2cccc(C(C)(C)CO)c2)CCCCC1,fluoro_aromatic,915,0.15648293495178223,0.1565735936164856,9.065866470336914e-05,9.065866470336914e-05,0.15648293495178223,0.1565735936164856,9.065866470336914e-05,3.065800000000001,2.9267000000000003,-0.1391000000000009
Fc1ccc(F)cc1-c1cc(ccc1)[C@@]1(N=C(N)N(C)C1=O)c1ccncc1,CN1C(=O)[C@](c2ccncc2)(c2cccc(-c3cccc(F)c3)c2)N=C1N,fluoro_aromatic,1241,0.7585481405258179,0.1566413789987564,-0.6019067615270615,0.6019067615270615,0.7585481405258179,0.1566413789987564,-0.6019067615270615,3.057100000000003,2.918000000000003,-0.1391
Fc1cc(cc(F)c1)CC(NC(=O)C)C(O)C[NH2+]C1(CCCCC1)c1cc(-n2nccn2)ccc1,CC(=O)NC(Cc1cccc(F)c1)C(O)C[NH2+]C1(c2cccc(-n3nccn3)c2)CCCCC1,fluoro_aromatic,1299,0.15583471953868866,0.1640048772096634,0.008170157670974731,0.008170157670974731,0.15583471953868866,0.1640048772096634,0.008170157670974731,2.3766,2.2375,-0.1391
O=C([O-])[C@@H](\[NH+]=C\1/NC(Cc2c/1cccc2)(C)C)Cc1ccccc1,[H]C(Cc1ccccc1)/[NH+]=C1\NC(C)(C)Cc2ccccc21,carboxylic_acid,176,0.1554010510444641,0.15586160123348236,0.0004605501890182495,0.0004605501890182495,0.1554010510444641,0.15586160123348236,0.0004605501890182495,-0.20069999999999655,1.6808,1.8814999999999966
FC1(F)COC(=NC1(C)c1cc(NC(=O)c2ncc(cc2)C#C)ccc1F)N,C#Cc1ccc(C(=O)Nc2cccc(C3(C)N=C(N)OCC3(F)F)c2)nc1,fluoro_aromatic,582,0.7624282836914062,0.7618381977081299,-0.0005900859832763672,0.0005900859832763672,0.7624282836914062,0.7618381977081299,-0.0005900859832763672,2.6497,2.5105999999999997,-0.13910000000000045
Clc1scc(c1)C1(N=C(N)N(C)C1=O)c1cc(ccc1)-c1cncnc1,CN1C(=O)C(c2ccsc2)(c2cccc(-c3cncnc3)c2)N=C1N,aromatic_chloro,751,0.7527927756309509,0.15630193054676056,-0.5964908450841904,0.5964908450841904,0.7527927756309509,0.15630193054676056,-0.5964908450841904,2.8888000000000007,2.2354000000000003,-0.6534000000000004
O1CCCCOc2nc(cc(c2)C(=O)NC(Cc2cc1ccc2)C(O)C[NH2+]Cc1cc(ccc1)C(C)C)C,[H]c1cc(C)nc(OCCCCOc2cccc(CCC(O)C[NH2+]Cc3cccc(C(C)C)c3)c2)c1,amide,629,0.7620331645011902,0.6162198185920715,-0.14581334590911865,0.14581334590911865,0.7620331645011902,0.6162198185920715,-0.14581334590911865,3.530420000000002,4.808520000000004,1.278100000000002
O1c2c(cc(cc2)CC)[C@@H]([NH2+]C[C@@H](O)[C@H]2NC(=O)C=3C=CC(=O)N(CCCCc4cc(C2)ccc4)C=3)CC12CCC2,[H]c1ccc(=O)n(CCCCc2cccc(C[CH][C@H](O)C[NH2+][C@H]3CC4(CCC4)Oc4ccc(CC)cc43)c2)c1,amide,8,0.7623106241226196,0.6727460622787476,-0.08956456184387207,0.08956456184387207,0.7623106241226196,0.6727460622787476,-0.08956456184387207,3.4589000000000025,4.551190000000004,1.092290000000001
O=C1N(C)C(=NC(C1)(C)C1CC1c1cc(ccc1)-c1cc(ccc1)CO)N,[H]c1cccc(-c2cccc(C3CC3C3(C)CC(=O)N(C)C(N)=N3)c2)c1,hydroxyl,1378,0.28980833292007446,0.21343950927257538,-0.07636882364749908,0.07636882364749908,0.28980833292007446,0.21343950927257538,-0.07636882364749908,2.8849000000000005,3.3926000000000007,0.5077000000000003
Clc1cc(cc(Cl)c1NC(=O)C)CNC(=[NH2+])NC(=O)Cn1c2cc(OC)ccc2cc1,COc1ccc2ccn(CC(=O)NC(=[NH2+])NCc3ccc(NC(C)=O)c(Cl)c3)c2c1,aromatic_chloro,897,0.16879867017269135,0.6079343557357788,0.43913568556308746,0.43913568556308746,0.16879867017269135,0.6079343557357788,0.43913568556308746,1.9362,1.2828000000000002,-0.6533999999999998
FC1(F)COC(=NC1(C)c1cc(NC(=O)c2ncc(OC)cc2)ccc1F)N,COc1ccc(C(=O)Nc2cccc(C3(C)N=C(N)OCC3(F)F)c2)nc1,fluoro_aromatic,668,0.7609081864356995,0.7612649202346802,0.0003567337989807129,0.0003567337989807129,0.7609081864356995,0.7612649202346802,0.0003567337989807129,2.6770000000000005,2.5378999999999996,-0.1391000000000009
Fc1ccc(NC(=O)c2ncc(cc2)C#N)cc1[C@]1(N=C(O[C@@H](C1)C(F)(F)F)N)C,C[C@@]1(c2cccc(NC(=O)c3ccc(C#N)cn3)c2)C[C@@H](C(F)(F)F)OC(N)=N1,fluoro_aromatic,37,0.7618820667266846,0.7015961408615112,-0.06028592586517334,0.06028592586517334,0.7618820667266846,0.7015961408615112,-0.06028592586517334,3.225780000000001,3.0866800000000003,-0.1391000000000009
S1(=O)(=O)CC(Cc2cc(CCO)c(O)cc2)C(O)C([NH2+]Cc2cc(ccc2)C(C)C)C1,[H]Cc1cc(CC2CS(=O)(=O)CC([NH2+]Cc3cccc(C(C)C)c3)C2O)ccc1O,hydroxyl,1084,0.2750888168811798,0.19459180533885956,-0.08049701154232025,0.08049701154232025,0.2750888168811798,0.19459180533885956,-0.08049701154232025,1.1306,1.9042199999999998,0.7736199999999998
Fc1ccc(F)cc1-c1cc(ccc1)[C@]1(N=C(N)N(C)C1=O)c1ccncc1,CN1C(=O)[C@@](c2ccncc2)(c2cccc(-c3cccc(F)c3)c2)N=C1N,fluoro_aromatic,51,0.7585675120353699,0.15659202635288239,-0.6019754856824875,0.6019754856824875,0.7585675120353699,0.15659202635288239,-0.6019754856824875,3.057100000000003,2.918000000000003,-0.1391
Clc1ccc(nc1)C(=O)Nc1cc(ccc1)C12N=C(SCC1C2)N,NC1=NC2(c3cccc(NC(=O)c4ccccn4)c3)CC2CS1,aromatic_chloro,1047,0.1553874909877777,0.1558973640203476,0.0005098730325698853,0.0005098730325698853,0.1553874909877777,0.1558973640203476,0.0005098730325698853,3.2640000000000002,2.6106,-0.6534000000000004
Clc1cc2nc(n(c2cc1)C(CC(=O)NCC1CCOCC1)CC)N,CCC(CC(=O)NCC1CCOCC1)n1c(N)nc2ccccc21,aromatic_chloro,1508,0.155625119805336,0.15543346107006073,-0.00019165873527526855,0.00019165873527526855,0.155625119805336,0.15543346107006073,-0.00019165873527526855,3.155900000000001,2.5025,-0.6534000000000009
S(=O)(=O)(N(C)c1cc(cc(c1)COCC([NH3+])(Cc1ccccc1)C(F)F)C(=O)NC(C)c1ccc(F)cc1)C,CC(NC(=O)c1cc(COCC([NH3+])(Cc2ccccc2)C(F)F)cc(N(C)S(C)(=O)=O)c1)c1ccccc1,fluoro_aromatic,1076,0.1628076732158661,0.2064015120267868,0.043593838810920715,0.043593838810920715,0.1628076732158661,0.2064015120267868,0.043593838810920715,3.7176000000000027,3.5785000000000027,-0.1391
S1(=O)(=O)N(C2(CC([NH+](CC2)Cc2cc(OC(C)C)ccc2)C)CN1c1ccncc1)c1cc(F)ccc1,CC(C)Oc1cccc(C[NH+]2CCC3(CC2C)CN(c2ccncc2)S(=O)(=O)N3c2ccccc2)c1,fluoro_aromatic,1247,0.15555870532989502,0.18073739111423492,0.025178685784339905,0.025178685784339905,0.15555870532989502,0.18073739111423492,0.025178685784339905,3.5855000000000032,3.4464000000000024,-0.1391000000000009
Fc1cc(cc(F)c1)CC(NC(=O)C)C(O)C[NH2+]C1(CCC(CC1)CO)c1cc(ccc1)C(C)(C)C,CC(=O)NC(Cc1cccc(F)c1)C(O)C[NH2+]C1(c2cccc(C(C)(C)C)c2)CCC(CO)CC1,fluoro_aromatic,605,0.15768341720104218,0.15659934282302856,-0.0010840743780136108,0.0010840743780136108,0.15768341720104218,0.15659934282302856,-0.0010840743780136108,3.3118000000000016,3.1727000000000016,-0.1391
S1(=O)(=O)C[C@@H](Cc2cc(C[C@H](O)C(F)(F)F)c(N)c(F)c2)[C@H](O)[C@@H]([NH2+]Cc2cc(ccc2)C(C)(C)C)C1,CC(C)(C)c1cccc(C[NH2+][C@H]2CS(=O)(=O)C[C@@H](Cc3ccc(N)c(C[C@H](O)C(F)(F)F)c3)[C@@H]2O)c1,fluoro_aromatic,75,0.7621839046478271,0.7487539649009705,-0.01342993974685669,0.01342993974685669,0.7621839046478271,0.7487539649009705,-0.01342993974685669,2.2513000000000005,2.1122000000000005,-0.1391
Fc1ncc(cc1)C(=O)NC(Cc1cc2OCOc2cc1)C(O)C[NH2+]C1CC2(Oc3ncc(cc13)CC(C)(C)C)CCC2,CC(C)(C)Cc1cnc2c(c1)C([NH2+]CC(O)C(Cc1ccc3c(c1)OCO3)NC(=O)c1cccnc1)CC1(CCC1)O2,fluoro_aromatic,652,0.7623212337493896,0.7552168369293213,-0.007104396820068359,0.007104396820068359,0.7623212337493896,0.7552168369293213,-0.007104396820068359,3.6449000000000025,3.5058000000000016,-0.1391000000000009
Clc1cc(-c2cc3c(Oc4c(cc(OC)cc4)[C@@]34N=C(OC4)N)cc2)c(F)cc1,COc1ccc2c(c1)[C@]1(COC(N)=N1)c1cc(-c3ccccc3F)ccc1O2,aromatic_chloro,120,0.15810604393482208,0.19508054852485657,0.036974504590034485,0.036974504590034485,0.15810604393482208,0.19508054852485657,0.036974504590034485,4.848900000000003,4.195500000000003,-0.6534000000000004
Clc1cc(-c2cc3c(Oc4c(cc(OC)cc4)[C@@]34N=C(OC4)N)cc2)c(F)cc1,COc1ccc2c(c1)[C@]1(COC(N)=N1)c1cc(-c3cccc(Cl)c3)ccc1O2,fluoro_aromatic,120,0.1581270843744278,0.17934080958366394,0.021213725209236145,0.021213725209236145,0.1581270843744278,0.17934080958366394,0.021213725209236145,4.848900000000003,4.709800000000003,-0.1391
Clc1ccc(nc1)C(=O)Nc1cc(C2(N=C(OCCC2)N)C)c(F)cc1,CC1(c2cc(NC(=O)c3ccccn3)ccc2F)CCCOC(N)=N1,aromatic_chloro,420,0.7513626217842102,0.2315778136253357,-0.5197848081588745,0.5197848081588745,0.7513626217842102,0.2315778136253357,-0.5197848081588745,3.4667000000000012,2.813300000000001,-0.6534000000000004
Clc1ccc(nc1)C(=O)Nc1cc(C2(N=C(OCCC2)N)C)c(F)cc1,CC1(c2cccc(NC(=O)c3ccc(Cl)cn3)c2)CCCOC(N)=N1,fluoro_aromatic,420,0.750806987285614,0.1556776463985443,-0.5951293408870697,0.5951293408870697,0.750806987285614,0.1556776463985443,-0.5951293408870697,3.4667000000000012,3.3276000000000012,-0.1391
Clc1cc2nc(n(c2cc1)C(CC(=O)NC(C(OC)=O)COC(C)(C)C)CC)N,CCC(CC(=O)NC(COC(C)(C)C)C(=O)OC)n1c(N)nc2ccccc21,aromatic_chloro,1457,0.15597401559352875,0.15676937997341156,0.0007953643798828125,0.0007953643798828125,0.15597401559352875,0.15676937997341156,0.0007953643798828125,3.0860000000000003,2.4326,-0.6534000000000004
Fc1cc(cc(F)c1)C[C@H](NC(=O)C)[C@H](O)C[NH2+]C1(CCCCC1)c1cc(-n2nccc2)ccc1,CC(=O)N[C@@H](Cc1cccc(F)c1)[C@H](O)C[NH2+]C1(c2cccc(-n3cccn3)c2)CCCCC1,fluoro_aromatic,83,0.1555051952600479,0.17628896236419678,0.020783767104148865,0.020783767104148865,0.1555051952600479,0.17628896236419678,0.020783767104148865,2.9816000000000003,2.8425000000000002,-0.1391
Clc1cc2CC(N=C(NC(Cc3cscc3C#C)C(=O)[O-])c2cc1)(C)C,C#Cc1cscc1CC(NC1=NC(C)(C)Cc2ccccc21)C(=O)[O-],aromatic_chloro,1046,0.1557827591896057,0.1571546047925949,0.0013718456029891968,0.0013718456029891968,0.1557827591896057,0.1571546047925949,0.0013718456029891968,2.4149000000000003,1.7614999999999998,-0.6534000000000004
Clc1cc2CC(N=C(NC(Cc3cscc3C#C)C(=O)[O-])c2cc1)(C)C,[H]C(Cc1cscc1C#C)NC1=NC(C)(C)Cc2cc(Cl)ccc21,carboxylic_acid,1046,0.15577295422554016,0.15582239627838135,4.9442052841186523e-05,4.9442052841186523e-05,0.15577295422554016,0.15582239627838135,4.9442052841186523e-05,2.4149000000000003,4.296400000000003,1.8815000000000026
Fc1ccc(NC(=O)c2ncc(cc2)C#N)cc1[C@]1(N=C(OCC1)N)C,C[C@@]1(c2cccc(NC(=O)c3ccc(C#N)cn3)c2)CCOC(N)=N1,fluoro_aromatic,77,0.3787563741207123,0.1740616261959076,-0.2046947479248047,0.2046947479248047,0.3787563741207123,0.1740616261959076,-0.2046947479248047,2.29488,2.15578,-0.1391
Clc1cc2CC(N=C(NC(Cc3ccccc3)c3oc(nn3)C)c2cc1)(C)C,Cc1nnc(C(Cc2ccccc2)NC2=NC(C)(C)Cc3ccccc32)o1,aromatic_chloro,1498,0.15532949566841125,0.1555432230234146,0.00021372735500335693,0.00021372735500335693,0.15532949566841125,0.1555432230234146,0.00021372735500335693,4.686320000000004,4.032920000000003,-0.6534000000000004
Fc1cc(cc(F)c1)C[C@H](NC(=O)C)[C@H](O)C[NH2+]C1(CCOCC1)c1cc(-n2nccc2)ccc1,CC(=O)N[C@@H](Cc1cccc(F)c1)[C@H](O)C[NH2+]C1(c2cccc(-n3cccn3)c2)CCOCC1,fluoro_aromatic,802,0.15561965107917786,0.17395204305648804,0.01833239197731018,0.01833239197731018,0.15561965107917786,0.17395204305648804,0.01833239197731018,1.8279000000000005,1.6888000000000003,-0.13910000000000022
S1(=O)CC(Cc2cc(OC(COC)C(F)(F)F)c(N)c(F)c2)C(O)C([NH2+]Cc2noc(c2)CC(C)(C)C)C1,COCC(Oc1cc(CC2CS(=O)CC([NH2+]Cc3cc(CC(C)(C)C)on3)C2O)ccc1N)C(F)(F)F,fluoro_aromatic,457,0.7619505524635315,0.7624186873435974,0.00046813488006591797,0.00046813488006591797,0.7619505524635315,0.7624186873435974,0.00046813488006591797,2.3547000000000002,2.2155999999999993,-0.1391000000000009
Fc1c2c(cc(F)c1)C(N=C2N)(C=1C=C(C)C(=O)N(C=1)CC)c1cc(ccc1)-c1cc(cnc1)C#CC,CC#Cc1cncc(-c2cccc(C3(c4cc(C)c(=O)n(CC)c4)N=C(N)c4ccc(F)cc43)c2)c1,fluoro_aromatic,272,0.7619612216949463,0.7431042790412903,-0.018856942653656006,0.018856942653656006,0.7619612216949463,0.7431042790412903,-0.018856942653656006,4.899020000000004,4.759920000000004,-0.1391
Fc1cc(cc(F)c1)CC(NC(=O)C)C(O)C[NH2+]C1(CC1)c1cc(ccc1)C1OCCC1,CC(=O)NC(Cc1cccc(F)c1)C(O)C[NH2+]C1(c2cccc(C3CCCO3)c2)CC1,fluoro_aromatic,1015,0.1556818187236786,0.155556783080101,-0.00012503564357757568,0.00012503564357757568,0.1556818187236786,0.155556783080101,-0.00012503564357757568,2.4771,2.338,-0.1391
FC1(F)COC(=NC1(C)c1cc(NC(=O)c2ncc(OC)nc2)ccc1F)N,COc1cnc(C(=O)Nc2cccc(C3(C)N=C(N)OCC3(F)F)c2)cn1,fluoro_aromatic,534,0.7622067332267761,0.7620099782943726,-0.00019675493240356445,0.00019675493240356445,0.7622067332267761,0.7620099782943726,-0.00019675493240356445,2.0719999999999996,1.9328999999999996,-0.1391
Ic1cc(cc(c1)C(C)(C)C)C1([NH2+]CC(O)C(NC(=O)C)Cc2cc(F)cc(F)c2)CCCCC1,CC(=O)NC(Cc1cccc(F)c1)C(O)C[NH2+]C1(c2cc(I)cc(C(C)(C)C)c2)CCCCC1,fluoro_aromatic,896,0.2838279902935028,0.16081395745277405,-0.12301403284072876,0.12301403284072876,0.2838279902935028,0.16081395745277405,-0.12301403284072876,4.698000000000004,4.558900000000003,-0.1391000000000009
Fc1cc(cc(F)c1)CC(NC(=O)C)C(O)C[NH2+]C1(CCCCC1)c1cc(ccc1)CC(C)(C)C,CC(=O)NC(Cc1cccc(F)c1)C(O)C[NH2+]C1(c2cccc(CC(C)(C)C)c2)CCCCC1,fluoro_aromatic,1184,0.15695177018642426,0.15734538435935974,0.00039361417293548584,0.00039361417293548584,0.15695177018642426,0.15734538435935974,0.00039361417293548584,4.384500000000004,4.245400000000003,-0.1391000000000009
Fc1ccc(NC(=O)c2ncc(cc2)C#N)cc1[C@]1(N=C(OC[C@@H]1F)N)C,C[C@]1(c2cccc(NC(=O)c3ccc(C#N)cn3)c2)N=C(N)OC[C@@H]1F,fluoro_aromatic,60,0.7577223777770996,0.7564978003501892,-0.0012245774269104004,0.0012245774269104004,0.7577223777770996,0.7564978003501892,-0.0012245774269104004,2.2428800000000004,2.10378,-0.13910000000000045
Fc1ccc(cc1C#CC)[C@]1(N=C(N)N(C)C1=O)c1ccc(OC(F)F)cc1,CC#Cc1cccc([C@@]2(c3ccc(OC(F)F)cc3)N=C(N)N(C)C2=O)c1,fluoro_aromatic,627,0.7621053457260132,0.7608867287635803,-0.0012186169624328613,0.0012186169624328613,0.7621053457260132,0.7608867287635803,-0.0012186169624328613,2.828800000000001,2.689700000000001,-0.1391
Fc1cc(cc(F)c1)CC(NC(=O)C)C(O)C[NH2+]C1(CCC[NH2+]C1)c1cc(ccc1)C(C)(C)C,CC(=O)NC(Cc1cccc(F)c1)C(O)C[NH2+]C1(c2cccc(C(C)(C)C)c2)CCC[NH2+]C1,fluoro_aromatic,1319,0.16076548397541046,0.1565696746110916,-0.004195809364318848,0.004195809364318848,0.16076548397541046,0.1565696746110916,-0.004195809364318848,1.4865000000000017,1.347400000000002,-0.13909999999999978
S(=O)(=O)(N(C)c1cc(cc(c1)C(=O)NC(C)c1ccc(F)cc1)CCCC([NH3+])(Cc1ccccc1)CO)C,CC(NC(=O)c1cc(CCCC([NH3+])(CO)Cc2ccccc2)cc(N(C)S(C)(=O)=O)c1)c1ccccc1,fluoro_aromatic,1384,0.12465061992406845,0.1689770519733429,0.044326432049274445,0.044326432049274445,0.12465061992406845,0.1689770519733429,0.044326432049274445,3.2509000000000015,3.1118000000000015,-0.1391
S(=O)(=O)(N(C)c1cc(cc(c1)C(=O)NC(C)c1ccc(F)cc1)CCCC([NH3+])(Cc1ccccc1)CO)C,[H]C([NH3+])(CCCc1cc(C(=O)NC(C)c2ccc(F)cc2)cc(N(C)S(C)(=O)=O)c1)Cc1ccccc1,hydroxyl,1384,0.12455076724290848,0.14037446677684784,0.01582369953393936,0.01582369953393936,0.12455076724290848,0.14037446677684784,0.01582369953393936,3.2509000000000015,3.8884000000000016,0.6375000000000002
Fc1c2c(ccc1)C(N=C2N)(C=1C=C(C)C(=O)N(C=1)C)c1cc(ccc1)C#CC1CC1,Cc1cc(C2(c3cccc(C#CC4CC4)c3)N=C(N)c3ccccc32)cn(C)c1=O,fluoro_aromatic,323,0.8495228886604309,0.13038429617881775,-0.7191385924816132,0.7191385924816132,0.8495228886604309,0.13038429617881775,-0.7191385924816132,3.605120000000002,3.466020000000003,-0.1390999999999991
Fc1c2c(ccc1)C(N=C2N)(C=1C=C(C)C(=O)N(C=1)CC)c1cc(ccc1)-c1cc(cnc1)C#N,CCn1cc(C2(c3cccc(-c4cncc(C#N)c4)c3)N=C(N)c3ccccc32)cc(C)c1=O,fluoro_aromatic,348,0.8530293703079224,0.138726606965065,-0.7143027633428574,0.7143027633428574,0.8530293703079224,0.138726606965065,-0.7143027633428574,4.260200000000003,4.121100000000004,-0.1390999999999991
S1(=O)(=O)CC(Cc2cc(OC(C(F)(F)F)C(F)(F)F)c(N)c(F)c2)C(O)C([NH2+]Cc2cn(nc2)CC(C)(C)C)C1,CC(C)(C)Cn1cc(C[NH2+]C2CS(=O)(=O)CC(Cc3ccc(N)c(OC(C(F)(F)F)C(F)(F)F)c3)C2O)cn1,fluoro_aromatic,599,0.8529635071754456,0.8521257638931274,-0.0008377432823181152,0.0008377432823181152,0.8529635071754456,0.8521257638931274,-0.0008377432823181152,2.6027000000000005,2.4635999999999996,-0.1391000000000009
Fc1cc(cc(F)c1)CC(NC(=O)C)C(O)C[NH2+]C1(CCCCC1)c1cc(ccc1)C#N,CC(=O)NC(Cc1cccc(F)c1)C(O)C[NH2+]C1(c2cccc(C#N)c2)CCCCC1,fluoro_aromatic,1280,0.12397348135709763,0.12401688098907471,4.33996319770813e-05,4.33996319770813e-05,0.12397348135709763,0.12401688098907471,4.33996319770813e-05,2.66758,2.52848,-0.1391
Clc1cc2CC(N=C(NC(Cc3ccccc3)C=3NC(=O)C(=CN=3)C#N)c2cc1)(C)C,CC1(C)Cc2ccccc2C(NC(Cc2ccccc2)c2ncc(C#N)c(=O)[nH]2)=N1,aromatic_chloro,991,0.12512871623039246,0.12412063777446747,-0.0010080784559249878,0.0010080784559249878,0.12512871623039246,0.12412063777446747,-0.0010080784559249878,3.949880000000003,3.2964800000000016,-0.6534000000000013
Clc1cc2nc(n(c2cc1)CCCC(=O)N(C)C1CCCCC1)N,CN(C(=O)CCCn1c(N)nc2ccccc21)C1CCCCC1,aromatic_chloro,175,0.12406083941459656,0.12411265820264816,5.1818788051605225e-05,5.1818788051605225e-05,0.12406083941459656,0.12411265820264816,5.1818788051605225e-05,3.8432000000000013,3.189800000000001,-0.6534000000000004
Fc1c(cccc1OC)-c1cc2c(Oc3c(cc(OC)cc3)C23N=C(OC3)N)cc1,COc1cccc(-c2ccc3c(c2)C2(COC(N)=N2)c2cc(OC)ccc2O3)c1,fluoro_aromatic,1073,0.12396308779716492,0.12426739931106567,0.00030431151390075684,0.00030431151390075684,0.12396308779716492,0.12426739931106567,0.00030431151390075684,4.204100000000002,4.065000000000003,-0.1390999999999991
S(C)C1CCC([NH2+]CC(O)C(NC(=O)C)Cc2cc(F)cc(F)c2)(CC1)c1cc(ccc1)C(C)(C)C,CSC1CCC([NH2+]CC(O)C(Cc2cccc(F)c2)NC(C)=O)(c2cccc(C(C)(C)C)c2)CC1,fluoro_aromatic,511,0.12406511604785919,0.129639133810997,0.005574017763137817,0.005574017763137817,0.12406511604785919,0.129639133810997,0.005574017763137817,4.434900000000004,4.295800000000003,-0.1391000000000009
Clc1ccccc1-c1scc(-c2ccc(OCCC)cc2)c1CC(=O)NC(=[NH2+])N,CCCOc1ccc(-c2csc(-c3ccccc3)c2CC(=O)NC(N)=[NH2+])cc1,aromatic_chloro,131,0.12670199573040009,0.14033330976963043,0.013631314039230347,0.013631314039230347,0.12670199573040009,0.14033330976963043,0.013631314039230347,3.2568,2.6033999999999997,-0.6534000000000004
Fc1ncccc1-c1cc(ccc1)[C@]1(N=C(N)N(C)C1=O)c1ccc(OCCF)cc1,CN1C(=O)[C@@](c2ccc(OCCF)cc2)(c2cccc(-c3cccnc3)c2)N=C1N,fluoro_aromatic,553,0.8511857986450195,0.12393063306808472,-0.7272551655769348,0.7272551655769348,0.8511857986450195,0.12393063306808472,-0.7272551655769348,3.266300000000001,3.127200000000001,-0.1391
Clc1cc2CC(N=C(NC(Cc3cscc3-c3occn3)C(=O)[O-])c2cc1)(C)C,CC1(C)Cc2ccccc2C(NC(Cc2cscc2-c2ncco2)C(=O)[O-])=N1,aromatic_chloro,1060,0.12772724032402039,0.124099001288414,-0.0036282390356063843,0.0036282390356063843,0.12772724032402039,0.124099001288414,-0.0036282390356063843,3.0886000000000013,2.4352,-0.6534000000000013
Clc1cc2CC(N=C(NC(Cc3cscc3-c3occn3)C(=O)[O-])c2cc1)(C)C,[H]C(Cc1cscc1-c1ncco1)NC1=NC(C)(C)Cc2cc(Cl)ccc21,carboxylic_acid,1060,0.12751908600330353,0.12404847145080566,-0.0034706145524978638,0.0034706145524978638,0.12751908600330353,0.12404847145080566,-0.0034706145524978638,3.0886000000000013,4.970100000000004,1.8815000000000026
Fc1cc(cc(F)c1)CC(NC(=O)c1cc(cc(c1)C)C(=O)N(CCC)CCC)C(O)C1[NH2+]CC[NH2+]C1,CCCN(CCC)C(=O)c1cc(C)cc(C(=O)NC(Cc2cccc(F)c2)C(O)C2C[NH2+]CC[NH2+]2)c1,fluoro_aromatic,995,0.8529388904571533,0.7888861894607544,-0.06405270099639893,0.06405270099639893,0.8529388904571533,0.7888861894607544,-0.06405270099639893,0.7464200000000034,0.6073200000000035,-0.1390999999999999
Clc1cc2CC(N=C(NC(Cc3ccccc3)c3oc(nn3)C)c2cc1)(C)C,Cc1nnc(C(Cc2ccccc2)NC2=NC(C)(C)Cc3ccccc32)o1,aromatic_chloro,1498,0.12392605096101761,0.12392237782478333,-3.6731362342834473e-06,3.6731362342834473e-06,0.12392605096101761,0.12392237782478333,-3.6731362342834473e-06,4.686320000000004,4.032920000000003,-0.6534000000000004
S1(=O)(=O)CC(Cc2cc(CO)c(O)cc2)C(O)C([NH2+]Cc2cc(ccc2)C(C)C)C1,[H]c1cc(CC2CS(=O)(=O)CC([NH2+]Cc3cccc(C(C)C)c3)C2O)ccc1O,hydroxyl,1106,0.12488012760877609,0.13027480244636536,0.005394674837589264,0.005394674837589264,0.12488012760877609,0.13027480244636536,0.005394674837589264,1.0881,1.5958,0.5077
Fc1cc(cc(F)c1)CC(NC(=O)C(N1CCC(CCCC)C1=O)C)C(O)C1[NH2+]CC(O)C1,CCCCC1CCN(C(C)C(=O)NC(Cc2cccc(F)c2)C(O)C2CC(O)C[NH2+]2)C1=O,fluoro_aromatic,780,0.823184072971344,0.7052083611488342,-0.11797571182250977,0.11797571182250977,0.823184072971344,0.7052083611488342,-0.11797571182250977,0.47680000000000233,0.3377000000000027,-0.1390999999999996
Fc1c2c(ccc1)C(N=C2N)(C=1C=C(C)C(=O)N(C=1)CC)c1cc(NC(=O)c2ncccc2)ccc1,CCn1cc(C2(c3cccc(NC(=O)c4ccccn4)c3)N=C(N)c3ccccc32)cc(C)c1=O,fluoro_aromatic,269,0.7885942459106445,0.12889455258846283,-0.6596996933221817,0.6596996933221817,0.7885942459106445,0.12889455258846283,-0.6596996933221817,3.9738200000000026,3.8347200000000026,-0.1391
Fc1ccc(cc1OCCF)[C@]1(N=C(N)N(C)C1=O)c1ccc(OC(F)F)cc1,CN1C(=O)[C@@](c2ccc(OC(F)F)cc2)(c2cccc(OCCF)c2)N=C1N,fluoro_aromatic,812,0.8498526811599731,0.1471649706363678,-0.7026877105236053,0.7026877105236053,0.8498526811599731,0.1471649706363678,-0.7026877105236053,2.8057000000000007,2.6666000000000016,-0.1390999999999991
Clc1cc(Cl)cnc1C(=O)Nc1cc(C2(N=C(OCC2)N)C)c(F)cc1,CC1(c2cc(NC(=O)c3ccc(Cl)cn3)ccc2F)CCOC(N)=N1,aromatic_chloro,608,0.851885974407196,0.12499137222766876,-0.7268946021795273,0.7268946021795273,0.851885974407196,0.12499137222766876,-0.7268946021795273,3.7300000000000013,3.076600000000001,-0.6534000000000004
Clc1cc(Cl)cnc1C(=O)Nc1cc(C2(N=C(OCC2)N)C)c(F)cc1,CC1(c2cccc(NC(=O)c3ncc(Cl)cc3Cl)c2)CCOC(N)=N1,fluoro_aromatic,608,0.8517788052558899,0.12422806024551392,-0.727550745010376,0.727550745010376,0.8517788052558899,0.12422806024551392,-0.727550745010376,3.7300000000000013,3.5909000000000013,-0.1391
Fc1ccc(NC(=O)c2ncc(cc2)C#N)cc1[C@]1(N=C(OCC1)N)C,C[C@@]1(c2cccc(NC(=O)c3ccc(C#N)cn3)c2)CCOC(N)=N1,fluoro_aromatic,77,0.1242811530828476,0.12408877909183502,-0.00019237399101257324,0.00019237399101257324,0.1242811530828476,0.12408877909183502,-0.00019237399101257324,2.29488,2.15578,-0.1391
Fc1cc(ccc1OC)CC(NC(=O)C)C(O)C[NH2+]C1CC2(Oc3ncc(cc13)CC(C)(C)C)CCC2,COc1ccc(CC(NC(C)=O)C(O)C[NH2+]C2CC3(CCC3)Oc3ncc(CC(C)(C)C)cc32)cc1,fluoro_aromatic,289,0.8528996109962463,0.8486037254333496,-0.0042958855628967285,0.0042958855628967285,0.8528996109962463,0.8486037254333496,-0.0042958855628967285,3.2359000000000018,3.096800000000001,-0.1391000000000009
Clc1cc(ccc1)CN1C(=O)[C@](NC1=N)(CC(C)C)C,CC(C)C[C@@]1(C)NC(=N)N(Cc2ccccc2)C1=O,aromatic_chloro,193,0.12435002624988556,0.12431271374225616,-3.731250762939453e-05,3.731250762939453e-05,0.12435002624988556,0.12431271374225616,-3.731250762939453e-05,3.011370000000001,2.357970000000001,-0.6534000000000004
Fc1cc(cc(F)c1)C[C@H](NC(=O)C)[C@H](O)C[NH2+][C@@]1(C[C@H]1C)c1cc(ccc1)C(C(F)F)(C)C,CC(=O)N[C@@H](Cc1cccc(F)c1)[C@H](O)C[NH2+][C@]1(c2cccc(C(C)(C)C(F)F)c2)C[C@H]1C,fluoro_aromatic,1154,0.12401632219552994,0.14692851901054382,0.022912196815013885,0.022912196815013885,0.12401632219552994,0.14692851901054382,0.022912196815013885,3.4143000000000017,3.2752000000000017,-0.1391
Fc1ccncc1-c1cc(ccc1)C1(N=C(OC1)N)c1ccc(OC)cc1,COc1ccc(C2(c3cccc(-c4cccnc4)c3)COC(N)=N2)cc1,fluoro_aromatic,1307,0.12446629256010056,0.12385283410549164,-0.0006134584546089172,0.0006134584546089172,0.12446629256010056,0.12385283410549164,-0.0006134584546089172,3.484800000000001,3.345700000000001,-0.1391
Fc1cc(cc(F)c1)CC(NC(=O)C)C(O)C[NH2+]C1(CCCCC1)c1cc(-n2ccnc2)ccc1,CC(=O)NC(Cc1cccc(F)c1)C(O)C[NH2+]C1(c2cccc(-n3ccnc3)c2)CCCCC1,fluoro_aromatic,1146,0.12428639829158783,0.12404979020357132,-0.00023660808801651,0.00023660808801651,0.12428639829158783,0.12404979020357132,-0.00023660808801651,2.9816000000000003,2.8425000000000002,-0.1391
Fc1ccc(cc1C#CCOC)[C@]1(N=C(N)N(C)C1=O)c1ccc(OC(F)F)cc1,COCC#Cc1cccc([C@@]2(c3ccc(OC(F)F)cc3)N=C(N)N(C)C2=O)c1,fluoro_aromatic,402,0.8514713644981384,0.8442322015762329,-0.007239162921905518,0.007239162921905518,0.8514713644981384,0.8442322015762329,-0.007239162921905518,2.4553000000000003,2.3162000000000003,-0.1391
Fc1cc(cc(F)c1)CC(NC(=O)C)C(O)C[NH2+]C1(CCC(CC1)=C)c1cc(ccc1)C(C)(C)C,C=C1CCC([NH2+]CC(O)C(Cc2cccc(F)c2)NC(C)=O)(c2cccc(C(C)(C)C)c2)CC1,fluoro_aromatic,650,0.12421707808971405,0.12457551062107086,0.0003584325313568115,0.0003584325313568115,0.12421707808971405,0.12457551062107086,0.0003584325313568115,4.259500000000004,4.120400000000003,-0.1391000000000009
Clc1cc2CC(N=C(NC(Cc3ccccc3)c3nc(ccn3)C)c2cc1)(C)C,Cc1ccnc(C(Cc2ccccc2)NC2=NC(C)(C)Cc3ccccc32)n1,aromatic_chloro,1494,0.12396948039531708,0.12388323992490768,-8.624047040939331e-05,8.624047040939331e-05,0.12396948039531708,0.12388323992490768,-8.624047040939331e-05,5.093320000000005,4.439920000000003,-0.6534000000000013
Clc1cc(cc(F)c1)-c1cc(ccc1)C12N=C(OC1CCCC2)N,NC1=NC2(c3cccc(-c4cccc(F)c4)c3)CCCCC2O1,aromatic_chloro,1398,0.12402511388063431,0.12427692860364914,0.00025181472301483154,0.00025181472301483154,0.12402511388063431,0.12427692860364914,0.00025181472301483154,4.628900000000005,3.975500000000002,-0.6534000000000031
Clc1cc(cc(F)c1)-c1cc(ccc1)C12N=C(OC1CCCC2)N,NC1=NC2(c3cccc(-c4cccc(Cl)c4)c3)CCCCC2O1,fluoro_aromatic,1398,0.1240403950214386,0.12436255067586899,0.0003221556544303894,0.0003221556544303894,0.1240403950214386,0.12436255067586899,0.0003221556544303894,4.628900000000005,4.489800000000003,-0.13910000000000178
Fc1c2c(ccc1)C(N=C2N)(c1cc(nc(c1)C)C)c1cc(ccc1)-c1cncnc1,Cc1cc(C2(c3cccc(-c4cncnc4)c3)N=C(N)c3ccccc32)cc(C)n1,fluoro_aromatic,1128,0.8497053980827332,0.12411081045866013,-0.725594587624073,0.725594587624073,0.8497053980827332,0.12411081045866013,-0.725594587624073,4.305340000000002,4.166240000000003,-0.1390999999999991
Fc1ncccc1-c1cc(ccc1)[C@@]1(N=C(N)N(C)C1=O)c1cn(nc1)CC,CCn1cc([C@@]2(c3cccc(-c4cccnc4)c3)N=C(N)N(C)C2=O)cn1,fluoro_aromatic,1173,0.853040874004364,0.5216896533966064,-0.33135122060775757,0.33135122060775757,0.853040874004364,0.5216896533966064,-0.33135122060775757,2.1343999999999994,1.9952999999999996,-0.13909999999999978
Fc1ccc(cc1-c1cncnc1)C1(N=C(N)N(C)C1=O)c1cn(nc1)CC(F)(F)F,CN1C(=O)C(c2cccc(-c3cncnc3)c2)(c2cnn(CC(F)(F)F)c2)N=C1N,fluoro_aromatic,814,0.8529071807861328,0.1286700814962387,-0.7242370992898941,0.7242370992898941,0.8529071807861328,0.1286700814962387,-0.7242370992898941,2.0717999999999996,1.932699999999999,-0.13910000000000067
S(=O)(=O)(N(C)c1cc(cc(c1)CNC(=O)C([NH3+])(Cc1ccccc1)CO)C(=O)NC(C)c1ccc(F)cc1)C,[H]C([NH3+])(Cc1ccccc1)C(=O)NCc1cc(C(=O)NC(C)c2ccc(F)cc2)cc(N(C)S(C)(=O)=O)c1,hydroxyl,1370,0.12477219104766846,0.13759025931358337,0.012818068265914917,0.012818068265914917,0.12477219104766846,0.13759025931358337,0.012818068265914917,1.5444000000000013,2.1819000000000006,0.6374999999999993
S1(=O)(=O)NCC2(N1c1cc(F)ccc1)CC([NH+](CC2)Cc1cc(OC)ccc1)C,[H]N(c1cccc(F)c1)C1(C)CC[NH+](Cc2cccc(OC)c2)C(C)C1,sulfonamide,1462,0.1241033598780632,0.12471241503953934,0.0006090551614761353,0.0006090551614761353,0.1241033598780632,0.12471241503953934,0.0006090551614761353,1.4949000000000001,3.272300000000002,1.777400000000002
S1(=O)(=O)NCC2(N1c1cc(F)ccc1)CC([NH+](CC2)Cc1cc(OC)ccc1)C,COc1cccc(C[NH+]2CCC3(CNS(=O)(=O)N3c3ccccc3)CC2C)c1,fluoro_aromatic,1462,0.12428946048021317,0.15030938386917114,0.026019923388957977,0.026019923388957977,0.12428946048021317,0.15030938386917114,0.026019923388957977,1.4949000000000001,1.3558,-0.13910000000000022
S1(=O)CC(Cc2cc(OC)c(N)c(F)c2)C(O)C([NH2+]Cc2cc(ccc2)C(C)(C)C)C1,COc1cc(CC2CS(=O)CC([NH2+]Cc3cccc(C(C)(C)C)c3)C2O)ccc1N,fluoro_aromatic,587,0.6604633331298828,0.22199170291423798,-0.43847163021564484,0.43847163021564484,0.6604633331298828,0.22199170291423798,-0.43847163021564484,2.1281000000000008,1.9890000000000003,-0.13910000000000045
Fc1cc(cc(F)c1)CC(NC(=O)C)C(O)C[NH2+]C1(CC1)c1nnn(c1)CC(C)(C)C,CC(=O)NC(Cc1cccc(F)c1)C(O)C[NH2+]C1(c2cn(CC(C)(C)C)nn2)CC1,fluoro_aromatic,983,0.1242087259888649,0.12909817695617676,0.004889450967311859,0.004889450967311859,0.1242087259888649,0.12909817695617676,0.004889450967311859,1.2631999999999999,1.1241,-0.13909999999999978
Brc1ccc(cc1)COC(=O)C1[NH2+]CC2(C1)c1c(NC2=O)cccc1,[H]C1(c2ccccc2)C[NH2+]C(C(=O)OCc2ccc(Br)cc2)C1,amide,1407,0.12408706545829773,0.12463317066431046,0.0005461052060127258,0.0005461052060127258,0.12408706545829773,0.12463317066431046,0.0005461052060127258,1.7180999999999993,2.6118000000000006,0.8937000000000013
S1(=O)CC(Cc2cc(OC(COC)C(F)(F)F)c(N)c(F)c2)C(O)C([NH2+]Cc2nccc(c2)C(C)(C)C)C1,COCC(Oc1cc(CC2CS(=O)CC([NH2+]Cc3cc(C(C)(C)C)ccn3)C2O)ccc1N)C(F)(F)F,fluoro_aromatic,898,0.8530775904655457,0.8526403307914734,-0.0004372596740722656,0.0004372596740722656,0.8530775904655457,0.8526403307914734,-0.0004372596740722656,2.470600000000001,2.3315,-0.1391000000000009
Fc1cc(cc(F)c1)CC(NC(=O)C)C(O)C[NH2+]C1(CCC[NH2+]C1)c1cc(ccc1)C(C)(C)C,CC(=O)NC(Cc1cccc(F)c1)C(O)C[NH2+]C1(c2cccc(C(C)(C)C)c2)CCC[NH2+]C1,fluoro_aromatic,1319,0.12400861084461212,0.12409356981515884,8.495897054672241e-05,8.495897054672241e-05,0.12400861084461212,0.12409356981515884,8.495897054672241e-05,1.4865000000000017,1.347400000000002,-0.13909999999999978
Fc1cc(cc(F)c1)CC(NC(=O)C)C(O)C[NH2+]C1(CCC(Nc2ncccc2)CC1)c1cc(ccc1)C(C)(C)C,CC(=O)NC(Cc1cccc(F)c1)C(O)C[NH2+]C1(c2cccc(C(C)(C)C)c2)CCC(Nc2ccccn2)CC1,fluoro_aromatic,727,0.12495282292366028,0.1853257119655609,0.060372889041900635,0.060372889041900635,0.12495282292366028,0.1853257119655609,0.060372889041900635,4.579000000000004,4.439900000000003,-0.1391000000000009
S1(=O)(=O)N(C2(CC([NH+](CC2)Cc2ccc(O)cc2)C)CN1C)c1cc(F)ccc1,CC1CC2(CC[NH+]1Cc1ccc(O)cc1)CN(C)S(=O)(=O)N2c1ccccc1,fluoro_aromatic,922,0.12432052195072174,0.12411380559206009,-0.0002067163586616516,0.0002067163586616516,0.12432052195072174,0.12411380559206009,-0.0002067163586616516,1.5340999999999996,1.395,-0.13909999999999956
FC1(F)COC(=NC1(C)c1cc(NC(=O)c2nn(cc2)C)ccc1F)N,Cn1ccc(C(=O)Nc2cccc(C3(C)N=C(N)OCC3(F)F)c2)n1,fluoro_aromatic,982,0.8500944375991821,0.850034773349762,-5.9664249420166016e-05,5.9664249420166016e-05,0.8500944375991821,0.850034773349762,-5.9664249420166016e-05,2.0069,1.8677999999999997,-0.13910000000000022
Clc1cn(nc1C(=O)Nc1cc(C2(N=C(OCC2(F)F)N)C)c(F)cc1)C(F)F,CC1(c2cc(NC(=O)c3ccn(C(F)F)n3)ccc2F)N=C(N)OCC1(F)F,aromatic_chloro,456,0.8523160815238953,0.8503538370132446,-0.0019622445106506348,0.0019622445106506348,0.8523160815238953,0.8503538370132446,-0.0019622445106506348,3.5184000000000015,2.865000000000001,-0.6534000000000004
Clc1cn(nc1C(=O)Nc1cc(C2(N=C(OCC2(F)F)N)C)c(F)cc1)C(F)F,CC1(c2cccc(NC(=O)c3nn(C(F)F)cc3Cl)c2)N=C(N)OCC1(F)F,fluoro_aromatic,456,0.8524909615516663,0.8476564884185791,-0.004834473133087158,0.004834473133087158,0.8524909615516663,0.8476564884185791,-0.004834473133087158,3.5184000000000015,3.3793000000000015,-0.1391
Fc1ncccc1-c1cc(ccc1)C1(N=C(N2C1=NCC(F)(F)C2)N)c1ccc(OC(F)F)cc1,NC1=NC(c2ccc(OC(F)F)cc2)(c2cccc(-c3cccnc3)c2)C2=NCC(F)(F)CN12,fluoro_aromatic,570,0.8349613547325134,0.12673617899417877,-0.7082251757383347,0.7082251757383347,0.8349613547325134,0.12673617899417877,-0.7082251757383347,4.410400000000002,4.271300000000002,-0.1391
Fc1cc(cc(F)c1)CC(NC(=O)C)C(O)C[NH2+]C1(CCCCC1)c1cc(N2CCCCC2=O)ccc1,CC(=O)NC(Cc1cccc(F)c1)C(O)C[NH2+]C1(c2cccc(N3CCCCC3=O)c2)CCCCC1,fluoro_aromatic,913,0.12414055317640305,0.12418930232524872,4.874914884567261e-05,4.874914884567261e-05,0.12414055317640305,0.12418930232524872,4.874914884567261e-05,3.312800000000001,3.173700000000001,-0.1391
Fc1cc(cc(F)c1)CC(NC(=O)C(N1CCC(CCCC)C1=O)CCc1ccccc1)C(O)C1[NH2+]CC(O)C1,CCCCC1CCN(C(CCc2ccccc2)C(=O)NC(Cc2cccc(F)c2)C(O)C2CC(O)C[NH2+]2)C1=O,fluoro_aromatic,518,0.8485795855522156,0.13119101524353027,-0.7173885703086853,0.7173885703086853,0.8485795855522156,0.13119101524353027,-0.7173885703086853,2.0897000000000006,1.9506000000000006,-0.1391
Clc1ccccc1-c1n(Cc2nc(N)ccc2)c(cc1)-c1ccc(OCCCCC)cc1,CCCCCOc1ccc(-c2ccc(-c3ccccc3)n2Cc2cccc(N)n2)cc1,aromatic_chloro,1007,0.12453955411911011,0.12430880963802338,-0.00023074448108673096,0.00023074448108673096,0.12453955411911011,0.12430880963802338,-0.00023074448108673096,7.070000000000005,6.416600000000005,-0.6533999999999995
s1cc(cc1C1([NH2+]CC(O)C(NC(=O)C)Cc2cc(F)cc(F)c2)CCCCC1)CC,CCc1csc(C2([NH2+]CC(O)C(Cc3cccc(F)c3)NC(C)=O)CCCCC2)c1,fluoro_aromatic,1160,0.12485022842884064,0.2763306200504303,0.15148039162158966,0.15148039162158966,0.12485022842884064,0.2763306200504303,0.15148039162158966,3.419800000000002,3.280700000000002,-0.1391
Clc1ccc(nc1)C(=O)Nc1cc(ccc1)C12N=C(OC1COCC2)N,NC1=NC2(c3cccc(NC(=O)c4ccccn4)c3)CCOCC2O1,aromatic_chloro,1227,0.12395655363798141,0.12414169311523438,0.0001851394772529602,0.0001851394772529602,0.12395655363798141,0.12414169311523438,0.0001851394772529602,2.3163999999999993,1.6629999999999998,-0.6533999999999995
Clc1cc2nc(n(c2cc1)C(CC(=O)NC(C(=O)[O-])COC(C)(C)C)CC)N,CCC(CC(=O)NC(COC(C)(C)C)C(=O)[O-])n1c(N)nc2ccccc21,aromatic_chloro,1460,0.14091148972511292,0.14060170948505402,-0.0003097802400588989,0.0003097802400588989,0.14091148972511292,0.14060170948505402,-0.0003097802400588989,1.662899999999999,1.0095,-0.6533999999999989
Clc1cc2nc(n(c2cc1)C(CC(=O)NC(C(=O)[O-])COC(C)(C)C)CC)N,[H]C(COC(C)(C)C)NC(=O)CC(CC)n1c(N)nc2cc(Cl)ccc21,carboxylic_acid,1460,0.14115455746650696,0.12426942586898804,-0.01688513159751892,0.01688513159751892,0.14115455746650696,0.12426942586898804,-0.01688513159751892,1.662899999999999,3.5444000000000013,1.8815000000000024
Fc1cc(ccc1F)CC(NC(=O)C)C(O)C[NH2+]C1CC2(Oc3ncc(cc13)CC(C)(C)C)CCC2,CC(=O)NC(Cc1ccc(F)cc1)C(O)C[NH2+]C1CC2(CCC2)Oc2ncc(CC(C)(C)C)cc21,fluoro_aromatic,259,0.8527830839157104,0.1350555270910263,-0.7177275568246841,0.7177275568246841,0.8527830839157104,0.1350555270910263,-0.7177275568246841,3.3664000000000014,3.2273000000000014,-0.1391
Brc1cscc1C[C@H](NC1=[NH+]C(Cc2c1ccc(Cl)c2)(C)C)C(=O)[O-],CC1(C)Cc2ccccc2C(N[C@@H](Cc2cscc2Br)C(=O)[O-])=[NH+]1,aromatic_chloro,121,0.13514935970306396,0.12410054355859756,-0.0110488161444664,0.0110488161444664,0.13514935970306396,0.12410054355859756,-0.0110488161444664,1.2767,0.6232999999999997,-0.6534000000000002
Brc1cscc1C[C@H](NC1=[NH+]C(Cc2c1ccc(Cl)c2)(C)C)C(=O)[O-],[H]C(Cc1cscc1Br)NC1=[NH+]C(C)(C)Cc2cc(Cl)ccc21,carboxylic_acid,121,0.13509584963321686,0.12423224002122879,-0.010863609611988068,0.010863609611988068,0.13509584963321686,0.12423224002122879,-0.010863609611988068,1.2767,3.1582000000000017,1.8815000000000017
Fc1ncccc1-c1cc(ccc1)C1(N=C(N)N(C)C1=O)c1cn(nc1)CC(CC)CC,CCC(CC)Cn1cc(C2(c3cccc(-c4cccnc4)c3)N=C(N)N(C)C2=O)cn1,fluoro_aromatic,487,0.8528208136558533,0.7827809453010559,-0.07003986835479736,0.07003986835479736,0.8528208136558533,0.7827809453010559,-0.07003986835479736,3.5507000000000017,3.4116000000000017,-0.1391
Fc1cc(cc(F)c1)CC(NC(=O)C)C(O)C[NH2+]C1(CC1)c1nn(cc1)CC(C)(C)C,CC(=O)NC(Cc1cccc(F)c1)C(O)C[NH2+]C1(c2ccn(CC(C)(C)C)n2)CC1,fluoro_aromatic,1068,0.12426651269197464,0.12490110844373703,0.0006345957517623901,0.0006345957517623901,0.12426651269197464,0.12490110844373703,0.0006345957517623901,1.8681999999999996,1.7290999999999994,-0.13910000000000022
Clc1cc(ccc1)-c1cc(ccc1)C1(N=C(OC1)N)c1ccc(OC)cc1,COc1ccc(C2(c3cccc(-c4ccccc4)c3)COC(N)=N2)cc1,aromatic_chloro,1182,0.12412610650062561,0.12392333894968033,-0.00020276755094528198,0.00020276755094528198,0.12412610650062561,0.12392333894968033,-0.00020276755094528198,4.604100000000003,3.950700000000002,-0.6534000000000013
Clc1cc(cnc1)-c1cc2c(SC(CC23N=C(N)N(C)C3=O)(C)C)cc1,CN1C(=O)C2(CC(C)(C)Sc3ccc(-c4cccnc4)cc32)N=C1N,aromatic_chloro,496,0.8519964814186096,0.12390398234128952,-0.7280924990773201,0.7280924990773201,0.8519964814186096,0.12390398234128952,-0.7280924990773201,3.658400000000003,3.0050000000000017,-0.6534000000000013
Fc1ncccc1-c1cc(ccc1)C1([NH+]=C(N2C1=NCCCC2)N)c1ccc(OC(F)(F)F)cc1,NC1=[NH+]C(c2ccc(OC(F)(F)F)cc2)(c2cccc(-c3cccnc3)c2)C2=NCCCCN21,fluoro_aromatic,744,0.6988962292671204,0.12429921329021454,-0.5745970159769058,0.5745970159769058,0.6988962292671204,0.12429921329021454,-0.5745970159769058,2.9331000000000005,2.7939999999999996,-0.1391000000000009
Fc1ncccc1-c1cc(ccc1)C1(N=C(N)N(C)C1=O)c1cn(nc1)CCF,CN1C(=O)C(c2cccc(-c3cccnc3)c2)(c2cnn(CCF)c2)N=C1N,fluoro_aromatic,667,0.8529748320579529,0.12470633536577225,-0.7282684966921806,0.7282684966921806,0.8529748320579529,0.12470633536577225,-0.7282684966921806,2.0839999999999996,1.9448999999999996,-0.1391
S1(=O)(=O)CC(Cc2cc(OCC(F)(F)F)c(N)c(F)c2)C(O)C([NH2+]Cc2cc(ccc2)C(C)(C)C)C1,CC(C)(C)c1cccc(C[NH2+]C2CS(=O)(=O)CC(Cc3ccc(N)c(OCC(F)(F)F)c3)C2O)c1,fluoro_aromatic,320,0.8518193364143372,0.8406561613082886,-0.011163175106048584,0.011163175106048584,0.8518193364143372,0.8406561613082886,-0.011163175106048584,2.726700000000001,2.587600000000001,-0.1391
Brc1cscc1CC(NC1=NC(Cc2c1ccc(Cl)c2)(C)C)C(=O)[O-],CC1(C)Cc2ccccc2C(NC(Cc2cscc2Br)C(=O)[O-])=N1,aromatic_chloro,939,0.13496027886867523,0.12400803714990616,-0.010952241718769073,0.010952241718769073,0.13496027886867523,0.12400803714990616,-0.010952241718769073,3.1961000000000013,2.5427,-0.6534000000000013
Brc1cscc1CC(NC1=NC(Cc2c1ccc(Cl)c2)(C)C)C(=O)[O-],[H]C(Cc1cscc1Br)NC1=NC(C)(C)Cc2cc(Cl)ccc21,carboxylic_acid,939,0.13458147644996643,0.12435812503099442,-0.010223351418972015,0.010223351418972015,0.13458147644996643,0.12435812503099442,-0.010223351418972015,3.1961000000000013,5.077600000000003,1.8815000000000017
Clc1cc2nc(n(c2cc1)[C@H](CC(=O)NCC1CCCCC1)CC)N,CC[C@@H](CC(=O)NCC1CCCCC1)n1c(N)nc2ccccc21,aromatic_chloro,163,0.12436627596616745,0.1240791454911232,-0.0002871304750442505,0.0002871304750442505,0.12436627596616745,0.1240791454911232,-0.0002871304750442505,4.309600000000002,3.656200000000002,-0.6534000000000004
Clc1ccc(nc1)C(=O)Nc1cc2c(CCC23N=C(OC3)N)cc1,NC1=NC2(CCc3ccc(NC(=O)c4ccccn4)cc32)CO1,aromatic_chloro,1342,0.12394198775291443,0.12392480671405792,-1.7181038856506348e-05,1.7181038856506348e-05,0.12394198775291443,0.12392480671405792,-1.7181038856506348e-05,2.4737,1.8202999999999998,-0.6534000000000002
S1(=O)(=O)CC(Cc2cc(OCC(F)F)c(N)c(F)c2)C(O)C([NH2+]Cc2cc(ccc2)C(C)(C)C)C1,CC(C)(C)c1cccc(C[NH2+]C2CS(=O)(=O)CC(Cc3ccc(N)c(OCC(F)F)c3)C2O)c1,fluoro_aromatic,319,0.8530957102775574,0.8263885378837585,-0.026707172393798828,0.026707172393798828,0.8530957102775574,0.8263885378837585,-0.026707172393798828,2.429500000000001,2.290400000000001,-0.1391
Fc1ccc(NC(=O)c2ncc(cc2)C#N)cc1[C@]1(N=C(OC[C@@H]1F)N)CF,N#Cc1ccc(C(=O)Nc2cccc([C@@]3(CF)N=C(N)OC[C@@H]3F)c2)nc1,fluoro_aromatic,90,0.848292350769043,0.8511172533035278,0.0028249025344848633,0.0028249025344848633,0.848292350769043,0.8511172533035278,0.0028249025344848633,2.1924799999999998,2.0533799999999998,-0.1391
Fc1cc(N2C3(CC[NH+](CC3)Cc3ccc(NC(=O)C)cc3)C(=NC2=O)NC2CCCCC2)ccc1,CC(=O)Nc1ccc(C[NH+]2CCC3(CC2)C(NC2CCCCC2)=NC(=O)N3c2ccccc2)cc1,fluoro_aromatic,150,0.1241493672132492,0.12399916350841522,-0.00015020370483398438,0.00015020370483398438,0.1241493672132492,0.12399916350841522,-0.00015020370483398438,3.662600000000002,3.523500000000001,-0.1391000000000009
Fc1cc(cc(F)c1)CC(NC(=O)C)C(O)C[NH2+]C1(CC(=O)NCC1)c1cc(ccc1)C(C)(C)C,CC(=O)NC(Cc1cccc(F)c1)C(O)C[NH2+]C1(c2cccc(C(C)(C)C)c2)CCNC(=O)C1,fluoro_aromatic,444,0.12452160567045212,0.12387756258249283,-0.0006440430879592896,0.0006440430879592896,0.12452160567045212,0.12387756258249283,-0.0006440430879592896,2.039300000000001,1.9002000000000014,-0.13909999999999934
O=C1N(C)C(=NC(C1)(C)C1CC1c1cc(ccc1)-c1cc(ccc1)CO)N,[H]c1cccc(-c2cccc(C3CC3C3(C)CC(=O)N(C)C(N)=N3)c2)c1,hydroxyl,1378,0.791924238204956,0.12850089371204376,-0.6634233444929123,0.6634233444929123,0.791924238204956,0.12850089371204376,-0.6634233444929123,2.8849000000000005,3.3926000000000007,0.5077000000000003
Fc1cc(cc(F)c1)C[C@H](NC(=O)C)[C@H](O)C[NH2+]C1(CC1)c1cc(ccc1)C(CF)(CF)C,CC(=O)N[C@@H](Cc1cccc(F)c1)[C@H](O)C[NH2+]C1(c2cccc(C(C)(CF)CF)c2)CC1,fluoro_aromatic,969,0.12422973662614822,0.12932196259498596,0.005092225968837738,0.005092225968837738,0.12422973662614822,0.12932196259498596,0.005092225968837738,2.8223000000000003,2.6832000000000003,-0.1391
Fc1ncccc1-c1cc(ccc1)[C@]1(N=C(N)N(C)C1=O)c1ccc(OC(F)F)cc1,CN1C(=O)[C@@](c2ccc(OC(F)F)cc2)(c2cccc(-c3cccnc3)c2)N=C1N,fluoro_aromatic,373,0.8486276268959045,0.12449131160974503,-0.7241363152861595,0.7241363152861595,0.8486276268959045,0.12449131160974503,-0.7241363152861595,3.519400000000001,3.380300000000001,-0.1391
Clc1ccccc1-c1n(Cc2nc(N)ccc2)c(cc1)-c1ccc(OCCCC)cc1,CCCCOc1ccc(-c2ccc(-c3ccccc3)n2Cc2cccc(N)n2)cc1,aromatic_chloro,1151,0.12421131134033203,0.12416492402553558,-4.6387314796447754e-05,4.6387314796447754e-05,0.12421131134033203,0.12416492402553558,-4.6387314796447754e-05,6.679900000000004,6.026500000000005,-0.6533999999999995
Clc1cc(sc1C1(NC(=[NH2+])N(C)C(=O)C1)C)-c1cc(cnc1)C#CC,CC#Cc1cncc(-c2ccc(C3(C)CC(=O)N(C)C(=[NH2+])N3)s2)c1,aromatic_chloro,213,0.8531487584114075,0.7589749693870544,-0.09417378902435303,0.09417378902435303,0.8531487584114075,0.7589749693870544,-0.09417378902435303,1.6169,0.9634999999999994,-0.6534000000000006
s1cc(cc1C1([NH2+]CC(O)C(NC(=O)C)Cc2cc(F)cc(F)c2)CCCCC1)C#C,C#Cc1csc(C2([NH2+]CC(O)C(Cc3cccc(F)c3)NC(C)=O)CCCCC2)c1,fluoro_aromatic,1257,0.12653648853302002,0.7167810797691345,0.5902445912361145,0.5902445912361145,0.12653648853302002,0.7167810797691345,0.5902445912361145,2.838700000000001,2.699600000000001,-0.1391
s1cc(cc1)C1(N=C(N)N(C)C1=O)c1cc(-c2cccnc2)c(F)cc1,CN1C(=O)C(c2ccsc2)(c2cccc(-c3cccnc3)c2)N=C1N,fluoro_aromatic,771,0.8454844355583191,0.12396002560853958,-0.7215244099497795,0.7215244099497795,0.8454844355583191,0.12396002560853958,-0.7215244099497795,2.9795000000000016,2.8404000000000007,-0.1391000000000009
Fc1c2c(ccc1)C(N=C2N)(c1cc(C#N)c(OC)c(c1)C)c1cc(ccc1)-c1cncnc1,COc1c(C)cc(C2(c3cccc(-c4cncnc4)c3)N=C(N)c3ccccc32)cc1C#N,fluoro_aromatic,628,0.846980094909668,0.12863439321517944,-0.7183457016944885,0.7183457016944885,0.846980094909668,0.12863439321517944,-0.7183457016944885,4.482200000000003,4.343100000000002,-0.1391000000000009
Fc1ncccc1-c1cc2c(OC(CC23N=C(N)N(C)C3=O)(C)C)cc1,CN1C(=O)C2(CC(C)(C)Oc3ccc(-c4cccnc4)cc32)N=C1N,fluoro_aromatic,823,0.8521450757980347,0.12392979860305786,-0.7282152771949768,0.7282152771949768,0.8521450757980347,0.12392979860305786,-0.7282152771949768,2.4307999999999996,2.2916999999999996,-0.1391
Fc1c2c(ccc1)C(N=C2N)(c1cc(ccc1)-c1cncnc1)c1nc(C)c(OC)c(c1)C,COc1c(C)cc(C2(c3cccc(-c4cncnc4)c3)N=C(N)c3ccccc32)nc1C,fluoro_aromatic,738,0.680910587310791,0.12514998018741608,-0.5557606071233749,0.5557606071233749,0.680910587310791,0.12514998018741608,-0.5557606071233749,4.313940000000002,4.174840000000003,-0.1390999999999991
S(=O)(=O)(N(C)c1cc(cc(c1)COCC([NH3+])(Cc1ccccc1)COC)C(=O)NC(C)c1ccc(F)cc1)C,COCC([NH3+])(COCc1cc(C(=O)NC(C)c2ccccc2)cc(N(C)S(C)(=O)=O)c1)Cc1ccccc1,fluoro_aromatic,1467,0.12545552849769592,0.2237984836101532,0.09834295511245728,0.09834295511245728,0.12545552849769592,0.2237984836101532,0.09834295511245728,3.0989000000000013,2.9598000000000013,-0.1391
Clc1cc2CC(N=C(NC(Cc3ccccc3)C=3NC(=O)C=CN=3)c2cc1)(C)C,CC1(C)Cc2ccccc2C(NC(Cc2ccccc2)c2nccc(=O)[nH]2)=N1,aromatic_chloro,1205,0.12428528070449829,0.12384875118732452,-0.0004365295171737671,0.0004365295171737671,0.12428528070449829,0.12384875118732452,-0.0004365295171737671,4.078200000000003,3.424800000000002,-0.6534000000000013
Fc1cc(ccc1)-c1cc(ccc1)C1(N=C(N)N(C)C1=O)c1ccncc1,CN1C(=O)C(c2ccncc2)(c2cccc(-c3ccccc3)c2)N=C1N,fluoro_aromatic,661,0.8431572914123535,0.1240159124135971,-0.7191413789987564,0.7191413789987564,0.8431572914123535,0.1240159124135971,-0.7191413789987564,2.918000000000002,2.778900000000001,-0.1391000000000009
O=C1N[C@@H](C[C@@H](CCCCCCCCC(=O)N(C)[C@H]1C)C)[C@H](O)C[NH2+]Cc1cc(ccc1)C(C)C,[H]C(C)N(C)C(=O)CCCCCCCC[C@@H](C)C[CH][C@H](O)C[NH2+]Cc1cccc(C(C)C)c1,amide,59,0.8055102825164795,0.12589849531650543,-0.6796117871999741,0.6796117871999741,0.8055102825164795,0.12589849531650543,-0.6796117871999741,3.726600000000003,5.063890000000003,1.3372900000000003
Fc1ccc(cc1)CC1CC[NH2+]CC1,c1ccc(CC2CC[NH2+]CC2)cc1,fluoro_aromatic,194,0.13142642378807068,0.12430425733327866,-0.007122166454792023,0.007122166454792023,0.13142642378807068,0.12430425733327866,-0.007122166454792023,1.3416,1.2025000000000003,-0.13909999999999956
Fc1ncccc1-c1cc(ccc1)C1([NH+]=C(N2C1=NCCC2)N)c1cc2OCOc2cc1,NC1=[NH+]C(c2cccc(-c3cccnc3)c2)(c2ccc3c(c2)OCO3)C2=NCCCN21,fluoro_aromatic,856,0.12890107929706573,0.12388786673545837,-0.005013212561607361,0.005013212561607361,0.12890107929706573,0.12388786673545837,-0.005013212561607361,1.3730999999999998,1.2339999999999993,-0.13910000000000045
Clc1cc(ccc1OC)C1(N=C(N)N(C)C1=O)c1cc(ccc1)-c1cccnc1,COc1ccc(C2(c3cccc(-c4cccnc4)c3)N=C(N)N(C)C2=O)cc1,aromatic_chloro,596,0.849665641784668,0.20467539131641388,-0.6449902504682541,0.6449902504682541,0.849665641784668,0.20467539131641388,-0.6449902504682541,3.440900000000002,2.7875000000000005,-0.6534000000000013
Fc1cc(cc(F)c1)CC(NC(=O)C)C(O)C[NH2+]C1(CCCCC1)c1cc(ccc1)-c1ccoc1,CC(=O)NC(Cc1cccc(F)c1)C(O)C[NH2+]C1(c2cccc(-c3ccoc3)c2)CCCCC1,fluoro_aromatic,811,0.12408014386892319,0.1240939050912857,1.376122236251831e-05,1.376122236251831e-05,0.12408014386892319,0.1240939050912857,1.376122236251831e-05,4.055900000000003,3.916800000000002,-0.1391000000000009
s1cc(cc1C(C)C)C1([NH2+]CC(O)C(NC(=O)C)Cc2cc(F)cc(F)c2)CCCCC1,CC(=O)NC(Cc1cccc(F)c1)C(O)C[NH2+]C1(c2csc(C(C)C)c2)CCCCC1,fluoro_aromatic,942,0.12421094626188278,0.12406352907419205,-0.00014741718769073486,0.00014741718769073486,0.12421094626188278,0.12406352907419205,-0.00014741718769073486,3.980800000000003,3.841700000000002,-0.1391000000000009
Fc1c(cccc1OC)-c1cc(ccc1)[C@]1([NH+]=C(N2CC(F)(F)CN=C12)N)c1ccncc1,COc1cccc(-c2cccc([C@@]3(c4ccncc4)[NH+]=C(N)N4CC(F)(F)CN=C43)c2)c1,fluoro_aromatic,69,0.4105871617794037,0.12596182525157928,-0.2846253365278244,0.2846253365278244,0.4105871617794037,0.12596182525157928,-0.2846253365278244,1.8981999999999997,1.759099999999999,-0.13910000000000067
Fc1ccc(NC(=O)c2ncc(cc2)C#N)cc1[C@]1(N=C(O[C@H](C1)C(F)(F)F)N)C,C[C@@]1(c2cccc(NC(=O)c3ccc(C#N)cn3)c2)C[C@H](C(F)(F)F)OC(N)=N1,fluoro_aromatic,140,0.5995372533798218,0.33378398418426514,-0.26575326919555664,0.26575326919555664,0.5995372533798218,0.33378398418426514,-0.26575326919555664,3.225780000000001,3.0866800000000003,-0.1391000000000009
Clc1cc(C[NH+]2CCC(NC(=O)COc3ccc(S(=O)(=O)N)cc3C)CC2)c(OC(C)C)c(OC)c1,COc1cccc(C[NH+]2CCC(NC(=O)COc3ccc(S(N)(=O)=O)cc3C)CC2)c1OC(C)C,aromatic_chloro,242,0.8530099391937256,0.8528054356575012,-0.00020450353622436523,0.00020450353622436523,0.8530099391937256,0.8528054356575012,-0.00020450353622436523,1.8341200000000009,1.180720000000002,-0.6533999999999989
Clc1cc(C[NH+]2CCC(NC(=O)COc3ccc(S(=O)(=O)N)cc3C)CC2)c(OC(C)C)c(OC)c1,[H]c1ccc(OCC(=O)NC2CC[NH+](Cc3cc(Cl)cc(OC)c3OC(C)C)CC2)c(C)c1,sulfonamide,242,0.8529747128486633,0.8529748916625977,1.7881393432617188e-07,1.7881393432617188e-07,0.8529747128486633,0.8529748916625977,1.7881393432617188e-07,1.8341200000000009,3.186720000000001,1.3526000000000002
s1ccnc1-c1cccc(CC(NC(=O)COC)C(O)C[NH2+]C2CC3(Oc4ncc(cc24)CC(C)(C)C)CCC3)c1F,COCC(=O)NC(Cc1cccc(-c2nccs2)c1)C(O)C[NH2+]C1CC2(CCC2)Oc2ncc(CC(C)(C)C)cc21,fluoro_aromatic,725,0.8528648614883423,0.8527716994285583,-9.316205978393555e-05,9.316205978393555e-05,0.8528648614883423,0.8527716994285583,-9.316205978393555e-05,3.9773000000000023,3.8382000000000023,-0.1391
Clc1cc2CC(N=C(NC(Cc3cscc3C#C)C(=O)[O-])c2cc1)(C)C,C#Cc1cscc1CC(NC1=NC(C)(C)Cc2ccccc21)C(=O)[O-],aromatic_chloro,1046,0.12545637786388397,0.13462382555007935,0.009167447686195374,0.009167447686195374,0.12545637786388397,0.13462382555007935,0.009167447686195374,2.4149000000000003,1.7614999999999998,-0.6534000000000004
Clc1cc2CC(N=C(NC(Cc3cscc3C#C)C(=O)[O-])c2cc1)(C)C,[H]C(Cc1cscc1C#C)NC1=NC(C)(C)Cc2cc(Cl)ccc21,carboxylic_acid,1046,0.1256610006093979,0.12410549074411392,-0.001555509865283966,0.001555509865283966,0.1256610006093979,0.12410549074411392,-0.001555509865283966,2.4149000000000003,4.296400000000003,1.8815000000000026
S1(=O)CC(Cc2cc(OC(COC)C(F)(F)F)c(N)c(F)c2)C(O)C([NH2+]CCCOC(C)(C)C)C1,COCC(Oc1cc(CC2CS(=O)CC([NH2+]CCCOC(C)(C)C)C2O)ccc1N)C(F)(F)F,fluoro_aromatic,1337,0.8529068827629089,0.8517392873764038,-0.001167595386505127,0.001167595386505127,0.8529068827629089,0.8517392873764038,-0.001167595386505127,1.783100000000001,1.6440000000000012,-0.13909999999999978
Fc1ncccc1-c1cc(ccc1)C1(N=C(N)N(C)C1=O)c1cn(nc1)CC,CCn1cc(C2(c3cccc(-c4cccnc4)c3)N=C(N)N(C)C2=O)cn1,fluoro_aromatic,383,0.8530532121658325,0.5247774124145508,-0.32827579975128174,0.32827579975128174,0.8530532121658325,0.5247774124145508,-0.32827579975128174,2.1343999999999994,1.9952999999999996,-0.13909999999999978
Fc1ccc(cc1C#CCCCF)[C@]1(N=C(N)N(C)C1=O)c1ccc(OC(F)F)cc1,CN1C(=O)[C@@](c2ccc(OC(F)F)cc2)(c2cccc(C#CCCCF)c2)N=C1N,fluoro_aromatic,41,0.8522778749465942,0.7024940848350525,-0.14978379011154175,0.14978379011154175,0.8522778749465942,0.7024940848350525,-0.14978379011154175,3.558600000000002,3.419500000000002,-0.1391
s1ccnc1-c1cc(cc(F)c1)CC(NC(=O)COC)C(O)C[NH2+]C1CC2(Oc3ncc(cc13)CC(C)(C)C)CCC2,COCC(=O)NC(Cc1cccc(-c2nccs2)c1)C(O)C[NH2+]C1CC2(CCC2)Oc2ncc(CC(C)(C)C)cc21,fluoro_aromatic,257,0.8527111411094666,0.8527852296829224,7.408857345581055e-05,7.408857345581055e-05,0.8527111411094666,0.8527852296829224,7.408857345581055e-05,3.977300000000003,3.8382000000000014,-0.13910000000000178
O1c2c(cc(cc2)CC)[C@@H]([NH2+]C[C@@H](O)[C@H]2NC(=O)C=3C=CC(=O)N(CCCCc4cc(C2)ccc4)C=3)CC12CCC2,[H]c1ccc(=O)n(CCCCc2cccc(C[CH][C@H](O)C[NH2+][C@H]3CC4(CCC4)Oc4ccc(CC)cc43)c2)c1,amide,8,0.8532114624977112,0.7085707187652588,-0.1446407437324524,0.1446407437324524,0.8532114624977112,0.7085707187652588,-0.1446407437324524,3.4589000000000025,4.551190000000004,1.092290000000001
S(=O)(=O)(N(C)c1cc(cc(c1)CNC(=O)C([NH3+])(Cc1ccccc1)C)C(=O)NC(C)c1ccc(F)cc1)C,CC(NC(=O)c1cc(CNC(=O)C(C)([NH3+])Cc2ccccc2)cc(N(C)S(C)(=O)=O)c1)c1ccccc1,fluoro_aromatic,1276,0.12456734478473663,0.4514244794845581,0.32685713469982147,0.32685713469982147,0.12456734478473663,0.4514244794845581,0.32685713469982147,2.572000000000001,2.432900000000002,-0.1390999999999991
S(=O)(=O)(N(C)c1cc(cc(c1)C[NH2+]CC([NH3+])(Cc1ccccc1)CO)C(=O)NC(C)c1ccc(F)cc1)C,[H]C([NH3+])(C[NH2+]Cc1cc(C(=O)NC(C)c2ccc(F)cc2)cc(N(C)S(C)(=O)=O)c1)Cc1ccccc1,hydroxyl,1338,0.1280849725008011,0.12729662656784058,-0.0007883459329605103,0.0007883459329605103,0.1280849725008011,0.12729662656784058,-0.0007883459329605103,0.9916000000000031,1.6291000000000029,0.6374999999999997
Fc1cc(cc(F)c1)C[C@H](NC(=O)C)[C@H](O)C[NH2+]C1(CCCCC1)c1cc(-n2nccc2)ccc1,CC(=O)N[C@@H](Cc1cccc(F)c1)[C@H](O)C[NH2+]C1(c2cccc(-n3cccn3)c2)CCCCC1,fluoro_aromatic,83,0.12433535605669022,0.12414056807756424,-0.00019478797912597656,0.00019478797912597656,0.12433535605669022,0.12414056807756424,-0.00019478797912597656,2.9816000000000003,2.8425000000000002,-0.1391
Fc1ccc(cc1-c1cncnc1)[C@]1([NH+]=C(N)c2c1cccc2F)c1cc(ncc1)C(F)(F)F,NC1=[NH+][C@@](c2cccc(-c3cncnc3)c2)(c2ccnc(C(F)(F)F)c2)c2cccc(F)c21,fluoro_aromatic,116,0.8499727249145508,0.1266784369945526,-0.7232942879199982,0.7232942879199982,0.8499727249145508,0.1266784369945526,-0.7232942879199982,2.9270000000000005,2.7879000000000014,-0.1390999999999991
FC1(F)COC(=NC1(C)c1cc(NC(=O)c2ncc(OCC#C)nc2)ccc1F)N,C#CCOc1cnc(C(=O)Nc2cccc(C3(C)N=C(N)OCC3(F)F)c2)cn1,fluoro_aromatic,412,0.8525431156158447,0.852528989315033,-1.4126300811767578e-05,1.4126300811767578e-05,0.8525431156158447,0.852528989315033,-1.4126300811767578e-05,2.0753999999999997,1.9362999999999997,-0.1391
Clc1ccccc1-c1n(Cc2nc(N)ccc2)c(cc1)-c1ccc(Oc2sccn2)cc1,Nc1cccc(Cn2c(-c3ccccc3)ccc2-c2ccc(Oc3nccs3)cc2)n1,aromatic_chloro,926,0.12409313023090363,0.12417161464691162,7.84844160079956e-05,7.84844160079956e-05,0.12409313023090363,0.12417161464691162,7.84844160079956e-05,6.749800000000003,6.096400000000004,-0.6533999999999995
Clc1cc2nc(n(c2cc1)C(CC(=O)NCC1CC1)CC)N,CCC(CC(=O)NCC1CC1)n1c(N)nc2ccccc21,aromatic_chloro,1491,0.12414833903312683,0.12394486367702484,-0.00020347535610198975,0.00020347535610198975,0.12414833903312683,0.12394486367702484,-0.00020347535610198975,3.1393000000000004,2.4859,-0.6534000000000004
Fc1ccc(OC)cc1-c1cc2c(Oc3c(cc(OC)cc3)C23N=C(OC3)N)cc1,COc1cccc(-c2ccc3c(c2)C2(COC(N)=N2)c2cc(OC)ccc2O3)c1,fluoro_aromatic,1041,0.12390414625406265,0.12424454838037491,0.00034040212631225586,0.00034040212631225586,0.12390414625406265,0.12424454838037491,0.00034040212631225586,4.204100000000003,4.065000000000003,-0.1391
Fc1ncccc1-c1cc2c(CC(CC23N=C(OC3)N)(C)C)cc1,CC1(C)Cc2ccc(-c3cccnc3)cc2C2(COC(N)=N2)C1,fluoro_aromatic,1171,0.12533354759216309,0.12394450604915619,-0.001389041543006897,0.001389041543006897,0.12533354759216309,0.12394450604915619,-0.001389041543006897,3.4003000000000014,3.2612000000000014,-0.1391
Fc1cc(cc(F)c1)CC(NC(=O)C)C(O)C[NH2+]C1(CCCCC1)c1cc(N2CCNC2=O)ccc1,CC(=O)NC(Cc1cccc(F)c1)C(O)C[NH2+]C1(c2cccc(N3CCNC3=O)c2)CCCCC1,fluoro_aromatic,1131,0.12410444766283035,0.12409098446369171,-1.3463199138641357e-05,1.3463199138641357e-05,0.12410444766283035,0.12409098446369171,-1.3463199138641357e-05,2.3255,2.1864,-0.1391
S(=O)(=O)(N(C)c1cc(cc(c1)COCC([NH3+])Cc1ccccc1)C(=O)NC(C)c1ccc(F)cc1)C,CC(NC(=O)c1cc(COCC([NH3+])Cc2ccccc2)cc(N(C)S(C)(=O)=O)c1)c1ccccc1,fluoro_aromatic,1339,0.12419471889734268,0.13509081304073334,0.010896094143390656,0.010896094143390656,0.12419471889734268,0.13509081304073334,0.010896094143390656,3.082300000000002,2.943200000000001,-0.1391000000000009
Fc1cc(cc(F)c1)CC(NC(=O)C)C(O)C[NH2+]C1(CCCCC1)c1cc(ccc1)C(C)C,CC(=O)NC(Cc1cccc(F)c1)C(O)C[NH2+]C1(c2cccc(C(C)C)c2)CCCCC1,fluoro_aromatic,646,0.1245226114988327,0.12407468259334564,-0.00044792890548706055,0.00044792890548706055,0.1245226114988327,0.12407468259334564,-0.00044792890548706055,3.9193000000000024,3.7802000000000016,-0.1391000000000009
Clc1ccccc1-c1n(Cc2nc(N)c(OCCO)cc2)c(cc1)-c1ccc(Oc2cncnc2)cc1,Nc1nc(Cn2c(-c3ccccc3)ccc2-c2ccc(Oc3cncnc3)cc2)ccc1OCCO,aromatic_chloro,616,0.125327467918396,0.1251688003540039,-0.00015866756439208984,0.00015866756439208984,0.125327467918396,0.1251688003540039,-0.00015866756439208984,5.454400000000004,4.801000000000003,-0.6534000000000013
Clc1ccccc1-c1n(Cc2nc(N)c(OCCO)cc2)c(cc1)-c1ccc(Oc2cncnc2)cc1,[H]COc1ccc(Cn2c(-c3ccc(Oc4cncnc4)cc3)ccc2-c2ccccc2Cl)nc1N,hydroxyl,616,0.12540936470031738,0.13079918920993805,0.0053898245096206665,0.0053898245096206665,0.12540936470031738,0.13079918920993805,0.0053898245096206665,5.454400000000004,6.091900000000003,0.6374999999999993
S1(=O)(=O)CC(Cc2cc(CCO)c(O)cc2)C(O)C([NH2+]Cc2cc(ccc2)C(C)C)C1,[H]Cc1cc(CC2CS(=O)(=O)CC([NH2+]Cc3cccc(C(C)C)c3)C2O)ccc1O,hydroxyl,1084,0.12704500555992126,0.13847415149211884,0.01142914593219757,0.01142914593219757,0.12704500555992126,0.13847415149211884,0.01142914593219757,1.1306,1.9042199999999998,0.7736199999999998
O=C1N(CCCCCC(=O)[O-])C(=NC1(C1CCCCC1)c1ccccc1)N,[H]CCCCCN1C(=O)C(c2ccccc2)(C2CCCCC2)N=C1N,carboxylic_acid,1079,0.1240716278553009,0.1242087259888649,0.00013709813356399536,0.00013709813356399536,0.1240716278553009,0.1242087259888649,0.00013709813356399536,1.9293999999999998,3.809300000000002,1.8799000000000023
Clc1cc2nc(n(c2cc1)CCCC(=O)NCc1ncccc1)N,Nc1nc2ccccc2n1CCCC(=O)NCc1ccccn1,aromatic_chloro,1501,0.12396704405546188,0.12398359179496765,1.6547739505767822e-05,1.6547739505767822e-05,0.12396704405546188,0.12398359179496765,1.6547739505767822e-05,2.7634999999999996,2.1100999999999996,-0.6534
Fc1cc(cc(F)c1)CC(NC(=O)C)C(O)C[NH2+]C1(CCCOC1)c1cc(-n2nccc2)ccc1,CC(=O)NC(Cc1cccc(F)c1)C(O)C[NH2+]C1(c2cccc(-n3cccn3)c2)CCCOC1,fluoro_aromatic,919,0.12413996458053589,0.12389378249645233,-0.00024618208408355713,0.00024618208408355713,0.12413996458053589,0.12389378249645233,-0.00024618208408355713,1.8279000000000005,1.6888000000000003,-0.13910000000000022
Clc1ccc(nc1)C(=O)Nc1cc(C2(N=C(N)C3(CC2)CC3)C)c(F)cc1,CC1(c2cc(NC(=O)c3ccccn3)ccc2F)CCC2(CC2)C(N)=N1,aromatic_chloro,576,0.8529962301254272,0.12410757690668106,-0.7288886532187462,0.7288886532187462,0.8529962301254272,0.12410757690668106,-0.7288886532187462,4.272800000000002,3.6194000000000024,-0.6533999999999995
Clc1ccc(nc1)C(=O)Nc1cc(C2(N=C(N)C3(CC2)CC3)C)c(F)cc1,CC1(c2cccc(NC(=O)c3ccc(Cl)cn3)c2)CCC2(CC2)C(N)=N1,fluoro_aromatic,576,0.8528565168380737,0.12417621165513992,-0.7286803051829338,0.7286803051829338,0.8528565168380737,0.12417621165513992,-0.7286803051829338,4.272800000000002,4.133700000000002,-0.1391
Clc1sc(cc1C1(N=C(N)N(C)C1=O)c1cc(ccc1)-c1cncnc1)C,Cc1cc(C2(c3cccc(-c4cncnc4)c3)N=C(N)N(C)C2=O)cs1,aromatic_chloro,990,0.852966845035553,0.49497535824775696,-0.357991486787796,0.357991486787796,0.852966845035553,0.49497535824775696,-0.357991486787796,3.1972200000000015,2.54382,-0.6534000000000013
O=C([O-])C(NC1=NC(Cc2c1ccc(c2)C)(C)C)Cc1ccccc1,[H]C(Cc1ccccc1)NC1=NC(C)(C)Cc2cc(C)ccc21,carboxylic_acid,1273,0.1239781528711319,0.12425423413515091,0.00027608126401901245,0.00027608126401901245,0.1239781528711319,0.12425423413515091,0.00027608126401901245,2.02712,3.9086200000000026,1.8815000000000026
Clc1cc(cnc1)-c1cc(ccc1)C1(N=C(C)C(=N1)N)C1CC1,CC1=NC(c2cccc(-c3cccnc3)c2)(C2CC2)N=C1N,aromatic_chloro,938,0.12508276104927063,0.12406135350465775,-0.0010214075446128845,0.0010214075446128845,0.12508276104927063,0.12406135350465775,-0.0010214075446128845,3.7965000000000027,3.1431000000000004,-0.6534000000000022
Clc1cc2CC(N=C(NC(Cc3ccccc3)c3ncccn3)c2cc1)(C)C,CC1(C)Cc2ccccc2C(NC(Cc2ccccc2)c2ncccn2)=N1,aromatic_chloro,1476,0.12400111556053162,0.12409912049770355,9.800493717193604e-05,9.800493717193604e-05,0.12400111556053162,0.12409912049770355,9.800493717193604e-05,4.784900000000003,4.1315000000000035,-0.6533999999999995
Clc1cc(-c2cc3c(Oc4c(cc(OC)cc4)C34N=C(OC4)N)cc2)c(F)cc1C,COc1ccc2c(c1)C1(COC(N)=N1)c1cc(-c3ccc(C)cc3F)ccc1O2,aromatic_chloro,1226,0.12438458949327469,0.12529410421848297,0.0009095147252082825,0.0009095147252082825,0.12438458949327469,0.12529410421848297,0.0009095147252082825,5.157320000000003,4.5039200000000035,-0.6533999999999995
Clc1cc(-c2cc3c(Oc4c(cc(OC)cc4)C34N=C(OC4)N)cc2)c(F)cc1C,COc1ccc2c(c1)C1(COC(N)=N1)c1cc(-c3ccc(C)c(Cl)c3)ccc1O2,fluoro_aromatic,1226,0.1243281289935112,0.12412888556718826,-0.000199243426322937,0.000199243426322937,0.1243281289935112,0.12412888556718826,-0.000199243426322937,5.157320000000003,5.018220000000003,-0.1391
Fc1ncccc1-c1cc(ccc1)C1(N=C(N)N(C)C1=O)c1cn(nc1)CC(C)C,CC(C)Cn1cc(C2(c3cccc(-c4cccnc4)c3)N=C(N)N(C)C2=O)cn1,fluoro_aromatic,485,0.8530086278915405,0.7020950317382812,-0.15091359615325928,0.15091359615325928,0.8530086278915405,0.7020950317382812,-0.15091359615325928,2.770500000000001,2.6314,-0.1391000000000009
Fc1cc(cc(F)c1)CC(NC(=O)C)C(O)C[NH2+]C1(CCCCC1)c1cc(ccc1)C1CCCC1,CC(=O)NC(Cc1cccc(F)c1)C(O)C[NH2+]C1(c2cccc(C3CCCC3)c2)CCCCC1,fluoro_aromatic,1078,0.12437104433774948,0.12415989488363266,-0.0002111494541168213,0.0002111494541168213,0.12437104433774948,0.12415989488363266,-0.0002111494541168213,4.453500000000004,4.314400000000003,-0.1391000000000009
Fc1cc(cc(F)c1)CC(NC(=O)C)C(O)C[NH2+]C1(CCCCC1)c1cc(cc(c1)C(=O)C)C(C)(C)C,CC(=O)NC(Cc1cccc(F)c1)C(O)C[NH2+]C1(c2cc(C(C)=O)cc(C(C)(C)C)c2)CCCCC1,fluoro_aromatic,857,0.12469464540481567,0.12919774651527405,0.004503101110458374,0.004503101110458374,0.12469464540481567,0.12919774651527405,0.004503101110458374,4.296000000000003,4.156900000000003,-0.1391
Clc1ccc(cc1)C1(N=C(N)N(C)C1=O)c1ccccc1,CN1C(=O)C(c2ccccc2)(c2ccccc2)N=C1N,aromatic_chloro,1188,0.13205091655254364,0.12416499853134155,-0.007885918021202087,0.007885918021202087,0.13205091655254364,0.12416499853134155,-0.007885918021202087,2.3703000000000003,1.7169,-0.6534000000000002
Clc1ccccc1-c1n(Cc2nc(N)ccc2)c(cc1)-c1ccc(Oc2ncccc2)cc1,Nc1cccc(Cn2c(-c3ccccc3)ccc2-c2ccc(Oc3ccccn3)cc2)n1,aromatic_chloro,1056,0.12410129606723785,0.12405809760093689,-4.3198466300964355e-05,4.3198466300964355e-05,0.12410129606723785,0.12405809760093689,-4.3198466300964355e-05,6.6883000000000035,6.034900000000004,-0.6533999999999995
Fc1cc(cc(F)c1)CC(NC(=O)C)C(O)C[NH2+]C1(CCCCC1)c1cc(N2CCCOCC2=O)ccc1,CC(=O)NC(Cc1cccc(F)c1)C(O)C[NH2+]C1(c2cccc(N3CCCOCC3=O)c2)CCCCC1,fluoro_aromatic,1042,0.12401100248098373,0.12455940991640091,0.0005484074354171753,0.0005484074354171753,0.12401100248098373,0.12455940991640091,0.0005484074354171753,2.5492,2.4101,-0.1391
Fc1ccc(NC(=O)c2ncc(cc2)C#N)cc1[C@]1(N=C(OCC1(F)F)N)C,C[C@]1(c2cccc(NC(=O)c3ccc(C#N)cn3)c2)N=C(N)OCC1(F)F,fluoro_aromatic,53,0.6750370264053345,0.8075202107429504,0.13248318433761597,0.13248318433761597,0.6750370264053345,0.8075202107429504,0.13248318433761597,2.5400800000000006,2.4009800000000006,-0.1391
Clc1cc2nc(n(c2cc1)C(CC(C)C)CC(=O)NCc1ncccc1)N,CC(C)CC(CC(=O)NCc1ccccn1)n1c(N)nc2ccccc21,aromatic_chloro,1490,0.1240045502781868,0.12388572841882706,-0.00011882185935974121,0.00011882185935974121,0.1240045502781868,0.12388572841882706,-0.00011882185935974121,3.9606000000000003,3.307200000000001,-0.6533999999999995
Fc1ncccc1-c1cc(ccc1)C1([NH+]=C(N2C1=NCCC2)N)c1ccc(OC(F)(F)F)cc1,NC1=[NH+]C(c2ccc(OC(F)(F)F)cc2)(c2cccc(-c3cccnc3)c2)C2=NCCCN21,fluoro_aromatic,684,0.6533028483390808,0.12428035587072372,-0.5290224924683571,0.5290224924683571,0.6533028483390808,0.12428035587072372,-0.5290224924683571,2.543,2.4039,-0.1391
FC1(F)COC(=NC1(C)c1cc(NC(=O)c2ncccc2)ccc1F)N,CC1(c2cccc(NC(=O)c3ccccn3)c2)N=C(N)OCC1(F)F,fluoro_aromatic,931,0.828954815864563,0.2103385180234909,-0.6186162978410721,0.6186162978410721,0.828954815864563,0.2103385180234909,-0.6186162978410721,2.6684,2.5292999999999997,-0.13910000000000045
Fc1cc(cc(F)c1)C[C@H](NC(=O)C)[C@H](O)C[NH2+]C1(CCOCC1)c1cc(ccc1)[C@H]1CCOC1,CC(=O)N[C@@H](Cc1cccc(F)c1)[C@H](O)C[NH2+]C1(c2cccc([C@H]3CCOC3)c2)CCOCC1,fluoro_aromatic,928,0.12405095249414444,0.12412306666374207,7.211416959762573e-05,7.211416959762573e-05,0.12405095249414444,0.12412306666374207,7.211416959762573e-05,2.1460999999999997,2.0070000000000006,-0.1390999999999991
Fc1ccc(cc1C#CC)[C@]1(N=C(N)N(C)C1=O)c1ccc(OC(F)F)cc1,CC#Cc1cccc([C@@]2(c3ccc(OC(F)F)cc3)N=C(N)N(C)C2=O)c1,fluoro_aromatic,627,0.8499900698661804,0.8344223499298096,-0.01556771993637085,0.01556771993637085,0.8499900698661804,0.8344223499298096,-0.01556771993637085,2.828800000000001,2.689700000000001,-0.1391
Fc1cc(cc(F)c1)CC(NC(=O)C)C(O)C[NH2+]C1(CCCCC1)c1cc(ccc1)-c1occc1,CC(=O)NC(Cc1cccc(F)c1)C(O)C[NH2+]C1(c2cccc(-c3ccco3)c2)CCCCC1,fluoro_aromatic,1096,0.12398865073919296,0.12430823594331741,0.0003195852041244507,0.0003195852041244507,0.12398865073919296,0.12430823594331741,0.0003195852041244507,4.055900000000003,3.916800000000002,-0.1391000000000009
Fc1ccc(cc1C#CC1CC1)[C@]1(N=C(N)N(C)C1=O)c1ccc(OC(F)F)cc1,CN1C(=O)[C@@](c2ccc(OC(F)F)cc2)(c2cccc(C#CC3CC3)c2)N=C1N,fluoro_aromatic,478,0.8515096306800842,0.12722361087799072,-0.7242860198020935,0.7242860198020935,0.8515096306800842,0.12722361087799072,-0.7242860198020935,3.2189000000000014,3.0798000000000014,-0.1391
Clc1cc2CC(N=C(NC(Cc3ccccc3)c3ocnn3)c2cc1)(C)C,CC1(C)Cc2ccccc2C(NC(Cc2ccccc2)c2nnco2)=N1,aromatic_chloro,1481,0.12394317239522934,0.12394619733095169,3.0249357223510742e-06,3.0249357223510742e-06,0.12394317239522934,0.12394619733095169,3.0249357223510742e-06,4.377900000000003,3.7245000000000026,-0.6534000000000004
Fc1cc(cc(F)c1)CC(NC(=O)C)C(O)C[NH2+]C1(CCc2nc(ncc2C1)C)c1cc(ccc1)C(C)(C)C,CC(=O)NC(Cc1cccc(F)c1)C(O)C[NH2+]C1(c2cccc(C(C)(C)C)c2)CCc2nc(C)ncc2C1,fluoro_aromatic,777,0.8523190021514893,0.2181365191936493,-0.63418248295784,0.63418248295784,0.8523190021514893,0.2181365191936493,-0.63418248295784,3.4166200000000027,3.2775200000000027,-0.1391
Fc1ccc(cc1-c1cccnc1F)C1(N=C(N)N(C)C1=O)c1cn(nc1)CC,CCn1cc(C2(c3cccc(-c4cccnc4F)c3)N=C(N)N(C)C2=O)cn1,fluoro_aromatic,565,0.7314806580543518,0.7209875583648682,-0.010493099689483643,0.010493099689483643,0.7314806580543518,0.7209875583648682,-0.010493099689483643,2.2735000000000003,2.1344000000000003,-0.1391
S1(=O)(=O)CC(Cc2cc(OCCC(F)(F)F)c(N)c(F)c2)C(O)C([NH2+]Cc2cc(ccc2)C(C)(C)C)C1,CC(C)(C)c1cccc(C[NH2+]C2CS(=O)(=O)CC(Cc3ccc(N)c(OCCC(F)(F)F)c3)C2O)c1,fluoro_aromatic,732,0.7249598503112793,0.4795127809047699,-0.2454470694065094,0.2454470694065094,0.7249598503112793,0.4795127809047699,-0.2454470694065094,3.1168000000000013,2.9777000000000013,-0.1391
Clc1cc2nc(n(c2cc1)C(CC(=O)NCC1CCOCC1)CC)N,CCC(CC(=O)NCC1CCOCC1)n1c(N)nc2ccccc21,aromatic_chloro,1508,0.1898425668478012,0.18936245143413544,-0.0004801154136657715,0.0004801154136657715,0.1898425668478012,0.18936245143413544,-0.0004801154136657715,3.155900000000001,2.5025,-0.6534000000000009
Fc1c(cccc1-c1cncnc1)C1(N=C(N)N(C)C1=O)c1ccc(OC(F)(F)F)cc1,CN1C(=O)C(c2ccc(OC(F)(F)F)cc2)(c2cccc(-c3cncnc3)c2)N=C1N,fluoro_aromatic,1125,0.7259360551834106,0.19046400487422943,-0.5354720503091812,0.5354720503091812,0.7259360551834106,0.19046400487422943,-0.5354720503091812,3.2116000000000007,3.0725000000000007,-0.1391
O=C([O-])C(NC1=NC(Cc2c1ccc(c2)C)(C)C)Cc1ccccc1,[H]C(Cc1ccccc1)NC1=NC(C)(C)Cc2cc(C)ccc21,carboxylic_acid,1273,0.18948429822921753,0.18951764702796936,3.3348798751831055e-05,3.3348798751831055e-05,0.18948429822921753,0.18951764702796936,3.3348798751831055e-05,2.02712,3.9086200000000026,1.8815000000000026
Clc1cc(ccc1)-c1cc(ccc1)[C@@]1(OCCC(=[NH+]1)N)C,C[C@]1(c2cccc(-c3ccccc3)c2)[NH+]=C(N)CCO1,aromatic_chloro,161,0.1893119513988495,0.18943290412425995,0.00012095272541046143,0.00012095272541046143,0.1893119513988495,0.18943290412425995,0.00012095272541046143,2.0378000000000007,1.3843999999999999,-0.6534000000000009
Fc1cc(cc(F)c1)CC(NC(=O)C)C(O)C[NH2+]C1(CCCCC1)c1cc(ccc1)C(C)C,CC(=O)NC(Cc1cccc(F)c1)C(O)C[NH2+]C1(c2cccc(C(C)C)c2)CCCCC1,fluoro_aromatic,646,0.18962599337100983,0.18965217471122742,2.6181340217590332e-05,2.6181340217590332e-05,0.18962599337100983,0.18965217471122742,2.6181340217590332e-05,3.9193000000000024,3.7802000000000016,-0.1391000000000009
Fc1cc(cc(F)c1)CC(NC(=O)C)C(O)C[NH2+]C1(CCc2nc(ncc2C1)C)c1cc(ccc1)C(C)(C)C,CC(=O)NC(Cc1cccc(F)c1)C(O)C[NH2+]C1(c2cccc(C(C)(C)C)c2)CCc2nc(C)ncc2C1,fluoro_aromatic,777,0.7299979329109192,0.19063609838485718,-0.539361834526062,0.539361834526062,0.7299979329109192,0.19063609838485718,-0.539361834526062,3.4166200000000027,3.2775200000000027,-0.1391
Fc1ccc(cc1C#N)CC(NC(=O)C)C(O)C[NH2+]C1CC2(Oc3ncc(cc13)CC(C)(C)C)CCC2,CC(=O)NC(Cc1cccc(C#N)c1)C(O)C[NH2+]C1CC2(CCC2)Oc2ncc(CC(C)(C)C)cc21,fluoro_aromatic,268,0.7312078475952148,0.7113473415374756,-0.019860506057739258,0.019860506057739258,0.7312078475952148,0.7113473415374756,-0.019860506057739258,3.098980000000001,2.959880000000001,-0.1391
Clc1cc(-c2cc3c(Oc4c(cc(OC)cc4)[C@@]34N=C(OC4)N)cc2)c(F)cc1,COc1ccc2c(c1)[C@]1(COC(N)=N1)c1cc(-c3ccccc3F)ccc1O2,aromatic_chloro,120,0.1896599382162094,0.19039486348628998,0.0007349252700805664,0.0007349252700805664,0.1896599382162094,0.19039486348628998,0.0007349252700805664,4.848900000000003,4.195500000000003,-0.6534000000000004
Clc1cc(-c2cc3c(Oc4c(cc(OC)cc4)[C@@]34N=C(OC4)N)cc2)c(F)cc1,COc1ccc2c(c1)[C@]1(COC(N)=N1)c1cc(-c3cccc(Cl)c3)ccc1O2,fluoro_aromatic,120,0.18969762325286865,0.1898241490125656,0.00012652575969696045,0.00012652575969696045,0.18969762325286865,0.1898241490125656,0.00012652575969696045,4.848900000000003,4.709800000000003,-0.1391
Fc1ncccc1-c1cc2c(CC(CC23N=C(OC3)N)(C)C)cc1,CC1(C)Cc2ccc(-c3cccnc3)cc2C2(COC(N)=N2)C1,fluoro_aromatic,1171,0.23311306536197662,0.18964643776416779,-0.04346662759780884,0.04346662759780884,0.23311306536197662,0.18964643776416779,-0.04346662759780884,3.4003000000000014,3.2612000000000014,-0.1391
Fc1cc(cc(F)c1)C[C@H](NC(=O)C)[C@H](O)C[NH2+]Cc1cc(ccc1)C(C)(C)C,CC(=O)N[C@@H](Cc1cccc(F)c1)[C@H](O)C[NH2+]Cc1cccc(C(C)(C)C)c1,fluoro_aromatic,1120,0.18949899077415466,0.18944205343723297,-5.6937336921691895e-05,5.6937336921691895e-05,0.18949899077415466,0.18944205343723297,-5.6937336921691895e-05,2.434,2.2949,-0.1391
Fc1cc(ccc1)-c1cc(ccc1)C1(N=C(N)N(C)C1=O)c1ccncc1,CN1C(=O)C(c2ccncc2)(c2cccc(-c3ccccc3)c2)N=C1N,fluoro_aromatic,661,0.2051725536584854,0.18994377553462982,-0.01522877812385559,0.01522877812385559,0.2051725536584854,0.18994377553462982,-0.01522877812385559,2.918000000000002,2.778900000000001,-0.1391000000000009
Fc1ccc(NC(=O)c2ncc(cc2)C#N)cc1[C@]1(N=C(O[C@@H](C1)C(F)(F)F)N)C,C[C@@]1(c2cccc(NC(=O)c3ccc(C#N)cn3)c2)C[C@@H](C(F)(F)F)OC(N)=N1,fluoro_aromatic,37,0.6256596446037292,0.18993401527404785,-0.4357256293296814,0.4357256293296814,0.6256596446037292,0.18993401527404785,-0.4357256293296814,3.225780000000001,3.0866800000000003,-0.1391000000000009
Fc1cc(cc(F)c1)CC(NC(=O)C)C(O)C[NH2+]C1(CCCN(C1)C(OCc1ccccc1)=O)c1cc(ccc1)C(C)(C)C,CC(=O)NC(Cc1cccc(F)c1)C(O)C[NH2+]C1(c2cccc(C(C)(C)C)c2)CCCN(C(=O)OCc2ccccc2)C1,fluoro_aromatic,1064,0.19505834579467773,0.1895204782485962,-0.005537867546081543,0.005537867546081543,0.19505834579467773,0.1895204782485962,-0.005537867546081543,4.561900000000005,4.422800000000004,-0.1391000000000009
Fc1cc(cc(F)c1)CC(NC(=O)C(N1CCC(CCCC)C1=O)CCc1ccccc1)C(O)C1[NH2+]CC(O)C1,CCCCC1CCN(C(CCc2ccccc2)C(=O)NC(Cc2cccc(F)c2)C(O)C2CC(O)C[NH2+]2)C1=O,fluoro_aromatic,518,0.7101741433143616,0.1897270530462265,-0.5204470902681351,0.5204470902681351,0.7101741433143616,0.1897270530462265,-0.5204470902681351,2.0897000000000006,1.9506000000000006,-0.1391
s1cc(cc1C(=O)CC)[C@]1(N=C(N)N(C)C1=O)c1cc(ccc1)-c1cccnc1F,CCC(=O)c1cc([C@@]2(c3cccc(-c4cccnc4)c3)N=C(N)N(C)C2=O)cs1,fluoro_aromatic,1217,0.7303811311721802,0.6422666907310486,-0.08811444044113159,0.08811444044113159,0.7303811311721802,0.6422666907310486,-0.08811444044113159,3.5722000000000023,3.4331000000000023,-0.1391
Fc1ccc(cc1OCCCCF)[C@]1(N=C(N)N(C)C1=O)c1ccc(OC(F)F)cc1,CN1C(=O)[C@@](c2ccc(OC(F)F)cc2)(c2cccc(OCCCCF)c2)N=C1N,fluoro_aromatic,790,0.7315359711647034,0.19008974730968475,-0.5414462238550186,0.5414462238550186,0.7315359711647034,0.19008974730968475,-0.5414462238550186,3.5859000000000014,3.4468000000000014,-0.1391
Fc1cc(cc(F)c1)CC(NC(=O)C)C(O)C[NH2+]C1(CC1)c1cc(ccc1)C1(OCCC1)C,CC(=O)NC(Cc1cccc(F)c1)C(O)C[NH2+]C1(c2cccc(C3(C)CCCO3)c2)CC1,fluoro_aromatic,1016,0.18965701758861542,0.1894969493150711,-0.00016006827354431152,0.00016006827354431152,0.18965701758861542,0.1894969493150711,-0.00016006827354431152,2.6512000000000002,2.5121,-0.1391
Fc1cc(cc(F)c1)CC(NC(=O)C(N1CCC(C(C)C)C1=O)C)C(O)C1[NH2+]CC(OCCC)C1,CCCOC1C[NH2+]C(C(O)C(Cc2cccc(F)c2)NC(=O)C(C)N2CCC(C(C)C)C2=O)C1,fluoro_aromatic,859,0.19035400450229645,0.19057776033878326,0.0002237558364868164,0.0002237558364868164,0.19035400450229645,0.19057776033878326,0.0002237558364868164,1.3769000000000016,1.237800000000002,-0.13909999999999956
Fc1ncccc1-c1cc(ccc1)[C@]1([NH+]=C(N2C1=NCCC2)N)c1cc2OCCOc2cc1,NC1=[NH+][C@@](c2cccc(-c3cccnc3)c2)(c2ccc3c(c2)OCCO3)C2=NCCCN21,fluoro_aromatic,876,0.19194838404655457,0.18954209983348846,-0.002406284213066101,0.002406284213066101,0.19194838404655457,0.18954209983348846,-0.002406284213066101,1.4155999999999997,1.2764999999999995,-0.13910000000000022
Fc1ccc(F)cc1-c1cc(ccc1)[C@@]1(N=C(N)N(C)C1=O)c1ccncc1,CN1C(=O)[C@](c2ccncc2)(c2cccc(-c3cccc(F)c3)c2)N=C1N,fluoro_aromatic,1241,0.7231259346008301,0.18961872160434723,-0.5335072129964828,0.5335072129964828,0.7231259346008301,0.18961872160434723,-0.5335072129964828,3.057100000000003,2.918000000000003,-0.1391
Clc1cn(nc1C(=O)Nc1cc(C2(N=C(OCC2(F)F)N)C)c(F)cc1)C,Cn1ccc(C(=O)Nc2ccc(F)c(C3(C)N=C(N)OCC3(F)F)c2)n1,aromatic_chloro,855,0.7300079464912415,0.7187159657478333,-0.011291980743408203,0.011291980743408203,0.7300079464912415,0.7187159657478333,-0.011291980743408203,2.660300000000001,2.0069,-0.6534000000000013
Clc1cn(nc1C(=O)Nc1cc(C2(N=C(OCC2(F)F)N)C)c(F)cc1)C,Cn1cc(Cl)c(C(=O)Nc2cccc(C3(C)N=C(N)OCC3(F)F)c2)n1,fluoro_aromatic,855,0.7302975058555603,0.6866590976715088,-0.043638408184051514,0.043638408184051514,0.7302975058555603,0.6866590976715088,-0.043638408184051514,2.660300000000001,2.5212000000000003,-0.1391000000000009
Fc1cc(cc(F)c1)CC(NC(=O)C)C(O)C[NH2+]C1(CCCCC1)c1cc(ccc1)C1CCCCC1,CC(=O)NC(Cc1cccc(F)c1)C(O)C[NH2+]C1(c2cccc(C3CCCCC3)c2)CCCCC1,fluoro_aromatic,1328,0.1899559646844864,0.18941053748130798,-0.0005454272031784058,0.0005454272031784058,0.1899559646844864,0.18941053748130798,-0.0005454272031784058,4.843600000000004,4.704500000000004,-0.1391
Clc1cc2CC(N=C(NC(Cc3ccccc3)c3oc(nn3)C)c2cc1)(C)C,Cc1nnc(C(Cc2ccccc2)NC2=NC(C)(C)Cc3ccccc32)o1,aromatic_chloro,1498,0.1893070787191391,0.1899607628583908,0.000653684139251709,0.000653684139251709,0.1893070787191391,0.1899607628583908,0.000653684139251709,4.686320000000004,4.032920000000003,-0.6534000000000004
Clc1cc2nc([nH]c2cc1)N,Nc1nc2ccccc2[nH]1,aromatic_chloro,1506,0.18988832831382751,0.18976986408233643,-0.00011846423149108887,0.00011846423149108887,0.18988832831382751,0.18976986408233643,-0.00011846423149108887,1.7984999999999998,1.1450999999999998,-0.6534
Clc1ccccc1-c1n(Cc2nc(N)ccc2)c(cc1)-c1ccc(OCCCC)cc1,CCCCOc1ccc(-c2ccc(-c3ccccc3)n2Cc2cccc(N)n2)cc1,aromatic_chloro,1151,0.18952053785324097,0.1893504559993744,-0.00017008185386657715,0.00017008185386657715,0.18952053785324097,0.1893504559993744,-0.00017008185386657715,6.679900000000004,6.026500000000005,-0.6533999999999995
O(C(=O)C1[NH2+]CC2(C1)c1c(NC2=O)cccc1)C1CCN(CC1)C(=O)C,[H]C1(c2ccccc2)C[NH2+]C(C(=O)OC2CCN(C(C)=O)CC2)C1,amide,1459,0.18936271965503693,0.1895933598279953,0.00023064017295837402,0.00023064017295837402,0.18936271965503693,0.1895933598279953,0.00023064017295837402,-0.2336999999999987,0.6599999999999999,0.8936999999999986
Fc1ccc(OC)cc1-c1cc2c(OC(CC23N=C(N)N(C)C3=O)(C)C)cc1,COc1cccc(-c2ccc3c(c2)C2(CC(C)(C)O3)N=C(N)N(C)C2=O)c1,fluoro_aromatic,693,0.7308101058006287,0.7161219120025635,-0.014688193798065186,0.014688193798065186,0.7308101058006287,0.7161219120025635,-0.014688193798065186,3.0444000000000013,2.9053000000000004,-0.1391000000000009
Fc1cc(cc(F)c1)CC(NC(=O)C)C(O)C[NH2+]C1(CC1)c1nccc(c1)C(C)(C)C,CC(=O)NC(Cc1cccc(F)c1)C(O)C[NH2+]C1(c2cc(C(C)(C)C)ccn2)CC1,fluoro_aromatic,1031,0.18950019776821136,0.1896122395992279,0.00011204183101654053,0.00011204183101654053,0.18950019776821136,0.1896122395992279,0.00011204183101654053,2.3181000000000003,2.1790000000000003,-0.1391
Fc1cc(cc(F)c1)CC(NC(=O)C)C(O)C[NH2+]C1(CCCCC1)c1cc(ccc1)CC,CCc1cccc(C2([NH2+]CC(O)C(Cc3cccc(F)c3)NC(C)=O)CCCCC2)c1,fluoro_aromatic,1034,0.1894296407699585,0.18959593772888184,0.00016629695892333984,0.00016629695892333984,0.1894296407699585,0.18959593772888184,0.00016629695892333984,3.3583000000000016,3.2192000000000007,-0.1391000000000009
s1ccnc1-c1cccc(CC(NC(=O)COC)C(O)C[NH2+]C2CC3(Oc4ncc(cc24)CC(C)(C)C)CCC3)c1F,COCC(=O)NC(Cc1cccc(-c2nccs2)c1)C(O)C[NH2+]C1CC2(CCC2)Oc2ncc(CC(C)(C)C)cc21,fluoro_aromatic,725,0.7322515845298767,0.7314502596855164,-0.0008013248443603516,0.0008013248443603516,0.7322515845298767,0.7314502596855164,-0.0008013248443603516,3.9773000000000023,3.8382000000000023,-0.1391
S1(=O)(=O)CC(Cc2cc(F)c3NCC4(CCC4)c3c2)C(O)C([NH2+]Cc2cc(ccc2)C(C)(C)C)C1,CC(C)(C)c1cccc(C[NH2+]C2CS(=O)(=O)CC(Cc3ccc4c(c3)C3(CCC3)CN4)C2O)c1,fluoro_aromatic,1011,0.2203766405582428,0.22999127209186554,0.009614631533622742,0.009614631533622742,0.2203766405582428,0.22999127209186554,0.009614631533622742,3.050600000000001,2.911500000000002,-0.1390999999999991
Fc1cc(cc(F)c1)CC(NC(=O)C)C(O)C[NH2+]C1(CCCCC1)c1cc(N2CCCCC2=O)ccc1,CC(=O)NC(Cc1cccc(F)c1)C(O)C[NH2+]C1(c2cccc(N3CCCCC3=O)c2)CCCCC1,fluoro_aromatic,913,0.18948480486869812,0.18955080211162567,6.599724292755127e-05,6.599724292755127e-05,0.18948480486869812,0.18955080211162567,6.599724292755127e-05,3.312800000000001,3.173700000000001,-0.1391
S1(=O)CC(Cc2cc(OC(COC)C(F)(F)F)c(N)c(F)c2)C(O)C([NH2+]CCCOC(C)(C)C)C1,COCC(Oc1cc(CC2CS(=O)CC([NH2+]CCCOC(C)(C)C)C2O)ccc1N)C(F)(F)F,fluoro_aromatic,1337,0.7192221879959106,0.7287513017654419,0.00952911376953125,0.00952911376953125,0.7192221879959106,0.7287513017654419,0.00952911376953125,1.783100000000001,1.6440000000000012,-0.13909999999999978
Fc1ncccc1-c1cc(ccc1)[C@]1(N=C(N)N(C)C1=O)c1ccc(OC(F)(F)F)cc1,CN1C(=O)[C@@](c2ccc(OC(F)(F)F)cc2)(c2cccc(-c3cccnc3)c2)N=C1N,fluoro_aromatic,689,0.7279412746429443,0.1896912008523941,-0.5382500737905502,0.5382500737905502,0.7279412746429443,0.1896912008523941,-0.5382500737905502,3.816600000000002,3.677500000000002,-0.1391
Fc1c2c(ccc1)C(N=C2N)(c1cc(ccc1)-c1cncnc1)c1cc(OC)ncc1,COc1cc(C2(c3cccc(-c4cncnc4)c3)N=C(N)c3ccccc32)ccn1,fluoro_aromatic,974,0.1915770024061203,0.18993762135505676,-0.0016393810510635376,0.0016393810510635376,0.1915770024061203,0.18993762135505676,-0.0016393810510635376,3.6971000000000016,3.5580000000000025,-0.1390999999999991
S1(=O)(=O)CC(Cc2cc(OC(C(F)(F)F)C(F)(F)F)c(N)c(F)c2)C(O)C([NH2+]Cc2cn(nc2)CC(C)(C)C)C1,CC(C)(C)Cn1cc(C[NH2+]C2CS(=O)(=O)CC(Cc3ccc(N)c(OC(C(F)(F)F)C(F)(F)F)c3)C2O)cn1,fluoro_aromatic,599,0.7280638813972473,0.5706126689910889,-0.15745121240615845,0.15745121240615845,0.7280638813972473,0.5706126689910889,-0.15745121240615845,2.6027000000000005,2.4635999999999996,-0.1391000000000009
Clc1cc(cc(Cl)c1NC(=O)C)CNC(=[NH2+])NC(=O)Cn1c2cc(ccc2cc1)C#N,CC(=O)Nc1ccc(CNC(=[NH2+])NC(=O)Cn2ccc3ccc(C#N)cc32)cc1Cl,aromatic_chloro,638,0.18981723487377167,0.6364292502403259,0.44661201536655426,0.44661201536655426,0.18981723487377167,0.6364292502403259,0.44661201536655426,1.79928,1.1458800000000002,-0.6533999999999998
S1(=O)CC(Cc2cc(OC(COC)C(F)(F)F)c(N)c(F)c2)C(O)C([NH2+]C(C)c2cc(ccc2)C(C)(C)C)C1,COCC(Oc1cc(CC2CS(=O)CC([NH2+]C(C)c3cccc(C(C)(C)C)c3)C2O)ccc1N)C(F)(F)F,fluoro_aromatic,387,0.7018082141876221,0.7289338707923889,0.027125656604766846,0.027125656604766846,0.7018082141876221,0.7289338707923889,0.027125656604766846,3.6366000000000023,3.4975000000000023,-0.1391
Fc1cc(cc(F)c1)C[C@H](NC(=O)C)[C@H](O)C[NH2+]C1(CC1)c1cc(ccc1)C(CF)(CF)C,CC(=O)N[C@@H](Cc1cccc(F)c1)[C@H](O)C[NH2+]C1(c2cccc(C(C)(CF)CF)c2)CC1,fluoro_aromatic,969,0.1896793693304062,0.18974125385284424,6.188452243804932e-05,6.188452243804932e-05,0.1896793693304062,0.18974125385284424,6.188452243804932e-05,2.8223000000000003,2.6832000000000003,-0.1391
S(=O)(=O)(N(C)c1cc(cc(c1)CNC(=O)C([NH3+])(Cc1ccccc1)C)C(=O)NC(C)c1ccc(F)cc1)C,CC(NC(=O)c1cc(CNC(=O)C(C)([NH3+])Cc2ccccc2)cc(N(C)S(C)(=O)=O)c1)c1ccccc1,fluoro_aromatic,1276,0.18959887325763702,0.25183188915252686,0.06223301589488983,0.06223301589488983,0.18959887325763702,0.25183188915252686,0.06223301589488983,2.572000000000001,2.432900000000002,-0.1390999999999991
Clc1cc(cnc1)-c1cc(ccc1)C1(NC(=[NH2+])N(C)C1=O)C1CC1,CN1C(=[NH2+])NC(c2cccc(-c3cccnc3)c2)(C2CC2)C1=O,aromatic_chloro,229,0.18952147662639618,0.18939895927906036,-0.00012251734733581543,0.00012251734733581543,0.18952147662639618,0.18939895927906036,-0.00012251734733581543,1.1840000000000002,0.5305999999999993,-0.6534000000000009
O1CC(NC(=O)c2cc(cc(c2)C(=O)NCC\C=C\C1)C)C(O)C[NH2+]Cc1cc(ccc1)C(C)C,[H]c1cc(C)cc(C(=O)NCC/C=C/COCCC(O)C[NH2+]Cc2cccc(C(C)C)c2)c1,amide,998,0.1907535195350647,0.1898021250963211,-0.0009513944387435913,0.0009513944387435913,0.1907535195350647,0.1898021250963211,-0.0009513944387435913,2.04762,3.3257200000000022,1.278100000000002
Fc1cc(cc(F)c1)-c1cc(ccc1)C1(N=C(N)N(C)C1=O)c1ccncc1,CN1C(=O)C(c2ccncc2)(c2cccc(-c3cccc(F)c3)c2)N=C1N,fluoro_aromatic,688,0.6331726312637329,0.18948201835155487,-0.44369061291217804,0.44369061291217804,0.6331726312637329,0.18948201835155487,-0.44369061291217804,3.057100000000003,2.918000000000002,-0.1391000000000009
Clc1cc2CC(N=C(NC(Cc3ccccc3)C(=O)[O-])c2cc1)(C)C,CC1(C)Cc2ccccc2C(NC(Cc2ccccc2)C(=O)[O-])=N1,aromatic_chloro,1209,0.1896066665649414,0.18957237899303436,-3.428757190704346e-05,3.428757190704346e-05,0.1896066665649414,0.18957237899303436,-3.428757190704346e-05,2.3721000000000005,1.7187,-0.6534000000000006
Clc1cc2CC(N=C(NC(Cc3ccccc3)C(=O)[O-])c2cc1)(C)C,[H]C(Cc1ccccc1)NC1=NC(C)(C)Cc2cc(Cl)ccc21,carboxylic_acid,1209,0.18938606977462769,0.189511239528656,0.0001251697540283203,0.0001251697540283203,0.18938606977462769,0.189511239528656,0.0001251697540283203,2.3721000000000005,4.253600000000003,1.8815000000000026
Fc1ncccc1-c1cc(ccc1)C1(N=C(N)N(C)C1=O)c1cn(nc1)CCC(C)(C)C,CN1C(=O)C(c2cccc(-c3cccnc3)c2)(c2cnn(CCC(C)(C)C)c2)N=C1N,fluoro_aromatic,486,0.7318164110183716,0.19016194343566895,-0.5416544675827026,0.5416544675827026,0.7318164110183716,0.19016194343566895,-0.5416544675827026,3.5507000000000017,3.4116000000000017,-0.1391
Clc1cc(ccc1)CN1C(=O)[C@](NC1=N)(CC(C)C)C,CC(C)C[C@@]1(C)NC(=N)N(Cc2ccccc2)C1=O,aromatic_chloro,193,0.18955500423908234,0.18944096565246582,-0.00011403858661651611,0.00011403858661651611,0.18955500423908234,0.18944096565246582,-0.00011403858661651611,3.011370000000001,2.357970000000001,-0.6534000000000004
Clc1cc2nc(n(c2cc1)[C@H](CC(=O)NC1C2CC3CC1CC(C2)C3)CC)N,CC[C@@H](CC(=O)NC1C2CC3CC(C2)CC1C3)n1c(N)nc2ccccc21,aromatic_chloro,165,0.1897188127040863,0.18968534469604492,-3.3468008041381836e-05,3.3468008041381836e-05,0.1897188127040863,0.18968534469604492,-3.3468008041381836e-05,4.554000000000003,3.9006000000000025,-0.6534000000000004
S(=O)(=O)(N(C)c1cc(cc(c1)COCC([NH3+])(Cc1ccccc1)C(F)F)C(=O)NC(C)c1ccc(F)cc1)C,CC(NC(=O)c1cc(COCC([NH3+])(Cc2ccccc2)C(F)F)cc(N(C)S(C)(=O)=O)c1)c1ccccc1,fluoro_aromatic,1076,0.18950457870960236,0.202328622341156,0.01282404363155365,0.01282404363155365,0.18950457870960236,0.202328622341156,0.01282404363155365,3.7176000000000027,3.5785000000000027,-0.1391
Clc1ccccc1-c1n(Cc2nc(N)ccc2)c(cc1)-c1ccc(OC)cc1,COc1ccc(-c2ccc(-c3ccccc3)n2Cc2cccc(N)n2)cc1,aromatic_chloro,1198,0.18959102034568787,0.18952548503875732,-6.553530693054199e-05,6.553530693054199e-05,0.18959102034568787,0.18952548503875732,-6.553530693054199e-05,5.509600000000003,4.856200000000003,-0.6534000000000004
Clc1cc2nc(n(c2cc1)C(CC(=O)N(CC1CCCCC1)C)CC)N,CCC(CC(=O)N(C)CC1CCCCC1)n1c(N)nc2ccccc21,aromatic_chloro,1500,0.18993830680847168,0.18947607278823853,-0.0004622340202331543,0.0004622340202331543,0.18993830680847168,0.18947607278823853,-0.0004622340202331543,4.651800000000002,3.998400000000002,-0.6534000000000004
Fc1cc(cc(F)c1)CC(NC(=O)C)C(O)C[NH2+]C1(CCC(NC(=O)C)CC1)c1cc(ccc1)C(C)(C)C,CC(=O)NC1CCC([NH2+]CC(O)C(Cc2cccc(F)c2)NC(C)=O)(c2cccc(C(C)(C)C)c2)CC1,fluoro_aromatic,954,0.3352251946926117,0.19018244743347168,-0.14504274725914001,0.14504274725914001,0.3352251946926117,0.19018244743347168,-0.14504274725914001,3.208000000000003,3.068900000000002,-0.1391000000000009
S1(=O)(=O)CC(Cc2cc(OCC(F)F)c(N)c(F)c2)C(O)C([NH2+]Cc2cc(ccc2)C(C)(C)C)C1,CC(C)(C)c1cccc(C[NH2+]C2CS(=O)(=O)CC(Cc3ccc(N)c(OCC(F)F)c3)C2O)c1,fluoro_aromatic,319,0.7238701581954956,0.2798323333263397,-0.4440378248691559,0.4440378248691559,0.7238701581954956,0.2798323333263397,-0.4440378248691559,2.429500000000001,2.290400000000001,-0.1391
FC1(F)COC(=NC1(C)c1cc(NC(=O)c2ncc(cc2)C#C)ccc1F)N,C#Cc1ccc(C(=O)Nc2cccc(C3(C)N=C(N)OCC3(F)F)c2)nc1,fluoro_aromatic,582,0.7173376679420471,0.7292789220809937,0.011941254138946533,0.011941254138946533,0.7173376679420471,0.7292789220809937,0.011941254138946533,2.6497,2.5105999999999997,-0.13910000000000045
Fc1cc(cc(F)c1)C[C@H](NC(=O)C)[C@H](O)C[NH2+]C1(CCC1)c1cc(ccc1)C(C)(C)C,CC(=O)N[C@@H](Cc1cccc(F)c1)[C@H](O)C[NH2+]C1(c2cccc(C(C)(C)C)c2)CCC1,fluoro_aromatic,1023,0.18952082097530365,0.1894388198852539,-8.200109004974365e-05,8.200109004974365e-05,0.18952082097530365,0.1894388198852539,-8.200109004974365e-05,3.313200000000001,3.174100000000001,-0.1391
Clc1ccc(nc1)C(=O)Nc1cc(ccc1)C1(N=C(N)C(=O)N(C1)C)C,CN1CC(C)(c2cccc(NC(=O)c3ccccn3)c2)N=C(N)C1=O,aromatic_chloro,932,0.19357368350028992,0.1897183656692505,-0.0038553178310394287,0.0038553178310394287,0.19357368350028992,0.1897183656692505,-0.0038553178310394287,2.031699999999999,1.3783,-0.6533999999999989
Fc1cc(cc(F)c1)CC(NC(=O)C)C(O)C[NH2+]C1(CCCCC1)c1cc(ccc1)C1CCCC1,CC(=O)NC(Cc1cccc(F)c1)C(O)C[NH2+]C1(c2cccc(C3CCCC3)c2)CCCCC1,fluoro_aromatic,1078,0.1897796094417572,0.18946801126003265,-0.00031159818172454834,0.00031159818172454834,0.1897796094417572,0.18946801126003265,-0.00031159818172454834,4.453500000000004,4.314400000000003,-0.1391000000000009
S1(=O)(=O)CC(Cc2cc(C3CC3)c(N)c(F)c2)C(O)C([NH2+]Cc2cc(ccc2)C(C)(C)C)C1,CC(C)(C)c1cccc(C[NH2+]C2CS(=O)(=O)CC(Cc3ccc(N)c(C4CC4)c3)C2O)c1,fluoro_aromatic,779,0.6816428303718567,0.19159047305583954,-0.49005235731601715,0.49005235731601715,0.6816428303718567,0.19159047305583954,-0.49005235731601715,2.663000000000001,2.523900000000002,-0.1390999999999991
Clc1cc(cnc1)-c1cc(ccc1)C1(N=C(C)C(=N1)N)C1CC1,CC1=NC(c2cccc(-c3cccnc3)c2)(C2CC2)N=C1N,aromatic_chloro,938,0.18950966000556946,0.18981902301311493,0.0003093630075454712,0.0003093630075454712,0.18950966000556946,0.18981902301311493,0.0003093630075454712,3.7965000000000027,3.1431000000000004,-0.6534000000000022
Fc1cc(cc(F)c1)CC(NC(=O)C)C(O)C[NH2+]C1(CCCCC1)c1cc(ccc1)C(C)=C,C=C(C)c1cccc(C2([NH2+]CC(O)C(Cc3cccc(F)c3)NC(C)=O)CCCCC2)c1,fluoro_aromatic,789,0.18944303691387177,0.18945010006427765,7.063150405883789e-06,7.063150405883789e-06,0.18944303691387177,0.18945010006427765,7.063150405883789e-06,3.8290000000000024,3.6899000000000015,-0.1391000000000009
O=C1Nc2c(cccc2)[C@]12C[C@@H]([NH2+]C2)C(OCc1ccccc1)=O,[H][C@]1(c2ccccc2)C[NH2+][C@@H](C(=O)OCc2ccccc2)C1,amide,183,0.1893204003572464,0.1898108571767807,0.0004904568195343018,0.0004904568195343018,0.1893204003572464,0.1898108571767807,0.0004904568195343018,0.9556000000000001,1.8492999999999997,0.8936999999999996
Fc1cc(cc(F)c1)C[C@H](NC(=O)C)[C@H](O)C[NH2+]C1(CC1)c1cc(ccc1)[C@H]1CCOC1,CC(=O)N[C@@H](Cc1cccc(F)c1)[C@H](O)C[NH2+]C1(c2cccc([C@H]3CCOC3)c2)CC1,fluoro_aromatic,1044,0.18989533185958862,0.1896531879901886,-0.00024214386940002441,0.00024214386940002441,0.18989533185958862,0.1896531879901886,-0.00024214386940002441,2.1295,1.9903999999999997,-0.13910000000000045
s1cc(cc1)-c1cc(ccc1)C1([NH2+]CC(O)C(NC(=O)C)Cc2cc(F)cc(F)c2)CCCCC1,CC(=O)NC(Cc1cccc(F)c1)C(O)C[NH2+]C1(c2cccc(-c3ccsc3)c2)CCCCC1,fluoro_aromatic,636,0.1894233673810959,0.1894436627626419,2.0295381546020508e-05,2.0295381546020508e-05,0.1894233673810959,0.1894436627626419,2.0295381546020508e-05,4.524400000000004,4.385300000000004,-0.1391
Fc1cc(cnc1)-c1cc(ccc1)C1(N=C(N)C2N1CCCC2)C,CC1(c2cccc(-c3cccnc3)c2)N=C(N)C2CCCCN21,fluoro_aromatic,1248,0.1895180344581604,0.18949906527996063,-1.8969178199768066e-05,1.8969178199768066e-05,0.1895180344581604,0.18949906527996063,-1.8969178199768066e-05,3.285700000000002,3.146600000000001,-0.1391000000000009
Fc1cc(cc(F)c1)C[C@H](NC(=O)C)[C@H](O)C[NH2+]C1(CCCCC1)c1cc(-n2nccc2)ccc1,CC(=O)N[C@@H](Cc1cccc(F)c1)[C@H](O)C[NH2+]C1(c2cccc(-n3cccn3)c2)CCCCC1,fluoro_aromatic,83,0.18968269228935242,0.18968822062015533,5.5283308029174805e-06,5.5283308029174805e-06,0.18968269228935242,0.18968822062015533,5.5283308029174805e-06,2.9816000000000003,2.8425000000000002,-0.1391
s1cc(cc1C1([NH2+]CC(O)C(NC(=O)C)Cc2cc(F)cc(F)c2)CCCCC1)C(C)(C)C,CC(=O)NC(Cc1cccc(F)c1)C(O)C[NH2+]C1(c2cc(C(C)(C)C)cs2)CCCCC1,fluoro_aromatic,794,0.18952056765556335,0.18972988426685333,0.00020931661128997803,0.00020931661128997803,0.18952056765556335,0.18972988426685333,0.00020931661128997803,4.154900000000004,4.015800000000003,-0.1391000000000009
S1(=O)(=O)N(C2(CC([NH+](CC2)Cc2ccc(NC(=O)C)cc2)C)CN1C)c1cc(F)ccc1,CC(=O)Nc1ccc(C[NH+]2CCC3(CC2C)CN(C)S(=O)(=O)N3c2ccccc2)cc1,fluoro_aromatic,1285,0.1893843710422516,0.19064216315746307,0.0012577921152114868,0.0012577921152114868,0.1893843710422516,0.19064216315746307,0.0012577921152114868,1.7868999999999997,1.6478000000000004,-0.13909999999999934
Fc1cc(cc(F)c1)CC(NC(=O)C(N1CCC(CC(C)C)C1=O)C)C(O)C[NH2+]Cc1cc(OC)ccc1,COc1cccc(C[NH2+]CC(O)C(Cc2cccc(F)c2)NC(=O)C(C)N2CCC(CC(C)C)C2=O)c1,fluoro_aromatic,763,0.19139939546585083,0.6638404726982117,0.47244107723236084,0.47244107723236084,0.19139939546585083,0.6638404726982117,0.47244107723236084,2.4083000000000014,2.2692000000000014,-0.1391
O=C1N[C@@H](C[C@@H](CCCCCCCC(=O)N[C@H]1C)C)[C@@H](O)C[C@H](C(=O)NCCCC)C,[H]C(C)NC(=O)CCCCCCC[C@@H](C)C[CH][C@@H](O)C[C@@H](C)C(=O)NCCCC,amide,132,0.1899377405643463,0.1916199028491974,0.0016821622848510742,0.0016821622848510742,0.1899377405643463,0.1916199028491974,0.0016821622848510742,3.0498000000000003,4.387090000000003,1.337290000000003
Fc1cc(cc(F)c1)CC(NC(=O)C)C(O)C[NH2+]C1(CCCCC1)c1cc(ccc1)C(CO)(C)C,CC(=O)NC(Cc1cccc(F)c1)C(O)C[NH2+]C1(c2cccc(C(C)(C)CO)c2)CCCCC1,fluoro_aromatic,915,0.1897074580192566,0.18962526321411133,-8.219480514526367e-05,8.219480514526367e-05,0.1897074580192566,0.18962526321411133,-8.219480514526367e-05,3.065800000000001,2.9267000000000003,-0.1391000000000009
Clc1cc2CC([NH+]=C(N[C@@H](Cc3ccccc3)C=3NC(=O)c4c(N=3)ccnc4)c2cc1)(C)C,CC1(C)Cc2ccccc2C(N[C@@H](Cc2ccccc2)c2nc3ccncc3c(=O)[nH]2)=[NH+]1,aromatic_chloro,109,0.18932144343852997,0.18939882516860962,7.738173007965088e-05,7.738173007965088e-05,0.18932144343852997,0.18939882516860962,7.738173007965088e-05,2.707,2.0536000000000003,-0.6533999999999995
Fc1ncccc1-c1cc(ccc1)C1(N=C(OC1)N)c1ccc(OC(F)F)cc1,NC1=NC(c2ccc(OC(F)F)cc2)(c2cccc(-c3cccnc3)c2)CO1,fluoro_aromatic,1109,0.1924937665462494,0.18962107598781586,-0.0028726905584335327,0.0028726905584335327,0.1924937665462494,0.18962107598781586,-0.0028726905584335327,4.077600000000002,3.938500000000002,-0.1391
S(=O)(=O)(N(C)c1cc(cc(c1)COCC([NH3+])(Cc1ccccc1)COC)C(=O)NC(C)c1ccc(F)cc1)C,COCC([NH3+])(COCc1cc(C(=O)NC(C)c2ccccc2)cc(N(C)S(C)(=O)=O)c1)Cc1ccccc1,fluoro_aromatic,1467,0.1897888034582138,0.2468286007642746,0.05703979730606079,0.05703979730606079,0.1897888034582138,0.2468286007642746,0.05703979730606079,3.0989000000000013,2.9598000000000013,-0.1391
O=C1Nc2c(cccc2)[C@]12C[C@@H]([NH2+]C2)C(OCc1ccc(cc1)C#N)=O,[H][C@]1(c2ccccc2)C[NH2+][C@@H](C(=O)OCc2ccc(C#N)cc2)C1,amide,168,0.1893225759267807,0.18944260478019714,0.00012002885341644287,0.00012002885341644287,0.1893225759267807,0.18944260478019714,0.00012002885341644287,0.8272800000000001,1.7209799999999997,0.8936999999999996
Clc1ccc(nc1)C(=O)Nc1cc(ccc1)C1(N=C(OC1)N)C,CC1(c2cccc(NC(=O)c3ccccn3)c2)COC(N)=N1,aromatic_chloro,1179,0.18950700759887695,0.18950171768665314,-5.289912223815918e-06,5.289912223815918e-06,0.18950700759887695,0.18950171768665314,-5.289912223815918e-06,2.5473999999999997,1.894,-0.6533999999999998
Fc1c2c(ccc1)C(N=C2N)(c1cc(C#N)c(OC)c(c1)C)c1cc(ccc1)-c1cncnc1,COc1c(C)cc(C2(c3cccc(-c4cncnc4)c3)N=C(N)c3ccccc32)cc1C#N,fluoro_aromatic,628,0.6995768547058105,0.20346900820732117,-0.4961078464984894,0.4961078464984894,0.6995768547058105,0.20346900820732117,-0.4961078464984894,4.482200000000003,4.343100000000002,-0.1391000000000009
Fc1cc(cc(F)c1)CC(NC(=O)C)C(O)C[NH2+]C1(CC1)c1cc(ccc1)C(C)(C)C,CC(=O)NC(Cc1cccc(F)c1)C(O)C[NH2+]C1(c2cccc(C(C)(C)C)c2)CC1,fluoro_aromatic,841,0.1897301971912384,0.189615398645401,-0.00011479854583740234,0.00011479854583740234,0.1897301971912384,0.189615398645401,-0.00011479854583740234,2.9231000000000007,2.7840000000000007,-0.1391
Fc1cc(cc(F)c1)CC(NC(=O)C)C(O)C[NH2+]C1(CCCCC1)c1cc(N2CCOC2=O)ccc1,CC(=O)NC(Cc1cccc(F)c1)C(O)C[NH2+]C1(c2cccc(N3CCOC3=O)c2)CCCCC1,fluoro_aromatic,1119,0.18936395645141602,0.18983793258666992,0.00047397613525390625,0.00047397613525390625,0.18936395645141602,0.18983793258666992,0.00047397613525390625,2.7525000000000004,2.6133999999999995,-0.1391000000000009
S1(=O)(=O)CC(Cc2cc(F)c(NC(=O)C[NH+](C)C)cc2)C(O)C([NH2+]Cc2cc(ccc2)C(C)(C)C)C1,C[NH+](C)CC(=O)Nc1ccc(CC2CS(=O)(=O)CC([NH2+]Cc3cccc(C(C)(C)C)c3)C2O)cc1,fluoro_aromatic,696,0.5438377261161804,0.18974918127059937,-0.35408854484558105,0.35408854484558105,0.5438377261161804,0.18974918127059937,-0.35408854484558105,0.28640000000000465,0.14730000000000465,-0.1391
Clc1ccc(cc1)C1(N=C(N)N(C)C1=O)c1ccccc1,CN1C(=O)C(c2ccccc2)(c2ccccc2)N=C1N,aromatic_chloro,1188,0.1902601718902588,0.18977777659893036,-0.0004823952913284302,0.0004823952913284302,0.1902601718902588,0.18977777659893036,-0.0004823952913284302,2.3703000000000003,1.7169,-0.6534000000000002
S(=O)(=O)(N(C)c1cc(cc(OCCC([NH3+])(Cc2ccccc2)CO)c1)C(=O)NC(C)c1ccc(F)cc1)C,CC(NC(=O)c1cc(OCCC([NH3+])(CO)Cc2ccccc2)cc(N(C)S(C)(=O)=O)c1)c1ccccc1,fluoro_aromatic,1454,0.18963050842285156,0.22139979898929596,0.0317692905664444,0.0317692905664444,0.18963050842285156,0.22139979898929596,0.0317692905664444,2.6971000000000007,2.5580000000000007,-0.1391
S(=O)(=O)(N(C)c1cc(cc(OCCC([NH3+])(Cc2ccccc2)CO)c1)C(=O)NC(C)c1ccc(F)cc1)C,[H]C([NH3+])(CCOc1cc(C(=O)NC(C)c2ccc(F)cc2)cc(N(C)S(C)(=O)=O)c1)Cc1ccccc1,hydroxyl,1454,0.18933463096618652,0.19396036863327026,0.00462573766708374,0.00462573766708374,0.18933463096618652,0.19396036863327026,0.00462573766708374,2.6971000000000007,3.334600000000002,0.6375000000000011
S1(=O)CC(Cc2cc(OC(COC)C(F)(F)F)c(N)c(F)c2)C(O)C([NH2+]Cc2cn(nc2)CC(C)(C)C)C1,COCC(Oc1cc(CC2CS(=O)CC([NH2+]Cc3cnn(CC(C)(C)C)c3)C2O)ccc1N)C(F)(F)F,fluoro_aromatic,492,0.7304461598396301,0.7298681139945984,-0.0005780458450317383,0.0005780458450317383,0.7304461598396301,0.7298681139945984,-0.0005780458450317383,2.0207,1.8816000000000004,-0.13909999999999978
Clc1ccc(nc1)C(=O)Nc1cc(ccc1)C1(N=C(N)C[NH+](C1)C)C,C[NH+]1CC(N)=NC(C)(c2cccc(NC(=O)c3ccccn3)c2)C1,aromatic_chloro,583,0.19108648598194122,0.1893267035484314,-0.0017597824335098267,0.0017597824335098267,0.19108648598194122,0.1893267035484314,-0.0017597824335098267,1.0879999999999992,0.4346000000000001,-0.6533999999999991
Fc1cc(cc(F)c1)CC(NC(=O)c1cc(ccc1)C(=O)N(CCC)CCC)C(O)C1[NH2+]Cc2c(C1)cccc2,CCCN(CCC)C(=O)c1cccc(C(=O)NC(Cc2cccc(F)c2)C(O)C2Cc3ccccc3C[NH2+]2)c1,fluoro_aromatic,1100,0.7122082114219666,0.2907851040363312,-0.4214231073856354,0.4214231073856354,0.7122082114219666,0.2907851040363312,-0.4214231073856354,3.617300000000001,3.478200000000001,-0.1391
Fc1ccc(cc1C#C)CC(NC(=O)COC)C(O)C[NH2+]C1CC2(Oc3ncc(cc13)CC(C)(C)C)CCC2,C#Cc1cccc(CC(NC(=O)COC)C(O)C[NH2+]C2CC3(CCC3)Oc3ncc(CC(C)(C)C)cc32)c1,fluoro_aromatic,291,0.732169508934021,0.7277883887290955,-0.004381120204925537,0.004381120204925537,0.732169508934021,0.7277883887290955,-0.004381120204925537,2.8351000000000006,2.6960000000000006,-0.1391
Fc1ncccc1-c1cc(ccc1)[C@@]1([NH+]=C(N2C1=NCCC2)N)c1ccc(OC(F)(F)F)cc1,NC1=[NH+][C@@](c2ccc(OC(F)(F)F)cc2)(c2cccc(-c3cccnc3)c2)C2=NCCCN21,fluoro_aromatic,959,0.5726752877235413,0.18950112164020538,-0.3831741660833359,0.3831741660833359,0.5726752877235413,0.18950112164020538,-0.3831741660833359,2.543,2.4039,-0.1391
FC1(F)COC(=NC1(C)c1cc(NC(=O)c2ncc(cc2)C)ccc1F)N,Cc1ccc(C(=O)Nc2cccc(C3(C)N=C(N)OCC3(F)F)c2)nc1,fluoro_aromatic,760,0.19001881778240204,0.728277325630188,0.538258507847786,0.538258507847786,0.19001881778240204,0.728277325630188,0.538258507847786,2.976820000000001,2.83772,-0.1391000000000009
Fc1cc(cc(F)c1)CC(NC(=O)C)C(O)C[NH2+]C1(CCC(O)CC1)c1cc(ccc1)C(C)(C)C,CC(=O)NC(Cc1cccc(F)c1)C(O)C[NH2+]C1(c2cccc(C(C)(C)C)c2)CCC(O)CC1,fluoro_aromatic,510,0.1895909160375595,0.18943974375724792,-0.00015117228031158447,0.00015117228031158447,0.1895909160375595,0.18943974375724792,-0.00015117228031158447,3.0642000000000014,2.9251000000000014,-0.1391
s1cc(cc1C1([NH2+]CC(O)C(NC(=O)C)Cc2cc(F)cc(F)c2)CCCCC1)CC(C)(C)C,CC(=O)NC(Cc1cccc(F)c1)C(O)C[NH2+]C1(c2cc(CC(C)(C)C)cs2)CCCCC1,fluoro_aromatic,832,0.1895306259393692,0.1894625425338745,-6.808340549468994e-05,6.808340549468994e-05,0.1895306259393692,0.1894625425338745,-6.808340549468994e-05,4.446000000000004,4.306900000000004,-0.1391
Fc1cc(cnc1)-c1cc2c(CC(CC23N=C(OC3)N)(C)C)cc1,CC1(C)Cc2ccc(-c3cccnc3)cc2C2(COC(N)=N2)C1,fluoro_aromatic,1277,0.19004099071025848,0.18979431688785553,-0.0002466738224029541,0.0002466738224029541,0.19004099071025848,0.18979431688785553,-0.0002466738224029541,3.4003000000000014,3.2612000000000014,-0.1391
Fc1cc(cc(F)c1)CC(NC(=O)C)C(O)C[NH2+]C1(CC1)c1cc(c[n+]([O-])c1)CC(C)(C)C,CC(=O)NC(Cc1cccc(F)c1)C(O)C[NH2+]C1(c2cc(CC(C)(C)C)c[n+]([O-])c2)CC1,fluoro_aromatic,1039,0.18958064913749695,0.18978120386600494,0.0002005547285079956,0.0002005547285079956,0.18958064913749695,0.18978120386600494,0.0002005547285079956,1.8475999999999992,1.7085000000000004,-0.1390999999999989
S1(=O)(=O)N(CCCC1)c1cc(ccc1)C(=O)NC(Cc1cc(F)cc(F)c1)C(O)C[NH2+]Cc1cc(OC)ccc1,COc1cccc(C[NH2+]CC(O)C(Cc2cccc(F)c2)NC(=O)c2cccc(N3CCCCS3(=O)=O)c2)c1,fluoro_aromatic,729,0.5253221392631531,0.20931190252304077,-0.3160102367401123,0.3160102367401123,0.5253221392631531,0.20931190252304077,-0.3160102367401123,2.3690000000000007,2.2299000000000007,-0.1391
Clc1ccc(cc1)C1(CCCC1)c1nc(sc1)N,Nc1nc(C2(c3ccccc3)CCCC2)cs1,aromatic_chloro,1426,0.1898755580186844,0.18972299993038177,-0.0001525580883026123,0.0001525580883026123,0.1898755580186844,0.18972299993038177,-0.0001525580883026123,4.238800000000002,3.5854000000000017,-0.6534000000000004
Fc1ccc(cc1OCCF)[C@]1(N=C(N)N(C)C1=O)c1ccc(OC(F)F)cc1,CN1C(=O)[C@@](c2ccc(OC(F)F)cc2)(c2cccc(OCCF)c2)N=C1N,fluoro_aromatic,812,0.7303190231323242,0.18995657563209534,-0.5403624475002289,0.5403624475002289,0.7303190231323242,0.18995657563209534,-0.5403624475002289,2.8057000000000007,2.6666000000000016,-0.1390999999999991
Clc1cc2CC(N=C(NC(Cc3c(csc3CCC)-c3cn[nH]c3)C(=O)[O-])c2cc1)(C)C,CCCc1scc(-c2cn[nH]c2)c1CC(NC1=NC(C)(C)Cc2ccccc21)C(=O)[O-],aromatic_chloro,346,0.18960466980934143,0.18972092866897583,0.00011625885963439941,0.00011625885963439941,0.18960466980934143,0.18972092866897583,0.00011625885963439941,3.776200000000002,3.1228000000000016,-0.6534000000000004
Clc1cc2CC(N=C(NC(Cc3c(csc3CCC)-c3cn[nH]c3)C(=O)[O-])c2cc1)(C)C,[H]C(Cc1c(-c2cn[nH]c2)csc1CCC)NC1=NC(C)(C)Cc2cc(Cl)ccc21,carboxylic_acid,346,0.1895853728055954,0.18953770399093628,-4.766881465911865e-05,4.766881465911865e-05,0.1895853728055954,0.18953770399093628,-4.766881465911865e-05,3.776200000000002,5.657700000000005,1.8815000000000026
Fc1c2c(ccc1)C(N=C2N)(C=1C=C(C)C(=O)N(C=1)CC)c1cc(ccc1)-c1cc(cnc1)C#N,CCn1cc(C2(c3cccc(-c4cncc(C#N)c4)c3)N=C(N)c3ccccc32)cc(C)c1=O,fluoro_aromatic,348,0.7316216826438904,0.584162712097168,-0.1474589705467224,0.1474589705467224,0.7316216826438904,0.584162712097168,-0.1474589705467224,4.260200000000003,4.121100000000004,-0.1390999999999991
Fc1cc(cc(F)c1)CC(NC(=O)C)C(O)C[NH2+]C1(CC1)c1cc(N2C3CC(OC3)C2)ccc1,CC(=O)NC(Cc1cccc(F)c1)C(O)C[NH2+]C1(c2cccc(N3CC4CC3CO4)c2)CC1,fluoro_aromatic,1195,0.18964295089244843,0.18964749574661255,4.544854164123535e-06,4.544854164123535e-06,0.18964295089244843,0.18964749574661255,4.544854164123535e-06,1.6031000000000002,1.4640000000000004,-0.13909999999999978
Clc1cc2CC(N=C(NC(Cc3cscc3-c3cn(nc3)C)C(=O)[O-])c2cc1)(C)C,Cn1cc(-c2cscc2CC(NC2=NC(C)(C)Cc3ccccc32)C(=O)[O-])cn1,aromatic_chloro,1094,0.1895579993724823,0.18961714208126068,5.914270877838135e-05,5.914270877838135e-05,0.1895579993724823,0.18961714208126068,5.914270877838135e-05,2.8341000000000003,2.1807,-0.6534000000000004
Clc1cc2CC(N=C(NC(Cc3cscc3-c3cn(nc3)C)C(=O)[O-])c2cc1)(C)C,[H]C(Cc1cscc1-c1cnn(C)c1)NC1=NC(C)(C)Cc2cc(Cl)ccc21,carboxylic_acid,1094,0.18980394303798676,0.18961931765079498,-0.00018462538719177246,0.00018462538719177246,0.18980394303798676,0.18961931765079498,-0.00018462538719177246,2.8341000000000003,4.715600000000004,1.8815000000000035
S1(=O)(=O)CC(Cc2cc(CCC)c(N)c(F)c2)C(O)C([NH2+]Cc2cc(ccc2)C(C)(C)C)C1,CCCc1cc(CC2CS(=O)(=O)CC([NH2+]Cc3cccc(C(C)(C)C)c3)C2O)ccc1N,fluoro_aromatic,829,0.3307844400405884,0.561074435710907,0.2302899956703186,0.2302899956703186,0.3307844400405884,0.561074435710907,0.2302899956703186,2.738100000000002,2.599000000000001,-0.1391000000000009
Fc1cc(ccc1OC)C1(N=C(N)N(C)C1=O)c1cc(ccc1)-c1cccnc1,COc1ccc(C2(c3cccc(-c4cccnc4)c3)N=C(N)N(C)C2=O)cc1,fluoro_aromatic,660,0.7060897350311279,0.20213069021701813,-0.5039590448141098,0.5039590448141098,0.7060897350311279,0.20213069021701813,-0.5039590448141098,2.9266000000000014,2.7875000000000005,-0.1391000000000009
Fc1ccc(cc1C#CCOC)[C@]1(N=C(N)N(C)C1=O)c1cc(C)c(OC(F)F)cc1,COCC#Cc1cccc([C@@]2(c3ccc(OC(F)F)c(C)c3)N=C(N)N(C)C2=O)c1,fluoro_aromatic,410,0.7315783500671387,0.7300097942352295,-0.0015685558319091797,0.0015685558319091797,0.7315783500671387,0.7300097942352295,-0.0015685558319091797,2.763720000000001,2.624620000000001,-0.1391
Fc1cc(cc(F)c1)CC(NC(=O)C)C(O)C[NH2+]C1(CCCCC1)c1ncnc(c1)C(C)(C)C,CC(=O)NC(Cc1cccc(F)c1)C(O)C[NH2+]C1(c2cc(C(C)(C)C)ncn2)CCCCC1,fluoro_aromatic,1196,0.18948930501937866,0.18976204097270966,0.00027273595333099365,0.00027273595333099365,0.18948930501937866,0.18976204097270966,0.00027273595333099365,2.883400000000001,2.744300000000001,-0.1391
O=C1N(CC2CCC(CC2)C(=O)[O-])C(=NC1(C1CCCCC1)c1ccccc1)N,[H]C1CCC(CN2C(=O)C(c3ccccc3)(C3CCCCC3)N=C2N)CC1,carboxylic_acid,968,0.18971087038516998,0.18956032395362854,-0.00015054643154144287,0.00015054643154144287,0.18971087038516998,0.18956032395362854,-0.00015054643154144287,2.1754,4.1994000000000025,2.0240000000000027
O=C1N[C@@H](C[C@@H](CCCCCCCCC(=O)N(C)[C@H]1C)C)[C@H](O)C[NH2+]Cc1cc(ccc1)C(C)C,[H]C(C)N(C)C(=O)CCCCCCCC[C@@H](C)C[CH][C@H](O)C[NH2+]Cc1cccc(C(C)C)c1,amide,59,0.3357742726802826,0.6046767234802246,0.268902450799942,0.268902450799942,0.3357742726802826,0.6046767234802246,0.268902450799942,3.726600000000003,5.063890000000003,1.3372900000000003
S1(=O)CC(Cc2cc(OC(COC)C(F)(F)F)c(N)c(F)c2)C(O)C([NH2+]Cc2cc(OC(C)C)ccc2)C1,COCC(Oc1cc(CC2CS(=O)CC([NH2+]Cc3cccc(OC(C)C)c3)C2O)ccc1N)C(F)(F)F,fluoro_aromatic,752,0.7219203114509583,0.7268133759498596,0.004893064498901367,0.004893064498901367,0.7219203114509583,0.7268133759498596,0.004893064498901367,2.5653000000000006,2.4262000000000006,-0.1391
Clc1ccccc1-c1n(Cc2nc(N)ccc2)c(cc1)-c1ccc(Oc2cncnc2)cc1,Nc1cccc(Cn2c(-c3ccccc3)ccc2-c2ccc(Oc3cncnc3)cc2)n1,aromatic_chloro,100,0.18969465792179108,0.18967734277248383,-1.7315149307250977e-05,1.7315149307250977e-05,0.18969465792179108,0.18967734277248383,-1.7315149307250977e-05,6.083300000000003,5.4299000000000035,-0.6533999999999995
S(=O)(=O)(N(C)c1cc(cc(c1)COCC([NH3+])(Cc1ccccc1)CO)C(=O)NC(C)c1ccc(F)cc1)C,CC(NC(=O)c1cc(COCC([NH3+])(CO)Cc2ccccc2)cc(N(C)S(C)(=O)=O)c1)c1ccccc1,fluoro_aromatic,1126,0.1895800679922104,0.19676442444324493,0.007184356451034546,0.007184356451034546,0.1895800679922104,0.19676442444324493,0.007184356451034546,2.4448000000000008,2.3057000000000007,-0.1391
S(=O)(=O)(N(C)c1cc(cc(c1)COCC([NH3+])(Cc1ccccc1)CO)C(=O)NC(C)c1ccc(F)cc1)C,[H]C([NH3+])(COCc1cc(C(=O)NC(C)c2ccc(F)cc2)cc(N(C)S(C)(=O)=O)c1)Cc1ccccc1,hydroxyl,1126,0.18966804444789886,0.19020171463489532,0.00053367018699646,0.00053367018699646,0.18966804444789886,0.19020171463489532,0.00053367018699646,2.4448000000000008,3.082300000000002,0.6375000000000011
Clc1ccc(nc1)C(=O)Nc1cc(ccc1)[C@@]1(N=C(N)C(=O)N(C1)C)C,CN1C[C@](C)(c2cccc(NC(=O)c3ccccn3)c2)N=C(N)C1=O,aromatic_chloro,1412,0.19017694890499115,0.1898897886276245,-0.0002871602773666382,0.0002871602773666382,0.19017694890499115,0.1898897886276245,-0.0002871602773666382,2.031699999999999,1.3783,-0.6533999999999989
FC1(F)COC(=NC1(C)c1cc(NC(=O)c2ncc(OC)cc2)ccc1F)N,COc1ccc(C(=O)Nc2cccc(C3(C)N=C(N)OCC3(F)F)c2)nc1,fluoro_aromatic,668,0.5597469210624695,0.7288581132888794,0.1691111922264099,0.1691111922264099,0.5597469210624695,0.7288581132888794,0.1691111922264099,2.6770000000000005,2.5378999999999996,-0.1391000000000009
Clc1cc2nc(n(c2cc1)C(CC(=O)NCC[NH+]1CCOCC1)CC)N,CCC(CC(=O)NCC[NH+]1CCOCC1)n1c(N)nc2ccccc21,aromatic_chloro,1502,0.18961726129055023,0.18965314328670502,3.5881996154785156e-05,3.5881996154785156e-05,0.18961726129055023,0.18965314328670502,3.5881996154785156e-05,0.6444000000000009,-0.008999999999997788,-0.6533999999999986
Brc1cc2c(n(cc2)CC(=O)NC(=[NH2+])NCc2cc(Cl)c(NC(=O)C)c(Cl)c2)cc1,CC(=O)Nc1ccc(CNC(=[NH2+])NC(=O)Cn2ccc3cc(Br)ccc32)cc1Cl,aromatic_chloro,795,0.18929609656333923,0.20750904083251953,0.018212944269180298,0.018212944269180298,0.18929609656333923,0.20750904083251953,0.018212944269180298,2.690100000000001,2.0366999999999993,-0.6534000000000018
S1(=O)(=O)CC(Cc2cc(OC(C(F)(F)F)C(F)(F)F)c(N)c(F)c2)C(O)C([NH3+])C1,Nc1ccc(CC2CS(=O)(=O)CC([NH3+])C2O)cc1OC(C(F)(F)F)C(F)(F)F,fluoro_aromatic,1333,0.6421018242835999,0.19061379134655,-0.45148803293704987,0.45148803293704987,0.6421018242835999,0.19061379134655,-0.45148803293704987,0.8383999999999999,0.6993,-0.1390999999999999
FC(F)Oc1ccc(cc1)[C@@]1(N=C(N)N(C)C1=O)c1cc(ccc1)C#CCCCCO,[H]CCCC#Cc1cccc([C@@]2(c3ccc(OC(F)F)cc3)N=C(N)N(C)C2=O)c1,hydroxyl,377,0.7306632995605469,0.7237268090248108,-0.006936490535736084,0.006936490535736084,0.7306632995605469,0.7237268090248108,-0.006936490535736084,2.832400000000001,3.4699000000000018,0.6375000000000006
Fc1cc(cc(F)c1)C[C@H](NC(=O)C)[C@H](O)C[NH2+]C1(CC1)c1cc(-n2nccc2)ccc1,CC(=O)N[C@@H](Cc1cccc(F)c1)[C@H](O)C[NH2+]C1(c2cccc(-n3cccn3)c2)CC1,fluoro_aromatic,1082,0.18935701251029968,0.18932674825191498,-3.026425838470459e-05,3.026425838470459e-05,0.18935701251029968,0.18932674825191498,-3.026425838470459e-05,1.8112999999999997,1.6722000000000001,-0.13909999999999956
Clc1cc(Cl)cnc1C(=O)Nc1cc(C2(N=C(N)COC2)C)c(F)cc1,CC1(c2cc(NC(=O)c3ccc(Cl)cn3)ccc2F)COCC(N)=N1,aromatic_chloro,641,0.7313333749771118,0.1898881047964096,-0.5414452701807022,0.5414452701807022,0.7313333749771118,0.1898881047964096,-0.5414452701807022,3.3824000000000014,2.729000000000001,-0.6534000000000004
Clc1cc(Cl)cnc1C(=O)Nc1cc(C2(N=C(N)COC2)C)c(F)cc1,CC1(c2cccc(NC(=O)c3ncc(Cl)cc3Cl)c2)COCC(N)=N1,fluoro_aromatic,641,0.7314199805259705,0.1902817040681839,-0.5411382764577866,0.5411382764577866,0.7314199805259705,0.1902817040681839,-0.5411382764577866,3.3824000000000014,3.2433000000000014,-0.1391
Fc1cc(cc(F)c1)CC(NC(=O)C)C(O)C[NH2+]C1(CCC(=O)CC1)c1cc(ccc1)C(C)(C)C,CC(=O)NC(Cc1cccc(F)c1)C(O)C[NH2+]C1(c2cccc(C(C)(C)C)c2)CCC(=O)CC1,fluoro_aromatic,807,0.1908111274242401,0.18935838341712952,-0.0014527440071105957,0.0014527440071105957,0.1908111274242401,0.18935838341712952,-0.0014527440071105957,3.272400000000002,3.133300000000002,-0.1391
S(=O)(=O)(N(C)c1cc(cc(c1)C(=O)NC(C)c1ccc(F)cc1)-c1onc(n1)C([NH3+])(Cc1ccccc1)C)C,CC(NC(=O)c1cc(-c2nc(C(C)([NH3+])Cc3ccccc3)no2)cc(N(C)S(C)(=O)=O)c1)c1ccccc1,fluoro_aromatic,1165,0.24473659694194794,0.28921055793762207,0.04447396099567413,0.04447396099567413,0.24473659694194794,0.28921055793762207,0.04447396099567413,3.4623000000000026,3.3232000000000017,-0.1391000000000009
Fc1cc(cc(F)c1)CC(NC(=O)C)C(O)C[NH2+]C1(CC1)c1cc(ccc1)C1OCCC1,CC(=O)NC(Cc1cccc(F)c1)C(O)C[NH2+]C1(c2cccc(C3CCCO3)c2)CC1,fluoro_aromatic,1015,0.18980419635772705,0.18935748934745789,-0.00044670701026916504,0.00044670701026916504,0.18980419635772705,0.18935748934745789,-0.00044670701026916504,2.4771,2.338,-0.1391
S1(=O)(=O)N(C2(CC([NH+](CC2)Cc2cc(OC(C)C)ccc2)C)CN1c1occn1)c1cc(F)ccc1,CC(C)Oc1cccc(C[NH+]2CCC3(CC2C)CN(c2ncco2)S(=O)(=O)N3c2ccccc2)c1,fluoro_aromatic,1157,0.18964937329292297,0.18995028734207153,0.00030091404914855957,0.00030091404914855957,0.18964937329292297,0.18995028734207153,0.00030091404914855957,3.1785000000000014,3.0394000000000014,-0.1391
S1(=O)CC(Cc2cc(OC(COC)C(F)(F)F)c(N)c(F)c2)C(O)C([NH2+]Cc2cc(ccc2)C(CO)(C)C)C1,COCC(Oc1cc(CC2CS(=O)CC([NH2+]Cc3cccc(C(C)(C)CO)c3)C2O)ccc1N)C(F)(F)F,fluoro_aromatic,405,0.649100124835968,0.7285515666007996,0.07945144176483154,0.07945144176483154,0.649100124835968,0.7285515666007996,0.07945144176483154,2.048,1.9089000000000007,-0.13909999999999934
Clc1ccccc1-c1n(Cc2nc(N)ccc2)c(cc1)-c1ccc(Nc2cncnc2)cc1,Nc1cccc(Cn2c(-c3ccccc3)ccc2-c2ccc(Nc3cncnc3)cc2)n1,aromatic_chloro,1081,0.1896948218345642,0.18985715508460999,0.00016233325004577637,0.00016233325004577637,0.1896948218345642,0.18985715508460999,0.00016233325004577637,6.034600000000004,5.381200000000003,-0.6534000000000004
S(=O)(=O)(N(C)c1cc(cc(c1)COCC([NH3+])(Cc1ccccc1)CF)C(=O)NC(C)c1ccc(F)cc1)C,CC(NC(=O)c1cc(COCC([NH3+])(CF)Cc2ccccc2)cc(N(C)S(C)(=O)=O)c1)c1ccccc1,fluoro_aromatic,1085,0.18941354751586914,0.3190838098526001,0.12967026233673096,0.12967026233673096,0.18941354751586914,0.3190838098526001,0.12967026233673096,3.4220000000000024,3.2829000000000015,-0.1391000000000009
S1(=O)(=O)CC(Cc2cc(OC3CCC3)c(N)c(F)c2)C(O)C([NH2+]Cc2cc(ccc2)C(C)(C)C)C1,CC(C)(C)c1cccc(C[NH2+]C2CS(=O)(=O)CC(Cc3ccc(N)c(OC4CCC4)c3)C2O)c1,fluoro_aromatic,397,0.7242549657821655,0.195759117603302,-0.5284958481788635,0.5284958481788635,0.7242549657821655,0.195759117603302,-0.5284958481788635,2.7169000000000016,2.5778000000000008,-0.1391000000000009
Fc1cc(cc(F)c1)C[C@H](NC(=O)C)[C@H](O)C[NH2+]C1(CC1)c1cc(ccc1)C(C(F)(F)F)=C,C=C(c1cccc(C2([NH2+]C[C@@H](O)[C@H](Cc3cccc(F)c3)NC(C)=O)CC2)c1)C(F)(F)F,fluoro_aromatic,1121,0.18952640891075134,0.19022667407989502,0.0007002651691436768,0.0007002651691436768,0.18952640891075134,0.19022667407989502,0.0007002651691436768,3.201100000000001,3.062000000000001,-0.1391
Fc1c2c(ccc1)C(N=C2N)(c1cc(nc(c1)C)C)c1cc(ccc1)-c1cncnc1,Cc1cc(C2(c3cccc(-c4cncnc4)c3)N=C(N)c3ccccc32)cc(C)n1,fluoro_aromatic,1128,0.6902770400047302,0.18973170220851898,-0.5005453377962112,0.5005453377962112,0.6902770400047302,0.18973170220851898,-0.5005453377962112,4.305340000000002,4.166240000000003,-0.1390999999999991
O1c2c(cc(cc2)CC)[C@@H]([NH2+]C[C@@H](O)[C@H]2NC(=O)C=3C=CC(=O)N(CCCCc4cc(C2)ccc4)C=3)CC12CCC2,[H]c1ccc(=O)n(CCCCc2cccc(C[CH][C@H](O)C[NH2+][C@H]3CC4(CCC4)Oc4ccc(CC)cc43)c2)c1,amide,8,0.7298200130462646,0.26155805587768555,-0.4682619571685791,0.4682619571685791,0.7298200130462646,0.26155805587768555,-0.4682619571685791,3.4589000000000025,4.551190000000004,1.092290000000001
Fc1cc(cc(F)c1)CN1C(=O)C(N=C1N)(C1CCCCC1)c1ccccc1,NC1=NC(c2ccccc2)(C2CCCCC2)C(=O)N1Cc1cccc(F)c1,fluoro_aromatic,1093,0.18934984505176544,0.18947818875312805,0.00012834370136260986,0.00012834370136260986,0.18934984505176544,0.18947818875312805,0.00012834370136260986,4.097500000000004,3.958400000000003,-0.1391000000000009
Ic1cc(ccc1)C1([NH2+]CC(O)C(NC(=O)C)Cc2cc(F)cc(F)c2)CCCCC1,CC(=O)NC(Cc1cccc(F)c1)C(O)C[NH2+]C1(c2cccc(I)c2)CCCCC1,fluoro_aromatic,988,0.1896635740995407,0.18974681198596954,8.323788642883301e-05,8.323788642883301e-05,0.1896635740995407,0.18974681198596954,8.323788642883301e-05,3.400500000000002,3.261400000000002,-0.1391
Fc1c2c(ccc1)C(N=C2N)(c1cc(ccc1)-c1cncnc1)c1ccncc1,NC1=NC(c2ccncc2)(c2cccc(-c3cncnc3)c2)c2ccccc21,fluoro_aromatic,820,0.11304611712694168,0.1110784113407135,-0.00196770578622818,0.00196770578622818,0.11304611712694168,0.1110784113407135,-0.00196770578622818,3.6885000000000012,3.549400000000002,-0.1390999999999991
Fc1ccc(cc1C#N)CC(NC(=O)C)C(O)C[NH2+]C1CC2(Oc3ncc(cc13)CC(C)(C)C)CCC2,CC(=O)NC(Cc1cccc(C#N)c1)C(O)C[NH2+]C1CC2(CCC2)Oc2ncc(CC(C)(C)C)cc21,fluoro_aromatic,268,0.8478676080703735,0.8483923077583313,0.0005246996879577637,0.0005246996879577637,0.8478676080703735,0.8483923077583313,0.0005246996879577637,3.098980000000001,2.959880000000001,-0.1391
Clc1cc(cnc1)-c1cc2c(CC(CC23N=C(N)N(C)C3=O)(C)C)cc1,CN1C(=O)C2(CC(C)(C)Cc3ccc(-c4cccnc4)cc32)N=C1N,aromatic_chloro,569,0.8462265133857727,0.1110970750451088,-0.7351294383406639,0.7351294383406639,0.8462265133857727,0.1110970750451088,-0.7351294383406639,3.3564000000000025,2.703000000000001,-0.6534000000000013
Fc1cc(cc(F)c1)C[C@H](NC(=O)C)[C@H](O)C[NH2+]C1(CC1)c1cc(ccc1)C(C(F)(F)F)=C,C=C(c1cccc(C2([NH2+]C[C@@H](O)[C@H](Cc3cccc(F)c3)NC(C)=O)CC2)c1)C(F)(F)F,fluoro_aromatic,1121,0.11250005662441254,0.11209038645029068,-0.0004096701741218567,0.0004096701741218567,0.11250005662441254,0.11209038645029068,-0.0004096701741218567,3.201100000000001,3.062000000000001,-0.1391
Fc1ncccc1-c1cc(ccc1)C1(N=C(N)N(C)C1=O)c1ccc(OC(F)(F)F)cc1,CN1C(=O)C(c2ccc(OC(F)(F)F)cc2)(c2cccc(-c3cccnc3)c2)N=C1N,fluoro_aromatic,687,0.8474465608596802,0.11117330938577652,-0.7362732514739037,0.7362732514739037,0.8474465608596802,0.11117330938577652,-0.7362732514739037,3.816600000000002,3.677500000000002,-0.1391
Fc1cc(ccc1)-c1cc(ccc1)C1(N=C(N)N(C)C1=O)c1ccncc1,CN1C(=O)C(c2ccncc2)(c2cccc(-c3ccccc3)c2)N=C1N,fluoro_aromatic,661,0.7167069911956787,0.11190365999937057,-0.6048033311963081,0.6048033311963081,0.7167069911956787,0.11190365999937057,-0.6048033311963081,2.918000000000002,2.778900000000001,-0.1391000000000009
s1cc(cc1C(C)C)C1([NH2+]CC(O)C(NC(=O)C)Cc2cc(F)cc(F)c2)CCCCC1,CC(=O)NC(Cc1cccc(F)c1)C(O)C[NH2+]C1(c2csc(C(C)C)c2)CCCCC1,fluoro_aromatic,942,0.11241511255502701,0.11232031881809235,-9.479373693466187e-05,9.479373693466187e-05,0.11241511255502701,0.11232031881809235,-9.479373693466187e-05,3.980800000000003,3.841700000000002,-0.1391000000000009
S(=O)(=O)(N(C)c1cc(cc(c1)C(OCC([NH2+]C)(Cc1ccccc1)CO)=O)C(=O)NC(C)c1ccc(F)cc1)C,[H]C(COC(=O)c1cc(C(=O)NC(C)c2ccc(F)cc2)cc(N(C)S(C)(=O)=O)c1)(Cc1ccccc1)[NH2+]C,hydroxyl,1463,0.11195670813322067,0.11245603114366531,0.0004993230104446411,0.0004993230104446411,0.11195670813322067,0.11245603114366531,0.0004993230104446411,2.0363000000000007,2.6738000000000017,0.6375000000000011
Fc1cc(cc(F)c1)C[C@H](NC(=O)C)[C@H](O)C[NH2+]C1(CCOCC1)c1cc(-n2nccc2)ccc1,CC(=O)N[C@@H](Cc1cccc(F)c1)[C@H](O)C[NH2+]C1(c2cccc(-n3cccn3)c2)CCOCC1,fluoro_aromatic,802,0.11232816427946091,0.11135583370923996,-0.0009723305702209473,0.0009723305702209473,0.11232816427946091,0.11135583370923996,-0.0009723305702209473,1.8279000000000005,1.6888000000000003,-0.13910000000000022
Fc1cc(cc(F)c1)CC(NC(=O)C)C(O)C[NH2+]C1(CCCCC1)c1cc(ccc1)CC,CCc1cccc(C2([NH2+]CC(O)C(Cc3cccc(F)c3)NC(C)=O)CCCCC2)c1,fluoro_aromatic,1034,0.11252310127019882,0.11177356541156769,-0.000749535858631134,0.000749535858631134,0.11252310127019882,0.11177356541156769,-0.000749535858631134,3.3583000000000016,3.2192000000000007,-0.1391000000000009
S1(=O)(=O)N(C2(CC([NH+](CC2)Cc2cc(OC(C)C)ccc2)C)CN1C(C)C)c1cc(F)ccc1,CC(C)Oc1cccc(C[NH+]2CCC3(CC2C)CN(C(C)C)S(=O)(=O)N3c2ccccc2)c1,fluoro_aromatic,1191,0.11178238689899445,0.11840519309043884,0.006622806191444397,0.006622806191444397,0.11178238689899445,0.11840519309043884,0.006622806191444397,3.394300000000002,3.255200000000002,-0.1391
Fc1cc(cc(F)c1)CC(NC(=O)C)C(O)C[NH2+]C1(CCc2nc(ncc2C1)N)c1cc(ccc1)C(C)(C)C,CC(=O)NC(Cc1cccc(F)c1)C(O)C[NH2+]C1(c2cccc(C(C)(C)C)c2)CCc2nc(N)ncc2C1,fluoro_aromatic,417,0.6228571534156799,0.8471954464912415,0.22433829307556152,0.22433829307556152,0.6228571534156799,0.8471954464912415,0.22433829307556152,2.6904000000000012,2.5513000000000012,-0.1391
FC(F)Oc1ccc(cc1)[C@@]1(N=C(N)N(C)C1=O)c1cc(ccc1)C#CCCO,[H]CC#Cc1cccc([C@@]2(c3ccc(OC(F)F)cc3)N=C(N)N(C)C2=O)c1,hydroxyl,376,0.8486796617507935,0.5776947736740112,-0.2709848880767822,0.2709848880767822,0.8486796617507935,0.5776947736740112,-0.2709848880767822,2.0521999999999996,2.689700000000001,0.6375000000000015
Clc1cc2nc(n(c2cc1)C(CC(=O)NCC1CCOCC1)CC)N,CCC(CC(=O)NCC1CCOCC1)n1c(N)nc2ccccc21,aromatic_chloro,1508,0.11250434070825577,0.1110524982213974,-0.001451842486858368,0.001451842486858368,0.11250434070825577,0.1110524982213974,-0.001451842486858368,3.155900000000001,2.5025,-0.6534000000000009
Clc1cc(cc(Cl)c1)-c1cc2c(OC(CC23N=C(N)N(C)C3=O)(C)C)cc1,CN1C(=O)C2(CC(C)(C)Oc3ccc(-c4cccc(Cl)c4)cc32)N=C1N,aromatic_chloro,540,0.8479957580566406,0.11167885363101959,-0.736316904425621,0.736316904425621,0.8479957580566406,0.11167885363101959,-0.736316904425621,4.203500000000004,3.5501000000000023,-0.6534000000000013
Fc1ccc(cc1-c1cncnc1)[C@@]1(N=C(N)N(C)C1=O)c1ccc(OC(F)(F)F)cc1,CN1C(=O)[C@](c2ccc(OC(F)(F)F)cc2)(c2cccc(-c3cncnc3)c2)N=C1N,fluoro_aromatic,1130,0.8462426662445068,0.11135861277580261,-0.7348840534687042,0.7348840534687042,0.8462426662445068,0.11135861277580261,-0.7348840534687042,3.2116000000000007,3.0725000000000007,-0.1391
Fc1cc(cc(c1)C(C)(C)C)C1([NH2+]CC(O)C(NC(=O)C)Cc2cc(F)cc(F)c2)CCCCC1,CC(=O)NC(Cc1cc(F)cc(F)c1)C(O)C[NH2+]C1(c2cccc(C(C)(C)C)c2)CCCCC1,fluoro_aromatic,642,0.11242865771055222,0.1266999989748001,0.014271341264247894,0.014271341264247894,0.11242865771055222,0.1266999989748001,0.014271341264247894,4.2325000000000035,4.093400000000003,-0.1391000000000009
Fc1ccc(cc1OCCF)[C@]1(N=C(N)N(C)C1=O)c1ccc(OC(F)F)cc1,CN1C(=O)[C@@](c2ccc(OC(F)F)cc2)(c2cccc(OCCF)c2)N=C1N,fluoro_aromatic,812,0.8479896783828735,0.11147348582744598,-0.7365161925554276,0.7365161925554276,0.8479896783828735,0.11147348582744598,-0.7365161925554276,2.8057000000000007,2.6666000000000016,-0.1390999999999991
Fc1cc(cc(F)c1)CC(NC(=O)C)C(O)C[NH2+]C1(CCOC1)c1cc(-n2nccc2)ccc1,CC(=O)NC(Cc1cccc(F)c1)C(O)C[NH2+]C1(c2cccc(-n3cccn3)c2)CCOC1,fluoro_aromatic,1194,0.11266903579235077,0.1115521788597107,-0.0011168569326400757,0.0011168569326400757,0.11266903579235077,0.1115521788597107,-0.0011168569326400757,1.4378000000000009,1.2987000000000006,-0.13910000000000022
Fc1cc(ccc1OC)CC(NC(=O)C)C(O)C[NH2+]C1CC2(Oc3ncc(cc13)CC(C)(C)C)CCC2,COc1ccc(CC(NC(C)=O)C(O)C[NH2+]C2CC3(CCC3)Oc3ncc(CC(C)(C)C)cc32)cc1,fluoro_aromatic,289,0.8481742739677429,0.8482710719108582,9.679794311523438e-05,9.679794311523438e-05,0.8481742739677429,0.8482710719108582,9.679794311523438e-05,3.2359000000000018,3.096800000000001,-0.1391000000000009
Clc1cc(ccc1)-c1cc(ccc1)C1(N=C(OC1)N)c1ccc(OC)cc1,COc1ccc(C2(c3cccc(-c4ccccc4)c3)COC(N)=N2)cc1,aromatic_chloro,1182,0.11149029433727264,0.1124006137251854,0.0009103193879127502,0.0009103193879127502,0.11149029433727264,0.1124006137251854,0.0009103193879127502,4.604100000000003,3.950700000000002,-0.6534000000000013
Clc1cc(ccc1)-c1cc2c(OC(C[C@@]23N=C(N)N(C)C3=O)(C)C)cc1,CN1C(=O)[C@]2(CC(C)(C)Oc3ccc(-c4ccccc4)cc32)N=C1N,aromatic_chloro,54,0.401136577129364,0.11226377636194229,-0.2888728007674217,0.2888728007674217,0.401136577129364,0.11226377636194229,-0.2888728007674217,3.5501000000000023,2.896700000000001,-0.6534000000000013
S1(=O)(=O)CC(Cc2cc(OCCC)c(N)c(F)c2)C(O)C([NH2+]Cc2cc(ccc2)C(C)(C)C)C1,CCCOc1cc(CC2CS(=O)(=O)CC([NH2+]Cc3cccc(C(C)(C)C)c3)C2O)ccc1N,fluoro_aromatic,676,0.8475099802017212,0.15848493576049805,-0.6890250444412231,0.6890250444412231,0.8475099802017212,0.15848493576049805,-0.6890250444412231,2.5744000000000016,2.4353000000000007,-0.1391000000000009
Clc1cc(C[NH+]2CCC(NC(=O)COc3ccc(S(=O)(=O)N)cc3C)CC2)c(OC(C)C)c(OC)c1,COc1cccc(C[NH+]2CCC(NC(=O)COc3ccc(S(N)(=O)=O)cc3C)CC2)c1OC(C)C,aromatic_chloro,242,0.8472644686698914,0.8471463322639465,-0.00011813640594482422,0.00011813640594482422,0.8472644686698914,0.8471463322639465,-0.00011813640594482422,1.8341200000000009,1.180720000000002,-0.6533999999999989
Clc1cc(C[NH+]2CCC(NC(=O)COc3ccc(S(=O)(=O)N)cc3C)CC2)c(OC(C)C)c(OC)c1,[H]c1ccc(OCC(=O)NC2CC[NH+](Cc3cc(Cl)cc(OC)c3OC(C)C)CC2)c(C)c1,sulfonamide,242,0.8476027250289917,0.8479645252227783,0.0003618001937866211,0.0003618001937866211,0.8476027250289917,0.8479645252227783,0.0003618001937866211,1.8341200000000009,3.186720000000001,1.3526000000000002
Fc1ccc(NC(=O)c2ncc(cc2)C#N)cc1[C@]1(N=C(OCC1(F)F)N)CF,N#Cc1ccc(C(=O)Nc2cccc([C@@]3(CF)N=C(N)OCC3(F)F)c2)nc1,fluoro_aromatic,76,0.8481621742248535,0.8482001423835754,3.796815872192383e-05,3.796815872192383e-05,0.8481621742248535,0.8482001423835754,3.796815872192383e-05,2.489680000000001,2.350580000000001,-0.1391
Fc1cc(cc(F)c1)CC(NC(=O)C)C(O)C[NH2+]C1(CCC(NOC)CC1)c1cc(ccc1)C(C)(C)C,CONC1CCC([NH2+]CC(O)C(Cc2cccc(F)c2)NC(C)=O)(c2cccc(C(C)(C)C)c2)CC1,fluoro_aromatic,786,0.11162592470645905,0.11262442916631699,0.0009985044598579407,0.0009985044598579407,0.11162592470645905,0.11262442916631699,0.0009985044598579407,3.2229000000000028,3.083800000000002,-0.1391000000000009
Fc1cc(cc(F)c1)CC(NC(=O)C)C(O)C[NH2+]C1(CCCCC1)c1cc(cc(O)c1)C(C)(C)C,CC(=O)NC(Cc1cccc(F)c1)C(O)C[NH2+]C1(c2cc(O)cc(C(C)(C)C)c2)CCCCC1,fluoro_aromatic,862,0.11196940392255783,0.11387142539024353,0.0019020214676856995,0.0019020214676856995,0.11196940392255783,0.11387142539024353,0.0019020214676856995,3.799000000000002,3.659900000000002,-0.1391
Fc1c2c(ccc1)C(N=C2N)(c1cc(ccc1)-c1cncnc1)c1ccc(OC)cc1,COc1ccc(C2(c3cccc(-c4cncnc4)c3)N=C(N)c3ccccc32)cc1,fluoro_aromatic,834,0.11549586802721024,0.11125511676073074,-0.004240751266479492,0.004240751266479492,0.11549586802721024,0.11125511676073074,-0.004240751266479492,4.302100000000002,4.163000000000003,-0.1390999999999991
Fc1cc(cc(F)c1)CC(NC(=O)C)C(O)C[NH2+]C1(CCCCC1)c1cc(ccc1)/C(=C/C)/C,C/C=C(\C)c1cccc(C2([NH2+]CC(O)C(Cc3cccc(F)c3)NC(C)=O)CCCCC2)c1,fluoro_aromatic,967,0.11216036230325699,0.11187740415334702,-0.00028295814990997314,0.00028295814990997314,0.11216036230325699,0.11187740415334702,-0.00028295814990997314,4.219100000000004,4.080000000000003,-0.1391000000000009
Fc1ncccc1-c1cc(ccc1)C1(N=C(N2C1=NOCC2)N)c1ccc(OC(F)(F)F)cc1,NC1=NC(c2ccc(OC(F)(F)F)cc2)(c2cccc(-c3cccnc3)c2)C2=NOCCN12,fluoro_aromatic,547,0.8031710982322693,0.1112523078918457,-0.6919187903404236,0.6919187903404236,0.8031710982322693,0.1112523078918457,-0.6919187903404236,4.003900000000002,3.8648000000000016,-0.1391
S(=O)(=O)(N(C)c1cc(cc(c1)C(=O)NC(C)c1ccc(F)cc1)-c1nc([nH]n1)C([NH3+])(Cc1ccccc1)C)C,CC(NC(=O)c1cc(-c2n[nH]c(C(C)([NH3+])Cc3ccccc3)n2)cc(N(C)S(C)(=O)=O)c1)c1ccccc1,fluoro_aromatic,1061,0.12157357484102249,0.13822346925735474,0.016649894416332245,0.016649894416332245,0.12157357484102249,0.13822346925735474,0.016649894416332245,3.197400000000002,3.058300000000001,-0.1391000000000009
Fc1ccc(cc1C#CCOC)[C@]1(N=C(N)N(C)C1=O)c1ccc(OC(F)F)cc1,COCC#Cc1cccc([C@@]2(c3ccc(OC(F)F)cc3)N=C(N)N(C)C2=O)c1,fluoro_aromatic,402,0.8486276268959045,0.8284791111946106,-0.020148515701293945,0.020148515701293945,0.8486276268959045,0.8284791111946106,-0.020148515701293945,2.4553000000000003,2.3162000000000003,-0.1391
Fc1cc(cc(F)c1)CC(NC(=O)c1cc(cc(c1)C)C(=O)N1CCCC1COC)C(O)C1[NH2+]CC(Oc2ccccc2)C1,COCC1CCCN1C(=O)c1cc(C)cc(C(=O)NC(Cc2cccc(F)c2)C(O)C2CC(Oc3ccccc3)C[NH2+]2)c1,fluoro_aromatic,207,0.8484197854995728,0.848208487033844,-0.00021129846572875977,0.00021129846572875977,0.8484197854995728,0.848208487033844,-0.00021129846572875977,3.009520000000002,2.870420000000001,-0.1391000000000009
Fc1ncccc1-c1cc(ccc1)[C@]1([NH+]=C(N2C1=NCCCCC2)N)c1ccc(OC(F)(F)F)cc1,NC1=[NH+][C@](c2ccc(OC(F)(F)F)cc2)(c2cccc(-c3cccnc3)c2)C2=NCCCCCN21,fluoro_aromatic,824,0.8378109931945801,0.11108803749084473,-0.7267229557037354,0.7267229557037354,0.8378109931945801,0.11108803749084473,-0.7267229557037354,3.323200000000001,3.184100000000001,-0.1391
s1cc(nc1C1([NH2+]CC(O)C(NC(=O)C)Cc2cc(F)cc(F)c2)CC1)CC(C)(C)C,CC(=O)NC(Cc1cccc(F)c1)C(O)C[NH2+]C1(c2nc(CC(C)(C)C)cs2)CC1,fluoro_aromatic,1315,0.11180183291435242,0.13769163191318512,0.025889798998832703,0.025889798998832703,0.11180183291435242,0.13769163191318512,0.025889798998832703,2.6707,2.5316,-0.1391
Fc1ccc(cc1)C1(N=C(C)C(=N1)N)c1cc(ccc1)-c1cccnc1,CC1=NC(c2ccccc2)(c2cccc(-c3cccnc3)c2)N=C1N,fluoro_aromatic,996,0.11947479099035263,0.11166452616453171,-0.007810264825820923,0.007810264825820923,0.11947479099035263,0.11166452616453171,-0.007810264825820923,3.9205000000000023,3.7814000000000014,-0.1391000000000009
Clc1cc(C)c(nc1)C(=O)Nc1cc(C2(N=C(OCC2(F)F)N)C)c(F)cc1,Cc1cccnc1C(=O)Nc1ccc(F)c(C2(C)N=C(N)OCC2(F)F)c1,aromatic_chloro,441,0.8479921221733093,0.8485997319221497,0.000607609748840332,0.000607609748840332,0.8479921221733093,0.8485997319221497,0.000607609748840332,3.6302200000000013,2.976820000000001,-0.6534000000000004
Clc1cc(C)c(nc1)C(=O)Nc1cc(C2(N=C(OCC2(F)F)N)C)c(F)cc1,Cc1cc(Cl)cnc1C(=O)Nc1cccc(C2(C)N=C(N)OCC2(F)F)c1,fluoro_aromatic,441,0.8480087518692017,0.8485210537910461,0.0005123019218444824,0.0005123019218444824,0.8480087518692017,0.8485210537910461,0.0005123019218444824,3.6302200000000013,3.4911200000000013,-0.1391
Clc1ccccc1-c1n(Cc2nc(N)ccc2)c(cc1)-c1ccc(OCCCC#N)cc1,N#CCCCOc1ccc(-c2ccc(-c3ccccc3)n2Cc2cccc(N)n2)cc1,aromatic_chloro,125,0.11239544302225113,0.1793307065963745,0.06693526357412338,0.06693526357412338,0.11239544302225113,0.1793307065963745,0.06693526357412338,6.183580000000004,5.530180000000004,-0.6533999999999995
Clc1ccccc1-c1n(Cc2nc(N)ccc2)c(cc1)-c1ccc(Oc2sccn2)cc1,Nc1cccc(Cn2c(-c3ccccc3)ccc2-c2ccc(Oc3nccs3)cc2)n1,aromatic_chloro,926,0.1110871434211731,0.11112841963768005,4.127621650695801e-05,4.127621650695801e-05,0.1110871434211731,0.11112841963768005,4.127621650695801e-05,6.749800000000003,6.096400000000004,-0.6533999999999995
Fc1ccc(NC(=O)c2ncc(cc2)C#N)cc1[C@]1(N=C(OCC1(F)F)N)C,C[C@]1(c2cccc(NC(=O)c3ccc(C#N)cn3)c2)N=C(N)OCC1(F)F,fluoro_aromatic,53,0.8435925245285034,0.8137439489364624,-0.029848575592041016,0.029848575592041016,0.8435925245285034,0.8137439489364624,-0.029848575592041016,2.5400800000000006,2.4009800000000006,-0.1391
Fc1cc(cc(F)c1)CC(NC(=O)C)C(O)C[NH2+]C1(CCCCC1)c1cc(N2CCCCC2=O)ccc1,CC(=O)NC(Cc1cccc(F)c1)C(O)C[NH2+]C1(c2cccc(N3CCCCC3=O)c2)CCCCC1,fluoro_aromatic,913,0.11210206151008606,0.12188027799129486,0.009778216481208801,0.009778216481208801,0.11210206151008606,0.12188027799129486,0.009778216481208801,3.312800000000001,3.173700000000001,-0.1391
Fc1c(cccc1F)-c1cc(ccc1)C1(N=C(N)N(C)C1=O)c1ccncc1,CN1C(=O)C(c2ccncc2)(c2cccc(-c3cccc(F)c3)c2)N=C1N,fluoro_aromatic,615,0.8379414677619934,0.1116284430027008,-0.7263130247592926,0.7263130247592926,0.8379414677619934,0.1116284430027008,-0.7263130247592926,3.057100000000003,2.918000000000003,-0.1391
Fc1cc(cc(F)c1)CC(NC(=O)C)C(O)C[NH2+]C1(CC[NH2+]CC1)c1cc(ccc1)C(C)(C)C,CC(=O)NC(Cc1cccc(F)c1)C(O)C[NH2+]C1(c2cccc(C(C)(C)C)c2)CC[NH2+]CC1,fluoro_aromatic,1261,0.11178453266620636,0.11377039551734924,0.0019858628511428833,0.0019858628511428833,0.11178453266620636,0.11377039551734924,0.0019858628511428833,1.4865000000000017,1.347400000000002,-0.13909999999999978
Fc1ncccc1-c1cc(ccc1)[C@]1([NH+]=C(N2C1=NCCC2)N)c1cc2OCCOc2cc1,NC1=[NH+][C@@](c2cccc(-c3cccnc3)c2)(c2ccc3c(c2)OCCO3)C2=NCCCN21,fluoro_aromatic,876,0.11180321872234344,0.11105871945619583,-0.0007444992661476135,0.0007444992661476135,0.11180321872234344,0.11105871945619583,-0.0007444992661476135,1.4155999999999997,1.2764999999999995,-0.13910000000000022
S(=O)(=O)(N(C)c1cc(cc(c1)C[NH2+]CC([NH3+])(Cc1ccccc1)CO)C(=O)NC(C)c1ccc(F)cc1)C,[H]C([NH3+])(C[NH2+]Cc1cc(C(=O)NC(C)c2ccc(F)cc2)cc(N(C)S(C)(=O)=O)c1)Cc1ccccc1,hydroxyl,1338,0.809395432472229,0.5620921850204468,-0.24730324745178223,0.24730324745178223,0.809395432472229,0.5620921850204468,-0.24730324745178223,0.9916000000000031,1.6291000000000029,0.6374999999999997
S1(=O)CC(Cc2cc(OC(COC)C(F)(F)F)c(N)c(F)c2)C(O)C([NH2+]Cc2cc(ccc2)C(C)C)C1,COCC(Oc1cc(CC2CS(=O)CC([NH2+]Cc3cccc(C(C)C)c3)C2O)ccc1N)C(F)(F)F,fluoro_aromatic,448,0.8485345244407654,0.7839706540107727,-0.06456387042999268,0.06456387042999268,0.8485345244407654,0.7839706540107727,-0.06456387042999268,2.9015000000000013,2.7624000000000013,-0.1391
S(=O)(=O)(N(C)c1cc(cc(c1)C(OCC(O)(Cc1ccccc1)C[NH3+])=O)C(=O)NC(C)c1ccc(F)cc1)C,CC(NC(=O)c1cc(C(=O)OCC(O)(C[NH3+])Cc2ccccc2)cc(N(C)S(C)(=O)=O)c1)c1ccccc1,fluoro_aromatic,1383,0.11182582378387451,0.1136496514081955,0.0018238276243209839,0.0018238276243209839,0.11182582378387451,0.1136496514081955,0.0018238276243209839,2.085,1.9459000000000006,-0.13909999999999934
Fc1cc(cc(F)c1)CC(NC(=O)C)C(O)C[NH2+]C1(CCC(=O)NC1)c1cc(ccc1)C(C)(C)C,CC(=O)NC(Cc1cccc(F)c1)C(O)C[NH2+]C1(c2cccc(C(C)(C)C)c2)CCC(=O)NC1,fluoro_aromatic,645,0.11225512623786926,0.11236367374658585,0.00010854750871658325,0.00010854750871658325,0.11225512623786926,0.11236367374658585,0.00010854750871658325,2.039300000000001,1.9002000000000014,-0.13909999999999934
S1(=O)(=O)CC(Cc2cc(F)c3NCC4(CCC4)c3c2)C(O)C([NH2+]Cc2cc(ccc2)C(C)(C)C)C1,CC(C)(C)c1cccc(C[NH2+]C2CS(=O)(=O)CC(Cc3ccc4c(c3)C3(CCC3)CN4)C2O)c1,fluoro_aromatic,1011,0.847564160823822,0.7827181220054626,-0.06484603881835938,0.06484603881835938,0.847564160823822,0.7827181220054626,-0.06484603881835938,3.050600000000001,2.911500000000002,-0.1390999999999991
Brc1cc2n(ccc2cc1)CC(=O)NC(=[NH2+])NCc1cc(Cl)c(NC(=O)C)c(Cl)c1,CC(=O)Nc1ccc(CNC(=[NH2+])NC(=O)Cn2ccc3ccc(Br)cc32)cc1Cl,aromatic_chloro,741,0.11123166233301163,0.30474478006362915,0.19351311773061752,0.19351311773061752,0.11123166233301163,0.30474478006362915,0.19351311773061752,2.6900999999999993,2.0366999999999993,-0.6534
Fc1c2c(ccc1)C(N=C2N)(c1cc(ccc1)-c1cncnc1)c1cc(ncc1)C1CC1,NC1=NC(c2cccc(-c3cncnc3)c2)(c2ccnc(C3CC3)c2)c2ccccc21,fluoro_aromatic,757,0.28575536608695984,0.12241937965154648,-0.16333598643541336,0.16333598643541336,0.28575536608695984,0.12241937965154648,-0.16333598643541336,4.565900000000003,4.426800000000003,-0.1391
Clc1cc2nc(n(c2cc1)C(CC(C)C)CC(=O)NCc1cc(F)ccc1)N,CC(C)CC(CC(=O)NCc1cccc(F)c1)n1c(N)nc2ccccc21,aromatic_chloro,1446,0.11158919334411621,0.11118175089359283,-0.00040744245052337646,0.00040744245052337646,0.11158919334411621,0.11118175089359283,-0.00040744245052337646,4.7047000000000025,4.051300000000001,-0.6534000000000013
Clc1cc2nc(n(c2cc1)C(CC(C)C)CC(=O)NCc1cc(F)ccc1)N,CC(C)CC(CC(=O)NCc1ccccc1)n1c(N)nc2cc(Cl)ccc21,fluoro_aromatic,1446,0.11191261559724808,0.11117107421159744,-0.0007415413856506348,0.0007415413856506348,0.11191261559724808,0.11117107421159744,-0.0007415413856506348,4.7047000000000025,4.565600000000002,-0.1391000000000009
Fc1cc(cc(F)c1)CC(NC(=O)C)C(O)C[NH2+]C1(CCCCC1)c1cc(N2CCCNC2=O)ccc1,CC(=O)NC(Cc1cccc(F)c1)C(O)C[NH2+]C1(c2cccc(N3CCCNC3=O)c2)CCCCC1,fluoro_aromatic,1086,0.11220398545265198,0.11555824428796768,0.0033542588353157043,0.0033542588353157043,0.11220398545265198,0.11555824428796768,0.0033542588353157043,2.7156000000000002,2.5765000000000002,-0.1391
S1(=O)(=O)Nc2cc(cc3c2n(cc3CC)CCC1)C(=O)NC(Cc1ccccc1)C(O)C[NH2+]C1CC1,[H]CCCn1cc(CC)c2cc(C(=O)NC(Cc3ccccc3)C(O)C[NH2+]C3CC3)ccc21,sulfonamide,994,0.8475649356842041,0.8478435277938843,0.0002785921096801758,0.0002785921096801758,0.8475649356842041,0.8478435277938843,0.0002785921096801758,1.7769,3.0415,1.2646000000000002
Clc1ccccc1-c1cc2c(Oc3c(cc(OC)cc3)C23N=C(OC3)N)cc1,COc1ccc2c(c1)C1(COC(N)=N1)c1cc(-c3ccccc3)ccc1O2,aromatic_chloro,1262,0.11214656382799149,0.11152838915586472,-0.00061817467212677,0.00061817467212677,0.11214656382799149,0.11152838915586472,-0.00061817467212677,4.709800000000004,4.056400000000003,-0.6534000000000013
Fc1ccc(cc1-c1cncnc1)C1(N=C(N)N(C)C1=O)c1cn(nc1)C(C)C,CC(C)n1cc(C2(c3cccc(-c4cncnc4)c3)N=C(N)N(C)C2=O)cn1,fluoro_aromatic,749,0.847476065158844,0.8172895908355713,-0.030186474323272705,0.030186474323272705,0.847476065158844,0.8172895908355713,-0.030186474323272705,2.0904,1.9512999999999991,-0.13910000000000067
Fc1ccc(nc1)C(=O)Nc1cc(ccc1)C12N=C(OC1COCC2)N,NC1=NC2(c3cccc(NC(=O)c4ccccn4)c3)CCOCC2O1,fluoro_aromatic,1402,0.11186063289642334,0.11222916096448898,0.0003685280680656433,0.0003685280680656433,0.11186063289642334,0.11222916096448898,0.0003685280680656433,1.8020999999999998,1.6629999999999998,-0.1391
O=C1N[C@@H](C[C@@H](CCCCCCCC(=O)N[C@H]1C)C)[C@@H](O)C[C@H](C(=O)NCCCC)C,[H]C(C)NC(=O)CCCCCCC[C@@H](C)C[CH][C@@H](O)C[C@@H](C)C(=O)NCCCC,amide,132,0.11305484175682068,0.11327206343412399,0.0002172216773033142,0.0002172216773033142,0.11305484175682068,0.11327206343412399,0.0002172216773033142,3.0498000000000003,4.387090000000003,1.337290000000003
Clc1cc2nc(n(c2cc1)CCCC(=O)NCC1CC1)N,Nc1nc2ccccc2n1CCCC(=O)NCC1CC1,aromatic_chloro,1512,0.11279501020908356,0.11263573914766312,-0.00015927106142044067,0.00015927106142044067,0.11279501020908356,0.11263573914766312,-0.00015927106142044067,2.5782999999999996,1.9248999999999996,-0.6534
Clc1cc(cc(Cl)c1NC(=O)C)CNC(NC(=O)Cn1c2cc(ccc2cc1)C#N)=N,CC(=O)Nc1ccc(CNC(=N)NC(=O)Cn2ccc3ccc(C#N)cc32)cc1Cl,aromatic_chloro,71,0.11222400516271591,0.8459975719451904,0.7337735667824745,0.7337735667824745,0.11222400516271591,0.8459975719451904,0.7337735667824745,3.6189500000000008,2.9655500000000004,-0.6534000000000004
Fc1ccc(cc1)Cc1cc(ccc1)C1([NH+]=C(N2C1=NCCC2)N)c1ccccc1,NC1=[NH+]C(c2ccccc2)(c2cccc(Cc3ccccc3)c2)C2=NCCCN21,fluoro_aromatic,1306,0.11099790781736374,0.11177334934473038,0.0007754415273666382,0.0007754415273666382,0.11099790781736374,0.11177334934473038,0.0007754415273666382,2.1731999999999996,2.0340999999999987,-0.1391000000000009
Fc1ncccc1-c1cc(ccc1)C1(N=C(N)N(C)C1=O)c1cn(nc1)CCF,CN1C(=O)C(c2cccc(-c3cccnc3)c2)(c2cnn(CCF)c2)N=C1N,fluoro_aromatic,667,0.8482686281204224,0.11107056587934494,-0.7371980622410774,0.7371980622410774,0.8482686281204224,0.11107056587934494,-0.7371980622410774,2.0839999999999996,1.9448999999999996,-0.1391
Clc1ccccc1-c1n(Cc2nc(N)ccc2)c(cc1)-c1ccc(OCCCC)cc1,CCCCOc1ccc(-c2ccc(-c3ccccc3)n2Cc2cccc(N)n2)cc1,aromatic_chloro,1151,0.11140564829111099,0.11144204437732697,3.63960862159729e-05,3.63960862159729e-05,0.11140564829111099,0.11144204437732697,3.63960862159729e-05,6.679900000000004,6.026500000000005,-0.6533999999999995
S(=O)(=O)(N(C)c1cc(cc(c1)COCC([NH3+])(Cc1ccccc1)COC)C(=O)NC(C)c1ccc(F)cc1)C,COCC([NH3+])(COCc1cc(C(=O)NC(C)c2ccccc2)cc(N(C)S(C)(=O)=O)c1)Cc1ccccc1,fluoro_aromatic,1467,0.11193195730447769,0.21243540942668915,0.10050345212221146,0.10050345212221146,0.11193195730447769,0.21243540942668915,0.10050345212221146,3.0989000000000013,2.9598000000000013,-0.1391
Clc1cc2CC(N=C(NC(Cc3ccccc3)c3oc(nn3)C)c2cc1)(C)C,Cc1nnc(C(Cc2ccccc2)NC2=NC(C)(C)Cc3ccccc32)o1,aromatic_chloro,1498,0.11209240555763245,0.11269738525152206,0.0006049796938896179,0.0006049796938896179,0.11209240555763245,0.11269738525152206,0.0006049796938896179,4.686320000000004,4.032920000000003,-0.6534000000000004
s1cc(cc1C1([NH2+]CC(O)C(NC(=O)C)Cc2cc(F)cc(F)c2)CCCCC1)C(C)C,CC(=O)NC(Cc1cccc(F)c1)C(O)C[NH2+]C1(c2cc(C(C)C)cs2)CCCCC1,fluoro_aromatic,957,0.1120801791548729,0.11282280087471008,0.0007426217198371887,0.0007426217198371887,0.1120801791548729,0.11282280087471008,0.0007426217198371887,3.980800000000003,3.841700000000003,-0.1391
Fc1ccc(F)cc1-c1cc(ccc1)[C@@]1(N=C(N)N(C)C1=O)c1ccncc1,CN1C(=O)[C@](c2ccncc2)(c2cccc(-c3cccc(F)c3)c2)N=C1N,fluoro_aromatic,1241,0.8426996469497681,0.1116819828748703,-0.7310176640748978,0.7310176640748978,0.8426996469497681,0.1116819828748703,-0.7310176640748978,3.057100000000003,2.918000000000003,-0.1391
Clc1cc2CC(N=C(NC(Cc3ccccc3)C=3NC(=O)NN=3)c2cc1)(C)C,CC1(C)Cc2ccccc2C(NC(Cc2ccccc2)c2n[nH]c(=O)[nH]2)=N1,aromatic_chloro,1229,0.11294028162956238,0.11240086704492569,-0.0005394145846366882,0.0005394145846366882,0.11294028162956238,0.11240086704492569,-0.0005394145846366882,3.4063000000000017,2.7529000000000012,-0.6534000000000004
S1(=O)(=O)CC(Cc2cc(CCC(F)(F)F)c(N)c(F)c2)C(O)C([NH2+]Cc2cc(ccc2)C(C)(C)C)C1,CC(C)(C)c1cccc(C[NH2+]C2CS(=O)(=O)CC(Cc3ccc(N)c(CCC(F)(F)F)c3)C2O)c1,fluoro_aromatic,830,0.8484345078468323,0.21790507435798645,-0.6305294334888458,0.6305294334888458,0.8484345078468323,0.21790507435798645,-0.6305294334888458,3.2805000000000017,3.1414000000000017,-0.1391
Brc1ccc(cc1C(C)(C)C)C1([NH2+]CC(O)C(NC(=O)C)Cc2cc(F)cc(F)c2)CCCCC1,CC(=O)NC(Cc1cccc(F)c1)C(O)C[NH2+]C1(c2ccc(Br)c(C(C)(C)C)c2)CCCCC1,fluoro_aromatic,1289,0.22484511137008667,0.11697506904602051,-0.10787004232406616,0.10787004232406616,0.22484511137008667,0.11697506904602051,-0.10787004232406616,4.855900000000004,4.716800000000004,-0.1391
Fc1cc(cc(F)c1)CC(NC(=O)C)C(O)C[NH2+]C1(CCCCC1)c1cc(ccc1)C(C)=C,C=C(C)c1cccc(C2([NH2+]CC(O)C(Cc3cccc(F)c3)NC(C)=O)CCCCC2)c1,fluoro_aromatic,789,0.11221334338188171,0.11175724864006042,-0.00045609474182128906,0.00045609474182128906,0.11221334338188171,0.11175724864006042,-0.00045609474182128906,3.8290000000000024,3.6899000000000015,-0.1391000000000009
Clc1cc(ccc1)-c1cc(ccc1)C1(OCCC(=N1)N)C,CC1(c2cccc(-c3ccccc3)c2)N=C(N)CCO1,aromatic_chloro,1284,0.1120229959487915,0.11199353635311127,-2.9459595680236816e-05,2.9459595680236816e-05,0.1120229959487915,0.11199353635311127,-2.9459595680236816e-05,3.957200000000004,3.3038000000000007,-0.6534000000000031
Fc1ccc(OC)cc1-c1cc2c(Oc3c(cc(OC)cc3)C23N=C(OC3)N)cc1,COc1cccc(-c2ccc3c(c2)C2(COC(N)=N2)c2cc(OC)ccc2O3)c1,fluoro_aromatic,1041,0.11118996888399124,0.11114326119422913,-4.670768976211548e-05,4.670768976211548e-05,0.11118996888399124,0.11114326119422913,-4.670768976211548e-05,4.204100000000003,4.065000000000003,-0.1391
Fc1ccc(cc1-c1cncnc1)[C@]1(N=C(N)N(C)C1=O)c1ccc(OC(F)(F)F)cc1,CN1C(=O)[C@@](c2ccc(OC(F)(F)F)cc2)(c2cccc(-c3cncnc3)c2)N=C1N,fluoro_aromatic,50,0.846111536026001,0.11148377507925034,-0.7346277609467506,0.7346277609467506,0.846111536026001,0.11148377507925034,-0.7346277609467506,3.2116000000000007,3.0725000000000007,-0.1391
S1(=O)(=O)CC(Cc2cc(OC(C)C)c(N)c(F)c2)C(O)C([NH2+]Cc2cc(ccc2)C(C)(C)C)C1,CC(C)Oc1cc(CC2CS(=O)(=O)CC([NH2+]Cc3cccc(C(C)(C)C)c3)C2O)ccc1N,fluoro_aromatic,634,0.8482885956764221,0.12255115807056427,-0.7257374376058578,0.7257374376058578,0.8482885956764221,0.12255115807056427,-0.7257374376058578,2.572800000000001,2.433700000000001,-0.1391
Fc1c2c(ccc1)C(N=C2N)(C=1C=C(C)C(=O)N(C=1)CC)c1cc(ccc1)-c1cc(cnc1)C#N,CCn1cc(C2(c3cccc(-c4cncc(C#N)c4)c3)N=C(N)c3ccccc32)cc(C)c1=O,fluoro_aromatic,348,0.8485780358314514,0.7555846571922302,-0.09299337863922119,0.09299337863922119,0.8485780358314514,0.7555846571922302,-0.09299337863922119,4.260200000000003,4.121100000000004,-0.1390999999999991
s1cc(cc1C(=O)CC)C1(N=C(N)N(C)C1=O)c1cc(ccc1)-c1cccnc1F,CCC(=O)c1cc(C2(c3cccc(-c4cccnc4)c3)N=C(N)N(C)C2=O)cs1,fluoro_aromatic,385,0.8481131196022034,0.26643165946006775,-0.5816814601421356,0.5816814601421356,0.8481131196022034,0.26643165946006775,-0.5816814601421356,3.5722000000000023,3.4331000000000023,-0.1391
Clc1ccc(cc1)-c1cc2c(Oc3c(cc(OC)cc3)C23N=C(OC3)N)cc1,COc1ccc2c(c1)C1(COC(N)=N1)c1cc(-c3ccccc3)ccc1O2,aromatic_chloro,1178,0.1119554415345192,0.11171618849039078,-0.00023925304412841797,0.00023925304412841797,0.1119554415345192,0.11171618849039078,-0.00023925304412841797,4.709800000000004,4.056400000000003,-0.6534000000000013
Fc1ccc(NC(=O)c2ncc(cc2)C#N)cc1[C@]1(N=C(O[C@H](C1)C(F)(F)F)N)C,C[C@@]1(c2cccc(NC(=O)c3ccc(C#N)cn3)c2)C[C@H](C(F)(F)F)OC(N)=N1,fluoro_aromatic,140,0.8399549126625061,0.13653318583965302,-0.7034217268228531,0.7034217268228531,0.8399549126625061,0.13653318583965302,-0.7034217268228531,3.225780000000001,3.0866800000000003,-0.1391000000000009
Fc1cc(cc(F)c1)CC(NC(=O)C)C(O)C[NH2+]C1(CCC(CC1)CCO)c1cc(ccc1)C(C)(C)C,CC(=O)NC(Cc1cccc(F)c1)C(O)C[NH2+]C1(c2cccc(C(C)(C)C)c2)CCC(CCO)CC1,fluoro_aromatic,1320,0.11249367147684097,0.11465410888195038,0.0021604374051094055,0.0021604374051094055,0.11249367147684097,0.11465410888195038,0.0021604374051094055,3.701900000000003,3.562800000000002,-0.1391000000000009
FC1(F)COC(=NC1(C)c1cc(NC(=O)c2ncc(OC(F)(F)C(F)F)cc2)ccc1F)N,CC1(c2cccc(NC(=O)c3ccc(OC(F)(F)C(F)F)cn3)c2)N=C(N)OCC1(F)F,fluoro_aromatic,630,0.8486639857292175,0.8447657823562622,-0.0038982033729553223,0.0038982033729553223,0.8486639857292175,0.8447657823562622,-0.0038982033729553223,3.905100000000002,3.766000000000002,-0.1391
Clc1cc2CC(N=C(NC(Cc3cscc3CC)C(=O)[O-])c2cc1)(C)C,CCc1cscc1CC(NC1=NC(C)(C)Cc2ccccc21)C(=O)[O-],aromatic_chloro,1028,0.11153191328048706,0.11154674738645554,1.4834105968475342e-05,1.4834105968475342e-05,0.11153191328048706,0.11154674738645554,1.4834105968475342e-05,2.9960000000000013,2.3426,-0.6534000000000013
Clc1cc2CC(N=C(NC(Cc3cscc3CC)C(=O)[O-])c2cc1)(C)C,[H]C(Cc1cscc1CC)NC1=NC(C)(C)Cc2cc(Cl)ccc21,carboxylic_acid,1028,0.11148462444543839,0.11170691251754761,0.0002222880721092224,0.0002222880721092224,0.11148462444543839,0.11170691251754761,0.0002222880721092224,2.9960000000000013,4.877500000000004,1.8815000000000026
Fc1cc(cc(F)c1)CC(NC(=O)C)C(O)C[NH2+]C1(CCC[NH2+]C1)c1cc(ccc1)C(C)(C)C,CC(=O)NC(Cc1cccc(F)c1)C(O)C[NH2+]C1(c2cccc(C(C)(C)C)c2)CCC[NH2+]C1,fluoro_aromatic,1319,0.11213687807321548,0.11155649274587631,-0.0005803853273391724,0.0005803853273391724,0.11213687807321548,0.11155649274587631,-0.0005803853273391724,1.4865000000000017,1.347400000000002,-0.13909999999999978
Ic1cc(ccc1)C1([NH2+]CC(O)C(NC(=O)C)Cc2cc(F)cc(F)c2)CCCCC1,CC(=O)NC(Cc1cccc(F)c1)C(O)C[NH2+]C1(c2cccc(I)c2)CCCCC1,fluoro_aromatic,988,0.11228339374065399,0.11208341270685196,-0.00019998103380203247,0.00019998103380203247,0.11228339374065399,0.11208341270685196,-0.00019998103380203247,3.400500000000002,3.261400000000002,-0.1391
Fc1cc(cc(F)c1)CC(NC(=O)C)C(O)C[NH2+]C1(CCC(CC1)C#N)c1cc(ccc1)C(C)(C)C,CC(=O)NC(Cc1cccc(F)c1)C(O)C[NH2+]C1(c2cccc(C(C)(C)C)c2)CCC(C#N)CC1,fluoro_aromatic,965,0.16105155646800995,0.21849015355110168,0.057438597083091736,0.057438597083091736,0.16105155646800995,0.21849015355110168,0.057438597083091736,3.8430800000000023,3.7039800000000023,-0.1391
S(=O)(=O)(N(C)c1cc(cc(c1)C(=O)N[C@H](C)c1ccc(F)cc1)-c1oc(nn1)[C@]([NH3+])(Cc1ccccc1)C)C,C[C@@H](NC(=O)c1cc(-c2nnc([C@](C)([NH3+])Cc3ccccc3)o2)cc(N(C)S(C)(=O)=O)c1)c1ccccc1,fluoro_aromatic,34,0.12605693936347961,0.11401355266571045,-0.012043386697769165,0.012043386697769165,0.12605693936347961,0.11401355266571045,-0.012043386697769165,3.4623000000000026,3.3232000000000017,-0.1391000000000009
Clc1cc(ccc1)C1(N=C(N)N(C)C1=O)c1ccccc1,CN1C(=O)C(c2ccccc2)(c2ccccc2)N=C1N,aromatic_chloro,1199,0.1113479882478714,0.11297386884689331,0.0016258805990219116,0.0016258805990219116,0.1113479882478714,0.11297386884689331,0.0016258805990219116,2.3703000000000003,1.7169,-0.6534000000000002
Clc1sc(cc1C1(N=C(N)N(C)C1=O)c1cc(ccc1)-c1cncnc1)C,Cc1cc(C2(c3cccc(-c4cncnc4)c3)N=C(N)N(C)C2=O)cs1,aromatic_chloro,990,0.8481264710426331,0.49687668681144714,-0.3512497842311859,0.3512497842311859,0.8481264710426331,0.49687668681144714,-0.3512497842311859,3.1972200000000015,2.54382,-0.6534000000000013
Clc1cc2CC(N=C(NC(Cc3ccsc3)C(=O)[O-])c2cc1)(C)C,CC1(C)Cc2ccccc2C(NC(Cc2ccsc2)C(=O)[O-])=N1,aromatic_chloro,1212,0.11228185892105103,0.11228625476360321,4.395842552185059e-06,4.395842552185059e-06,0.11228185892105103,0.11228625476360321,4.395842552185059e-06,2.4336,1.7801999999999998,-0.6534000000000004
Clc1cc2CC(N=C(NC(Cc3ccsc3)C(=O)[O-])c2cc1)(C)C,[H]C(Cc1ccsc1)NC1=NC(C)(C)Cc2cc(Cl)ccc21,carboxylic_acid,1212,0.1122739240527153,0.11206058412790298,-0.0002133399248123169,0.0002133399248123169,0.1122739240527153,0.11206058412790298,-0.0002133399248123169,2.4336,4.315100000000003,1.8815000000000026
S1(=O)(=O)N(CCCC1)c1cc(ccc1)C(=O)NC(Cc1cc(F)cc(F)c1)C(O)C[NH2+]Cc1cc(OC)ccc1,COc1cccc(C[NH2+]CC(O)C(Cc2cccc(F)c2)NC(=O)c2cccc(N3CCCCS3(=O)=O)c2)c1,fluoro_aromatic,729,0.8484328389167786,0.1176954135298729,-0.7307374253869057,0.7307374253869057,0.8484328389167786,0.1176954135298729,-0.7307374253869057,2.3690000000000007,2.2299000000000007,-0.1391
Fc1ccc(cc1CC(NC(=O)COC)C(O)C[NH2+]C1CC2(Oc3ncc(cc13)CC(C)(C)C)CCC2)C#C,C#Cc1cccc(CC(NC(=O)COC)C(O)C[NH2+]C2CC3(CCC3)Oc3ncc(CC(C)(C)C)cc32)c1,fluoro_aromatic,278,0.8477544188499451,0.8477559685707092,1.5497207641601562e-06,1.5497207641601562e-06,0.8477544188499451,0.8477559685707092,1.5497207641601562e-06,2.8351000000000006,2.6960000000000006,-0.1391
Fc1cc(cc(F)c1)CC(NC(=O)C(N1CCC(COC)C1=O)C)C(O)C[NH2+]Cc1cc(OC)ccc1,COCC1CCN(C(C)C(=O)NC(Cc2cccc(F)c2)C(O)C[NH2+]Cc2cccc(OC)c2)C1=O,fluoro_aromatic,993,0.8478936553001404,0.1265316605567932,-0.7213619947433472,0.7213619947433472,0.8478936553001404,0.1265316605567932,-0.7213619947433472,1.0086000000000017,0.8695000000000029,-0.13909999999999878
Fc1cc(cc(F)c1)CC(NC(=O)c1cc(ccc1)C(=O)N(CCC)CCC)C(O)C1[NH2+]Cc2c(C1)cccc2,CCCN(CCC)C(=O)c1cccc(C(=O)NC(Cc2cccc(F)c2)C(O)C2Cc3ccccc3C[NH2+]2)c1,fluoro_aromatic,1100,0.8483452200889587,0.2680959403514862,-0.5802492797374725,0.5802492797374725,0.8483452200889587,0.2680959403514862,-0.5802492797374725,3.617300000000001,3.478200000000001,-0.1391
FC1(F)COC(=NC1(C)c1cc(NC(=O)c2ncc(OCC(F)(F)F)cc2)ccc1F)N,CC1(c2cccc(NC(=O)c3ccc(OCC(F)(F)F)cn3)c2)N=C(N)OCC1(F)F,fluoro_aromatic,798,0.8487592935562134,0.8354503512382507,-0.013308942317962646,0.013308942317962646,0.8487592935562134,0.8354503512382507,-0.013308942317962646,3.6095000000000006,3.4704000000000015,-0.1390999999999991
Fc1c2c(ccc1)C(N=C2N)(c1cc(ccc1)-c1cc(cnc1)C#CC)c1cc(ncc1)C(F)F,CC#Cc1cncc(-c2cccc(C3(c4ccnc(C(F)F)c4)N=C(N)c4ccccc43)c2)c1,fluoro_aromatic,327,0.8468092679977417,0.5395878553390503,-0.3072214126586914,0.3072214126586914,0.8468092679977417,0.5395878553390503,-0.3072214126586914,5.602500000000003,5.463400000000003,-0.1391
Fc1cc(cc(F)c1)CC(NC(=O)C)C(O)C[NH2+]C1(CC1)c1oc(cn1)C(C)(C)C,CC(=O)NC(Cc1cccc(F)c1)C(O)C[NH2+]C1(c2ncc(C(C)(C)C)o2)CC1,fluoro_aromatic,1263,0.11213883012533188,0.1119682714343071,-0.00017055869102478027,0.00017055869102478027,0.11213883012533188,0.1119682714343071,-0.00017055869102478027,1.9110999999999996,1.7719999999999998,-0.13909999999999978
Clc1ccc(nc1)C(=O)Nc1cc(C2(N=C(N)COCC2)C)c(F)cc1,CC1(c2cc(NC(=O)c3ccccn3)ccc2F)CCOCC(N)=N1,aromatic_chloro,508,0.8483539819717407,0.12087994813919067,-0.72747403383255,0.72747403383255,0.8483539819717407,0.12087994813919067,-0.72747403383255,3.1191000000000013,2.465700000000001,-0.6534000000000004
Clc1ccc(nc1)C(=O)Nc1cc(C2(N=C(N)COCC2)C)c(F)cc1,CC1(c2cccc(NC(=O)c3ccc(Cl)cn3)c2)CCOCC(N)=N1,fluoro_aromatic,508,0.8484299182891846,0.1113104298710823,-0.7371194884181023,0.7371194884181023,0.8484299182891846,0.1113104298710823,-0.7371194884181023,3.1191000000000013,2.9800000000000013,-0.1391
Fc1ccc(NC(=O)c2ncc(cc2)C#N)cc1[C@]1(N=C(O[C@H](C(F)(F)F)[C@@H]1F)N)C,C[C@]1(c2cccc(NC(=O)c3ccc(C#N)cn3)c2)N=C(N)O[C@H](C(F)(F)F)[C@@H]1F,fluoro_aromatic,39,0.8460069298744202,0.5376091003417969,-0.3083978295326233,0.3083978295326233,0.8460069298744202,0.5376091003417969,-0.3083978295326233,3.1737800000000016,3.0346800000000007,-0.1391000000000009
Fc1cc(cc(F)c1)CC(NC(=O)C)C(O)C[NH2+]C1(CCCCC1)c1cc(N2CCOC2=O)ccc1,CC(=O)NC(Cc1cccc(F)c1)C(O)C[NH2+]C1(c2cccc(N3CCOC3=O)c2)CCCCC1,fluoro_aromatic,1119,0.11245811730623245,0.11177250742912292,-0.0006856098771095276,0.0006856098771095276,0.11245811730623245,0.11177250742912292,-0.0006856098771095276,2.7525000000000004,2.6133999999999995,-0.1391000000000009
Clc1ccc(nc1)C(=O)Nc1cc(C2(N=C(N)COC2)C)c(F)cc1,CC1(c2cc(NC(=O)c3ccccn3)ccc2F)COCC(N)=N1,aromatic_chloro,575,0.8470484614372253,0.11232373863458633,-0.734724722802639,0.734724722802639,0.8470484614372253,0.11232373863458633,-0.734724722802639,2.729000000000001,2.0756,-0.6534000000000009
Clc1ccc(nc1)C(=O)Nc1cc(C2(N=C(N)COC2)C)c(F)cc1,CC1(c2cccc(NC(=O)c3ccc(Cl)cn3)c2)COCC(N)=N1,fluoro_aromatic,575,0.8469778299331665,0.11136555671691895,-0.7356122732162476,0.7356122732162476,0.8469778299331665,0.11136555671691895,-0.7356122732162476,2.729000000000001,2.5899,-0.1391000000000009
Fc1cc(cc(F)c1)CC(NC(=O)C)C(O)C[NH2+]C1(CCCCC1)c1ccccc1,CC(=O)NC(Cc1cccc(F)c1)C(O)C[NH2+]C1(c2ccccc2)CCCCC1,fluoro_aromatic,1329,0.11262055486440659,0.11246119439601898,-0.00015936046838760376,0.00015936046838760376,0.11262055486440659,0.11246119439601898,-0.00015936046838760376,2.7959000000000005,2.6568000000000005,-0.1391
S1(=O)(=O)CC(Cc2cc(-c3n[nH]cc3)c(N)c(F)c2)C(O)C([NH2+]Cc2cc(ccc2)C(C)(C)C)C1,CC(C)(C)c1cccc(C[NH2+]C2CS(=O)(=O)CC(Cc3ccc(N)c(-c4cc[nH]n4)c3)C2O)c1,fluoro_aromatic,539,0.8433382511138916,0.16783687472343445,-0.6755013763904572,0.6755013763904572,0.8433382511138916,0.16783687472343445,-0.6755013763904572,2.175700000000001,2.036600000000001,-0.1391
O1CCC(OC(=O)[C@@H]2[NH2+]C[C@]3(C2)c2c(NC3=O)cccc2)CC1,[H][C@@]1(c2ccccc2)C[NH2+][C@@H](C(=O)OC2CCOCC2)C1,amide,188,0.11369666457176208,0.11340371519327164,-0.000292949378490448,0.000292949378490448,0.11369666457176208,0.11340371519327164,-0.000292949378490448,-0.06559999999999899,0.8281000000000001,0.893699999999999
Clc1cc(cnc1)-c1cc(ccc1)[C@@]12N=C(O[C@@H]1CCCC2)N,NC1=N[C@@]2(c3cccc(-c4cccnc4)c3)CCCC[C@H]2O1,aromatic_chloro,167,0.11094984412193298,0.11193716526031494,0.000987321138381958,0.000987321138381958,0.11094984412193298,0.11193716526031494,0.000987321138381958,3.884800000000002,3.2314000000000007,-0.6534000000000013
s1c(ccc1-c1cc(C#N)c(F)cc1)C12N=C(N)N(C)C(=O)C1CN(C2)c1ccccc1,CN1C(=O)C2CN(c3ccccc3)CC2(c2ccc(-c3cccc(C#N)c3)s2)N=C1N,fluoro_aromatic,230,0.8462445139884949,0.11195668578147888,-0.734287828207016,0.734287828207016,0.8462445139884949,0.11195668578147888,-0.734287828207016,3.544280000000003,3.405180000000003,-0.1391
S1(=O)(=O)CC(Cc2cc(OC(C(F)(F)F)C(F)(F)F)c(N)c(F)c2)C(O)C([NH2+]CC2CC2OC(C)(C)C)C1,CC(C)(C)OC1CC1C[NH2+]C1CS(=O)(=O)CC(Cc2ccc(N)c(OC(C(F)(F)F)C(F)(F)F)c2)C1O,fluoro_aromatic,1334,0.8482658863067627,0.43826162815093994,-0.41000425815582275,0.41000425815582275,0.8482658863067627,0.43826162815093994,-0.41000425815582275,2.3634999999999993,2.2243999999999993,-0.1391
s1ccnc1-c1cc(ccc1F)CC(NC(=O)COC)C(O)C[NH2+]C1CC2(Oc3ncc(cc13)CC(C)(C)C)CCC2,COCC(=O)NC(Cc1cccc(-c2nccs2)c1)C(O)C[NH2+]C1CC2(CCC2)Oc2ncc(CC(C)(C)C)cc21,fluoro_aromatic,325,0.8481945991516113,0.8479785919189453,-0.00021600723266601562,0.00021600723266601562,0.8481945991516113,0.8479785919189453,-0.00021600723266601562,3.9773000000000023,3.8382000000000014,-0.1391000000000009
S1(=O)(=O)CC(Cc2cc(CO)c(O)cc2)C(O)C([NH2+]Cc2cc(ccc2)C(C)C)C1,[H]c1cc(CC2CS(=O)(=O)CC([NH2+]Cc3cccc(C(C)C)c3)C2O)ccc1O,hydroxyl,1106,0.11135891079902649,0.11171197891235352,0.00035306811332702637,0.00035306811332702637,0.11135891079902649,0.11171197891235352,0.00035306811332702637,1.0881,1.5958,0.5077
Fc1cc(cc(F)c1)CC(NC(=O)C(N1CCC(CC(C)C)C1=O)CCc1ccccc1)C(O)C1[NH2+]CC(OCCC)C1,CCCOC1C[NH2+]C(C(O)C(Cc2cccc(F)c2)NC(=O)C(CCc2ccccc2)N2CCC(CC(C)C)C2=O)C1,fluoro_aromatic,310,0.8478370308876038,0.20796459913253784,-0.6398724317550659,0.6398724317550659,0.8478370308876038,0.20796459913253784,-0.6398724317550659,3.379900000000003,3.240800000000003,-0.1391
Fc1ccc(cc1C#CC1CC1)[C@]1(N=C(N)N(C)C1=O)c1ccc(OC(F)F)cc1,CN1C(=O)[C@@](c2ccc(OC(F)F)cc2)(c2cccc(C#CC3CC3)c2)N=C1N,fluoro_aromatic,478,0.8486788272857666,0.12903514504432678,-0.7196436822414398,0.7196436822414398,0.8486788272857666,0.12903514504432678,-0.7196436822414398,3.2189000000000014,3.0798000000000014,-0.1391
Clc1cc2nc(n(c2cc1)CCCC(=O)NCCC1CC[NH2+]C1)N,Nc1nc2ccccc2n1CCCC(=O)NCCC1CC[NH2+]C1,aromatic_chloro,1503,0.1125292107462883,0.11197125911712646,-0.0005579516291618347,0.0005579516291618347,0.1125292107462883,0.11197125911712646,-0.0005579516291618347,1.1417000000000002,0.48830000000000173,-0.6533999999999984
Clc1ccc(nc1)C(=O)Nc1cc(ccc1)[C@@]1(N=C(N)CN(C)C1=O)C,CN1CC(N)=N[C@@](C)(c2cccc(NC(=O)c3ccccn3)c2)C1=O,aromatic_chloro,1411,0.11089030653238297,0.11143168807029724,0.0005413815379142761,0.0005413815379142761,0.11089030653238297,0.11143168807029724,0.0005413815379142761,2.031699999999999,1.3783,-0.6533999999999989
S(=O)(=O)(N(C)c1cc(cc(c1)COC(=O)[C@]([NH3+])(Cc1ccccc1)C)C(=O)N[C@H](C)c1ccc(F)cc1)C,C[C@@H](NC(=O)c1cc(COC(=O)[C@](C)([NH3+])Cc2ccccc2)cc(N(C)S(C)(=O)=O)c1)c1ccccc1,fluoro_aromatic,58,0.11194702237844467,0.1223999634385109,0.010452941060066223,0.010452941060066223,0.11194702237844467,0.1223999634385109,0.010452941060066223,2.9990000000000023,2.8599000000000014,-0.1391000000000009
Fc1cc(cc(F)c1)CC(NC(=O)C(N1CCC(CCCC)C1=O)C)C(O)C1[NH2+]CC(O)C1,CCCCC1CCN(C(C)C(=O)NC(Cc2cccc(F)c2)C(O)C2CC(O)C[NH2+]2)C1=O,fluoro_aromatic,780,0.24607938528060913,0.12774701416492462,-0.11833237111568451,0.11833237111568451,0.24607938528060913,0.12774701416492462,-0.11833237111568451,0.47680000000000233,0.3377000000000027,-0.1390999999999996
FC(F)Oc1ccc(cc1)[C@@]1(N=C(N)N(C)C1=O)c1cc(ccc1)\C=C\CCO,[H]C/C=C/c1cccc([C@@]2(c3ccc(OC(F)F)cc3)N=C(N)N(C)C2=O)c1,hydroxyl,664,0.846925675868988,0.11647039651870728,-0.7304552793502808,0.7304552793502808,0.846925675868988,0.11647039651870728,-0.7304552793502808,2.713900000000001,3.3514000000000017,0.6375000000000006
Fc1cc(cc(F)c1)C[C@H](NC(=O)C)[C@H](O)C[NH2+]C1(CCCCC1)c1cc(ccc1)C(C)(C)C,CC(=O)N[C@@H](Cc1cccc(F)c1)[C@H](O)C[NH2+]C1(c2cccc(C(C)(C)C)c2)CCCCC1,fluoro_aromatic,72,0.11235585808753967,0.11184793710708618,-0.0005079209804534912,0.0005079209804534912,0.11235585808753967,0.11184793710708618,-0.0005079209804534912,4.0934000000000035,3.9543000000000017,-0.13910000000000178
Fc1ncccc1-c1cc(ccc1)C1(N=C(N)N(C)C1=O)c1cn(nc1)CCC(C)C,CC(C)CCn1cc(C2(c3cccc(-c4cccnc4)c3)N=C(N)N(C)C2=O)cn1,fluoro_aromatic,434,0.8483240008354187,0.7543588876724243,-0.09396511316299438,0.09396511316299438,0.8483240008354187,0.7543588876724243,-0.09396511316299438,3.1606000000000014,3.0215000000000014,-0.1391
Clc1ccc(cc1)C1(N=C(N)N(C)C1=O)c1ccccc1,CN1C(=O)C(c2ccccc2)(c2ccccc2)N=C1N,aromatic_chloro,1188,0.11387081444263458,0.11276589334011078,-0.0011049211025238037,0.0011049211025238037,0.11387081444263458,0.11276589334011078,-0.0011049211025238037,2.3703000000000003,1.7169,-0.6534000000000002
Fc1ccc(cc1C#CCCCF)[C@]1(N=C(N)N(C)C1=O)c1ccc(OC(F)F)cc1,CN1C(=O)[C@@](c2ccc(OC(F)F)cc2)(c2cccc(C#CCCCF)c2)N=C1N,fluoro_aromatic,41,0.8483374118804932,0.3249165713787079,-0.5234208405017853,0.5234208405017853,0.8483374118804932,0.3249165713787079,-0.5234208405017853,3.558600000000002,3.419500000000002,-0.1391
Fc1ccc(cc1)C[C@H](NC(=O)C)[C@H](O)C[NH2+][C@H]1CC2(Oc3ncc(cc13)CC(C)(C)C)CCC2,CC(=O)N[C@@H](Cc1ccccc1)[C@H](O)C[NH2+][C@H]1CC2(CCC2)Oc2ncc(CC(C)(C)C)cc21,fluoro_aromatic,20,0.8483371734619141,0.8456957936286926,-0.0026413798332214355,0.0026413798332214355,0.8483371734619141,0.8456957936286926,-0.0026413798332214355,3.2273000000000014,3.0882000000000014,-0.1391
Fc1ccc(F)cc1-c1cc(ccc1)[C@]1(N=C(N)N(C)C1=O)c1ccncc1,CN1C(=O)[C@@](c2ccncc2)(c2cccc(-c3cccc(F)c3)c2)N=C1N,fluoro_aromatic,51,0.8429099917411804,0.11163406819105148,-0.7312759235501289,0.7312759235501289,0.8429099917411804,0.11163406819105148,-0.7312759235501289,3.057100000000003,2.918000000000003,-0.1391
Clc1cc2CC([NH+]=C(N[C@@H](Cc3ccccc3)C=3NC(=O)c4c(N=3)ccnc4)c2cc1)(C)C,CC1(C)Cc2ccccc2C(N[C@@H](Cc2ccccc2)c2nc3ccncc3c(=O)[nH]2)=[NH+]1,aromatic_chloro,109,0.11196153610944748,0.11183376610279083,-0.00012777000665664673,0.00012777000665664673,0.11196153610944748,0.11183376610279083,-0.00012777000665664673,2.707,2.0536000000000003,-0.6533999999999995
Fc1ncccc1-c1cc(ccc1)C1([NH+]=C(N2C1=NCCC2)N)c1ccc(OC)cc1,COc1ccc(C2(c3cccc(-c4cccnc4)c3)[NH+]=C(N)N3CCCN=C32)cc1,fluoro_aromatic,711,0.49807530641555786,0.11134843528270721,-0.38672687113285065,0.38672687113285065,0.49807530641555786,0.11134843528270721,-0.38672687113285065,1.6529999999999996,1.5139,-0.13909999999999956
Clc1ccc(nc1)C(=O)Nc1cc(ccc1)[C@]1([NH+]=C(N)CN(C)C1=O)C,CN1CC(N)=[NH+][C@](C)(c2cccc(NC(=O)c3ccccn3)c2)C1=O,aromatic_chloro,122,0.1109151765704155,0.11141648888587952,0.0005013123154640198,0.0005013123154640198,0.1109151765704155,0.11141648888587952,0.0005013123154640198,0.1122999999999994,-0.5410999999999984,-0.6533999999999978
Fc1cc(cc(F)c1)CC(NC(=O)C)C(O)C[NH2+]C1(CC1)c1nccc(c1)C(C)(C)C,CC(=O)NC(Cc1cccc(F)c1)C(O)C[NH2+]C1(c2cc(C(C)(C)C)ccn2)CC1,fluoro_aromatic,1031,0.11230947822332382,0.19147290289402008,0.07916342467069626,0.07916342467069626,0.11230947822332382,0.19147290289402008,0.07916342467069626,2.3181000000000003,2.1790000000000003,-0.1391
Fc1cc(cc(F)c1)CC(NC(=O)C)C(O)C[NH2+]C1(CCCN(C1)C(=O)C)c1cc(ccc1)C(C)(C)C,CC(=O)NC(Cc1cccc(F)c1)C(O)C[NH2+]C1(c2cccc(C(C)(C)C)c2)CCCN(C(C)=O)C1,fluoro_aromatic,1116,0.11171926558017731,0.11169834434986115,-2.092123031616211e-05,2.092123031616211e-05,0.11171926558017731,0.11169834434986115,-2.092123031616211e-05,2.771600000000002,2.632500000000002,-0.1391
Fc1c2c(ccc1)C([NH+]=C2N)(c1cc(ccc1)-c1cncnc1)c1cc(ncc1)C(F)F,NC1=[NH+]C(c2cccc(-c3cncnc3)c2)(c2ccnc(C(F)F)c2)c2ccccc21,fluoro_aromatic,226,0.43136194348335266,0.12107708305120468,-0.310284860432148,0.310284860432148,0.43136194348335266,0.12107708305120468,-0.310284860432148,2.7067000000000005,2.5676000000000005,-0.1391
Fc1cc(cc(F)c1)C[C@H](NC(=O)C)[C@H](O)C[NH2+]C1(CC1)c1cc(ccc1)C(C(F)F)(C)C,CC(=O)N[C@@H](Cc1cccc(F)c1)[C@H](O)C[NH2+]C1(c2cccc(C(C)(C)C(F)F)c2)CC1,fluoro_aromatic,899,0.11205622553825378,0.14338767528533936,0.03133144974708557,0.03133144974708557,0.11205622553825378,0.14338767528533936,0.03133144974708557,3.1683000000000012,3.0292000000000012,-0.1391
Fc1cc(cc(F)c1)C[C@H](NC(=O)C)[C@H](O)C[NH2+][C@]1(CCc2n[nH]cc2C1)c1cc(ccc1)C(C)(C)C,CC(=O)N[C@@H](Cc1cccc(F)c1)[C@H](O)C[NH2+][C@@]1(c2cccc(C(C)(C)C)c2)CCc2n[nH]cc2C1,fluoro_aromatic,36,0.1117376908659935,0.11191714555025101,0.00017945468425750732,0.00017945468425750732,0.1117376908659935,0.11191714555025101,0.00017945468425750732,3.0413000000000023,2.9022000000000023,-0.1391
Fc1ccc(cc1C#CCCC)[C@]1(N=C(N)N(C)C1=O)c1cc(C)c(OC(F)F)cc1,CCCC#Cc1cccc([C@@]2(c3ccc(OC(F)F)c(C)c3)N=C(N)N(C)C2=O)c1,fluoro_aromatic,560,0.8484206199645996,0.8481550812721252,-0.00026553869247436523,0.00026553869247436523,0.8484206199645996,0.8481550812721252,-0.00026553869247436523,3.9174200000000026,3.7783200000000026,-0.1391
S1(=O)(=O)CC(Cc2cc(F)c(N)cc2)C(O)C([NH2+]Cc2cc(ccc2)C(C)(C)C)C1,CC(C)(C)c1cccc(C[NH2+]C2CS(=O)(=O)CC(Cc3ccc(N)cc3)C2O)c1,fluoro_aromatic,956,0.11218001693487167,0.11187141388654709,-0.00030860304832458496,0.00030860304832458496,0.11218001693487167,0.11187141388654709,-0.00030860304832458496,1.7856000000000005,1.6465000000000007,-0.13909999999999978
S(=O)(=O)(NC1CCC([NH2+]CC(O)C(NC(=O)C)Cc2cc(F)cc(F)c2)(CC1)c1cc(ccc1)C(C)(C)C)C,CC(=O)NC(Cc1cccc(F)c1)C(O)C[NH2+]C1(c2cccc(C(C)(C)C)c2)CCC(NS(C)(=O)=O)CC1,fluoro_aromatic,973,0.17783783376216888,0.5952235460281372,0.4173857122659683,0.4173857122659683,0.17783783376216888,0.5952235460281372,0.4173857122659683,2.6211000000000038,2.4820000000000038,-0.1391
O=C([O-])C(NC1=NC(Cc2c1cccc2)(C)C)Cc1ccccc1,[H]C(Cc1ccccc1)NC1=NC(C)(C)Cc2ccccc21,carboxylic_acid,1401,0.11301984637975693,0.11260922253131866,-0.00041062384843826294,0.00041062384843826294,0.11301984637975693,0.11260922253131866,-0.00041062384843826294,1.7187000000000001,3.6002000000000027,1.8815000000000026
S1(=O)(=O)CC(Cc2cc(OC(C(F)(F)F)C(F)(F)F)c(N)c(F)c2)C(O)C([NH3+])C1,Nc1ccc(CC2CS(=O)(=O)CC([NH3+])C2O)cc1OC(C(F)(F)F)C(F)(F)F,fluoro_aromatic,1333,0.8475380539894104,0.1148940920829773,-0.7326439619064331,0.7326439619064331,0.8475380539894104,0.1148940920829773,-0.7326439619064331,0.8383999999999999,0.6993,-0.1390999999999999
S1(=O)CC(Cc2cc(O)c(N)c(F)c2)C(O)C([NH2+]Cc2cc(ccc2)C(C)(C)C)C1,CC(C)(C)c1cccc(C[NH2+]C2CS(=O)CC(Cc3ccc(N)c(O)c3)C2O)c1,fluoro_aromatic,1004,0.8425593972206116,0.11144481599330902,-0.7311145812273026,0.7311145812273026,0.8425593972206116,0.11144481599330902,-0.7311145812273026,1.8251,1.6860000000000002,-0.13909999999999978
O=C1Nc2c(cccc2)[C@]12C[C@@H]([NH2+]C2)C(OCc1ccc(cc1)C#N)=O,[H][C@]1(c2ccccc2)C[NH2+][C@@H](C(=O)OCc2ccc(C#N)cc2)C1,amide,168,0.11128329485654831,0.1128731369972229,0.001589842140674591,0.001589842140674591,0.11128329485654831,0.1128731369972229,0.001589842140674591,0.8272800000000001,1.7209799999999997,0.8936999999999996
Fc1cc(cc(F)c1)CC(NC(=O)C)C(O)C[NH2+]C1(CCCCC1)c1occ(n1)C(C)(C)C,CC(=O)NC(Cc1cccc(F)c1)C(O)C[NH2+]C1(c2nc(C(C)(C)C)co2)CCCCC1,fluoro_aromatic,1477,0.11201885342597961,0.11165231466293335,-0.00036653876304626465,0.00036653876304626465,0.11201885342597961,0.11165231466293335,-0.00036653876304626465,3.0814000000000012,2.9423000000000012,-0.1391
Fc1c2c(ccc1)C(N=C2N)(c1cc(ccc1)-c1cc(cnc1)C#N)c1cc(ncc1)C(F)(F)F,N#Cc1cncc(-c2cccc(C3(c4ccnc(C(F)(F)F)c4)N=C(N)c4ccccc43)c2)c1,fluoro_aromatic,914,0.8413149118423462,0.1942233294248581,-0.6470915824174881,0.6470915824174881,0.8413149118423462,0.1942233294248581,-0.6470915824174881,5.183980000000002,5.044880000000002,-0.1391
S1(=O)(=O)CC(Cc2cc(CC)c(N)c(F)c2)C(O)C([NH2+]Cc2cc(ccc2)C(C)(C)C)C1,CCc1cc(CC2CS(=O)(=O)CC([NH2+]Cc3cccc(C(C)(C)C)c3)C2O)ccc1N,fluoro_aromatic,1070,0.8179416060447693,0.11295094341039658,-0.7049906626343727,0.7049906626343727,0.8179416060447693,0.11295094341039658,-0.7049906626343727,2.3480000000000008,2.2089000000000008,-0.1391
Clc1cc(cnc1)-c1cc(ccc1)C1(NC(=[NH2+])N(C)C1=O)C1CC1,CN1C(=[NH2+])NC(c2cccc(-c3cccnc3)c2)(C2CC2)C1=O,aromatic_chloro,229,0.2126905769109726,0.11119535565376282,-0.10149522125720978,0.10149522125720978,0.2126905769109726,0.11119535565376282,-0.10149522125720978,1.1840000000000002,0.5305999999999993,-0.6534000000000009
Fc1ncc(cc1)-c1cc2c(Oc3c(cc(OC)cc3)C23N=C(OC3)N)cc1,COc1ccc2c(c1)C1(COC(N)=N1)c1cc(-c3cccnc3)ccc1O2,fluoro_aromatic,1074,0.11139989644289017,0.1114203929901123,2.049654722213745e-05,2.049654722213745e-05,0.11139989644289017,0.1114203929901123,2.049654722213745e-05,3.5905000000000022,3.4514000000000014,-0.1391000000000009
S1(=O)(=O)CC(Cc2cc(OC(C(F)(F)F)C(F)(F)F)c(N)c(F)c2)C(O)C([NH2+]Cc2nccc(c2)C(C)(C)C)C1,CC(C)(C)c1ccnc(C[NH2+]C2CS(=O)(=O)CC(Cc3ccc(N)c(OC(C(F)(F)F)C(F)(F)F)c3)C2O)c1,fluoro_aromatic,709,0.8484675884246826,0.5538129210472107,-0.2946546673774719,0.2946546673774719,0.8484675884246826,0.5538129210472107,-0.2946546673774719,3.0526000000000018,2.913500000000001,-0.1391000000000009
FC1(F)COC(=NC1(C)c1cc(NC(=O)c2nn(cc2)C)ccc1F)N,Cn1ccc(C(=O)Nc2cccc(C3(C)N=C(N)OCC3(F)F)c2)n1,fluoro_aromatic,982,0.7970073819160461,0.8342245221138,0.037217140197753906,0.037217140197753906,0.7970073819160461,0.8342245221138,0.037217140197753906,2.0069,1.8677999999999997,-0.13910000000000022
S1(=O)(=O)CC(Cc2cc(CC(OC)C(F)(F)F)c(N)c(F)c2)C(O)C([NH2+]Cc2cc(ccc2)C(C)(C)C)C1,COC(Cc1cc(CC2CS(=O)(=O)CC([NH2+]Cc3cccc(C(C)(C)C)c3)C2O)ccc1N)C(F)(F)F,fluoro_aromatic,737,0.8480716943740845,0.8219465613365173,-0.02612513303756714,0.02612513303756714,0.8480716943740845,0.8219465613365173,-0.02612513303756714,2.905400000000002,2.766300000000002,-0.1391
Clc1cc(F)c(cc1)-c1cc2c(Oc3c(cc(OC)cc3)C23N=C(OC3)N)cc1,COc1ccc2c(c1)C1(COC(N)=N1)c1cc(-c3ccccc3F)ccc1O2,aromatic_chloro,1144,0.1112852618098259,0.11179954558610916,0.0005142837762832642,0.0005142837762832642,0.1112852618098259,0.11179954558610916,0.0005142837762832642,4.848900000000004,4.195500000000003,-0.6534000000000013
Clc1cc(F)c(cc1)-c1cc2c(Oc3c(cc(OC)cc3)C23N=C(OC3)N)cc1,COc1ccc2c(c1)C1(COC(N)=N1)c1cc(-c3ccc(Cl)cc3)ccc1O2,fluoro_aromatic,1144,0.11117034405469894,0.11116251349449158,-7.830560207366943e-06,7.830560207366943e-06,0.11117034405469894,0.11116251349449158,-7.830560207366943e-06,4.848900000000004,4.709800000000004,-0.1391
Fc1cc(ccc1)-c1cc2c(OC(CC23N=C(N)N(C)C3=O)(C)C)cc1,CN1C(=O)C2(CC(C)(C)Oc3ccc(-c4ccccc4)cc32)N=C1N,fluoro_aromatic,784,0.7052066326141357,0.18486855924129486,-0.5203380733728409,0.5203380733728409,0.7052066326141357,0.18486855924129486,-0.5203380733728409,3.035800000000001,2.896700000000001,-0.1391
Fc1c2c(ccc1)C(N=C2N)(c1cc(C#N)c(OC)c(c1)C)c1cc(ccc1)-c1cncnc1,COc1c(C)cc(C2(c3cccc(-c4cncnc4)c3)N=C(N)c3ccccc32)cc1C#N,fluoro_aromatic,628,0.7057007551193237,0.3834616541862488,-0.32223910093307495,0.32223910093307495,0.7057007551193237,0.3834616541862488,-0.32223910093307495,4.482200000000003,4.343100000000002,-0.1391000000000009
Fc1ccc(cc1C#CCF)[C@]1(N=C(N)N(C)C1=O)c1cc(C)c(OC(F)F)cc1,Cc1cc([C@]2(c3cccc(C#CCF)c3)N=C(N)N(C)C2=O)ccc1OC(F)F,fluoro_aromatic,480,0.7060807347297668,0.7042282223701477,-0.0018525123596191406,0.0018525123596191406,0.7060807347297668,0.7042282223701477,-0.0018525123596191406,3.086820000000002,2.9477200000000012,-0.1391000000000009
S(=O)(=O)(N(C)c1cc(cc(c1)COCC([NH3+])(Cc1ccccc1)COC)C(=O)NC(C)c1ccc(F)cc1)C,COCC([NH3+])(COCc1cc(C(=O)NC(C)c2ccccc2)cc(N(C)S(C)(=O)=O)c1)Cc1ccccc1,fluoro_aromatic,1467,0.3438500761985779,0.6946568489074707,0.3508067727088928,0.3508067727088928,0.3438500761985779,0.6946568489074707,0.3508067727088928,3.0989000000000013,2.9598000000000013,-0.1391
Clc1cc(cnc1)-c1cc2c(CC(CC23N=C(SC3)N)(C)C)cc1,CC1(C)Cc2ccc(-c3cccnc3)cc2C2(CSC(N)=N2)C1,aromatic_chloro,1174,0.18507477641105652,0.18458591401576996,-0.0004888623952865601,0.0004888623952865601,0.18507477641105652,0.18458591401576996,-0.0004888623952865601,4.631200000000003,3.977800000000002,-0.6534000000000013
Fc1ccc(OC)cc1-c1cc2c(OC(CC23N=C(N)N(C)C3=O)(C)C)cc1,COc1cccc(-c2ccc3c(c2)C2(CC(C)(C)O3)N=C(N)N(C)C2=O)c1,fluoro_aromatic,693,0.7058027982711792,0.3656269311904907,-0.3401758670806885,0.3401758670806885,0.7058027982711792,0.3656269311904907,-0.3401758670806885,3.0444000000000013,2.9053000000000004,-0.1391000000000009
S1(=O)CC(Cc2cc(OC(COC)C(F)(F)F)c(N)c(F)c2)C(O)C([NH2+]Cc2cc(OC(C)C)ccc2)C1,COCC(Oc1cc(CC2CS(=O)CC([NH2+]Cc3cccc(OC(C)C)c3)C2O)ccc1N)C(F)(F)F,fluoro_aromatic,752,0.7061129808425903,0.7060412764549255,-7.170438766479492e-05,7.170438766479492e-05,0.7061129808425903,0.7060412764549255,-7.170438766479492e-05,2.5653000000000006,2.4262000000000006,-0.1391
S1(=O)(=O)N(C2(CC([NH+](CC2)Cc2cc(OC(C)C)ccc2)C)CN1c1cccnc1)c1cc(F)ccc1,CC(C)Oc1cccc(C[NH+]2CCC3(CC2C)CN(c2cccnc2)S(=O)(=O)N3c2ccccc2)c1,fluoro_aromatic,1223,0.1847509890794754,0.190766379237175,0.006015390157699585,0.006015390157699585,0.1847509890794754,0.190766379237175,0.006015390157699585,3.5855000000000032,3.4464000000000024,-0.1391000000000009
S1(=O)(=O)CC(Cc2cc(CCC(F)(F)F)c(N)c(F)c2)C(O)C([NH2+]Cc2cc(ccc2)C(C)(C)C)C1,CC(C)(C)c1cccc(C[NH2+]C2CS(=O)(=O)CC(Cc3ccc(N)c(CCC(F)(F)F)c3)C2O)c1,fluoro_aromatic,830,0.706166684627533,0.7053346633911133,-0.0008320212364196777,0.0008320212364196777,0.706166684627533,0.7053346633911133,-0.0008320212364196777,3.2805000000000017,3.1414000000000017,-0.1391
S1(=O)(=O)N(C2(CC([NH+](CC2)Cc2cc(OC(C)C)ccc2)C)CN1CC)c1cc(F)ccc1,CCN1CC2(CC[NH+](Cc3cccc(OC(C)C)c3)C(C)C2)N(c2ccccc2)S1(=O)=O,fluoro_aromatic,1156,0.18407076597213745,0.18480698764324188,0.0007362216711044312,0.0007362216711044312,0.18407076597213745,0.18480698764324188,0.0007362216711044312,3.0058000000000016,2.8667000000000016,-0.1391
Clc1cc(cnc1)-c1cc(ccc1)C12N=C(OC1COCC2)N,NC1=NC2(c3cccc(-c4cccnc4)c3)CCOCC2O1,aromatic_chloro,1437,0.18462887406349182,0.18477587401866913,0.00014699995517730713,0.00014699995517730713,0.18462887406349182,0.18477587401866913,0.00014699995517730713,2.7311000000000005,2.0776999999999997,-0.6534000000000009
Fc1cc(cc(F)c1)CC(NC(=O)C)C(O)C[NH2+]C1(CC1)c1cc(ccc1)C1OCCOC1,CC(=O)NC(Cc1cccc(F)c1)C(O)C[NH2+]C1(c2cccc(C3COCCO3)c2)CC1,fluoro_aromatic,1244,0.1840219646692276,0.1866004914045334,0.002578526735305786,0.002578526735305786,0.1840219646692276,0.1866004914045334,0.002578526735305786,1.7134999999999996,1.5743999999999998,-0.13909999999999978
O=C([O-])[C@@H](\[NH+]=C\1/NC(Cc2c/1cccc2)(C)C)Cc1ccccc1,[H]C(Cc1ccccc1)/[NH+]=C1\NC(C)(C)Cc2ccccc21,carboxylic_acid,176,0.1850048452615738,0.18507204949855804,6.720423698425293e-05,6.720423698425293e-05,0.1850048452615738,0.18507204949855804,6.720423698425293e-05,-0.20069999999999655,1.6808,1.8814999999999966
Fc1cc(cc(F)c1)CC(NC(=O)C(N1CCC(C(O)CCC)C1=O)C)C(O)C1[NH2+]CC(O)C1,CCCC(O)C1CCN(C(C)C(=O)NC(Cc2cccc(F)c2)C(O)C2CC(O)C[NH2+]2)C1=O,fluoro_aromatic,621,0.7006401419639587,0.7056946754455566,0.0050545334815979,0.0050545334815979,0.7006401419639587,0.7056946754455566,0.0050545334815979,-0.5523999999999971,-0.6914999999999978,-0.13910000000000067
Clc1cc(ccc1)CN1C(=O)[C@](NC1=N)(CC(C)C)C,CC(C)C[C@@]1(C)NC(=N)N(Cc2ccccc2)C1=O,aromatic_chloro,193,0.1852956861257553,0.18536096811294556,6.528198719024658e-05,6.528198719024658e-05,0.1852956861257553,0.18536096811294556,6.528198719024658e-05,3.011370000000001,2.357970000000001,-0.6534000000000004
Clc1cc2CC(N=C(NC(Cc3ccccc3)c3ncccn3)c2cc1)(C)C,CC1(C)Cc2ccccc2C(NC(Cc2ccccc2)c2ncccn2)=N1,aromatic_chloro,1476,0.1846202164888382,0.1844005286693573,-0.000219687819480896,0.000219687819480896,0.1846202164888382,0.1844005286693573,-0.000219687819480896,4.784900000000003,4.1315000000000035,-0.6533999999999995
Fc1cc(cc(F)c1)CC(NC(=O)C)C(O)C[NH2+]C1(CCC(NC(OC)=O)CC1)c1cc(ccc1)C(C)(C)C,COC(=O)NC1CCC([NH2+]CC(O)C(Cc2cccc(F)c2)NC(C)=O)(c2cccc(C(C)(C)C)c2)CC1,fluoro_aromatic,901,0.3069511353969574,0.4641753137111664,0.15722417831420898,0.15722417831420898,0.3069511353969574,0.4641753137111664,0.15722417831420898,3.427900000000003,3.288800000000003,-0.1391
Clc1cnc(nc1)C(=O)Nc1cc(C2(N=C(OCC2(F)F)N)C)c(F)cc1,CC1(c2cc(NC(=O)c3ncccn3)ccc2F)N=C(N)OCC1(F)F,aromatic_chloro,707,0.7058394551277161,0.7052412033081055,-0.0005982518196105957,0.0005982518196105957,0.7058394551277161,0.7052412033081055,-0.0005982518196105957,2.716800000000001,2.0633999999999997,-0.6534000000000013
Clc1cnc(nc1)C(=O)Nc1cc(C2(N=C(OCC2(F)F)N)C)c(F)cc1,CC1(c2cccc(NC(=O)c3ncc(Cl)cn3)c2)N=C(N)OCC1(F)F,fluoro_aromatic,707,0.7057707905769348,0.7049705386161804,-0.0008002519607543945,0.0008002519607543945,0.7057707905769348,0.7049705386161804,-0.0008002519607543945,2.716800000000001,2.577700000000001,-0.1391
Fc1ncccc1-c1cc(ccc1)C1(N=C(N)N(C)C1=O)c1ccc(OC(F)(F)F)cc1,CN1C(=O)C(c2ccc(OC(F)(F)F)cc2)(c2cccc(-c3cccnc3)c2)N=C1N,fluoro_aromatic,687,0.7060208320617676,0.18463782966136932,-0.5213830024003983,0.5213830024003983,0.7060208320617676,0.18463782966136932,-0.5213830024003983,3.816600000000002,3.677500000000002,-0.1391
Clc1ccc(nc1)C(=O)Nc1cc(ccc1)C1(N=C(N)CNC1=O)C,CC1(c2cccc(NC(=O)c3ccccn3)c2)N=C(N)CNC1=O,aromatic_chloro,953,0.18671901524066925,0.18480132520198822,-0.0019176900386810303,0.0019176900386810303,0.18671901524066925,0.18480132520198822,-0.0019176900386810303,1.6894999999999991,1.0360999999999998,-0.6533999999999993
S(=O)(=O)(N(C)c1cc(cc(c1)C(OC[C@]([NH3+])(Cc1ccccc1)CO)=O)C(=O)N[C@H](C)c1ccc(F)cc1)C,C[C@@H](NC(=O)c1cc(C(=O)OC[C@@]([NH3+])(CO)Cc2ccccc2)cc(N(C)S(C)(=O)=O)c1)c1ccccc1,fluoro_aromatic,118,0.20271435379981995,0.30699455738067627,0.10428020358085632,0.10428020358085632,0.20271435379981995,0.30699455738067627,0.10428020358085632,2.0850000000000004,1.9459000000000015,-0.1390999999999989
S(=O)(=O)(N(C)c1cc(cc(c1)C(OC[C@]([NH3+])(Cc1ccccc1)CO)=O)C(=O)N[C@H](C)c1ccc(F)cc1)C,[H][C@]([NH3+])(COC(=O)c1cc(C(=O)N[C@H](C)c2ccc(F)cc2)cc(N(C)S(C)(=O)=O)c1)Cc1ccccc1,hydroxyl,118,0.19215451180934906,0.5242038369178772,0.33204932510852814,0.33204932510852814,0.19215451180934906,0.5242038369178772,0.33204932510852814,2.0850000000000004,2.722500000000002,0.6375000000000015
Fc1ccc(cc1-c1cncnc1)[C@]1([NH+]=C(N)c2c1cccc2F)c1cc(ncc1)C(F)(F)F,NC1=[NH+][C@@](c2cccc(-c3cncnc3)c2)(c2ccnc(C(F)(F)F)c2)c2cccc(F)c21,fluoro_aromatic,116,0.7054164409637451,0.18404261767864227,-0.5213738232851028,0.5213738232851028,0.7054164409637451,0.18404261767864227,-0.5213738232851028,2.9270000000000005,2.7879000000000014,-0.1390999999999991
Clc1cc(cnc1)-c1cc2c(CC(CC23N=C(OC3)N)(C)C)cc1,CC1(C)Cc2ccc(-c3cccnc3)cc2C2(COC(N)=N2)C1,aromatic_chloro,1049,0.18559929728507996,0.1847248673439026,-0.0008744299411773682,0.0008744299411773682,0.18559929728507996,0.1847248673439026,-0.0008744299411773682,3.9146000000000027,3.2612000000000014,-0.6534000000000013
Fc1ccc(cc1-c1cncnc1)[C@@]1(N=C(N)N(C)C1=O)c1ccc(OC(F)(F)F)cc1,CN1C(=O)[C@](c2ccc(OC(F)(F)F)cc2)(c2cccc(-c3cncnc3)c2)N=C1N,fluoro_aromatic,1130,0.7058419585227966,0.1849658489227295,-0.5208761096000671,0.5208761096000671,0.7058419585227966,0.1849658489227295,-0.5208761096000671,3.2116000000000007,3.0725000000000007,-0.1391
ClC1=CN=C(NC1=O)C(NC1=NC(Cc2c1ccc(Cl)c2)(C)C)Cc1ccccc1,CC1(C)Cc2cc(Cl)ccc2C(NC(Cc2ccccc2)c2nccc(=O)[nH]2)=N1,aromatic_chloro,1012,0.18825571238994598,0.18454475700855255,-0.0037109553813934326,0.0037109553813934326,0.18825571238994598,0.18454475700855255,-0.0037109553813934326,4.731600000000004,4.078200000000003,-0.6534000000000004
Fc1ccc(cc1C#CC)[C@]1(N=C(N)N(C)C1=O)c1ccc(OC(F)F)cc1,CC#Cc1cccc([C@@]2(c3ccc(OC(F)F)cc3)N=C(N)N(C)C2=O)c1,fluoro_aromatic,627,0.7061372399330139,0.6837546825408936,-0.02238255739212036,0.02238255739212036,0.7061372399330139,0.6837546825408936,-0.02238255739212036,2.828800000000001,2.689700000000001,-0.1391
Clc1cc(cc(F)c1)-c1cc(ccc1)C12N=C(OC1COCC2)N,NC1=NC2(c3cccc(-c4cccc(F)c4)c3)CCOCC2O1,aromatic_chloro,1353,0.1847071498632431,0.18491484224796295,0.00020769238471984863,0.00020769238471984863,0.1847071498632431,0.18491484224796295,0.00020769238471984863,3.4752000000000036,2.8218000000000005,-0.6534000000000031
Clc1cc(cc(F)c1)-c1cc(ccc1)C12N=C(OC1COCC2)N,NC1=NC2(c3cccc(-c4cccc(Cl)c4)c3)CCOCC2O1,fluoro_aromatic,1353,0.18472319841384888,0.1846710741519928,-5.21242618560791e-05,5.21242618560791e-05,0.18472319841384888,0.1846710741519928,-5.21242618560791e-05,3.4752000000000036,3.336100000000002,-0.13910000000000178
Fc1cc(cc(F)c1)CC(NC(=O)C)C(O)C[NH2+]C1(CCCCC1)c1ncnc(c1)C(C)(C)C,CC(=O)NC(Cc1cccc(F)c1)C(O)C[NH2+]C1(c2cc(C(C)(C)C)ncn2)CCCCC1,fluoro_aromatic,1196,0.18399140238761902,0.3594547212123871,0.17546331882476807,0.17546331882476807,0.18399140238761902,0.3594547212123871,0.17546331882476807,2.883400000000001,2.744300000000001,-0.1391
Fc1cc(cc(F)c1)CC(NC(=O)C)C(O)C[NH2+]C1(CCC(O)CC1)c1cc(ccc1)C(C)(C)C,CC(=O)NC(Cc1cccc(F)c1)C(O)C[NH2+]C1(c2cccc(C(C)(C)C)c2)CCC(O)CC1,fluoro_aromatic,510,0.18430744111537933,0.1847958266735077,0.0004883855581283569,0.0004883855581283569,0.18430744111537933,0.1847958266735077,0.0004883855581283569,3.0642000000000014,2.9251000000000014,-0.1391
Fc1cc(cc(F)c1)CC(NC(=O)C)C(O)C[NH2+]C1(CCCCC1)c1cc(ccc1)-c1occc1,CC(=O)NC(Cc1cccc(F)c1)C(O)C[NH2+]C1(c2cccc(-c3ccco3)c2)CCCCC1,fluoro_aromatic,1096,0.18391430377960205,0.18403995037078857,0.00012564659118652344,0.00012564659118652344,0.18391430377960205,0.18403995037078857,0.00012564659118652344,4.055900000000003,3.916800000000002,-0.1391000000000009
Clc1cc2CC(N=C(NC(Cc3ccccc3)c3nc(ccn3)C)c2cc1)(C)C,Cc1ccnc(C(Cc2ccccc2)NC2=NC(C)(C)Cc3ccccc32)n1,aromatic_chloro,1494,0.1844377964735031,0.18457649648189545,0.00013870000839233398,0.00013870000839233398,0.1844377964735031,0.18457649648189545,0.00013870000839233398,5.093320000000005,4.439920000000003,-0.6534000000000013
Fc1ccc(nc1)C(=O)Nc1cc(ccc1)C12N=C(OC1COCC2)N,NC1=NC2(c3cccc(NC(=O)c4ccccn4)c3)CCOCC2O1,fluoro_aromatic,1402,0.1846756786108017,0.18446481227874756,-0.00021086633205413818,0.00021086633205413818,0.1846756786108017,0.18446481227874756,-0.00021086633205413818,1.8020999999999998,1.6629999999999998,-0.1391
Clc1ccccc1-c1n(Cc2nc(N)ccc2)c(cc1)-c1ccc(Oc2ccncc2)cc1,Nc1cccc(Cn2c(-c3ccccc3)ccc2-c2ccc(Oc3ccncc3)cc2)n1,aromatic_chloro,1018,0.18437127768993378,0.18433593213558197,-3.534555435180664e-05,3.534555435180664e-05,0.18437127768993378,0.18433593213558197,-3.534555435180664e-05,6.6883000000000035,6.034900000000004,-0.6533999999999995
Fc1ccc(NC(=O)c2ncc(OCC)cc2)cc1[C@]1(N=C(OCC1(F)F)N)C,CCOc1ccc(C(=O)Nc2cccc([C@@]3(C)N=C(N)OCC3(F)F)c2)nc1,fluoro_aromatic,111,0.7057809829711914,0.705605149269104,-0.00017583370208740234,0.00017583370208740234,0.7057809829711914,0.705605149269104,-0.00017583370208740234,3.0671000000000017,2.928000000000001,-0.1391000000000009
S1(=O)(=O)CC(Cc2cc(OC(C(F)(F)F)C(F)(F)F)c(N)c(F)c2)C(O)C([NH2+]Cc2cn(nc2)CC(C)(C)C)C1,CC(C)(C)Cn1cc(C[NH2+]C2CS(=O)(=O)CC(Cc3ccc(N)c(OC(C(F)(F)F)C(F)(F)F)c3)C2O)cn1,fluoro_aromatic,599,0.7061877250671387,0.7062844038009644,9.66787338256836e-05,9.66787338256836e-05,0.7061877250671387,0.7062844038009644,9.66787338256836e-05,2.6027000000000005,2.4635999999999996,-0.1391000000000009
Fc1ncccc1-c1cc(ccc1)C1(N=C(N)N(C)C1=O)c1cn(nc1)CCF,CN1C(=O)C(c2cccc(-c3cccnc3)c2)(c2cnn(CCF)c2)N=C1N,fluoro_aromatic,667,0.7059423327445984,0.18470025062561035,-0.521242082118988,0.521242082118988,0.7059423327445984,0.18470025062561035,-0.521242082118988,2.0839999999999996,1.9448999999999996,-0.1391
Clc1cc(cc(Cl)c1NC(=O)C)C\N=C(\NC(=O)Cn1c2c(cccc2)cc1)/N,CC(=O)Nc1ccc(C/N=C(\N)NC(=O)Cn2ccc3ccccc32)cc1Cl,aromatic_chloro,142,0.20069743692874908,0.5052882432937622,0.3045908063650131,0.3045908063650131,0.20069743692874908,0.5052882432937622,0.3045908063650131,3.537600000000001,2.8842,-0.6534000000000013
s1c(ccc1-c1cc(C#N)c(F)cc1)C12N=C(N)N(C)C(=O)C1CN(C2)c1ccccc1,CN1C(=O)C2CN(c3ccccc3)CC2(c2ccc(-c3cccc(C#N)c3)s2)N=C1N,fluoro_aromatic,230,0.7053495049476624,0.1842358112335205,-0.5211136937141418,0.5211136937141418,0.7053495049476624,0.1842358112335205,-0.5211136937141418,3.544280000000003,3.405180000000003,-0.1391
Clc1ccccc1-c1n(Cc2nc(N)ccc2)c(cc1)-c1ccc(Nc2cncnc2)cc1,Nc1cccc(Cn2c(-c3ccccc3)ccc2-c2ccc(Nc3cncnc3)cc2)n1,aromatic_chloro,1081,0.18555070459842682,0.1844910979270935,-0.001059606671333313,0.001059606671333313,0.18555070459842682,0.1844910979270935,-0.001059606671333313,6.034600000000004,5.381200000000003,-0.6534000000000004
Clc1cc2CC(N=C(NC(Cc3cscc3-c3cn(nc3)C)C(=O)[O-])c2cc1)(C)C,Cn1cc(-c2cscc2CC(NC2=NC(C)(C)Cc3ccccc32)C(=O)[O-])cn1,aromatic_chloro,1094,0.18486428260803223,0.18771256506443024,0.0028482824563980103,0.0028482824563980103,0.18486428260803223,0.18771256506443024,0.0028482824563980103,2.8341000000000003,2.1807,-0.6534000000000004
Clc1cc2CC(N=C(NC(Cc3cscc3-c3cn(nc3)C)C(=O)[O-])c2cc1)(C)C,[H]C(Cc1cscc1-c1cnn(C)c1)NC1=NC(C)(C)Cc2cc(Cl)ccc21,carboxylic_acid,1094,0.1842373013496399,0.18481871485710144,0.0005814135074615479,0.0005814135074615479,0.1842373013496399,0.18481871485710144,0.0005814135074615479,2.8341000000000003,4.715600000000004,1.8815000000000035
FC(F)Oc1ccc(cc1)[C@@]1(N=C(N)N(C)C1=O)c1cc(ccc1)C#CCCCCO,[H]CCCC#Cc1cccc([C@@]2(c3ccc(OC(F)F)cc3)N=C(N)N(C)C2=O)c1,hydroxyl,377,0.7059784531593323,0.6971065402030945,-0.008871912956237793,0.008871912956237793,0.7059784531593323,0.6971065402030945,-0.008871912956237793,2.832400000000001,3.4699000000000018,0.6375000000000006
Fc1cc(cc(F)c1)CC(NC(=O)C(N1CCC(C(C)C)C1=O)C)C(O)C1[NH2+]CC(OCCC)C1,CCCOC1C[NH2+]C(C(O)C(Cc2cccc(F)c2)NC(=O)C(C)N2CCC(C(C)C)C2=O)C1,fluoro_aromatic,859,0.7026689052581787,0.38941115140914917,-0.31325775384902954,0.31325775384902954,0.7026689052581787,0.38941115140914917,-0.31325775384902954,1.3769000000000016,1.237800000000002,-0.13909999999999956
Clc1cc2CC([NH+]=C(N[C@@H](C[C@H]3[C@H](SC=C3c3cn[nH]c3)CCC)C(=O)[O-])c2cc1)(C)C,CCC[C@H]1SC=C(c2cn[nH]c2)[C@H]1C[C@H](NC1=[NH+]C(C)(C)Cc2ccccc21)C(=O)[O-],aromatic_chloro,26,0.18430757522583008,0.19074013829231262,0.006432563066482544,0.006432563066482544,0.18430757522583008,0.19074013829231262,0.006432563066482544,1.896,1.2426000000000006,-0.6533999999999993
Clc1cc2CC([NH+]=C(N[C@@H](C[C@H]3[C@H](SC=C3c3cn[nH]c3)CCC)C(=O)[O-])c2cc1)(C)C,[H]C(C[C@@H]1C(c2cn[nH]c2)=CS[C@@H]1CCC)NC1=[NH+]C(C)(C)Cc2cc(Cl)ccc21,carboxylic_acid,26,0.18596138060092926,0.18467937409877777,-0.0012820065021514893,0.0012820065021514893,0.18596138060092926,0.18467937409877777,-0.0012820065021514893,1.896,3.7775000000000034,1.8815000000000035
Fc1cc(cnc1)-c1cc2c(OC(CC23N=C(N)N(C)C3=O)(C)C)cc1,CN1C(=O)C2(CC(C)(C)Oc3ccc(-c4cccnc4)cc32)N=C1N,fluoro_aromatic,846,0.7057669758796692,0.18509450554847717,-0.520672470331192,0.520672470331192,0.7057669758796692,0.18509450554847717,-0.520672470331192,2.4307999999999996,2.2916999999999996,-0.1391
S1(=O)CC(Cc2cc(OC(COC)C(F)(F)F)c(N)c(F)c2)C(O)C([NH2+]Cc2noc(c2)CC(C)(C)C)C1,COCC(Oc1cc(CC2CS(=O)CC([NH2+]Cc3cc(CC(C)(C)C)on3)C2O)ccc1N)C(F)(F)F,fluoro_aromatic,457,0.7060089707374573,0.7060399055480957,3.0934810638427734e-05,3.0934810638427734e-05,0.7060089707374573,0.7060399055480957,3.0934810638427734e-05,2.3547000000000002,2.2155999999999993,-0.1391000000000009
Fc1cc(cc(F)c1)CC(NC(=O)C)C(O)C[NH2+]C1(CCCCC1)c1cc(N2CCCNC2=O)ccc1,CC(=O)NC(Cc1cccc(F)c1)C(O)C[NH2+]C1(c2cccc(N3CCCNC3=O)c2)CCCCC1,fluoro_aromatic,1086,0.18440093100070953,0.19016599655151367,0.005765065550804138,0.005765065550804138,0.18440093100070953,0.19016599655151367,0.005765065550804138,2.7156000000000002,2.5765000000000002,-0.1391
Fc1ccc(NC(=O)c2ncc(cc2)C#N)cc1[C@]1(N=C(O[C@H](C1)C(F)(F)F)N)C,C[C@@]1(c2cccc(NC(=O)c3ccc(C#N)cn3)c2)C[C@H](C(F)(F)F)OC(N)=N1,fluoro_aromatic,140,0.7057589292526245,0.36643484234809875,-0.33932408690452576,0.33932408690452576,0.7057589292526245,0.36643484234809875,-0.33932408690452576,3.225780000000001,3.0866800000000003,-0.1391000000000009
FC1(F)COC(=NC1(C)c1cc(NC(=O)c2nn(cc2)C(F)F)ccc1F)N,CC1(c2cccc(NC(=O)c3ccn(C(F)F)n3)c2)N=C(N)OCC1(F)F,fluoro_aromatic,601,0.7057470083236694,0.7048883438110352,-0.0008586645126342773,0.0008586645126342773,0.7057470083236694,0.7048883438110352,-0.0008586645126342773,2.865,2.7258999999999993,-0.1391000000000009
Fc1ccc(cc1C#CCCCF)[C@]1(N=C(N)N(C)C1=O)c1ccc(OC(F)F)cc1,CN1C(=O)[C@@](c2ccc(OC(F)F)cc2)(c2cccc(C#CCCCF)c2)N=C1N,fluoro_aromatic,41,0.7060190439224243,0.3301010727882385,-0.3759179711341858,0.3759179711341858,0.7060190439224243,0.3301010727882385,-0.3759179711341858,3.558600000000002,3.419500000000002,-0.1391
Fc1cc(cc(F)c1)CC(NC(=O)C)C(O)C[NH2+]C1(CC1)c1cc(N2C3CC(CC3)C2)ccc1,CC(=O)NC(Cc1cccc(F)c1)C(O)C[NH2+]C1(c2cccc(N3CC4CCC3C4)c2)CC1,fluoro_aromatic,1169,0.18408995866775513,0.19133062660694122,0.007240667939186096,0.007240667939186096,0.18408995866775513,0.19133062660694122,0.007240667939186096,2.6143,2.4752,-0.1391
O1CC(NC(=O)c2cc(cc(c2)C(=O)NCC\C=C\C1)C)C(O)C[NH2+]Cc1ccccc1,[H]c1cc(C)cc(C(=O)NCC/C=C/COCCC(O)C[NH2+]Cc2ccccc2)c1,amide,1335,0.2037581205368042,0.18551005423069,-0.018248066306114197,0.018248066306114197,0.2037581205368042,0.18551005423069,-0.018248066306114197,0.9242200000000013,2.2023200000000003,1.278099999999999
S1(=O)(=O)N(C2(CC([NH+](CC2)Cc2cc(OC(C)C)ccc2)C)CN1c1ccncc1)c1cc(F)ccc1,CC(C)Oc1cccc(C[NH+]2CCC3(CC2C)CN(c2ccncc2)S(=O)(=O)N3c2ccccc2)c1,fluoro_aromatic,1247,0.18438923358917236,0.18528199195861816,0.0008927583694458008,0.0008927583694458008,0.18438923358917236,0.18528199195861816,0.0008927583694458008,3.5855000000000032,3.4464000000000024,-0.1391000000000009
Fc1ccc(cc1-c1cccnc1)C1(N=C(N2C1=NCC(F)(F)C2)N)c1cc(C)c(OC)cc1,COc1ccc(C2(c3cccc(-c4cccnc4)c3)N=C(N)N3CC(F)(F)CN=C32)cc1C,fluoro_aromatic,603,0.7053188681602478,0.24799437820911407,-0.45732448995113373,0.45732448995113373,0.7053188681602478,0.24799437820911407,-0.45732448995113373,4.126020000000002,3.9869200000000022,-0.1391
Fc1ncccc1-c1cc(ccc1)[C@]1(N=C(OC1)N)c1ccc(OC)cc1,COc1ccc([C@@]2(c3cccc(-c4cccnc4)c3)COC(N)=N2)cc1,fluoro_aromatic,151,0.18470928072929382,0.18453103303909302,-0.00017824769020080566,0.00017824769020080566,0.18470928072929382,0.18453103303909302,-0.00017824769020080566,3.484800000000001,3.345700000000001,-0.1391
Fc1cc(cc(F)c1)CC(NC(=O)C)C(O)C[NH2+]C1(CC1)c1cc(ccc1)C(C)(C)C,CC(=O)NC(Cc1cccc(F)c1)C(O)C[NH2+]C1(c2cccc(C(C)(C)C)c2)CC1,fluoro_aromatic,841,0.18460407853126526,0.18609941005706787,0.0014953315258026123,0.0014953315258026123,0.18460407853126526,0.18609941005706787,0.0014953315258026123,2.9231000000000007,2.7840000000000007,-0.1391
Fc1cc(cc(F)c1)C[C@H](NC(=O)C)[C@H](O)C[NH2+]C(C)(C)c1cc(ccc1)C(C)(C)C,CC(=O)N[C@@H](Cc1cccc(F)c1)[C@H](O)C[NH2+]C(C)(C)c1cccc(C(C)(C)C)c1,fluoro_aromatic,881,0.18449227511882782,0.2589372992515564,0.07444502413272858,0.07444502413272858,0.18449227511882782,0.2589372992515564,0.07444502413272858,3.169100000000001,3.030000000000001,-0.1391
Fc1ccc(NC(=O)c2ncc(cc2)C#N)cc1[C@]1(N=C(OCC1)N)C,C[C@@]1(c2cccc(NC(=O)c3ccc(C#N)cn3)c2)CCOC(N)=N1,fluoro_aromatic,77,0.7054046392440796,0.2128002792596817,-0.4926043599843979,0.4926043599843979,0.7054046392440796,0.2128002792596817,-0.4926043599843979,2.29488,2.15578,-0.1391
Fc1cc(cc(F)c1)CC(NC(=O)C)C(O)C[NH2+]C1(CCCN(C1)C(=O)N)c1cc(ccc1)C(C)(C)C,CC(=O)NC(Cc1cccc(F)c1)C(O)C[NH2+]C1(c2cccc(C(C)(C)C)c2)CCCN(C(N)=O)C1,fluoro_aromatic,944,0.21562141180038452,0.18903331458568573,-0.02658809721469879,0.02658809721469879,0.21562141180038452,0.18903331458568573,-0.02658809721469879,2.3038000000000016,2.1647000000000016,-0.1391
S1(=O)(=O)CC(Cc2cc(OC(C(F)(F)F)C(F)(F)F)c(N)c(F)c2)C(O)C([NH2+]Cc2cc(ccc2)C(C)(C)C)C1,CC(C)(C)c1cccc(C[NH2+]C2CS(=O)(=O)CC(Cc3ccc(N)c(OC(C(F)(F)F)C(F)(F)F)c3)C2O)c1,fluoro_aromatic,262,0.7061777710914612,0.7062268853187561,4.9114227294921875e-05,4.9114227294921875e-05,0.7061777710914612,0.7062268853187561,4.9114227294921875e-05,3.657600000000002,3.518500000000002,-0.1391
Clc1cc(cc(F)c1)-c1cc(ccc1)C12N=C(OC1CCCC2)N,NC1=NC2(c3cccc(-c4cccc(F)c4)c3)CCCCC2O1,aromatic_chloro,1398,0.184675931930542,0.18500202894210815,0.0003260970115661621,0.0003260970115661621,0.184675931930542,0.18500202894210815,0.0003260970115661621,4.628900000000005,3.975500000000002,-0.6534000000000031
Clc1cc(cc(F)c1)-c1cc(ccc1)C12N=C(OC1CCCC2)N,NC1=NC2(c3cccc(-c4cccc(Cl)c4)c3)CCCCC2O1,fluoro_aromatic,1398,0.1846630722284317,0.18472565710544586,6.258487701416016e-05,6.258487701416016e-05,0.1846630722284317,0.18472565710544586,6.258487701416016e-05,4.628900000000005,4.489800000000003,-0.13910000000000178
Fc1ncccc1-c1cc(ccc1)[C@]1([NH+]=C(N2C1=NCCC2)N)c1cc2OCCOc2cc1,NC1=[NH+][C@@](c2cccc(-c3cccnc3)c2)(c2ccc3c(c2)OCCO3)C2=NCCCN21,fluoro_aromatic,876,0.5561282634735107,0.18423432111740112,-0.3718939423561096,0.3718939423561096,0.5561282634735107,0.18423432111740112,-0.3718939423561096,1.4155999999999997,1.2764999999999995,-0.13910000000000022
Fc1cc(cc(F)c1)CC(NC(=O)C)C(O)C[NH2+]C1(CCOCC1)c1cc(ccc1)C(C)(C)C,CC(=O)NC(Cc1cccc(F)c1)C(O)C[NH2+]C1(c2cccc(C(C)(C)C)c2)CCOCC1,fluoro_aromatic,695,0.18395431339740753,0.18864740431308746,0.004693090915679932,0.004693090915679932,0.18395431339740753,0.18864740431308746,0.004693090915679932,2.939700000000002,2.800600000000002,-0.1391
Fc1cc(cc(F)c1)CC(NC(=O)c1cc(cc(c1)C)C(=O)N(CCC)CCC)C(O)C1[NH2+]CC[NH2+]C1,CCCN(CCC)C(=O)c1cc(C)cc(C(=O)NC(Cc2cccc(F)c2)C(O)C2C[NH2+]CC[NH2+]2)c1,fluoro_aromatic,995,0.7062570452690125,0.7056382894515991,-0.0006187558174133301,0.0006187558174133301,0.7062570452690125,0.7056382894515991,-0.0006187558174133301,0.7464200000000034,0.6073200000000035,-0.1390999999999999
Clc1cc(cc(Cl)c1NC(=O)C)CNC(=[NH2+])NC(=O)Cn1c2c(cccc2)cc1,CC(=O)Nc1ccc(CNC(=[NH2+])NC(=O)Cn2ccc3ccccc32)cc1Cl,aromatic_chloro,1089,0.18604066967964172,0.5260331630706787,0.339992493391037,0.339992493391037,0.18604066967964172,0.5260331630706787,0.339992493391037,1.9275999999999998,1.2742000000000002,-0.6533999999999995
S1(=O)(=O)CC(Cc2cc(F)c(N)cc2)C(O)C([NH2+]Cc2cc(ccc2)C(C)(C)C)C1,CC(C)(C)c1cccc(C[NH2+]C2CS(=O)(=O)CC(Cc3ccc(N)cc3)C2O)c1,fluoro_aromatic,956,0.3263062834739685,0.3456624448299408,0.01935616135597229,0.01935616135597229,0.3263062834739685,0.3456624448299408,0.01935616135597229,1.7856000000000005,1.6465000000000007,-0.13909999999999978
Brc1sccc1CC(NC1=NC(Cc2c1ccc(Cl)c2)(C)C)C(=O)[O-],CC1(C)Cc2ccccc2C(NC(Cc2ccsc2Br)C(=O)[O-])=N1,aromatic_chloro,1318,0.18469955027103424,0.18459250032901764,-0.00010704994201660156,0.00010704994201660156,0.18469955027103424,0.18459250032901764,-0.00010704994201660156,3.1961000000000013,2.5427,-0.6534000000000013
Brc1sccc1CC(NC1=NC(Cc2c1ccc(Cl)c2)(C)C)C(=O)[O-],[H]C(Cc1ccsc1Br)NC1=NC(C)(C)Cc2cc(Cl)ccc21,carboxylic_acid,1318,0.18476265668869019,0.18496640026569366,0.000203743577003479,0.000203743577003479,0.18476265668869019,0.18496640026569366,0.000203743577003479,3.1961000000000013,5.077600000000003,1.8815000000000017
Fc1cc(cc(F)c1)CC(NC(=O)C)C(O)C[NH2+]C1(CC1)c1nnn(c1)CC(C)(C)C,CC(=O)NC(Cc1cccc(F)c1)C(O)C[NH2+]C1(c2cn(CC(C)(C)C)nn2)CC1,fluoro_aromatic,983,0.18438838422298431,0.3785651922225952,0.1941768079996109,0.1941768079996109,0.18438838422298431,0.3785651922225952,0.1941768079996109,1.2631999999999999,1.1241,-0.13909999999999978
Clc1cc2CC(N=C(NC(Cc3ccccc3)C=3NC(=O)c4c(N=3)ccnc4)c2cc1)(C)C,CC1(C)Cc2ccccc2C(NC(Cc2ccccc2)c2nc3ccncc3c(=O)[nH]2)=N1,aromatic_chloro,866,0.18430787324905396,0.184434711933136,0.00012683868408203125,0.00012683868408203125,0.18430787324905396,0.184434711933136,0.00012683868408203125,4.626400000000004,3.9730000000000025,-0.6534000000000013
Clc1ccc(nc1)C(=O)Nc1cc(C2(N=C(N)CCOC2)C)c(F)cc1,CC1(c2cc(NC(=O)c3ccccn3)ccc2F)COCCC(N)=N1,aromatic_chloro,644,0.7059304118156433,0.19741979241371155,-0.5085106194019318,0.5085106194019318,0.7059304118156433,0.19741979241371155,-0.5085106194019318,3.1191000000000013,2.4657,-0.6534000000000013
Clc1ccc(nc1)C(=O)Nc1cc(C2(N=C(N)CCOC2)C)c(F)cc1,CC1(c2cccc(NC(=O)c3ccc(Cl)cn3)c2)COCCC(N)=N1,fluoro_aromatic,644,0.7059069275856018,0.1856892704963684,-0.5202176570892334,0.5202176570892334,0.7059069275856018,0.1856892704963684,-0.5202176570892334,3.1191000000000013,2.9800000000000013,-0.1391
Clc1ccccc1-c1n(Cc2nc(N)ccc2)c(cc1)-c1ccc(OCCCC)cc1,CCCCOc1ccc(-c2ccc(-c3ccccc3)n2Cc2cccc(N)n2)cc1,aromatic_chloro,1151,0.18427933752536774,0.18403968214988708,-0.00023965537548065186,0.00023965537548065186,0.18427933752536774,0.18403968214988708,-0.00023965537548065186,6.679900000000004,6.026500000000005,-0.6533999999999995
O1CC(NC(=O)c2cc(cc(c2)C(=O)NCC\C=C\C1)C)C(O)C[NH2+]Cc1cc(ccc1)C(C)C,[H]c1cc(C)cc(C(=O)NCC/C=C/COCCC(O)C[NH2+]Cc2cccc(C(C)C)c2)c1,amide,998,0.5899803042411804,0.19461461901664734,-0.3953656852245331,0.3953656852245331,0.5899803042411804,0.19461461901664734,-0.3953656852245331,2.04762,3.3257200000000022,1.278100000000002
Clc1cc(ccc1)-c1cc2c(OC(C[C@@]23N=C(N)N(C)C3=O)(C)C)cc1,CN1C(=O)[C@]2(CC(C)(C)Oc3ccc(-c4ccccc4)cc32)N=C1N,aromatic_chloro,54,0.7044605016708374,0.1846606731414795,-0.5197998285293579,0.5197998285293579,0.7044605016708374,0.1846606731414795,-0.5197998285293579,3.5501000000000023,2.896700000000001,-0.6534000000000013
Brc1cc(cc(F)c1N)C[C@@H]1CS(=O)(=O)C[C@H]([NH2+]Cc2cc(ccc2)C(F)(F)C)[C@H]1O,CC(F)(F)c1cccc(C[NH2+][C@H]2CS(=O)(=O)C[C@@H](Cc3ccc(N)c(Br)c3)[C@@H]2O)c1,fluoro_aromatic,144,0.1919669806957245,0.6847304701805115,0.492763489484787,0.492763489484787,0.1919669806957245,0.6847304701805115,0.492763489484787,2.3623,2.2232,-0.1391
Fc1cc(cc(F)c1)CC(NC(=O)C(N1CCC(CCCC)C1=O)C)C(O)C1[NH2+]CC(O)C1,CCCCC1CCN(C(C)C(=O)NC(Cc2cccc(F)c2)C(O)C2CC(O)C[NH2+]2)C1=O,fluoro_aromatic,780,0.701452910900116,0.6895996332168579,-0.011853277683258057,0.011853277683258057,0.701452910900116,0.6895996332168579,-0.011853277683258057,0.47680000000000233,0.3377000000000027,-0.1390999999999996
Fc1cc(cc(F)c1)CC(NC(=O)C)C(O)C[NH2+]C1(CC1)c1nccc(c1)C(C)(C)C,CC(=O)NC(Cc1cccc(F)c1)C(O)C[NH2+]C1(c2cc(C(C)(C)C)ccn2)CC1,fluoro_aromatic,1031,0.1844789832830429,0.2874787151813507,0.1029997318983078,0.1029997318983078,0.1844789832830429,0.2874787151813507,0.1029997318983078,2.3181000000000003,2.1790000000000003,-0.1391
S(=O)(=O)(N(C)c1cc(cc(c1)C(=O)NC(C)c1ccc(F)cc1)-c1nc([nH]n1)C([NH3+])(Cc1ccccc1)C)C,CC(NC(=O)c1cc(-c2n[nH]c(C(C)([NH3+])Cc3ccccc3)n2)cc(N(C)S(C)(=O)=O)c1)c1ccccc1,fluoro_aromatic,1061,0.34067046642303467,0.6387346982955933,0.2980642318725586,0.2980642318725586,0.34067046642303467,0.6387346982955933,0.2980642318725586,3.197400000000002,3.058300000000001,-0.1391000000000009
s1cccc1C1([NH2+]CC(O)C(NC(=O)C)Cc2cc(F)cc(F)c2)CCCCC1,CC(=O)NC(Cc1cccc(F)c1)C(O)C[NH2+]C1(c2cccs2)CCCCC1,fluoro_aromatic,1410,0.18518026173114777,0.1857333779335022,0.0005531162023544312,0.0005531162023544312,0.18518026173114777,0.1857333779335022,0.0005531162023544312,2.857400000000001,2.718300000000001,-0.1391
Fc1c2c(ccc1)C(N=C2N)(c1cc(ccc1)-c1cncnc1)c1ccc(OC)cc1,COc1ccc(C2(c3cccc(-c4cncnc4)c3)N=C(N)c3ccccc32)cc1,fluoro_aromatic,834,0.2830747067928314,0.18449951708316803,-0.09857518970966339,0.09857518970966339,0.2830747067928314,0.18449951708316803,-0.09857518970966339,4.302100000000002,4.163000000000003,-0.1390999999999991
S1(=O)(=O)CC(Cc2cc(CCC)c(N)c(F)c2)C(O)C([NH2+]Cc2cc(ccc2)C(C)(C)C)C1,CCCc1cc(CC2CS(=O)(=O)CC([NH2+]Cc3cccc(C(C)(C)C)c3)C2O)ccc1N,fluoro_aromatic,829,0.70571368932724,0.6786342263221741,-0.027079463005065918,0.027079463005065918,0.70571368932724,0.6786342263221741,-0.027079463005065918,2.738100000000002,2.599000000000001,-0.1391000000000009
Fc1cc(cc(F)c1)C[C@H](NC(=O)C)[C@H](O)C[NH2+]C1(CC1)c1cc(ccc1)[C@H]1CCOC1,CC(=O)N[C@@H](Cc1cccc(F)c1)[C@H](O)C[NH2+]C1(c2cccc([C@H]3CCOC3)c2)CC1,fluoro_aromatic,1044,0.18398737907409668,0.18410316109657288,0.00011578202247619629,0.00011578202247619629,0.18398737907409668,0.18410316109657288,0.00011578202247619629,2.1295,1.9903999999999997,-0.13910000000000045
Fc1c2c(ccc1)C(N=C2N)(c1cc(ccc1)-c1cc(F)cnc1)c1ccncc1,NC1=NC(c2ccncc2)(c2cccc(-c3cncc(F)c3)c2)c2ccccc21,fluoro_aromatic,835,0.5988475680351257,0.18459674715995789,-0.41425082087516785,0.41425082087516785,0.5988475680351257,0.18459674715995789,-0.41425082087516785,4.432600000000003,4.2935000000000025,-0.1391000000000009
Fc1ncccc1-c1cc(ccc1)C1(N=C(N)N(C)C1=O)c1cn(nc1)CC(C)C,CC(C)Cn1cc(C2(c3cccc(-c4cccnc4)c3)N=C(N)N(C)C2=O)cn1,fluoro_aromatic,485,0.7058926820755005,0.7032450437545776,-0.0026476383209228516,0.0026476383209228516,0.7058926820755005,0.7032450437545776,-0.0026476383209228516,2.770500000000001,2.6314,-0.1391000000000009
S1(=O)(=O)NCC2(N1c1cc(F)ccc1)CC([NH+](CC2)Cc1cc(OC)ccc1)C,[H]N(c1cccc(F)c1)C1(C)CC[NH+](Cc2cccc(OC)c2)C(C)C1,sulfonamide,1462,0.1848495453596115,0.18610404431819916,0.0012544989585876465,0.0012544989585876465,0.1848495453596115,0.18610404431819916,0.0012544989585876465,1.4949000000000001,3.272300000000002,1.777400000000002
S1(=O)(=O)NCC2(N1c1cc(F)ccc1)CC([NH+](CC2)Cc1cc(OC)ccc1)C,COc1cccc(C[NH+]2CCC3(CNS(=O)(=O)N3c3ccccc3)CC2C)c1,fluoro_aromatic,1462,0.1845722198486328,0.20431029796600342,0.019738078117370605,0.019738078117370605,0.1845722198486328,0.20431029796600342,0.019738078117370605,1.4949000000000001,1.3558,-0.13910000000000022
s1cccc1-c1cc(ccc1)C1([NH2+]CC(O)C(NC(=O)C)Cc2cc(F)cc(F)c2)CCCCC1,CC(=O)NC(Cc1cccc(F)c1)C(O)C[NH2+]C1(c2cccc(-c3cccs3)c2)CCCCC1,fluoro_aromatic,961,0.18453164398670197,0.18409006297588348,-0.00044158101081848145,0.00044158101081848145,0.18453164398670197,0.18409006297588348,-0.00044158101081848145,4.524400000000004,4.385300000000004,-0.1391
Fc1c(cccc1-c1cncnc1)C1(N=C(N)N(C)C1=O)c1ccc(OC(F)(F)F)cc1,CN1C(=O)C(c2ccc(OC(F)(F)F)cc2)(c2cccc(-c3cncnc3)c2)N=C1N,fluoro_aromatic,1125,0.7059136033058167,0.18593630194664001,-0.5199773013591766,0.5199773013591766,0.7059136033058167,0.18593630194664001,-0.5199773013591766,3.2116000000000007,3.0725000000000007,-0.1391
Fc1cc(ccc1OC)C1(N=C(N)N(C)C1=O)c1cc(ccc1)-c1cccnc1,COc1ccc(C2(c3cccc(-c4cccnc4)c3)N=C(N)N(C)C2=O)cc1,fluoro_aromatic,660,0.7056151628494263,0.18570096790790558,-0.5199141949415207,0.5199141949415207,0.7056151628494263,0.18570096790790558,-0.5199141949415207,2.9266000000000014,2.7875000000000005,-0.1391000000000009
Fc1cc(cc(F)c1)CC(NC(=O)C)C(O)C[NH2+]C1(CCCCC1)c1cc(-n2ccnc2)ccc1,CC(=O)NC(Cc1cccc(F)c1)C(O)C[NH2+]C1(c2cccc(-n3ccnc3)c2)CCCCC1,fluoro_aromatic,1146,0.18389178812503815,0.19072631001472473,0.0068345218896865845,0.0068345218896865845,0.18389178812503815,0.19072631001472473,0.0068345218896865845,2.9816000000000003,2.8425000000000002,-0.1391
Fc1ccc(cc1OCC(F)F)[C@]1(N=C(N)N(C)C1=O)c1cc(C)c(OC(F)F)cc1,Cc1cc([C@]2(c3cccc(OCC(F)F)c3)N=C(N)N(C)C2=O)ccc1OC(F)F,fluoro_aromatic,718,0.7061107158660889,0.702385663986206,-0.0037250518798828125,0.0037250518798828125,0.7061107158660889,0.702385663986206,-0.0037250518798828125,3.409720000000002,3.270620000000002,-0.1391
Fc1cc(cc(F)c1)CC(NC(=O)C)C(O)C[NH2+]C1(CCCCC1)c1cc(ccc1)C1CCCC1=O,CC(=O)NC(Cc1cccc(F)c1)C(O)C[NH2+]C1(c2cccc(C3CCCC3=O)c2)CCCCC1,fluoro_aromatic,1053,0.18428625166416168,0.18610502779483795,0.0018187761306762695,0.0018187761306762695,0.18428625166416168,0.18610502779483795,0.0018187761306762695,3.632500000000002,3.493400000000002,-0.1391
Fc1c2c(ccc1)[C@@]([NH+]=C2N)(C=1C=C(C)C(=O)N(C=1)CC)c1cc(ccc1)-c1cc(cnc1)C#CC,CC#Cc1cncc(-c2cccc([C@@]3(c4cc(C)c(=O)n(CC)c4)[NH+]=C(N)c4ccccc43)c2)c1,fluoro_aromatic,7,0.706141471862793,0.6742246150970459,-0.03191685676574707,0.03191685676574707,0.706141471862793,0.6742246150970459,-0.03191685676574707,2.8405200000000006,2.7014200000000015,-0.1390999999999991
Clc1ccccc1-c1cc2c(Oc3c(cc(OC)cc3)C23N=C(OC3)N)cc1,COc1ccc2c(c1)C1(COC(N)=N1)c1cc(-c3ccccc3)ccc1O2,aromatic_chloro,1262,0.18470849096775055,0.1845366507768631,-0.00017184019088745117,0.00017184019088745117,0.18470849096775055,0.1845366507768631,-0.00017184019088745117,4.709800000000004,4.056400000000003,-0.6534000000000013
Clc1ccccc1-c1n(Cc2nc(N)ccc2)c(cc1)-c1ccc(OCCCC#N)cc1,N#CCCCOc1ccc(-c2ccc(-c3ccccc3)n2Cc2cccc(N)n2)cc1,aromatic_chloro,125,0.18465296924114227,0.18721361458301544,0.002560645341873169,0.002560645341873169,0.18465296924114227,0.18721361458301544,0.002560645341873169,6.183580000000004,5.530180000000004,-0.6533999999999995
FC1(F)COC(=NC1(C)c1cc(NC(=O)c2ncc(OC(F)(F)F)cc2)ccc1F)N,CC1(c2cccc(NC(=O)c3ccc(OC(F)(F)F)cn3)c2)N=C(N)OCC1(F)F,fluoro_aromatic,678,0.7059324383735657,0.70577073097229,-0.00016170740127563477,0.00016170740127563477,0.7059324383735657,0.70577073097229,-0.00016170740127563477,3.567000000000001,3.427900000000001,-0.1391
Fc1cc(cc(F)c1)CC(NC(=O)C)C(O)C[NH2+]C1(CCCCC1)c1cc(ccc1)C(CO)(C)C,CC(=O)NC(Cc1cccc(F)c1)C(O)C[NH2+]C1(c2cccc(C(C)(C)CO)c2)CCCCC1,fluoro_aromatic,915,0.18403586745262146,0.18484966456890106,0.000813797116279602,0.000813797116279602,0.18403586745262146,0.18484966456890106,0.000813797116279602,3.065800000000001,2.9267000000000003,-0.1391000000000009
Clc1cc2CC(N=C(NC(Cc3cscc3-c3occn3)C(=O)[O-])c2cc1)(C)C,CC1(C)Cc2ccccc2C(NC(Cc2cscc2-c2ncco2)C(=O)[O-])=N1,aromatic_chloro,1060,0.18429377675056458,0.18443241715431213,0.0001386404037475586,0.0001386404037475586,0.18429377675056458,0.18443241715431213,0.0001386404037475586,3.0886000000000013,2.4352,-0.6534000000000013
Clc1cc2CC(N=C(NC(Cc3cscc3-c3occn3)C(=O)[O-])c2cc1)(C)C,[H]C(Cc1cscc1-c1ncco1)NC1=NC(C)(C)Cc2cc(Cl)ccc21,carboxylic_acid,1060,0.18416622281074524,0.18457050621509552,0.00040428340435028076,0.00040428340435028076,0.18416622281074524,0.18457050621509552,0.00040428340435028076,3.0886000000000013,4.970100000000004,1.8815000000000026
Fc1cc(ccc1C)CC(NC(=O)C)C(O)C[NH2+]C1CC2(Oc3ncc(cc13)CC(C)(C)C)CCC2,CC(=O)NC(Cc1ccc(C)cc1)C(O)C[NH2+]C1CC2(CCC2)Oc2ncc(CC(C)(C)C)cc21,fluoro_aromatic,250,0.7060067057609558,0.6722307801246643,-0.033775925636291504,0.033775925636291504,0.7060067057609558,0.6722307801246643,-0.033775925636291504,3.5357200000000013,3.396620000000002,-0.1390999999999991
Fc1ncccc1-c1cc(ccc1)C1(N=C(N)N(C)C1=O)c1cn(nc1)CCCC,CCCCn1cc(C2(c3cccc(-c4cccnc4)c3)N=C(N)N(C)C2=O)cn1,fluoro_aromatic,384,0.705929696559906,0.6939288973808289,-0.012000799179077148,0.012000799179077148,0.705929696559906,0.6939288973808289,-0.012000799179077148,2.914600000000001,2.775500000000001,-0.1391
Fc1cc(cc(F)c1)CC(NC(=O)C)C(O)C[NH2+]C1(CCC(NC=O)CC1)c1cc(ccc1)C(C)(C)C,CC(=O)NC(Cc1cccc(F)c1)C(O)C[NH2+]C1(c2cccc(C(C)(C)C)c2)CCC(NC=O)CC1,fluoro_aromatic,887,0.2520875930786133,0.19878694415092468,-0.0533006489276886,0.0533006489276886,0.2520875930786133,0.19878694415092468,-0.0533006489276886,2.8179000000000016,2.6788000000000016,-0.1391
Fc1ccc(cc1C#CCOC)[C@]1(N=C(N)N(C)C1=O)c1cc(C)c(OC(F)F)cc1,COCC#Cc1cccc([C@@]2(c3ccc(OC(F)F)c(C)c3)N=C(N)N(C)C2=O)c1,fluoro_aromatic,410,0.7061001658439636,0.7060554027557373,-4.476308822631836e-05,4.476308822631836e-05,0.7061001658439636,0.7060554027557373,-4.476308822631836e-05,2.763720000000001,2.624620000000001,-0.1391
S1(=O)(=O)CC(Cc2cc(F)c3NCC4(CCC4)c3c2)C(O)C([NH2+]Cc2cc(ccc2)C(C)(C)C)C1,CC(C)(C)c1cccc(C[NH2+]C2CS(=O)(=O)CC(Cc3ccc4c(c3)C3(CCC3)CN4)C2O)c1,fluoro_aromatic,1011,0.7063474655151367,0.5552734732627869,-0.15107399225234985,0.15107399225234985,0.7063474655151367,0.5552734732627869,-0.15107399225234985,3.050600000000001,2.911500000000002,-0.1390999999999991
Fc1cc(cc(F)c1)CN1C(=O)C(N=C1N)(C1CCCCC1)c1ccccc1,NC1=NC(c2ccccc2)(C2CCCCC2)C(=O)N1Cc1cccc(F)c1,fluoro_aromatic,1093,0.18442368507385254,0.18471796810626984,0.00029428303241729736,0.00029428303241729736,0.18442368507385254,0.18471796810626984,0.00029428303241729736,4.097500000000004,3.958400000000003,-0.1391000000000009
S1(=O)CC(Cc2cc(OCC(F)(F)F)c(N)c(F)c2)C(O)C([NH2+]Cc2cc(ccc2)C(C)(C)C)C1,CC(C)(C)c1cccc(C[NH2+]C2CS(=O)CC(Cc3ccc(N)c(OCC(F)(F)F)c3)C2O)c1,fluoro_aromatic,347,0.706149697303772,0.7050830125808716,-0.0010666847229003906,0.0010666847229003906,0.706149697303772,0.7050830125808716,-0.0010666847229003906,3.060600000000001,2.921500000000001,-0.1391
Clc1cc(cnc1)-c1cc(ccc1)C1(N=C(C)C(=N1)N)C1CC1,CC1=NC(c2cccc(-c3cccnc3)c2)(C2CC2)N=C1N,aromatic_chloro,938,0.1847131997346878,0.18487349152565002,0.00016029179096221924,0.00016029179096221924,0.1847131997346878,0.18487349152565002,0.00016029179096221924,3.7965000000000027,3.1431000000000004,-0.6534000000000022
S1(=O)CC(Cc2cc(OC(COC)C(F)(F)F)c(N)c(F)c2)C(O)C([NH2+]CCCOC(C)(C)C)C1,COCC(Oc1cc(CC2CS(=O)CC([NH2+]CCCOC(C)(C)C)C2O)ccc1N)C(F)(F)F,fluoro_aromatic,1337,0.7059124708175659,0.706061065196991,0.00014859437942504883,0.00014859437942504883,0.7059124708175659,0.706061065196991,0.00014859437942504883,1.783100000000001,1.6440000000000012,-0.13909999999999978
Fc1ccc(cc1-c1cncnc1)C1(N=C(N)c2c1cccc2F)c1cc(ncc1)C(F)F,NC1=NC(c2cccc(-c3cncnc3)c2)(c2ccnc(C(F)F)c2)c2cccc(F)c21,fluoro_aromatic,594,0.7054948210716248,0.18428072333335876,-0.521214097738266,0.521214097738266,0.7054948210716248,0.18428072333335876,-0.521214097738266,4.765200000000002,4.626100000000002,-0.1391
Clc1cc2nc(n(c2cc1)C(CC(=O)NCc1ccccc1)CC)N,CCC(CC(=O)NCc1ccccc1)n1c(N)nc2ccccc21,aromatic_chloro,1455,0.18465931713581085,0.19707626104354858,0.012416943907737732,0.012416943907737732,0.18465931713581085,0.19707626104354858,0.012416943907737732,3.9295000000000018,3.2761000000000005,-0.6534000000000013
Fc1cc(cc(F)c1)CC(NC(=O)C)C(O)C[NH2+]C1(CC\C(=N\O)\CC1)c1cc(ccc1)C(C)(C)C,CC(=O)NC(Cc1cccc(F)c1)C(O)C[NH2+]C1(c2cccc(C(C)(C)C)c2)CCC(=NO)CC1,fluoro_aromatic,351,0.2596050202846527,0.18490459024906158,-0.07470043003559113,0.07470043003559113,0.2596050202846527,0.18490459024906158,-0.07470043003559113,3.5335000000000027,3.3944000000000027,-0.1391
Clc1cc2nc(n(c2cc1)CCCC(=O)N(Cc1cc(F)ccc1)C)N,CN(Cc1cccc(F)c1)C(=O)CCCn1c(N)nc2ccccc21,aromatic_chloro,1483,0.18443821370601654,0.21402540802955627,0.029587194323539734,0.029587194323539734,0.18443821370601654,0.21402540802955627,0.029587194323539734,3.849800000000002,3.1964000000000006,-0.6534000000000013
Clc1cc2nc(n(c2cc1)CCCC(=O)N(Cc1cc(F)ccc1)C)N,CN(Cc1ccccc1)C(=O)CCCn1c(N)nc2cc(Cl)ccc21,fluoro_aromatic,1483,0.18477776646614075,0.2888885736465454,0.10411080718040466,0.10411080718040466,0.18477776646614075,0.2888885736465454,0.10411080718040466,3.849800000000002,3.710700000000001,-0.1391000000000009
Clc1cc(ccc1)-c1cc(ccc1)[C@@]1(OCCC(=[NH+]1)N)C,C[C@]1(c2cccc(-c3ccccc3)c2)[NH+]=C(N)CCO1,aromatic_chloro,161,0.1849604994058609,0.1847672462463379,-0.00019325315952301025,0.00019325315952301025,0.1849604994058609,0.1847672462463379,-0.00019325315952301025,2.0378000000000007,1.3843999999999999,-0.6534000000000009
s1cc(nc1)-c1cc(ccc1)C1([NH2+]CC(O)C(NC(=O)C)Cc2cc(F)cc(F)c2)CCCCC1,CC(=O)NC(Cc1cccc(F)c1)C(O)C[NH2+]C1(c2cccc(-c3cscn3)c2)CCCCC1,fluoro_aromatic,801,0.18856920301914215,0.1839103102684021,-0.004658892750740051,0.004658892750740051,0.18856920301914215,0.1839103102684021,-0.004658892750740051,3.919400000000003,3.780300000000002,-0.1391000000000009
Fc1cc(cc(F)c1)CC(NC(=O)C(N1CCC(CC(C)C)C1=O)C)C(O)C[NH2+]Cc1cc(OC)ccc1,COc1cccc(C[NH2+]CC(O)C(Cc2cccc(F)c2)NC(=O)C(C)N2CCC(CC(C)C)C2=O)c1,fluoro_aromatic,763,0.7062513828277588,0.6877032518386841,-0.018548130989074707,0.018548130989074707,0.7062513828277588,0.6877032518386841,-0.018548130989074707,2.4083000000000014,2.2692000000000014,-0.1391
Fc1cc(cc(F)c1)-c1cc(ccc1)C1(N=C(N)N(C)C1=O)c1ccncc1,CN1C(=O)C(c2ccncc2)(c2cccc(-c3cccc(F)c3)c2)N=C1N,fluoro_aromatic,688,0.7014214992523193,0.1847170740365982,-0.5167044252157211,0.5167044252157211,0.7014214992523193,0.1847170740365982,-0.5167044252157211,3.057100000000003,2.918000000000002,-0.1391000000000009
Fc1cc(cc(F)c1)CC(NC(=O)C)C(O)C[NH2+]C1(CCC(Nc2ncccc2)CC1)c1cc(ccc1)C(C)(C)C,CC(=O)NC(Cc1cccc(F)c1)C(O)C[NH2+]C1(c2cccc(C(C)(C)C)c2)CCC(Nc2ccccn2)CC1,fluoro_aromatic,727,0.4152846932411194,0.5937321186065674,0.178447425365448,0.178447425365448,0.4152846932411194,0.5937321186065674,0.178447425365448,4.579000000000004,4.439900000000003,-0.1391000000000009
Clc1ccc(nc1)C(=O)Nc1cc(C2(N=C(N)c3c(C2)cccc3)C)c(F)cc1,CC1(c2cc(NC(=O)c3ccccn3)ccc2F)Cc2ccccc2C(N)=N1,aromatic_chloro,699,0.7007030248641968,0.18452338874340057,-0.5161796361207962,0.5161796361207962,0.7007030248641968,0.18452338874340057,-0.5161796361207962,4.303200000000002,3.6498000000000017,-0.6534000000000004
Clc1ccc(nc1)C(=O)Nc1cc(C2(N=C(N)c3c(C2)cccc3)C)c(F)cc1,CC1(c2cccc(NC(=O)c3ccc(Cl)cn3)c2)Cc2ccccc2C(N)=N1,fluoro_aromatic,699,0.7017704844474792,0.18441151082515717,-0.5173589736223221,0.5173589736223221,0.7017704844474792,0.18441151082515717,-0.5173589736223221,4.303200000000002,4.164100000000002,-0.1391
Fc1cc(cc(F)c1)CC(NC(=O)C)C(O)C[NH2+]C1(CCCCC1)c1cc(cc(OC)c1)C(C)(C)C,COc1cc(C(C)(C)C)cc(C2([NH2+]CC(O)C(Cc3cccc(F)c3)NC(C)=O)CCCCC2)c1,fluoro_aromatic,736,0.18436074256896973,0.3377397060394287,0.15337896347045898,0.15337896347045898,0.18436074256896973,0.3377397060394287,0.15337896347045898,4.102000000000003,3.962900000000002,-0.1391000000000009
S1(=O)(=O)CC(Cc2cc(CCO)c(O)cc2)C(O)C([NH2+]Cc2cc(ccc2)C(C)C)C1,[H]Cc1cc(CC2CS(=O)(=O)CC([NH2+]Cc3cccc(C(C)C)c3)C2O)ccc1O,hydroxyl,1084,0.4622195363044739,0.38812142610549927,-0.07409811019897461,0.07409811019897461,0.4622195363044739,0.38812142610549927,-0.07409811019897461,1.1306,1.9042199999999998,0.7736199999999998
Fc1cc(cc(F)c1)CC(NC(=O)C)C(O)C[NH2+]C1(CC1)c1occ(n1)C(C)(C)C,CC(=O)NC(Cc1cccc(F)c1)C(O)C[NH2+]C1(c2nc(C(C)(C)C)co2)CC1,fluoro_aromatic,1434,0.18562360107898712,0.1869795322418213,0.0013559311628341675,0.0013559311628341675,0.18562360107898712,0.1869795322418213,0.0013559311628341675,1.9111,1.7719999999999998,-0.13910000000000022
s1cc(nc1CC(C)(C)C)C1([NH2+]CC(O)C(NC(=O)C)Cc2cc(F)cc(F)c2)CC1,CC(=O)NC(Cc1cccc(F)c1)C(O)C[NH2+]C1(c2csc(CC(C)(C)C)n2)CC1,fluoro_aromatic,1219,0.46184128522872925,0.19617599248886108,-0.26566529273986816,0.26566529273986816,0.46184128522872925,0.19617599248886108,-0.26566529273986816,2.670700000000001,2.531600000000001,-0.1391
S1(=O)(=O)CC(Cc2cc(OC3CCC3)c(N)c(F)c2)C(O)C([NH2+]Cc2cc(ccc2)C(C)(C)C)C1,CC(C)(C)c1cccc(C[NH2+]C2CS(=O)(=O)CC(Cc3ccc(N)c(OC4CCC4)c3)C2O)c1,fluoro_aromatic,397,0.7061482667922974,0.7029963135719299,-0.0031519532203674316,0.0031519532203674316,0.7061482667922974,0.7029963135719299,-0.0031519532203674316,2.7169000000000016,2.5778000000000008,-0.1391000000000009
S1(=O)(=O)CC(Cc2cc(OCCF)c(N)c(F)c2)C(O)C([NH2+]Cc2cc(ccc2)C(C)(C)C)C1,CC(C)(C)c1cccc(C[NH2+]C2CS(=O)(=O)CC(Cc3ccc(N)c(OCCF)c3)C2O)c1,fluoro_aromatic,633,0.7060649394989014,0.7038670182228088,-0.0021979212760925293,0.0021979212760925293,0.7060649394989014,0.7038670182228088,-0.0021979212760925293,2.1339000000000015,1.994800000000001,-0.13910000000000045
Fc1cc(cc(F)c1)C[C@H](NC(=O)C)[C@H](O)C[NH2+]C1(CCOCC1)c1cc(-n2nccc2)ccc1,CC(=O)N[C@@H](Cc1cccc(F)c1)[C@H](O)C[NH2+]C1(c2cccc(-n3cccn3)c2)CCOCC1,fluoro_aromatic,802,0.18426461517810822,0.20590132474899292,0.021636709570884705,0.021636709570884705,0.18426461517810822,0.20590132474899292,0.021636709570884705,1.8279000000000005,1.6888000000000003,-0.13910000000000022
Clc1ccc(cc1)C1(N=C(N)N(C)C1=O)c1ccccc1,CN1C(=O)C(c2ccccc2)(c2ccccc2)N=C1N,aromatic_chloro,1188,0.1853436976671219,0.184906005859375,-0.0004376918077468872,0.0004376918077468872,0.1853436976671219,0.184906005859375,-0.0004376918077468872,2.3703000000000003,1.7169,-0.6534000000000002
O=C1N(CC2CCC(CC2)C(=O)[O-])C(=NC1(C1CCCCC1)c1ccccc1)N,[H]C1CCC(CN2C(=O)C(c3ccccc3)(C3CCCCC3)N=C2N)CC1,carboxylic_acid,968,0.18470361828804016,0.18464753031730652,-5.608797073364258e-05,5.608797073364258e-05,0.18470361828804016,0.18464753031730652,-5.608797073364258e-05,2.1754,4.1994000000000025,2.0240000000000027
S(=O)(=O)(N(C)c1cc(cc(c1)C(=O)NC(C)c1ccc(F)cc1)-c1oc(cc1)C([NH3+])(Cc1ccccc1)C)C,CC(NC(=O)c1cc(-c2ccc(C(C)([NH3+])Cc3ccccc3)o2)cc(N(C)S(C)(=O)=O)c1)c1ccccc1,fluoro_aromatic,466,0.18892212212085724,0.2449766844511032,0.05605456233024597,0.05605456233024597,0.18892212212085724,0.2449766844511032,0.05605456233024597,4.6723000000000035,4.5332000000000034,-0.1391
